strategy,season,matchday,points,baseline_points,changes,expected_cost,added_draws,games,better,equal,worse
baseline,2011,1,10,10,0,0.0,0.0,9,False,True,False
baseline,2011,2,8,8,0,0.0,0.0,9,False,True,False
baseline,2011,3,8,8,0,0.0,0.0,9,False,True,False
baseline,2011,4,13,13,0,0.0,0.0,9,False,True,False
baseline,2011,5,14,14,0,0.0,0.0,9,False,True,False
baseline,2011,6,10,10,0,0.0,0.0,9,False,True,False
baseline,2011,7,18,18,0,0.0,0.0,9,False,True,False
baseline,2011,8,11,11,0,0.0,0.0,9,False,True,False
baseline,2011,9,11,11,0,0.0,0.0,9,False,True,False
baseline,2011,10,10,10,0,0.0,0.0,9,False,True,False
baseline,2011,11,15,15,0,0.0,0.0,9,False,True,False
baseline,2011,12,9,9,0,0.0,0.0,9,False,True,False
baseline,2011,13,12,12,0,0.0,0.0,9,False,True,False
baseline,2011,14,10,10,0,0.0,0.0,9,False,True,False
baseline,2011,15,8,8,0,0.0,0.0,9,False,True,False
baseline,2011,16,11,11,0,0.0,0.0,9,False,True,False
baseline,2011,17,10,10,0,0.0,0.0,9,False,True,False
baseline,2011,18,16,16,0,0.0,0.0,9,False,True,False
baseline,2011,19,14,14,0,0.0,0.0,9,False,True,False
baseline,2011,20,2,2,0,0.0,0.0,9,False,True,False
baseline,2011,21,18,18,0,0.0,0.0,9,False,True,False
baseline,2011,22,16,16,0,0.0,0.0,9,False,True,False
baseline,2011,23,13,13,0,0.0,0.0,9,False,True,False
baseline,2011,24,6,6,0,0.0,0.0,9,False,True,False
baseline,2011,25,13,13,0,0.0,0.0,9,False,True,False
baseline,2011,26,8,8,0,0.0,0.0,9,False,True,False
baseline,2011,27,16,16,0,0.0,0.0,9,False,True,False
baseline,2011,28,7,7,0,0.0,0.0,9,False,True,False
baseline,2011,29,11,11,0,0.0,0.0,9,False,True,False
baseline,2011,30,13,13,0,0.0,0.0,9,False,True,False
baseline,2011,31,12,12,0,0.0,0.0,9,False,True,False
baseline,2011,32,6,6,0,0.0,0.0,9,False,True,False
baseline,2011,33,13,13,0,0.0,0.0,9,False,True,False
baseline,2011,34,16,16,0,0.0,0.0,9,False,True,False
baseline,2012,1,7,7,0,0.0,0.0,9,False,True,False
baseline,2012,2,8,8,0,0.0,0.0,9,False,True,False
baseline,2012,3,15,15,0,0.0,0.0,9,False,True,False
baseline,2012,4,6,6,0,0.0,0.0,9,False,True,False
baseline,2012,5,8,8,0,0.0,0.0,9,False,True,False
baseline,2012,6,13,13,0,0.0,0.0,9,False,True,False
baseline,2012,7,18,18,0,0.0,0.0,9,False,True,False
baseline,2012,8,6,6,0,0.0,0.0,9,False,True,False
baseline,2012,9,12,12,0,0.0,0.0,9,False,True,False
baseline,2012,10,15,15,0,0.0,0.0,9,False,True,False
baseline,2012,11,13,13,0,0.0,0.0,9,False,True,False
baseline,2012,12,12,12,0,0.0,0.0,9,False,True,False
baseline,2012,13,11,11,0,0.0,0.0,9,False,True,False
baseline,2012,14,11,11,0,0.0,0.0,9,False,True,False
baseline,2012,15,12,12,0,0.0,0.0,9,False,True,False
baseline,2012,16,16,16,0,0.0,0.0,9,False,True,False
baseline,2012,17,6,6,0,0.0,0.0,9,False,True,False
baseline,2012,18,13,13,0,0.0,0.0,9,False,True,False
baseline,2012,19,20,20,0,0.0,0.0,9,False,True,False
baseline,2012,20,14,14,0,0.0,0.0,9,False,True,False
baseline,2012,21,12,12,0,0.0,0.0,9,False,True,False
baseline,2012,22,17,17,0,0.0,0.0,9,False,True,False
baseline,2012,23,11,11,0,0.0,0.0,9,False,True,False
baseline,2012,24,9,9,0,0.0,0.0,9,False,True,False
baseline,2012,25,2,2,0,0.0,0.0,9,False,True,False
baseline,2012,26,9,9,0,0.0,0.0,9,False,True,False
baseline,2012,27,15,15,0,0.0,0.0,9,False,True,False
baseline,2012,28,14,14,0,0.0,0.0,9,False,True,False
baseline,2012,29,10,10,0,0.0,0.0,9,False,True,False
baseline,2012,30,19,19,0,0.0,0.0,9,False,True,False
baseline,2012,31,18,18,0,0.0,0.0,9,False,True,False
baseline,2012,32,9,9,0,0.0,0.0,9,False,True,False
baseline,2012,33,7,7,0,0.0,0.0,9,False,True,False
baseline,2012,34,17,17,0,0.0,0.0,9,False,True,False
baseline,2013,1,15,15,0,0.0,0.0,9,False,True,False
baseline,2013,2,12,12,0,0.0,0.0,9,False,True,False
baseline,2013,3,17,17,0,0.0,0.0,9,False,True,False
baseline,2013,4,14,14,0,0.0,0.0,9,False,True,False
baseline,2013,5,18,18,0,0.0,0.0,9,False,True,False
baseline,2013,6,13,13,0,0.0,0.0,9,False,True,False
baseline,2013,7,10,10,0,0.0,0.0,9,False,True,False
baseline,2013,8,2,2,0,0.0,0.0,9,False,True,False
baseline,2013,9,13,13,0,0.0,0.0,9,False,True,False
baseline,2013,10,14,14,0,0.0,0.0,9,False,True,False
baseline,2013,11,10,10,0,0.0,0.0,9,False,True,False
baseline,2013,12,14,14,0,0.0,0.0,9,False,True,False
baseline,2013,13,9,9,0,0.0,0.0,9,False,True,False
baseline,2013,14,14,14,0,0.0,0.0,9,False,True,False
baseline,2013,15,12,12,0,0.0,0.0,9,False,True,False
baseline,2013,16,11,11,0,0.0,0.0,9,False,True,False
baseline,2013,17,6,6,0,0.0,0.0,9,False,True,False
baseline,2013,18,10,10,0,0.0,0.0,9,False,True,False
baseline,2013,19,18,18,0,0.0,0.0,9,False,True,False
baseline,2013,20,14,14,0,0.0,0.0,9,False,True,False
baseline,2013,21,10,10,0,0.0,0.0,9,False,True,False
baseline,2013,22,9,9,0,0.0,0.0,9,False,True,False
baseline,2013,23,10,10,0,0.0,0.0,9,False,True,False
baseline,2013,24,7,7,0,0.0,0.0,9,False,True,False
baseline,2013,25,5,5,0,0.0,0.0,9,False,True,False
baseline,2013,26,16,16,0,0.0,0.0,9,False,True,False
baseline,2013,27,11,11,0,0.0,0.0,9,False,True,False
baseline,2013,28,16,16,0,0.0,0.0,9,False,True,False
baseline,2013,29,12,12,0,0.0,0.0,9,False,True,False
baseline,2013,30,17,17,0,0.0,0.0,9,False,True,False
baseline,2013,31,11,11,0,0.0,0.0,9,False,True,False
baseline,2013,32,9,9,0,0.0,0.0,9,False,True,False
baseline,2013,33,18,18,0,0.0,0.0,9,False,True,False
baseline,2013,34,23,23,0,0.0,0.0,9,False,True,False
baseline,2014,1,11,11,0,0.0,0.0,9,False,True,False
baseline,2014,2,5,5,0,0.0,0.0,9,False,True,False
baseline,2014,3,9,9,0,0.0,0.0,9,False,True,False
baseline,2014,4,2,2,0,0.0,0.0,9,False,True,False
baseline,2014,5,14,14,0,0.0,0.0,9,False,True,False
baseline,2014,6,16,16,0,0.0,0.0,9,False,True,False
baseline,2014,7,15,15,0,0.0,0.0,9,False,True,False
baseline,2014,8,15,15,0,0.0,0.0,9,False,True,False
baseline,2014,9,15,15,0,0.0,0.0,9,False,True,False
baseline,2014,10,13,13,0,0.0,0.0,9,False,True,False
baseline,2014,11,11,11,0,0.0,0.0,9,False,True,False
baseline,2014,12,6,6,0,0.0,0.0,9,False,True,False
baseline,2014,13,16,16,0,0.0,0.0,9,False,True,False
baseline,2014,14,18,18,0,0.0,0.0,9,False,True,False
baseline,2014,15,5,5,0,0.0,0.0,9,False,True,False
baseline,2014,16,13,13,0,0.0,0.0,9,False,True,False
baseline,2014,17,9,9,0,0.0,0.0,9,False,True,False
baseline,2014,18,12,12,0,0.0,0.0,9,False,True,False
baseline,2014,19,8,8,0,0.0,0.0,9,False,True,False
baseline,2014,20,11,11,0,0.0,0.0,9,False,True,False
baseline,2014,21,18,18,0,0.0,0.0,9,False,True,False
baseline,2014,22,9,9,0,0.0,0.0,9,False,True,False
baseline,2014,23,18,18,0,0.0,0.0,9,False,True,False
baseline,2014,24,9,9,0,0.0,0.0,9,False,True,False
baseline,2014,25,15,15,0,0.0,0.0,9,False,True,False
baseline,2014,26,8,8,0,0.0,0.0,9,False,True,False
baseline,2014,27,9,9,0,0.0,0.0,9,False,True,False
baseline,2014,28,15,15,0,0.0,0.0,9,False,True,False
baseline,2014,29,20,20,0,0.0,0.0,9,False,True,False
baseline,2014,30,12,12,0,0.0,0.0,9,False,True,False
baseline,2014,31,11,11,0,0.0,0.0,9,False,True,False
baseline,2014,32,10,10,0,0.0,0.0,9,False,True,False
baseline,2014,33,16,16,0,0.0,0.0,9,False,True,False
baseline,2014,34,20,20,0,0.0,0.0,9,False,True,False
baseline,2015,1,14,14,0,0.0,0.0,9,False,True,False
baseline,2015,2,7,7,0,0.0,0.0,9,False,True,False
baseline,2015,3,12,12,0,0.0,0.0,9,False,True,False
baseline,2015,4,12,12,0,0.0,0.0,9,False,True,False
baseline,2015,5,14,14,0,0.0,0.0,9,False,True,False
baseline,2015,6,13,13,0,0.0,0.0,9,False,True,False
baseline,2015,7,8,8,0,0.0,0.0,9,False,True,False
baseline,2015,8,9,9,0,0.0,0.0,9,False,True,False
baseline,2015,9,13,13,0,0.0,0.0,9,False,True,False
baseline,2015,10,12,12,0,0.0,0.0,9,False,True,False
baseline,2015,11,6,6,0,0.0,0.0,9,False,True,False
baseline,2015,12,5,5,0,0.0,0.0,9,False,True,False
baseline,2015,13,15,15,0,0.0,0.0,9,False,True,False
baseline,2015,14,12,12,0,0.0,0.0,9,False,True,False
baseline,2015,15,6,6,0,0.0,0.0,9,False,True,False
baseline,2015,16,13,13,0,0.0,0.0,9,False,True,False
baseline,2015,17,18,18,0,0.0,0.0,9,False,True,False
baseline,2015,18,8,8,0,0.0,0.0,9,False,True,False
baseline,2015,19,15,15,0,0.0,0.0,9,False,True,False
baseline,2015,20,9,9,0,0.0,0.0,9,False,True,False
baseline,2015,21,13,13,0,0.0,0.0,9,False,True,False
baseline,2015,22,19,19,0,0.0,0.0,9,False,True,False
baseline,2015,23,5,5,0,0.0,0.0,9,False,True,False
baseline,2015,24,15,15,0,0.0,0.0,9,False,True,False
baseline,2015,25,8,8,0,0.0,0.0,9,False,True,False
baseline,2015,26,14,14,0,0.0,0.0,9,False,True,False
baseline,2015,27,16,16,0,0.0,0.0,9,False,True,False
baseline,2015,28,14,14,0,0.0,0.0,9,False,True,False
baseline,2015,29,5,5,0,0.0,0.0,9,False,True,False
baseline,2015,30,18,18,0,0.0,0.0,9,False,True,False
baseline,2015,31,17,17,0,0.0,0.0,9,False,True,False
baseline,2015,32,12,12,0,0.0,0.0,9,False,True,False
baseline,2015,33,7,7,0,0.0,0.0,9,False,True,False
baseline,2015,34,14,14,0,0.0,0.0,9,False,True,False
baseline,2016,1,16,16,0,0.0,0.0,9,False,True,False
baseline,2016,2,4,4,0,0.0,0.0,9,False,True,False
baseline,2016,3,11,11,0,0.0,0.0,9,False,True,False
baseline,2016,4,11,11,0,0.0,0.0,9,False,True,False
baseline,2016,5,14,14,0,0.0,0.0,9,False,True,False
baseline,2016,6,10,10,0,0.0,0.0,9,False,True,False
baseline,2016,7,10,10,0,0.0,0.0,9,False,True,False
baseline,2016,8,15,15,0,0.0,0.0,9,False,True,False
baseline,2016,9,16,16,0,0.0,0.0,9,False,True,False
baseline,2016,10,10,10,0,0.0,0.0,9,False,True,False
baseline,2016,11,13,13,0,0.0,0.0,9,False,True,False
baseline,2016,12,9,9,0,0.0,0.0,9,False,True,False
baseline,2016,13,16,16,0,0.0,0.0,9,False,True,False
baseline,2016,14,13,13,0,0.0,0.0,9,False,True,False
baseline,2016,15,6,6,0,0.0,0.0,9,False,True,False
baseline,2016,16,6,6,0,0.0,0.0,9,False,True,False
baseline,2016,17,19,19,0,0.0,0.0,9,False,True,False
baseline,2016,18,11,11,0,0.0,0.0,9,False,True,False
baseline,2016,19,20,20,0,0.0,0.0,9,False,True,False
baseline,2016,20,15,15,0,0.0,0.0,9,False,True,False
baseline,2016,21,6,6,0,0.0,0.0,9,False,True,False
baseline,2016,22,8,8,0,0.0,0.0,9,False,True,False
baseline,2016,23,14,14,0,0.0,0.0,9,False,True,False
baseline,2016,24,4,4,0,0.0,0.0,9,False,True,False
baseline,2016,25,15,15,0,0.0,0.0,9,False,True,False
baseline,2016,26,10,10,0,0.0,0.0,9,False,True,False
baseline,2016,27,15,15,0,0.0,0.0,9,False,True,False
baseline,2016,28,15,15,0,0.0,0.0,9,False,True,False
baseline,2016,29,17,17,0,0.0,0.0,9,False,True,False
baseline,2016,30,9,9,0,0.0,0.0,9,False,True,False
baseline,2016,31,10,10,0,0.0,0.0,9,False,True,False
baseline,2016,32,11,11,0,0.0,0.0,9,False,True,False
baseline,2016,33,9,9,0,0.0,0.0,9,False,True,False
baseline,2016,34,10,10,0,0.0,0.0,9,False,True,False
baseline,2017,1,18,18,0,0.0,0.0,9,False,True,False
baseline,2017,2,13,13,0,0.0,0.0,9,False,True,False
baseline,2017,3,6,6,0,0.0,0.0,9,False,True,False
baseline,2017,4,15,15,0,0.0,0.0,9,False,True,False
baseline,2017,5,13,13,0,0.0,0.0,9,False,True,False
baseline,2017,6,12,12,0,0.0,0.0,9,False,True,False
baseline,2017,7,16,16,0,0.0,0.0,9,False,True,False
baseline,2017,8,10,10,0,0.0,0.0,9,False,True,False
baseline,2017,9,10,10,0,0.0,0.0,9,False,True,False
baseline,2017,10,13,13,0,0.0,0.0,9,False,True,False
baseline,2017,11,16,16,0,0.0,0.0,9,False,True,False
baseline,2017,12,14,14,0,0.0,0.0,9,False,True,False
baseline,2017,13,8,8,0,0.0,0.0,9,False,True,False
baseline,2017,14,10,10,0,0.0,0.0,9,False,True,False
baseline,2017,15,6,6,0,0.0,0.0,9,False,True,False
baseline,2017,16,15,15,0,0.0,0.0,9,False,True,False
baseline,2017,17,8,8,0,0.0,0.0,9,False,True,False
baseline,2017,18,15,15,0,0.0,0.0,9,False,True,False
baseline,2017,19,6,6,0,0.0,0.0,9,False,True,False
baseline,2017,20,8,8,0,0.0,0.0,9,False,True,False
baseline,2017,21,13,13,0,0.0,0.0,9,False,True,False
baseline,2017,22,21,21,0,0.0,0.0,9,False,True,False
baseline,2017,23,19,19,0,0.0,0.0,9,False,True,False
baseline,2017,24,8,8,0,0.0,0.0,9,False,True,False
baseline,2017,25,16,16,0,0.0,0.0,9,False,True,False
baseline,2017,26,17,17,0,0.0,0.0,9,False,True,False
baseline,2017,27,8,8,0,0.0,0.0,9,False,True,False
baseline,2017,28,13,13,0,0.0,0.0,9,False,True,False
baseline,2017,29,7,7,0,0.0,0.0,9,False,True,False
baseline,2017,30,15,15,0,0.0,0.0,9,False,True,False
baseline,2017,31,14,14,0,0.0,0.0,9,False,True,False
baseline,2017,32,9,9,0,0.0,0.0,9,False,True,False
baseline,2017,33,12,12,0,0.0,0.0,9,False,True,False
baseline,2017,34,18,18,0,0.0,0.0,9,False,True,False
baseline,2018,1,8,8,0,0.0,0.0,9,False,True,False
baseline,2018,2,5,5,0,0.0,0.0,9,False,True,False
baseline,2018,3,15,15,0,0.0,0.0,9,False,True,False
baseline,2018,4,9,9,0,0.0,0.0,9,False,True,False
baseline,2018,5,17,17,0,0.0,0.0,9,False,True,False
baseline,2018,6,12,12,0,0.0,0.0,9,False,True,False
baseline,2018,7,10,10,0,0.0,0.0,9,False,True,False
baseline,2018,8,11,11,0,0.0,0.0,9,False,True,False
baseline,2018,9,6,6,0,0.0,0.0,9,False,True,False
baseline,2018,10,11,11,0,0.0,0.0,9,False,True,False
baseline,2018,11,8,8,0,0.0,0.0,9,False,True,False
baseline,2018,12,12,12,0,0.0,0.0,9,False,True,False
baseline,2018,13,16,16,0,0.0,0.0,9,False,True,False
baseline,2018,14,16,16,0,0.0,0.0,9,False,True,False
baseline,2018,15,12,12,0,0.0,0.0,9,False,True,False
baseline,2018,16,8,8,0,0.0,0.0,9,False,True,False
baseline,2018,17,13,13,0,0.0,0.0,9,False,True,False
baseline,2018,18,12,12,0,0.0,0.0,9,False,True,False
baseline,2018,19,18,18,0,0.0,0.0,9,False,True,False
baseline,2018,20,4,4,0,0.0,0.0,9,False,True,False
baseline,2018,21,14,14,0,0.0,0.0,9,False,True,False
baseline,2018,22,10,10,0,0.0,0.0,9,False,True,False
baseline,2018,23,12,12,0,0.0,0.0,9,False,True,False
baseline,2018,24,14,14,0,0.0,0.0,9,False,True,False
baseline,2018,25,17,17,0,0.0,0.0,9,False,True,False
baseline,2018,26,15,15,0,0.0,0.0,9,False,True,False
baseline,2018,27,14,14,0,0.0,0.0,9,False,True,False
baseline,2018,28,11,11,0,0.0,0.0,9,False,True,False
baseline,2018,29,18,18,0,0.0,0.0,9,False,True,False
baseline,2018,30,18,18,0,0.0,0.0,9,False,True,False
baseline,2018,31,4,4,0,0.0,0.0,9,False,True,False
baseline,2018,32,8,8,0,0.0,0.0,9,False,True,False
baseline,2018,33,4,4,0,0.0,0.0,9,False,True,False
baseline,2018,34,14,14,0,0.0,0.0,9,False,True,False
baseline,2019,1,15,15,0,0.0,0.0,9,False,True,False
baseline,2019,2,15,15,0,0.0,0.0,9,False,True,False
baseline,2019,3,13,13,0,0.0,0.0,9,False,True,False
baseline,2019,4,12,12,0,0.0,0.0,9,False,True,False
baseline,2019,5,18,18,0,0.0,0.0,9,False,True,False
baseline,2019,6,11,11,0,0.0,0.0,9,False,True,False
baseline,2019,7,8,8,0,0.0,0.0,9,False,True,False
baseline,2019,8,7,7,0,0.0,0.0,9,False,True,False
baseline,2019,9,8,8,0,0.0,0.0,9,False,True,False
baseline,2019,10,9,9,0,0.0,0.0,9,False,True,False
baseline,2019,11,8,8,0,0.0,0.0,9,False,True,False
baseline,2019,12,4,4,0,0.0,0.0,9,False,True,False
baseline,2019,13,11,11,0,0.0,0.0,9,False,True,False
baseline,2019,14,14,14,0,0.0,0.0,9,False,True,False
baseline,2019,15,16,16,0,0.0,0.0,9,False,True,False
baseline,2019,16,8,8,0,0.0,0.0,9,False,True,False
baseline,2019,17,13,13,0,0.0,0.0,9,False,True,False
baseline,2019,18,12,12,0,0.0,0.0,9,False,True,False
baseline,2019,19,10,10,0,0.0,0.0,9,False,True,False
baseline,2019,20,13,13,0,0.0,0.0,9,False,True,False
baseline,2019,21,9,9,0,0.0,0.0,9,False,True,False
baseline,2019,22,15,15,0,0.0,0.0,9,False,True,False
baseline,2019,23,10,10,0,0.0,0.0,9,False,True,False
baseline,2019,24,16,16,0,0.0,0.0,9,False,True,False
baseline,2019,25,14,14,0,0.0,0.0,9,False,True,False
baseline,2019,26,14,14,0,0.0,0.0,9,False,True,False
baseline,2019,27,8,8,0,0.0,0.0,9,False,True,False
baseline,2019,28,5,5,0,0.0,0.0,9,False,True,False
baseline,2019,29,16,16,0,0.0,0.0,9,False,True,False
baseline,2019,30,7,7,0,0.0,0.0,9,False,True,False
baseline,2019,31,8,8,0,0.0,0.0,9,False,True,False
baseline,2019,32,15,15,0,0.0,0.0,9,False,True,False
baseline,2019,33,11,11,0,0.0,0.0,9,False,True,False
baseline,2019,34,20,20,0,0.0,0.0,9,False,True,False
baseline,2020,1,9,9,0,0.0,0.0,9,False,True,False
baseline,2020,2,0,0,0,0.0,0.0,9,False,True,False
baseline,2020,3,18,18,0,0.0,0.0,9,False,True,False
baseline,2020,4,14,14,0,0.0,0.0,9,False,True,False
baseline,2020,5,14,14,0,0.0,0.0,9,False,True,False
baseline,2020,6,8,8,0,0.0,0.0,9,False,True,False
baseline,2020,7,16,16,0,0.0,0.0,9,False,True,False
baseline,2020,8,6,6,0,0.0,0.0,9,False,True,False
baseline,2020,9,9,9,0,0.0,0.0,9,False,True,False
baseline,2020,10,10,10,0,0.0,0.0,9,False,True,False
baseline,2020,11,12,12,0,0.0,0.0,9,False,True,False
baseline,2020,12,13,13,0,0.0,0.0,9,False,True,False
baseline,2020,13,11,11,0,0.0,0.0,9,False,True,False
baseline,2020,14,16,16,0,0.0,0.0,9,False,True,False
baseline,2020,15,6,6,0,0.0,0.0,9,False,True,False
baseline,2020,16,6,6,0,0.0,0.0,9,False,True,False
baseline,2020,17,10,10,0,0.0,0.0,9,False,True,False
baseline,2020,18,6,6,0,0.0,0.0,9,False,True,False
baseline,2020,19,16,16,0,0.0,0.0,9,False,True,False
baseline,2020,20,12,12,0,0.0,0.0,9,False,True,False
baseline,2020,21,4,4,0,0.0,0.0,9,False,True,False
baseline,2020,22,11,11,0,0.0,0.0,9,False,True,False
baseline,2020,23,11,11,0,0.0,0.0,9,False,True,False
baseline,2020,24,12,12,0,0.0,0.0,9,False,True,False
baseline,2020,25,15,15,0,0.0,0.0,9,False,True,False
baseline,2020,26,16,16,0,0.0,0.0,9,False,True,False
baseline,2020,27,19,19,0,0.0,0.0,9,False,True,False
baseline,2020,28,11,11,0,0.0,0.0,9,False,True,False
baseline,2020,29,13,13,0,0.0,0.0,9,False,True,False
baseline,2020,30,17,17,0,0.0,0.0,9,False,True,False
baseline,2020,31,18,18,0,0.0,0.0,9,False,True,False
baseline,2020,32,14,14,0,0.0,0.0,9,False,True,False
baseline,2020,33,5,5,0,0.0,0.0,9,False,True,False
baseline,2020,34,18,18,0,0.0,0.0,9,False,True,False
baseline,2021,1,11,11,0,0.0,0.0,9,False,True,False
baseline,2021,2,12,12,0,0.0,0.0,9,False,True,False
baseline,2021,3,17,17,0,0.0,0.0,9,False,True,False
baseline,2021,4,13,13,0,0.0,0.0,9,False,True,False
baseline,2021,5,8,8,0,0.0,0.0,9,False,True,False
baseline,2021,6,13,13,0,0.0,0.0,9,False,True,False
baseline,2021,7,13,13,0,0.0,0.0,9,False,True,False
baseline,2021,8,7,7,0,0.0,0.0,9,False,True,False
baseline,2021,9,10,10,0,0.0,0.0,9,False,True,False
baseline,2021,10,15,15,0,0.0,0.0,9,False,True,False
baseline,2021,11,12,12,0,0.0,0.0,9,False,True,False
baseline,2021,12,10,10,0,0.0,0.0,9,False,True,False
baseline,2021,13,10,10,0,0.0,0.0,9,False,True,False
baseline,2021,14,10,10,0,0.0,0.0,9,False,True,False
baseline,2021,15,6,6,0,0.0,0.0,9,False,True,False
baseline,2021,16,8,8,0,0.0,0.0,9,False,True,False
baseline,2021,17,12,12,0,0.0,0.0,9,False,True,False
baseline,2021,18,9,9,0,0.0,0.0,9,False,True,False
baseline,2021,19,14,14,0,0.0,0.0,9,False,True,False
baseline,2021,20,11,11,0,0.0,0.0,9,False,True,False
baseline,2021,21,10,10,0,0.0,0.0,9,False,True,False
baseline,2021,22,13,13,0,0.0,0.0,9,False,True,False
baseline,2021,23,17,17,0,0.0,0.0,9,False,True,False
baseline,2021,24,15,15,0,0.0,0.0,9,False,True,False
baseline,2021,25,15,15,0,0.0,0.0,9,False,True,False
baseline,2021,26,12,12,0,0.0,0.0,9,False,True,False
baseline,2021,27,11,11,0,0.0,0.0,9,False,True,False
baseline,2021,28,8,8,0,0.0,0.0,9,False,True,False
baseline,2021,29,13,13,0,0.0,0.0,9,False,True,False
baseline,2021,30,11,11,0,0.0,0.0,9,False,True,False
baseline,2021,31,10,10,0,0.0,0.0,9,False,True,False
baseline,2021,32,4,4,0,0.0,0.0,9,False,True,False
baseline,2021,33,10,10,0,0.0,0.0,9,False,True,False
baseline,2021,34,14,14,0,0.0,0.0,9,False,True,False
baseline,2022,1,16,16,0,0.0,0.0,9,False,True,False
baseline,2022,2,9,9,0,0.0,0.0,9,False,True,False
baseline,2022,3,9,9,0,0.0,0.0,9,False,True,False
baseline,2022,4,15,15,0,0.0,0.0,9,False,True,False
baseline,2022,5,5,5,0,0.0,0.0,9,False,True,False
baseline,2022,6,6,6,0,0.0,0.0,9,False,True,False
baseline,2022,7,4,4,0,0.0,0.0,9,False,True,False
baseline,2022,8,15,15,0,0.0,0.0,9,False,True,False
baseline,2022,9,4,4,0,0.0,0.0,9,False,True,False
baseline,2022,10,11,11,0,0.0,0.0,9,False,True,False
baseline,2022,11,11,11,0,0.0,0.0,9,False,True,False
baseline,2022,12,23,23,0,0.0,0.0,9,False,True,False
baseline,2022,13,20,20,0,0.0,0.0,9,False,True,False
baseline,2022,14,14,14,0,0.0,0.0,9,False,True,False
baseline,2022,15,12,12,0,0.0,0.0,9,False,True,False
baseline,2022,16,15,15,0,0.0,0.0,9,False,True,False
baseline,2022,17,12,12,0,0.0,0.0,9,False,True,False
baseline,2022,18,8,8,0,0.0,0.0,9,False,True,False
baseline,2022,19,9,9,0,0.0,0.0,9,False,True,False
baseline,2022,20,14,14,0,0.0,0.0,9,False,True,False
baseline,2022,21,10,10,0,0.0,0.0,9,False,True,False
baseline,2022,22,15,15,0,0.0,0.0,9,False,True,False
baseline,2022,23,15,15,0,0.0,0.0,9,False,True,False
baseline,2022,24,11,11,0,0.0,0.0,9,False,True,False
baseline,2022,25,6,6,0,0.0,0.0,9,False,True,False
baseline,2022,26,6,6,0,0.0,0.0,9,False,True,False
baseline,2022,27,21,21,0,0.0,0.0,9,False,True,False
baseline,2022,28,8,8,0,0.0,0.0,9,False,True,False
baseline,2022,29,8,8,0,0.0,0.0,9,False,True,False
baseline,2022,30,15,15,0,0.0,0.0,9,False,True,False
baseline,2022,31,11,11,0,0.0,0.0,9,False,True,False
baseline,2022,32,19,19,0,0.0,0.0,9,False,True,False
baseline,2022,33,8,8,0,0.0,0.0,9,False,True,False
baseline,2022,34,16,16,0,0.0,0.0,9,False,True,False
baseline,2023,1,16,16,0,0.0,0.0,9,False,True,False
baseline,2023,2,14,14,0,0.0,0.0,9,False,True,False
baseline,2023,3,12,12,0,0.0,0.0,9,False,True,False
baseline,2023,4,10,10,0,0.0,0.0,9,False,True,False
baseline,2023,5,16,16,0,0.0,0.0,9,False,True,False
baseline,2023,6,10,10,0,0.0,0.0,9,False,True,False
baseline,2023,7,13,13,0,0.0,0.0,9,False,True,False
baseline,2023,8,17,17,0,0.0,0.0,9,False,True,False
baseline,2023,9,12,12,0,0.0,0.0,9,False,True,False
baseline,2023,10,5,5,0,0.0,0.0,9,False,True,False
baseline,2023,11,12,12,0,0.0,0.0,9,False,True,False
baseline,2023,12,10,10,0,0.0,0.0,9,False,True,False
baseline,2023,13,12,12,0,0.0,0.0,9,False,True,False
baseline,2023,14,12,12,0,0.0,0.0,9,False,True,False
baseline,2023,15,14,14,0,0.0,0.0,9,False,True,False
baseline,2023,16,14,14,0,0.0,0.0,9,False,True,False
baseline,2023,17,9,9,0,0.0,0.0,9,False,True,False
baseline,2023,18,9,9,0,0.0,0.0,9,False,True,False
baseline,2023,19,12,12,0,0.0,0.0,9,False,True,False
baseline,2023,20,12,12,0,0.0,0.0,9,False,True,False
baseline,2023,21,8,8,0,0.0,0.0,9,False,True,False
baseline,2023,22,13,13,0,0.0,0.0,9,False,True,False
baseline,2023,23,12,12,0,0.0,0.0,9,False,True,False
baseline,2023,24,19,19,0,0.0,0.0,9,False,True,False
baseline,2023,25,19,19,0,0.0,0.0,9,False,True,False
baseline,2023,26,17,17,0,0.0,0.0,9,False,True,False
baseline,2023,27,4,4,0,0.0,0.0,9,False,True,False
baseline,2023,28,14,14,0,0.0,0.0,9,False,True,False
baseline,2023,29,21,21,0,0.0,0.0,9,False,True,False
baseline,2023,30,14,14,0,0.0,0.0,9,False,True,False
baseline,2023,31,10,10,0,0.0,0.0,9,False,True,False
baseline,2023,32,8,8,0,0.0,0.0,9,False,True,False
baseline,2023,33,13,13,0,0.0,0.0,9,False,True,False
baseline,2023,34,15,15,0,0.0,0.0,9,False,True,False
baseline,2024,1,13,13,0,0.0,0.0,9,False,True,False
baseline,2024,2,13,13,0,0.0,0.0,9,False,True,False
baseline,2024,3,18,18,0,0.0,0.0,9,False,True,False
baseline,2024,4,14,14,0,0.0,0.0,9,False,True,False
baseline,2024,5,10,10,0,0.0,0.0,9,False,True,False
baseline,2024,6,12,12,0,0.0,0.0,9,False,True,False
baseline,2024,7,19,19,0,0.0,0.0,9,False,True,False
baseline,2024,8,6,6,0,0.0,0.0,9,False,True,False
baseline,2024,9,10,10,0,0.0,0.0,9,False,True,False
baseline,2024,10,8,8,0,0.0,0.0,9,False,True,False
baseline,2024,11,23,23,0,0.0,0.0,9,False,True,False
baseline,2024,12,14,14,0,0.0,0.0,9,False,True,False
baseline,2024,13,18,18,0,0.0,0.0,9,False,True,False
baseline,2024,14,13,13,0,0.0,0.0,9,False,True,False
baseline,2024,15,10,10,0,0.0,0.0,9,False,True,False
baseline,2024,16,20,20,0,0.0,0.0,9,False,True,False
baseline,2024,17,17,17,0,0.0,0.0,9,False,True,False
baseline,2024,18,14,14,0,0.0,0.0,9,False,True,False
baseline,2024,19,12,12,0,0.0,0.0,9,False,True,False
baseline,2024,20,16,16,0,0.0,0.0,9,False,True,False
baseline,2024,21,7,7,0,0.0,0.0,9,False,True,False
baseline,2024,22,6,6,0,0.0,0.0,9,False,True,False
baseline,2024,23,11,11,0,0.0,0.0,9,False,True,False
baseline,2024,24,15,15,0,0.0,0.0,9,False,True,False
baseline,2024,25,0,0,0,0.0,0.0,9,False,True,False
baseline,2024,26,16,16,0,0.0,0.0,9,False,True,False
baseline,2024,27,12,12,0,0.0,0.0,9,False,True,False
baseline,2024,28,15,15,0,0.0,0.0,9,False,True,False
baseline,2024,29,8,8,0,0.0,0.0,9,False,True,False
baseline,2024,30,11,11,0,0.0,0.0,9,False,True,False
baseline,2024,31,11,11,0,0.0,0.0,9,False,True,False
baseline,2024,32,6,6,0,0.0,0.0,9,False,True,False
baseline,2024,33,13,13,0,0.0,0.0,9,False,True,False
baseline,2024,34,4,4,0,0.0,0.0,9,False,True,False
baseline,2025,1,6,6,0,0.0,0.0,9,False,True,False
baseline,2025,2,13,13,0,0.0,0.0,9,False,True,False
baseline,2025,3,9,9,0,0.0,0.0,9,False,True,False
baseline,2025,4,14,14,0,0.0,0.0,9,False,True,False
baseline,2025,5,13,13,0,0.0,0.0,9,False,True,False
baseline,2025,6,13,13,0,0.0,0.0,9,False,True,False
baseline,2025,7,15,15,0,0.0,0.0,9,False,True,False
baseline,2025,8,20,20,0,0.0,0.0,9,False,True,False
baseline,2025,9,12,12,0,0.0,0.0,9,False,True,False
baseline,2025,10,17,17,0,0.0,0.0,9,False,True,False
baseline,2025,11,15,15,0,0.0,0.0,9,False,True,False
baseline,2025,12,11,11,0,0.0,0.0,9,False,True,False
baseline,2025,13,11,11,0,0.0,0.0,9,False,True,False
baseline,2025,14,14,14,0,0.0,0.0,9,False,True,False
baseline,2025,15,4,4,0,0.0,0.0,9,False,True,False
baseline,2025,16,10,10,0,0.0,0.0,9,False,True,False
baseline,2025,17,21,21,0,0.0,0.0,9,False,True,False
baseline,2025,18,11,11,0,0.0,0.0,9,False,True,False
baseline,2025,19,21,21,0,0.0,0.0,9,False,True,False
baseline,2025,20,15,15,0,0.0,0.0,9,False,True,False
baseline,2025,21,17,17,0,0.0,0.0,9,False,True,False
baseline,2025,22,19,19,0,0.0,0.0,9,False,True,False
baseline,2025,23,6,6,0,0.0,0.0,9,False,True,False
baseline,2025,24,19,19,0,0.0,0.0,9,False,True,False
baseline,2025,25,13,13,0,0.0,0.0,9,False,True,False
baseline,2025,26,11,11,0,0.0,0.0,9,False,True,False
baseline,2025,27,12,12,0,0.0,0.0,9,False,True,False
baseline,2025,28,8,8,0,0.0,0.0,9,False,True,False
baseline,2025,29,9,9,0,0.0,0.0,9,False,True,False
baseline,2025,30,15,15,0,0.0,0.0,9,False,True,False
baseline,2025,31,16,16,0,0.0,0.0,9,False,True,False
baseline,2025,32,2,2,0,0.0,0.0,9,False,True,False
baseline,2025,33,15,15,0,0.0,0.0,9,False,True,False
baseline,2025,34,6,6,0,0.0,0.0,9,False,True,False
hybrid_120,2011,1,12,10,1,0.6651603477376308,0.0,9,True,False,False
hybrid_120,2011,2,11,8,2,0.9598972556103309,0.0,9,True,False,False
hybrid_120,2011,3,10,8,2,0.33093927911001586,0.0,9,True,False,False
hybrid_120,2011,4,6,13,2,0.9220646112986911,0.0,9,False,False,True
hybrid_120,2011,5,12,14,1,0.6279294512628943,0.0,9,False,False,True
hybrid_120,2011,6,13,10,1,0.1093820804322776,0.0,9,True,False,False
hybrid_120,2011,7,15,18,1,0.7001247819790917,0.0,9,False,False,True
hybrid_120,2011,8,14,11,1,0.0368236730471736,0.0,9,True,False,False
hybrid_120,2011,9,6,11,2,0.5312417544883844,0.0,9,False,False,True
hybrid_120,2011,10,6,10,2,0.6157084333080252,0.0,9,False,False,True
hybrid_120,2011,11,13,15,2,0.741235756062118,0.0,9,False,False,True
hybrid_120,2011,12,7,9,2,0.15269753726974544,0.0,9,False,False,True
hybrid_120,2011,13,8,12,2,0.3957350180681086,0.0,9,False,False,True
hybrid_120,2011,14,8,10,2,0.45575817719175515,0.0,9,False,False,True
hybrid_120,2011,15,8,8,0,0.0,0.0,9,False,True,False
hybrid_120,2011,16,8,11,1,0.11691791831485154,0.0,9,False,False,True
hybrid_120,2011,17,10,10,0,0.0,0.0,9,False,True,False
hybrid_120,2011,18,13,16,2,0.8550045929101096,0.0,9,False,False,True
hybrid_120,2011,19,19,14,2,0.18876321689981923,1.0,9,True,False,False
hybrid_120,2011,20,2,2,0,0.0,0.0,9,False,True,False
hybrid_120,2011,21,15,18,1,0.2871005752177752,0.0,9,False,False,True
hybrid_120,2011,22,13,16,1,0.8512303340147385,0.0,9,False,False,True
hybrid_120,2011,23,11,13,1,0.5777467268980412,0.0,9,False,False,True
hybrid_120,2011,24,5,6,2,0.6958491473738483,0.0,9,False,False,True
hybrid_120,2011,25,11,13,1,0.5125122548640866,0.0,9,False,False,True
hybrid_120,2011,26,12,8,1,0.23237285304097954,0.0,9,True,False,False
hybrid_120,2011,27,16,16,0,0.0,0.0,9,False,True,False
hybrid_120,2011,28,9,7,2,0.2644736431301591,1.0,9,True,False,False
hybrid_120,2011,29,8,11,1,0.12087473640860391,1.0,9,False,False,True
hybrid_120,2011,30,16,13,2,0.5523175785005293,0.0,9,True,False,False
hybrid_120,2011,31,7,12,2,0.4247231772893604,1.0,9,False,False,True
hybrid_120,2011,32,6,6,1,0.8961084056226929,1.0,9,False,True,False
hybrid_120,2011,33,13,13,2,0.8826636688018377,1.0,9,False,True,False
hybrid_120,2011,34,17,16,2,0.7230224454212162,0.0,9,True,False,False
hybrid_120,2012,1,11,7,1,0.46729644248996927,0.0,9,True,False,False
hybrid_120,2012,2,14,8,2,0.8581418557407248,1.0,9,True,False,False
hybrid_120,2012,3,13,15,1,0.7923163961244469,0.0,9,False,False,True
hybrid_120,2012,4,7,6,2,0.599354444666323,0.0,9,True,False,False
hybrid_120,2012,5,8,8,1,0.47344662683040784,1.0,9,False,True,False
hybrid_120,2012,6,16,13,1,0.9121931723112096,1.0,9,True,False,False
hybrid_120,2012,7,14,18,2,0.990346218070414,0.0,9,False,False,True
hybrid_120,2012,8,6,6,2,0.617548614305839,0.0,9,False,True,False
hybrid_120,2012,9,8,12,2,0.36847847277520607,0.0,9,False,False,True
hybrid_120,2012,10,11,15,1,0.49681677147361325,0.0,9,False,False,True
hybrid_120,2012,11,15,13,1,0.1264883126120565,0.0,9,True,False,False
hybrid_120,2012,12,8,12,1,0.1411274954430305,1.0,9,False,False,True
hybrid_120,2012,13,11,11,2,0.4627408460157564,1.0,9,False,True,False
hybrid_120,2012,14,13,11,2,0.5274752803554646,1.0,9,True,False,False
hybrid_120,2012,15,16,12,2,0.43585874298673233,1.0,9,True,False,False
hybrid_120,2012,16,14,16,1,0.7449776699941848,0.0,9,False,False,True
hybrid_120,2012,17,11,6,2,0.5945206020165095,1.0,9,True,False,False
hybrid_120,2012,18,17,13,2,0.3585735179308819,1.0,9,True,False,False
hybrid_120,2012,19,18,20,1,0.13831552277828463,1.0,9,False,False,True
hybrid_120,2012,20,8,14,2,0.7251630469695161,0.0,9,False,False,True
hybrid_120,2012,21,8,12,2,0.17633082456430882,1.0,9,False,False,True
hybrid_120,2012,22,16,17,2,0.9051914450266144,1.0,9,False,False,True
hybrid_120,2012,23,15,11,1,0.1964639080569165,1.0,9,True,False,False
hybrid_120,2012,24,13,9,1,0.03504046163352825,1.0,9,True,False,False
hybrid_120,2012,25,2,2,1,0.11226609005745192,1.0,9,False,True,False
hybrid_120,2012,26,9,9,2,0.9081315644924627,0.0,9,False,True,False
hybrid_120,2012,27,10,15,2,0.7771502009976695,1.0,9,False,False,True
hybrid_120,2012,28,14,14,2,0.6190741515844421,0.0,9,False,True,False
hybrid_120,2012,29,8,10,2,0.27301548520890506,1.0,9,False,False,True
hybrid_120,2012,30,17,19,2,0.5535237875750365,1.0,9,False,False,True
hybrid_120,2012,31,18,18,2,0.9080534501117855,0.0,9,False,True,False
hybrid_120,2012,32,9,9,1,0.3291712281353596,0.0,9,False,True,False
hybrid_120,2012,33,7,7,2,0.6075125914097732,1.0,9,False,True,False
hybrid_120,2012,34,16,17,2,0.4890408367988265,1.0,9,False,False,True
hybrid_120,2013,1,12,15,2,0.6583630097890798,0.0,9,False,False,True
hybrid_120,2013,2,10,12,1,0.7766868523257697,0.0,9,False,False,True
hybrid_120,2013,3,21,17,2,0.8730265642144356,0.0,9,True,False,False
hybrid_120,2013,4,12,14,1,0.14380579195098886,0.0,9,False,False,True
hybrid_120,2013,5,15,18,2,0.6990656394873225,0.0,9,False,False,True
hybrid_120,2013,6,13,13,0,0.0,0.0,9,False,True,False
hybrid_120,2013,7,10,10,2,0.6776820178658941,0.0,9,False,True,False
hybrid_120,2013,8,2,2,0,0.0,0.0,9,False,True,False
hybrid_120,2013,9,13,13,2,0.7279737834299596,0.0,9,False,True,False
hybrid_120,2013,10,12,14,1,0.03745804832654298,0.0,9,False,False,True
hybrid_120,2013,11,9,10,2,0.5952398930243568,0.0,9,False,False,True
hybrid_120,2013,12,15,14,2,0.5783744787584728,0.0,9,True,False,False
hybrid_120,2013,13,15,9,2,0.6415773899816289,0.0,9,True,False,False
hybrid_120,2013,14,14,14,0,0.0,0.0,9,False,True,False
hybrid_120,2013,15,16,12,2,0.5259118101481588,0.0,9,True,False,False
hybrid_120,2013,16,9,11,1,0.9568870234573646,1.0,9,False,False,True
hybrid_120,2013,17,2,6,2,0.3629127010116997,0.0,9,False,False,True
hybrid_120,2013,18,4,10,2,0.2676160720658708,0.0,9,False,False,True
hybrid_120,2013,19,16,18,1,0.47104435870441685,0.0,9,False,False,True
hybrid_120,2013,20,14,14,2,0.9935984964643569,0.0,9,False,True,False
hybrid_120,2013,21,6,10,2,0.6818805031506681,0.0,9,False,False,True
hybrid_120,2013,22,13,9,1,0.009981307589194577,0.0,9,True,False,False
hybrid_120,2013,23,8,10,1,0.005003578367707817,0.0,9,False,False,True
hybrid_120,2013,24,7,7,0,0.0,0.0,9,False,True,False
hybrid_120,2013,25,9,5,1,0.28412444103901857,0.0,9,True,False,False
hybrid_120,2013,26,13,16,2,0.901498577698015,0.0,9,False,False,True
hybrid_120,2013,27,7,11,2,0.5198593628283948,0.0,9,False,False,True
hybrid_120,2013,28,16,16,0,0.0,0.0,9,False,True,False
hybrid_120,2013,29,10,12,2,0.9583818425037598,0.0,9,False,False,True
hybrid_120,2013,30,17,17,0,0.0,0.0,9,False,True,False
hybrid_120,2013,31,11,11,0,0.0,0.0,9,False,True,False
hybrid_120,2013,32,7,9,2,0.46720718365852176,1.0,9,False,False,True
hybrid_120,2013,33,20,18,1,0.5196762150789793,0.0,9,True,False,False
hybrid_120,2013,34,21,23,1,0.7110440346430034,0.0,9,False,False,True
hybrid_120,2014,1,8,11,2,0.5991950359648152,0.0,9,False,False,True
hybrid_120,2014,2,5,5,0,0.0,0.0,9,False,True,False
hybrid_120,2014,3,11,9,2,0.5812693781684083,1.0,9,True,False,False
hybrid_120,2014,4,7,2,2,0.2776513086876977,1.0,9,True,False,False
hybrid_120,2014,5,10,14,2,0.4216098751154713,1.0,9,False,False,True
hybrid_120,2014,6,17,16,2,0.9017259228804442,0.0,9,True,False,False
hybrid_120,2014,7,8,15,2,0.4442137919396134,1.0,9,False,False,True
hybrid_120,2014,8,15,15,2,0.7875280416888281,1.0,9,False,True,False
hybrid_120,2014,9,12,15,1,0.8892106279073865,0.0,9,False,False,True
hybrid_120,2014,10,15,13,2,0.5389856991833977,1.0,9,True,False,False
hybrid_120,2014,11,9,11,1,0.9526179668412357,0.0,9,False,False,True
hybrid_120,2014,12,8,6,2,0.8207456040811759,0.0,9,True,False,False
hybrid_120,2014,13,14,16,1,0.4059144336855758,0.0,9,False,False,True
hybrid_120,2014,14,17,18,2,0.9435846707219752,0.0,9,False,False,True
hybrid_120,2014,15,2,5,1,0.6988046838005423,0.0,9,False,False,True
hybrid_120,2014,16,11,13,2,0.820065095928547,0.0,9,False,False,True
hybrid_120,2014,17,11,9,2,0.8019545577843963,0.0,9,True,False,False
hybrid_120,2014,18,14,12,1,0.3870670898948776,0.0,9,True,False,False
hybrid_120,2014,19,8,8,1,0.9654283759375609,1.0,9,False,True,False
hybrid_120,2014,20,12,11,2,0.3404499034259959,0.0,9,True,False,False
hybrid_120,2014,21,18,18,2,0.5427544709272245,0.0,9,False,True,False
hybrid_120,2014,22,9,9,2,0.6782611331962617,0.0,9,False,True,False
hybrid_120,2014,23,16,18,1,0.92050875896648,1.0,9,False,False,True
hybrid_120,2014,24,9,9,1,0.059614262530058304,0.0,9,False,True,False
hybrid_120,2014,25,12,15,1,0.03390663774027414,0.0,9,False,False,True
hybrid_120,2014,26,3,8,2,0.40860951585726824,0.0,9,False,False,True
hybrid_120,2014,27,11,9,1,0.03487292441146872,0.0,9,True,False,False
hybrid_120,2014,28,14,15,2,0.5777225286383277,0.0,9,False,False,True
hybrid_120,2014,29,20,20,0,0.0,0.0,9,False,True,False
hybrid_120,2014,30,9,12,2,0.10937192036583743,0.0,9,False,False,True
hybrid_120,2014,31,6,11,2,0.9451048473437285,1.0,9,False,False,True
hybrid_120,2014,32,10,10,2,0.7251443609117536,0.0,9,False,True,False
hybrid_120,2014,33,16,16,1,0.6035071019009977,0.0,9,False,True,False
hybrid_120,2014,34,14,20,2,0.9530668178234026,0.0,9,False,False,True
hybrid_120,2015,1,10,14,2,0.8217806882414055,1.0,9,False,False,True
hybrid_120,2015,2,7,7,1,0.723202307853694,0.0,9,False,True,False
hybrid_120,2015,3,14,12,2,0.825272217931689,0.0,9,True,False,False
hybrid_120,2015,4,9,12,1,0.7228689430739978,0.0,9,False,False,True
hybrid_120,2015,5,17,14,2,0.17004715197533116,0.0,9,True,False,False
hybrid_120,2015,6,9,13,2,0.9261571357140487,0.0,9,False,False,True
hybrid_120,2015,7,13,8,2,0.9503860901783482,1.0,9,True,False,False
hybrid_120,2015,8,4,9,2,0.45098124930337846,1.0,9,False,False,True
hybrid_120,2015,9,15,13,1,0.8966914665556008,0.0,9,True,False,False
hybrid_120,2015,10,9,12,1,0.8600233361995396,0.0,9,False,False,True
hybrid_120,2015,11,13,6,2,0.6621000253860464,1.0,9,True,False,False
hybrid_120,2015,12,5,5,2,0.45820335744338103,0.0,9,False,True,False
hybrid_120,2015,13,13,15,2,0.9062650131712747,1.0,9,False,False,True
hybrid_120,2015,14,10,12,1,0.045521570810452605,1.0,9,False,False,True
hybrid_120,2015,15,5,6,2,0.9992516076715281,1.0,9,False,False,True
hybrid_120,2015,16,11,13,1,0.5973337731804171,0.0,9,False,False,True
hybrid_120,2015,17,14,18,1,0.6207942276103522,1.0,9,False,False,True
hybrid_120,2015,18,6,8,1,0.9756910259835858,0.0,9,False,False,True
hybrid_120,2015,19,13,15,2,0.4767487401587618,0.0,9,False,False,True
hybrid_120,2015,20,4,9,2,0.25063606441761377,1.0,9,False,False,True
hybrid_120,2015,21,14,13,2,0.6648870071084424,0.0,9,True,False,False
hybrid_120,2015,22,13,19,2,0.5858955083322968,0.0,9,False,False,True
hybrid_120,2015,23,12,5,2,0.7129064692301419,1.0,9,True,False,False
hybrid_120,2015,24,18,15,1,0.04741344852394924,1.0,9,True,False,False
hybrid_120,2015,25,4,8,2,0.653243085469598,1.0,9,False,False,True
hybrid_120,2015,26,12,14,1,0.3112475319384713,1.0,9,False,False,True
hybrid_120,2015,27,18,16,2,0.5425262896358044,0.0,9,True,False,False
hybrid_120,2015,28,14,14,1,0.34289918071011827,0.0,9,False,True,False
hybrid_120,2015,29,5,5,0,0.0,0.0,9,False,True,False
hybrid_120,2015,30,15,18,1,0.20376272054208233,0.0,9,False,False,True
hybrid_120,2015,31,15,17,1,0.7081950555697202,0.0,9,False,False,True
hybrid_120,2015,32,12,12,0,0.0,0.0,9,False,True,False
hybrid_120,2015,33,9,7,2,0.6795125717768937,0.0,9,True,False,False
hybrid_120,2015,34,12,14,1,0.3585007681032619,0.0,9,False,False,True
hybrid_120,2016,1,10,16,2,0.5683926039441983,0.0,9,False,False,True
hybrid_120,2016,2,8,4,1,0.2546513415639743,0.0,9,True,False,False
hybrid_120,2016,3,11,11,1,0.20754013067763033,0.0,9,False,True,False
hybrid_120,2016,4,13,11,2,0.6944113752410077,1.0,9,True,False,False
hybrid_120,2016,5,15,14,2,0.2236840441571598,0.0,9,True,False,False
hybrid_120,2016,6,11,10,2,0.9379079599293821,0.0,9,True,False,False
hybrid_120,2016,7,14,10,2,0.5341573651135259,0.0,9,True,False,False
hybrid_120,2016,8,17,15,2,0.9005449870206423,1.0,9,True,False,False
hybrid_120,2016,9,18,16,1,0.24464910908542548,0.0,9,True,False,False
hybrid_120,2016,10,12,10,2,0.569635635160004,0.0,9,True,False,False
hybrid_120,2016,11,12,13,2,0.6014593914893719,0.0,9,False,False,True
hybrid_120,2016,12,9,9,1,0.4730012341813711,0.0,9,False,True,False
hybrid_120,2016,13,19,16,2,0.5475582098403002,0.0,9,True,False,False
hybrid_120,2016,14,9,13,1,0.34239793236197824,0.0,9,False,False,True
hybrid_120,2016,15,6,6,2,0.14228146471388625,0.0,9,False,True,False
hybrid_120,2016,16,6,6,1,0.10050613196969738,0.0,9,False,True,False
hybrid_120,2016,17,19,19,0,0.0,0.0,9,False,True,False
hybrid_120,2016,18,11,11,1,0.551860149364583,1.0,9,False,True,False
hybrid_120,2016,19,18,20,1,0.7880279589321162,0.0,9,False,False,True
hybrid_120,2016,20,11,15,2,0.16666730937915497,0.0,9,False,False,True
hybrid_120,2016,21,4,6,1,0.3032277346224932,0.0,9,False,False,True
hybrid_120,2016,22,8,8,1,0.49866354403991164,0.0,9,False,True,False
hybrid_120,2016,23,10,14,1,0.19671926272187878,0.0,9,False,False,True
hybrid_120,2016,24,4,4,2,0.27130136885619793,0.0,9,False,True,False
hybrid_120,2016,25,15,15,0,0.0,0.0,9,False,True,False
hybrid_120,2016,26,7,10,2,0.9102487385693351,0.0,9,False,False,True
hybrid_120,2016,27,17,15,1,0.24350868337754417,0.0,9,True,False,False
hybrid_120,2016,28,15,15,2,0.5736089759468022,0.0,9,False,True,False
hybrid_120,2016,29,11,17,2,0.8845004074207665,0.0,9,False,False,True
hybrid_120,2016,30,15,9,2,0.7577386165341891,0.0,9,True,False,False
hybrid_120,2016,31,14,10,1,0.40852793926876574,0.0,9,True,False,False
hybrid_120,2016,32,11,11,0,0.0,0.0,9,False,True,False
hybrid_120,2016,33,7,9,2,0.6567083285765364,0.0,9,False,False,True
hybrid_120,2016,34,10,10,0,0.0,0.0,9,False,True,False
hybrid_120,2017,1,16,18,1,0.5299037412519729,0.0,9,False,False,True
hybrid_120,2017,2,13,13,1,0.440452358660397,0.0,9,False,True,False
hybrid_120,2017,3,6,6,1,0.7964881856838588,0.0,9,False,True,False
hybrid_120,2017,4,14,15,2,0.8610984686670732,0.0,9,False,False,True
hybrid_120,2017,5,9,13,2,0.6421197592707538,0.0,9,False,False,True
hybrid_120,2017,6,12,12,0,0.0,0.0,9,False,True,False
hybrid_120,2017,7,10,16,2,0.5778542746324671,1.0,9,False,False,True
hybrid_120,2017,8,8,10,2,0.10757940369898777,1.0,9,False,False,True
hybrid_120,2017,9,10,10,2,0.44670631625338264,1.0,9,False,True,False
hybrid_120,2017,10,11,13,1,0.4491233304470025,1.0,9,False,False,True
hybrid_120,2017,11,14,16,2,0.4883736957749829,1.0,9,False,False,True
hybrid_120,2017,12,10,14,2,0.46063004075904923,0.0,9,False,False,True
hybrid_120,2017,13,8,8,0,0.0,0.0,9,False,True,False
hybrid_120,2017,14,9,10,2,0.41184087449425566,0.0,9,False,False,True
hybrid_120,2017,15,2,6,1,0.9636985377100027,1.0,9,False,False,True
hybrid_120,2017,16,13,15,2,0.6135020608276492,1.0,9,False,False,True
hybrid_120,2017,17,11,8,2,0.7676191839950094,1.0,9,True,False,False
hybrid_120,2017,18,11,15,1,0.5183535476101371,0.0,9,False,False,True
hybrid_120,2017,19,4,6,2,0.41852202185639187,1.0,9,False,False,True
hybrid_120,2017,20,8,8,0,0.0,0.0,9,False,True,False
hybrid_120,2017,21,17,13,2,0.45128743790441794,1.0,9,True,False,False
hybrid_120,2017,22,18,21,1,0.08700962735391993,1.0,9,False,False,True
hybrid_120,2017,23,19,19,1,0.2559605775940963,0.0,9,False,True,False
hybrid_120,2017,24,4,8,1,0.08557550240482481,1.0,9,False,False,True
hybrid_120,2017,25,14,16,2,0.5528849412389044,0.0,9,False,False,True
hybrid_120,2017,26,17,17,0,0.0,0.0,9,False,True,False
hybrid_120,2017,27,11,8,1,0.18790942321268955,0.0,9,True,False,False
hybrid_120,2017,28,13,13,0,0.0,0.0,9,False,True,False
hybrid_120,2017,29,4,7,1,0.8417904479137822,0.0,9,False,False,True
hybrid_120,2017,30,19,15,2,0.5187502718478059,1.0,9,True,False,False
hybrid_120,2017,31,14,14,2,0.952801478902399,1.0,9,False,True,False
hybrid_120,2017,32,9,9,2,0.6970035226320139,1.0,9,False,True,False
hybrid_120,2017,33,12,12,2,0.9633821324492797,1.0,9,False,True,False
hybrid_120,2017,34,16,18,2,0.9815943171096208,1.0,9,False,False,True
hybrid_120,2018,1,10,8,1,0.29832074317820045,0.0,9,True,False,False
hybrid_120,2018,2,5,5,1,0.3010455365033312,0.0,9,False,True,False
hybrid_120,2018,3,16,15,2,0.7387818226654922,1.0,9,True,False,False
hybrid_120,2018,4,6,9,2,0.8424544678249385,1.0,9,False,False,True
hybrid_120,2018,5,10,17,2,0.6918068597064363,0.0,9,False,False,True
hybrid_120,2018,6,8,12,1,0.6656347498593682,1.0,9,False,False,True
hybrid_120,2018,7,8,10,2,0.6806652162438519,1.0,9,False,False,True
hybrid_120,2018,8,11,11,1,0.24289377074665586,1.0,9,False,True,False
hybrid_120,2018,9,6,6,0,0.0,0.0,9,False,True,False
hybrid_120,2018,10,7,11,2,0.9944889769827474,1.0,9,False,False,True
hybrid_120,2018,11,13,8,2,0.5474180011415425,0.0,9,True,False,False
hybrid_120,2018,12,10,12,2,0.9551981155685334,1.0,9,False,False,True
hybrid_120,2018,13,12,16,1,0.06165254109457985,1.0,9,False,False,True
hybrid_120,2018,14,10,16,2,0.7167793365375352,1.0,9,False,False,True
hybrid_120,2018,15,16,12,2,0.08955749814981973,1.0,9,True,False,False
hybrid_120,2018,16,11,8,1,0.2560657471224116,1.0,9,True,False,False
hybrid_120,2018,17,14,13,2,0.1849979157606586,1.0,9,True,False,False
hybrid_120,2018,18,15,12,2,0.6437719330447164,1.0,9,True,False,False
hybrid_120,2018,19,16,18,1,0.06896752528845929,0.0,9,False,False,True
hybrid_120,2018,20,6,4,2,0.5465991162533218,0.0,9,True,False,False
hybrid_120,2018,21,14,14,0,0.0,0.0,9,False,True,False
hybrid_120,2018,22,10,10,0,0.0,0.0,9,False,True,False
hybrid_120,2018,23,12,12,0,0.0,0.0,9,False,True,False
hybrid_120,2018,24,12,14,1,0.6623665953715009,1.0,9,False,False,True
hybrid_120,2018,25,17,17,0,0.0,0.0,9,False,True,False
hybrid_120,2018,26,15,15,0,0.0,0.0,9,False,True,False
hybrid_120,2018,27,14,14,0,0.0,0.0,9,False,True,False
hybrid_120,2018,28,11,11,2,0.6281243800161621,0.0,9,False,True,False
hybrid_120,2018,29,22,18,1,0.15069595562556137,1.0,9,True,False,False
hybrid_120,2018,30,18,18,0,0.0,0.0,9,False,True,False
hybrid_120,2018,31,2,4,1,0.9310577413175039,0.0,9,False,False,True
hybrid_120,2018,32,6,8,1,0.9486190084021231,0.0,9,False,False,True
hybrid_120,2018,33,2,4,1,0.5127128431458844,1.0,9,False,False,True
hybrid_120,2018,34,12,14,1,0.6614319874286616,1.0,9,False,False,True
hybrid_120,2019,1,13,15,1,0.4073844056228668,0.0,9,False,False,True
hybrid_120,2019,2,19,15,2,0.51003200405115,0.0,9,True,False,False
hybrid_120,2019,3,11,13,1,0.34440431436190133,1.0,9,False,False,True
hybrid_120,2019,4,8,12,2,0.9301019059723739,0.0,9,False,False,True
hybrid_120,2019,5,14,18,1,0.8161937469591467,0.0,9,False,False,True
hybrid_120,2019,6,7,11,1,0.2152594489160805,1.0,9,False,False,True
hybrid_120,2019,7,8,8,1,0.21266894935209502,0.0,9,False,True,False
hybrid_120,2019,8,3,7,2,0.9168400924179395,0.0,9,False,False,True
hybrid_120,2019,9,9,8,2,0.6880310921672683,0.0,9,True,False,False
hybrid_120,2019,10,15,9,2,0.6763915384797254,0.0,9,True,False,False
hybrid_120,2019,11,15,8,2,0.168134561549389,0.0,9,True,False,False
hybrid_120,2019,12,4,4,1,0.33985340593411517,1.0,9,False,True,False
hybrid_120,2019,13,11,11,1,0.6884308148912367,0.0,9,False,True,False
hybrid_120,2019,14,14,14,1,0.865003346049969,1.0,9,False,True,False
hybrid_120,2019,15,9,16,2,0.5736880999770562,0.0,9,False,False,True
hybrid_120,2019,16,8,8,1,0.31430346622067207,0.0,9,False,True,False
hybrid_120,2019,17,10,13,2,0.5122128999524904,0.0,9,False,False,True
hybrid_120,2019,18,13,12,2,0.41400007449594245,0.0,9,True,False,False
hybrid_120,2019,19,10,10,2,0.5789014541282593,0.0,9,False,True,False
hybrid_120,2019,20,11,13,1,0.6710144690015651,0.0,9,False,False,True
hybrid_120,2019,21,8,9,2,0.5517465392468893,0.0,9,False,False,True
hybrid_120,2019,22,11,15,2,0.5681087148061247,0.0,9,False,False,True
hybrid_120,2019,23,10,10,0,0.0,0.0,9,False,True,False
hybrid_120,2019,24,14,16,1,0.6590243685025353,0.0,9,False,False,True
hybrid_120,2019,25,12,14,2,0.5805770945273017,0.0,9,False,False,True
hybrid_120,2019,26,14,14,0,0.0,0.0,9,False,True,False
hybrid_120,2019,27,10,8,1,0.4682627110248916,0.0,9,True,False,False
hybrid_120,2019,28,0,5,2,0.5981922370708194,0.0,9,False,False,True
hybrid_120,2019,29,16,16,1,0.05931062586724489,1.0,9,False,True,False
hybrid_120,2019,30,7,7,0,0.0,0.0,9,False,True,False
hybrid_120,2019,31,9,8,2,0.9761791213152939,1.0,9,True,False,False
hybrid_120,2019,32,15,15,0,0.0,0.0,9,False,True,False
hybrid_120,2019,33,13,11,2,0.8794883469640885,0.0,9,True,False,False
hybrid_120,2019,34,22,20,1,0.6858999562702929,0.0,9,True,False,False
hybrid_120,2020,1,15,9,2,0.3803571553078532,0.0,9,True,False,False
hybrid_120,2020,2,5,0,2,0.24418910728266852,0.0,9,True,False,False
hybrid_120,2020,3,10,18,2,0.654171210962287,0.0,9,False,False,True
hybrid_120,2020,4,14,14,2,0.5041778012165623,1.0,9,False,True,False
hybrid_120,2020,5,11,14,1,0.7166338653169853,1.0,9,False,False,True
hybrid_120,2020,6,8,8,0,0.0,0.0,9,False,True,False
hybrid_120,2020,7,14,16,2,0.6081109111544145,1.0,9,False,False,True
hybrid_120,2020,8,10,6,1,0.011010624921877987,0.0,9,True,False,False
hybrid_120,2020,9,7,9,1,0.4230251562908226,1.0,9,False,False,True
hybrid_120,2020,10,10,10,1,0.11157959763175695,1.0,9,False,True,False
hybrid_120,2020,11,13,12,2,0.710101391603651,1.0,9,True,False,False
hybrid_120,2020,12,17,13,1,0.03035783532628633,0.0,9,True,False,False
hybrid_120,2020,13,9,11,2,0.2342182215712264,1.0,9,False,False,True
hybrid_120,2020,14,14,16,1,0.7767053056330387,1.0,9,False,False,True
hybrid_120,2020,15,6,6,0,0.0,0.0,9,False,True,False
hybrid_120,2020,16,9,6,2,0.8113441840858978,1.0,9,True,False,False
hybrid_120,2020,17,14,10,2,0.2463083572820759,0.0,9,True,False,False
hybrid_120,2020,18,6,6,0,0.0,0.0,9,False,True,False
hybrid_120,2020,19,12,16,2,0.8805809804335766,1.0,9,False,False,True
hybrid_120,2020,20,12,12,0,0.0,0.0,9,False,True,False
hybrid_120,2020,21,4,4,0,0.0,0.0,9,False,True,False
hybrid_120,2020,22,11,11,0,0.0,0.0,9,False,True,False
hybrid_120,2020,23,11,11,0,0.0,0.0,9,False,True,False
hybrid_120,2020,24,4,12,2,0.7219329312129814,0.0,9,False,False,True
hybrid_120,2020,25,12,15,1,0.05327020933075888,0.0,9,False,False,True
hybrid_120,2020,26,16,16,0,0.0,0.0,9,False,True,False
hybrid_120,2020,27,19,19,2,0.7088993149308385,0.0,9,False,True,False
hybrid_120,2020,28,5,11,2,0.8295605499968782,0.0,9,False,False,True
hybrid_120,2020,29,13,13,0,0.0,0.0,9,False,True,False
hybrid_120,2020,30,14,17,1,0.28477725843875934,0.0,9,False,False,True
hybrid_120,2020,31,13,18,2,0.5577500996647403,0.0,9,False,False,True
hybrid_120,2020,32,16,14,1,0.5530213686542493,0.0,9,True,False,False
hybrid_120,2020,33,2,5,2,0.08374647878784103,0.0,9,False,False,True
hybrid_120,2020,34,16,18,2,0.29573216082649745,1.0,9,False,False,True
hybrid_120,2021,1,14,11,1,0.08190034277538016,1.0,9,True,False,False
hybrid_120,2021,2,13,12,2,0.3327141265460867,1.0,9,True,False,False
hybrid_120,2021,3,16,17,2,0.9987272764713899,1.0,9,False,False,True
hybrid_120,2021,4,8,13,2,0.42240686488647694,0.0,9,False,False,True
hybrid_120,2021,5,11,8,1,0.3419579380834523,1.0,9,True,False,False
hybrid_120,2021,6,9,13,1,0.6616022893389129,1.0,9,False,False,True
hybrid_120,2021,7,13,13,1,0.2923212766532477,1.0,9,False,True,False
hybrid_120,2021,8,10,7,2,0.7967884257576947,1.0,9,True,False,False
hybrid_120,2021,9,8,10,1,0.6989660092740626,1.0,9,False,False,True
hybrid_120,2021,10,12,15,1,0.33888563149153506,1.0,9,False,False,True
hybrid_120,2021,11,12,12,1,0.517856636802355,0.0,9,False,True,False
hybrid_120,2021,12,13,10,1,0.409165903861742,1.0,9,True,False,False
hybrid_120,2021,13,10,10,1,0.18080003142081624,1.0,9,False,True,False
hybrid_120,2021,14,7,10,2,0.8593933197729652,1.0,9,False,False,True
hybrid_120,2021,15,4,6,1,0.3201620125189728,1.0,9,False,False,True
hybrid_120,2021,16,9,8,2,0.8315385546074241,1.0,9,True,False,False
hybrid_120,2021,17,12,12,2,0.27076592710976544,0.0,9,False,True,False
hybrid_120,2021,18,6,9,2,0.8927344708178397,1.0,9,False,False,True
hybrid_120,2021,19,10,14,1,0.7128633552877738,1.0,9,False,False,True
hybrid_120,2021,20,11,11,2,0.578706383278773,1.0,9,False,True,False
hybrid_120,2021,21,13,10,2,0.4272844531855916,0.0,9,True,False,False
hybrid_120,2021,22,11,13,1,0.6572602868095799,0.0,9,False,False,True
hybrid_120,2021,23,17,17,2,0.5077968723384269,1.0,9,False,True,False
hybrid_120,2021,24,15,15,0,0.0,0.0,9,False,True,False
hybrid_120,2021,25,18,15,2,0.411796717057488,1.0,9,True,False,False
hybrid_120,2021,26,12,12,0,0.0,0.0,9,False,True,False
hybrid_120,2021,27,7,11,2,0.9614621744532519,1.0,9,False,False,True
hybrid_120,2021,28,10,8,2,0.37774336146982823,0.0,9,True,False,False
hybrid_120,2021,29,11,13,1,0.7374329038718288,1.0,9,False,False,True
hybrid_120,2021,30,9,11,1,0.7416161479750535,1.0,9,False,False,True
hybrid_120,2021,31,8,10,1,0.22491716176749965,0.0,9,False,False,True
hybrid_120,2021,32,4,4,1,0.5753274601969847,0.0,9,False,True,False
hybrid_120,2021,33,11,10,2,0.46691597807452145,1.0,9,True,False,False
hybrid_120,2021,34,14,14,2,0.29350253066742515,0.0,9,False,True,False
hybrid_120,2022,1,16,16,0,0.0,0.0,9,False,True,False
hybrid_120,2022,2,9,9,1,0.40349374399487115,0.0,9,False,True,False
hybrid_120,2022,3,12,9,2,0.47933641525674564,0.0,9,True,False,False
hybrid_120,2022,4,15,15,0,0.0,0.0,9,False,True,False
hybrid_120,2022,5,7,5,1,0.4308586682441953,0.0,9,True,False,False
hybrid_120,2022,6,7,6,2,0.33808983374908075,0.0,9,True,False,False
hybrid_120,2022,7,6,4,2,0.6163556213931864,0.0,9,True,False,False
hybrid_120,2022,8,16,15,2,0.9727383253334606,0.0,9,True,False,False
hybrid_120,2022,9,12,4,2,0.5814219431569814,0.0,9,True,False,False
hybrid_120,2022,10,13,11,1,0.20649887821553703,0.0,9,True,False,False
hybrid_120,2022,11,9,11,1,0.592312800371359,0.0,9,False,False,True
hybrid_120,2022,12,15,23,2,0.9171125917208868,0.0,9,False,False,True
hybrid_120,2022,13,18,20,1,0.42177973139915226,0.0,9,False,False,True
hybrid_120,2022,14,14,14,0,0.0,0.0,9,False,True,False
hybrid_120,2022,15,12,12,0,0.0,0.0,9,False,True,False
hybrid_120,2022,16,12,15,1,0.11817877073740046,0.0,9,False,False,True
hybrid_120,2022,17,19,12,2,0.2502615201191988,0.0,9,True,False,False
hybrid_120,2022,18,10,8,1,0.4595994491043047,0.0,9,True,False,False
hybrid_120,2022,19,11,9,1,0.07466762311853548,0.0,9,True,False,False
hybrid_120,2022,20,14,14,0,0.0,0.0,9,False,True,False
hybrid_120,2022,21,11,10,2,0.424464606571885,0.0,9,True,False,False
hybrid_120,2022,22,15,15,1,0.09775073057415018,1.0,9,False,True,False
hybrid_120,2022,23,15,15,0,0.0,0.0,9,False,True,False
hybrid_120,2022,24,11,11,0,0.0,0.0,9,False,True,False
hybrid_120,2022,25,9,6,1,0.22569880865915815,0.0,9,True,False,False
hybrid_120,2022,26,6,6,0,0.0,0.0,9,False,True,False
hybrid_120,2022,27,16,21,2,0.4244939269801764,0.0,9,False,False,True
hybrid_120,2022,28,8,8,2,0.17468997014035148,0.0,9,False,True,False
hybrid_120,2022,29,11,8,2,0.6891363608463351,0.0,9,True,False,False
hybrid_120,2022,30,7,15,2,0.9295782044769147,1.0,9,False,False,True
hybrid_120,2022,31,6,11,2,0.8665129004196696,1.0,9,False,False,True
hybrid_120,2022,32,16,19,2,0.6099996622906012,0.0,9,False,False,True
hybrid_120,2022,33,4,8,2,0.11707493222703214,0.0,9,False,False,True
hybrid_120,2022,34,20,16,1,0.8947809317680483,1.0,9,True,False,False
hybrid_120,2023,1,16,16,0,0.0,0.0,9,False,True,False
hybrid_120,2023,2,9,14,2,0.9317470528459816,1.0,9,False,False,True
hybrid_120,2023,3,10,12,1,0.32978621910169725,0.0,9,False,False,True
hybrid_120,2023,4,12,10,1,0.013131036118397499,0.0,9,True,False,False
hybrid_120,2023,5,20,16,1,0.007598146543349893,0.0,9,True,False,False
hybrid_120,2023,6,13,10,2,0.8831226829453911,0.0,9,True,False,False
hybrid_120,2023,7,11,13,1,0.8615073926974932,0.0,9,False,False,True
hybrid_120,2023,8,13,17,1,0.8901059723063207,0.0,9,False,False,True
hybrid_120,2023,9,12,12,1,0.052682285682288055,0.0,9,False,True,False
hybrid_120,2023,10,3,5,1,0.6869071034118168,0.0,9,False,False,True
hybrid_120,2023,11,12,12,0,0.0,0.0,9,False,True,False
hybrid_120,2023,12,6,10,2,0.62970955697588,0.0,9,False,False,True
hybrid_120,2023,13,12,12,0,0.0,0.0,9,False,True,False
hybrid_120,2023,14,13,12,2,0.526784955176645,1.0,9,True,False,False
hybrid_120,2023,15,17,14,1,0.925199085586726,0.0,9,True,False,False
hybrid_120,2023,16,12,14,1,0.39738898298399394,1.0,9,False,False,True
hybrid_120,2023,17,13,9,2,0.7142412532421715,1.0,9,True,False,False
hybrid_120,2023,18,9,9,1,0.09210758977523015,0.0,9,False,True,False
hybrid_120,2023,19,12,12,0,0.0,0.0,9,False,True,False
hybrid_120,2023,20,15,12,1,0.47352931776131846,0.0,9,True,False,False
hybrid_120,2023,21,10,8,1,0.04674105374113968,0.0,9,True,False,False
hybrid_120,2023,22,10,13,2,0.7982924129881847,0.0,9,False,False,True
hybrid_120,2023,23,15,12,1,0.339737693266952,1.0,9,True,False,False
hybrid_120,2023,24,15,19,2,0.7189265536826985,0.0,9,False,False,True
hybrid_120,2023,25,19,19,0,0.0,0.0,9,False,True,False
hybrid_120,2023,26,15,17,1,0.8065517957597449,0.0,9,False,False,True
hybrid_120,2023,27,2,4,1,0.18581244554444498,0.0,9,False,False,True
hybrid_120,2023,28,14,14,2,0.8408171541891556,0.0,9,False,True,False
hybrid_120,2023,29,21,21,1,0.5101848610553124,0.0,9,False,True,False
hybrid_120,2023,30,14,14,2,0.928705081778099,1.0,9,False,True,False
hybrid_120,2023,31,7,10,1,0.34134237016030367,0.0,9,False,False,True
hybrid_120,2023,32,8,8,2,0.5445449328551653,0.0,9,False,True,False
hybrid_120,2023,33,11,13,2,0.5176688865109389,1.0,9,False,False,True
hybrid_120,2023,34,10,15,2,0.7870042117187106,1.0,9,False,False,True
hybrid_120,2024,1,13,13,1,0.28739921421937575,0.0,9,False,True,False
hybrid_120,2024,2,9,13,2,0.9665085496220642,1.0,9,False,False,True
hybrid_120,2024,3,18,18,0,0.0,0.0,9,False,True,False
hybrid_120,2024,4,8,14,2,0.6383520965426766,0.0,9,False,False,True
hybrid_120,2024,5,10,10,1,0.7744984511977492,0.0,9,False,True,False
hybrid_120,2024,6,9,12,1,0.7038420033263009,1.0,9,False,False,True
hybrid_120,2024,7,16,19,1,0.771369087565809,0.0,9,False,False,True
hybrid_120,2024,8,10,6,2,0.13258375264264677,1.0,9,True,False,False
hybrid_120,2024,9,4,10,2,0.6863753933506067,0.0,9,False,False,True
hybrid_120,2024,10,9,8,2,0.1685309723005637,1.0,9,True,False,False
hybrid_120,2024,11,21,23,1,0.6023428718875788,1.0,9,False,False,True
hybrid_120,2024,12,12,14,1,0.7404234744926621,1.0,9,False,False,True
hybrid_120,2024,13,18,18,0,0.0,0.0,9,False,True,False
hybrid_120,2024,14,10,13,2,0.4595904851977768,1.0,9,False,False,True
hybrid_120,2024,15,12,10,2,0.4321008516687014,0.0,9,True,False,False
hybrid_120,2024,16,19,20,2,0.5203098331546203,1.0,9,False,False,True
hybrid_120,2024,17,15,17,2,0.9226113754115285,1.0,9,False,False,True
hybrid_120,2024,18,11,14,2,0.33419325066909844,1.0,9,False,False,True
hybrid_120,2024,19,10,12,1,0.11174525297008797,1.0,9,False,False,True
hybrid_120,2024,20,16,16,2,0.43842605892827335,1.0,9,False,True,False
hybrid_120,2024,21,11,7,1,0.6103541907739781,0.0,9,True,False,False
hybrid_120,2024,22,10,6,2,0.38984820939538656,1.0,9,True,False,False
hybrid_120,2024,23,9,11,1,0.6104131134833148,1.0,9,False,False,True
hybrid_120,2024,24,13,15,1,0.5390824784718028,1.0,9,False,False,True
hybrid_120,2024,25,2,0,1,0.018878477500699153,0.0,9,True,False,False
hybrid_120,2024,26,10,16,2,0.7501454407247143,1.0,9,False,False,True
hybrid_120,2024,27,10,12,2,0.6498421965492273,0.0,9,False,False,True
hybrid_120,2024,28,11,15,2,0.34271352375709896,0.0,9,False,False,True
hybrid_120,2024,29,12,8,1,0.1976788788300382,0.0,9,True,False,False
hybrid_120,2024,30,11,11,0,0.0,0.0,9,False,True,False
hybrid_120,2024,31,14,11,2,0.8607064675827828,1.0,9,True,False,False
hybrid_120,2024,32,6,6,1,0.18268184589446945,0.0,9,False,True,False
hybrid_120,2024,33,11,13,1,0.1927925450272634,0.0,9,False,False,True
hybrid_120,2024,34,6,4,2,0.5534348965808271,0.0,9,True,False,False
hybrid_120,2025,1,6,6,1,0.6778971735339291,0.0,9,False,True,False
hybrid_120,2025,2,13,13,2,0.7083016334939449,1.0,9,False,True,False
hybrid_120,2025,3,9,9,2,0.8587136688851681,0.0,9,False,True,False
hybrid_120,2025,4,11,14,1,0.8357824765444928,0.0,9,False,False,True
hybrid_120,2025,5,13,13,0,0.0,0.0,9,False,True,False
hybrid_120,2025,6,16,13,2,0.8016643045075909,0.0,9,True,False,False
hybrid_120,2025,7,13,15,2,0.4543790163374781,0.0,9,False,False,True
hybrid_120,2025,8,20,20,0,0.0,0.0,9,False,True,False
hybrid_120,2025,9,14,12,2,0.993097132422894,0.0,9,True,False,False
hybrid_120,2025,10,15,17,1,0.30115412429313615,0.0,9,False,False,True
hybrid_120,2025,11,19,15,2,0.269521896775893,0.0,9,True,False,False
hybrid_120,2025,12,5,11,2,0.6940798155834402,0.0,9,False,False,True
hybrid_120,2025,13,11,11,2,0.3389979217938097,0.0,9,False,True,False
hybrid_120,2025,14,11,14,1,0.7287323016452664,0.0,9,False,False,True
hybrid_120,2025,15,4,4,2,0.45967733761781593,0.0,9,False,True,False
hybrid_120,2025,16,10,10,0,0.0,0.0,9,False,True,False
hybrid_120,2025,17,21,21,1,0.10510996576991583,0.0,9,False,True,False
hybrid_120,2025,18,11,11,1,0.20526515828497183,0.0,9,False,True,False
hybrid_120,2025,19,21,21,0,0.0,0.0,9,False,True,False
hybrid_120,2025,20,12,15,1,0.3768445068582005,1.0,9,False,False,True
hybrid_120,2025,21,17,17,1,0.558502928905849,0.0,9,False,True,False
hybrid_120,2025,22,19,19,0,0.0,0.0,9,False,True,False
hybrid_120,2025,23,6,6,1,0.33706459298489067,0.0,9,False,True,False
hybrid_120,2025,24,16,19,1,0.8899266702553549,0.0,9,False,False,True
hybrid_120,2025,25,17,13,2,0.2048296736639047,0.0,9,True,False,False
hybrid_120,2025,26,11,11,0,0.0,0.0,9,False,True,False
hybrid_120,2025,27,6,12,2,0.9057326614508195,0.0,9,False,False,True
hybrid_120,2025,28,12,8,1,0.908565630173122,0.0,9,True,False,False
hybrid_120,2025,29,13,9,1,0.08709377285407482,0.0,9,True,False,False
hybrid_120,2025,30,9,15,2,0.5980231640195459,0.0,9,False,False,True
hybrid_120,2025,31,16,16,1,0.2753256781911152,0.0,9,False,True,False
hybrid_120,2025,32,5,2,2,0.1811904335281067,0.0,9,True,False,False
hybrid_120,2025,33,15,15,0,0.0,0.0,9,False,True,False
hybrid_120,2025,34,8,6,1,0.6268584290943521,0.0,9,True,False,False
hybrid_270,2011,1,12,10,1,0.6651603477376308,0.0,9,True,False,False
hybrid_270,2011,2,11,8,2,0.3498157660996509,0.0,9,True,False,False
hybrid_270,2011,3,6,8,2,0.40219515006408313,0.0,9,False,False,True
hybrid_270,2011,4,10,13,2,0.47546399988727184,0.0,9,False,False,True
hybrid_270,2011,5,14,14,0,0.0,0.0,9,False,True,False
hybrid_270,2011,6,10,10,0,0.0,0.0,9,False,True,False
hybrid_270,2011,7,18,18,0,0.0,0.0,9,False,True,False
hybrid_270,2011,8,11,11,0,0.0,0.0,9,False,True,False
hybrid_270,2011,9,11,11,1,0.0217613598100308,0.0,9,False,True,False
hybrid_270,2011,10,10,10,1,0.11004306544679543,0.0,9,False,True,False
hybrid_270,2011,11,13,15,2,0.741235756062118,0.0,9,False,False,True
hybrid_270,2011,12,7,9,1,0.09244913946732902,0.0,9,False,False,True
hybrid_270,2011,13,12,12,0,0.0,0.0,9,False,True,False
hybrid_270,2011,14,6,10,2,0.8357037995717085,0.0,9,False,False,True
hybrid_270,2011,15,8,8,0,0.0,0.0,9,False,True,False
hybrid_270,2011,16,11,11,0,0.0,0.0,9,False,True,False
hybrid_270,2011,17,10,10,0,0.0,0.0,9,False,True,False
hybrid_270,2011,18,16,16,1,0.16357747405092538,0.0,9,False,True,False
hybrid_270,2011,19,14,14,2,0.2992922469318108,0.0,9,False,True,False
hybrid_270,2011,20,2,2,0,0.0,0.0,9,False,True,False
hybrid_270,2011,21,15,18,1,0.2871005752177752,0.0,9,False,False,True
hybrid_270,2011,22,13,16,1,0.8512303340147385,0.0,9,False,False,True
hybrid_270,2011,23,13,13,0,0.0,0.0,9,False,True,False
hybrid_270,2011,24,5,6,2,0.6958491473738483,0.0,9,False,False,True
hybrid_270,2011,25,13,13,0,0.0,0.0,9,False,True,False
hybrid_270,2011,26,12,8,1,0.23237285304097954,0.0,9,True,False,False
hybrid_270,2011,27,16,16,0,0.0,0.0,9,False,True,False
hybrid_270,2011,28,9,7,1,0.1873550233125798,0.0,9,True,False,False
hybrid_270,2011,29,11,11,0,0.0,0.0,9,False,True,False
hybrid_270,2011,30,16,13,1,0.4423280701393124,0.0,9,True,False,False
hybrid_270,2011,31,10,12,1,0.22135326182052095,1.0,9,False,False,True
hybrid_270,2011,32,6,6,1,0.8961084056226929,1.0,9,False,True,False
hybrid_270,2011,33,13,13,1,0.4607350853556056,0.0,9,False,True,False
hybrid_270,2011,34,17,16,2,0.7230224454212162,0.0,9,True,False,False
hybrid_270,2012,1,7,7,0,0.0,0.0,9,False,True,False
hybrid_270,2012,2,14,8,2,0.8581418557407248,1.0,9,True,False,False
hybrid_270,2012,3,13,15,1,0.7923163961244469,0.0,9,False,False,True
hybrid_270,2012,4,7,6,2,0.772990362684831,1.0,9,True,False,False
hybrid_270,2012,5,8,8,1,0.47344662683040784,1.0,9,False,True,False
hybrid_270,2012,6,16,13,1,0.9121931723112096,1.0,9,True,False,False
hybrid_270,2012,7,14,18,1,0.9211033296424703,0.0,9,False,False,True
hybrid_270,2012,8,7,6,2,0.6866100561725474,0.0,9,True,False,False
hybrid_270,2012,9,12,12,1,0.0692659711173933,0.0,9,False,True,False
hybrid_270,2012,10,11,15,1,0.49681677147361325,0.0,9,False,False,True
hybrid_270,2012,11,15,13,1,0.1264883126120565,0.0,9,True,False,False
hybrid_270,2012,12,8,12,1,0.20095059614484567,0.0,9,False,False,True
hybrid_270,2012,13,9,11,2,0.6269488473026494,0.0,9,False,False,True
hybrid_270,2012,14,13,11,1,0.023750156400036193,0.0,9,True,False,False
hybrid_270,2012,15,12,12,1,0.08398604098289275,0.0,9,False,True,False
hybrid_270,2012,16,16,16,2,0.9624366629382606,0.0,9,False,True,False
hybrid_270,2012,17,13,6,2,0.35477153800783956,1.0,9,True,False,False
hybrid_270,2012,18,11,13,2,0.6373113929200209,0.0,9,False,False,True
hybrid_270,2012,19,20,20,0,0.0,0.0,9,False,True,False
hybrid_270,2012,20,14,14,2,0.9355997674102818,0.0,9,False,True,False
hybrid_270,2012,21,12,12,2,0.4267761289687929,0.0,9,False,True,False
hybrid_270,2012,22,16,17,2,0.9795031573681332,0.0,9,False,False,True
hybrid_270,2012,23,11,11,0,0.0,0.0,9,False,True,False
hybrid_270,2012,24,12,9,1,0.7424946528411631,1.0,9,True,False,False
hybrid_270,2012,25,2,2,1,0.11226609005745192,1.0,9,False,True,False
hybrid_270,2012,26,9,9,2,0.9081315644924627,0.0,9,False,True,False
hybrid_270,2012,27,10,15,2,0.7771502009976695,1.0,9,False,False,True
hybrid_270,2012,28,14,14,2,0.6190741515844421,0.0,9,False,True,False
hybrid_270,2012,29,10,10,1,0.13043469517491624,0.0,9,False,True,False
hybrid_270,2012,30,16,19,1,0.7754366605464464,0.0,9,False,False,True
hybrid_270,2012,31,19,18,2,0.7378124832259775,0.0,9,True,False,False
hybrid_270,2012,32,6,9,2,0.8141887478124076,0.0,9,False,False,True
hybrid_270,2012,33,10,7,1,0.7832807599422777,0.0,9,True,False,False
hybrid_270,2012,34,17,17,0,0.0,0.0,9,False,True,False
hybrid_270,2013,1,17,15,2,0.5480773566724823,0.0,9,True,False,False
hybrid_270,2013,2,10,12,1,0.7766868523257697,0.0,9,False,False,True
hybrid_270,2013,3,19,17,2,0.9022077691186879,0.0,9,True,False,False
hybrid_270,2013,4,14,14,0,0.0,0.0,9,False,True,False
hybrid_270,2013,5,15,18,2,0.6990656394873225,0.0,9,False,False,True
hybrid_270,2013,6,13,13,0,0.0,0.0,9,False,True,False
hybrid_270,2013,7,8,10,2,0.7183721033794889,0.0,9,False,False,True
hybrid_270,2013,8,2,2,0,0.0,0.0,9,False,True,False
hybrid_270,2013,9,10,13,2,0.7144180474759471,0.0,9,False,False,True
hybrid_270,2013,10,12,14,1,0.03745804832654298,0.0,9,False,False,True
hybrid_270,2013,11,9,10,2,0.8897030675063057,0.0,9,False,False,True
hybrid_270,2013,12,12,14,1,0.24336445930522266,0.0,9,False,False,True
hybrid_270,2013,13,15,9,2,0.6415773899816289,0.0,9,True,False,False
hybrid_270,2013,14,14,14,1,0.7582744894835125,0.0,9,False,True,False
hybrid_270,2013,15,10,12,1,0.5841622771171788,0.0,9,False,False,True
hybrid_270,2013,16,9,11,1,0.9568870234573646,1.0,9,False,False,True
hybrid_270,2013,17,9,6,1,0.5244701122611086,0.0,9,True,False,False
hybrid_270,2013,18,10,10,2,0.7236316701091962,0.0,9,False,True,False
hybrid_270,2013,19,16,18,1,0.864267278311416,0.0,9,False,False,True
hybrid_270,2013,20,12,14,2,0.9659969490857261,0.0,9,False,False,True
hybrid_270,2013,21,6,10,2,0.6818805031506681,0.0,9,False,False,True
hybrid_270,2013,22,7,9,1,0.22589332052437927,0.0,9,False,False,True
hybrid_270,2013,23,11,10,2,0.1046340270158469,0.0,9,True,False,False
hybrid_270,2013,24,7,7,0,0.0,0.0,9,False,True,False
hybrid_270,2013,25,11,5,2,0.6335217203561435,0.0,9,True,False,False
hybrid_270,2013,26,16,16,0,0.0,0.0,9,False,True,False
hybrid_270,2013,27,7,11,2,0.5198593628283948,0.0,9,False,False,True
hybrid_270,2013,28,16,16,0,0.0,0.0,9,False,True,False
hybrid_270,2013,29,10,12,2,0.9583818425037598,0.0,9,False,False,True
hybrid_270,2013,30,17,17,0,0.0,0.0,9,False,True,False
hybrid_270,2013,31,11,11,0,0.0,0.0,9,False,True,False
hybrid_270,2013,32,9,9,1,0.08655734338834653,0.0,9,False,True,False
hybrid_270,2013,33,20,18,1,0.5196762150789793,0.0,9,True,False,False
hybrid_270,2013,34,21,23,1,0.7110440346430034,0.0,9,False,False,True
hybrid_270,2014,1,8,11,2,0.5991950359648152,0.0,9,False,False,True
hybrid_270,2014,2,5,5,1,0.3819370088817622,0.0,9,False,True,False
hybrid_270,2014,3,11,9,2,0.5900268473079644,0.0,9,True,False,False
hybrid_270,2014,4,4,2,1,0.20894966179891394,0.0,9,True,False,False
hybrid_270,2014,5,14,14,1,0.2261196170417078,0.0,9,False,True,False
hybrid_270,2014,6,17,16,2,0.9017259228804442,0.0,9,True,False,False
hybrid_270,2014,7,8,15,2,0.4442137919396134,1.0,9,False,False,True
hybrid_270,2014,8,15,15,1,0.12134509273653449,0.0,9,False,True,False
hybrid_270,2014,9,12,15,1,0.8892106279073865,0.0,9,False,False,True
hybrid_270,2014,10,15,13,1,0.07289169985859634,0.0,9,True,False,False
hybrid_270,2014,11,9,11,1,0.9526179668412357,0.0,9,False,False,True
hybrid_270,2014,12,7,6,2,0.9874116802485362,0.0,9,True,False,False
hybrid_270,2014,13,14,16,1,0.4059144336855758,0.0,9,False,False,True
hybrid_270,2014,14,17,18,2,0.9435846707219752,0.0,9,False,False,True
hybrid_270,2014,15,2,5,1,0.6988046838005423,0.0,9,False,False,True
hybrid_270,2014,16,14,13,2,0.6494307243959387,0.0,9,True,False,False
hybrid_270,2014,17,9,9,1,0.7152545196498707,0.0,9,False,True,False
hybrid_270,2014,18,12,12,0,0.0,0.0,9,False,True,False
hybrid_270,2014,19,8,8,0,0.0,0.0,9,False,True,False
hybrid_270,2014,20,12,11,2,0.3404499034259959,0.0,9,True,False,False
hybrid_270,2014,21,12,18,2,0.40319667290529104,0.0,9,False,False,True
hybrid_270,2014,22,9,9,2,0.6782611331962617,0.0,9,False,True,False
hybrid_270,2014,23,16,18,1,0.583159279212573,0.0,9,False,False,True
hybrid_270,2014,24,9,9,1,0.059614262530058304,0.0,9,False,True,False
hybrid_270,2014,25,12,15,1,0.03390663774027414,0.0,9,False,False,True
hybrid_270,2014,26,3,8,2,0.40860951585726824,0.0,9,False,False,True
hybrid_270,2014,27,11,9,2,0.2546210460931778,0.0,9,True,False,False
hybrid_270,2014,28,17,15,2,0.7886482371975528,0.0,9,True,False,False
hybrid_270,2014,29,20,20,0,0.0,0.0,9,False,True,False
hybrid_270,2014,30,9,12,2,0.10937192036583743,0.0,9,False,False,True
hybrid_270,2014,31,9,11,1,0.4028226825157256,0.0,9,False,False,True
hybrid_270,2014,32,10,10,2,0.7251443609117536,0.0,9,False,True,False
hybrid_270,2014,33,16,16,1,0.6035071019009977,0.0,9,False,True,False
hybrid_270,2014,34,14,20,2,0.9530668178234026,0.0,9,False,False,True
hybrid_270,2015,1,14,14,0,0.0,0.0,9,False,True,False
hybrid_270,2015,2,7,7,1,0.723202307853694,0.0,9,False,True,False
hybrid_270,2015,3,14,12,2,0.825272217931689,0.0,9,True,False,False
hybrid_270,2015,4,12,12,0,0.0,0.0,9,False,True,False
hybrid_270,2015,5,17,14,2,0.17004715197533116,0.0,9,True,False,False
hybrid_270,2015,6,14,13,2,0.23105260044175857,0.0,9,True,False,False
hybrid_270,2015,7,13,8,2,0.9503860901783482,1.0,9,True,False,False
hybrid_270,2015,8,4,9,2,0.45098124930337846,1.0,9,False,False,True
hybrid_270,2015,9,11,13,2,0.9947029160394817,1.0,9,False,False,True
hybrid_270,2015,10,9,12,1,0.8600233361995396,0.0,9,False,False,True
hybrid_270,2015,11,13,6,2,0.6621000253860464,1.0,9,True,False,False
hybrid_270,2015,12,9,5,2,0.909115727852145,1.0,9,True,False,False
hybrid_270,2015,13,13,15,2,0.9062650131712747,1.0,9,False,False,True
hybrid_270,2015,14,10,12,1,0.045521570810452605,1.0,9,False,False,True
hybrid_270,2015,15,5,6,2,0.9992516076715281,1.0,9,False,False,True
hybrid_270,2015,16,11,13,1,0.5973337731804171,0.0,9,False,False,True
hybrid_270,2015,17,18,18,2,0.8886176594585342,1.0,9,False,True,False
hybrid_270,2015,18,6,8,1,0.9756910259835858,0.0,9,False,False,True
hybrid_270,2015,19,12,15,2,0.1619531860719704,0.0,9,False,False,True
hybrid_270,2015,20,4,9,2,0.25063606441761377,1.0,9,False,False,True
hybrid_270,2015,21,14,13,2,0.6648870071084424,0.0,9,True,False,False
hybrid_270,2015,22,14,19,2,0.750939318386458,1.0,9,False,False,True
hybrid_270,2015,23,8,5,2,0.596192074665521,1.0,9,True,False,False
hybrid_270,2015,24,18,15,1,0.04741344852394924,1.0,9,True,False,False
hybrid_270,2015,25,6,8,1,0.8887663502934583,0.0,9,False,False,True
hybrid_270,2015,26,12,14,1,0.49607085737272216,0.0,9,False,False,True
hybrid_270,2015,27,18,16,2,0.5425262896358044,0.0,9,True,False,False
hybrid_270,2015,28,14,14,1,0.34289918071011827,0.0,9,False,True,False
hybrid_270,2015,29,5,5,0,0.0,0.0,9,False,True,False
hybrid_270,2015,30,15,18,1,0.20376272054208233,0.0,9,False,False,True
hybrid_270,2015,31,15,17,1,0.7081950555697202,0.0,9,False,False,True
hybrid_270,2015,32,12,12,0,0.0,0.0,9,False,True,False
hybrid_270,2015,33,9,7,2,0.6795125717768937,0.0,9,True,False,False
hybrid_270,2015,34,12,14,1,0.3585007681032619,0.0,9,False,False,True
hybrid_270,2016,1,12,16,1,0.5013782094280471,0.0,9,False,False,True
hybrid_270,2016,2,8,4,1,0.2546513415639743,0.0,9,True,False,False
hybrid_270,2016,3,9,11,1,0.8310080956774231,0.0,9,False,False,True
hybrid_270,2016,4,11,11,1,0.4903873274933962,0.0,9,False,True,False
hybrid_270,2016,5,14,14,1,0.36337897364063765,0.0,9,False,True,False
hybrid_270,2016,6,11,10,2,0.9379079599293821,0.0,9,True,False,False
hybrid_270,2016,7,14,10,2,0.5341573651135259,0.0,9,True,False,False
hybrid_270,2016,8,17,15,1,0.8205818134661769,0.0,9,True,False,False
hybrid_270,2016,9,16,16,0,0.0,0.0,9,False,True,False
hybrid_270,2016,10,12,10,2,0.569635635160004,0.0,9,True,False,False
hybrid_270,2016,11,12,13,2,0.6014593914893719,0.0,9,False,False,True
hybrid_270,2016,12,9,9,0,0.0,0.0,9,False,True,False
hybrid_270,2016,13,19,16,2,0.5475582098403002,0.0,9,True,False,False
hybrid_270,2016,14,9,13,1,0.34239793236197824,0.0,9,False,False,True
hybrid_270,2016,15,6,6,0,0.0,0.0,9,False,True,False
hybrid_270,2016,16,4,6,1,0.5494972595664622,0.0,9,False,False,True
hybrid_270,2016,17,19,19,0,0.0,0.0,9,False,True,False
hybrid_270,2016,18,11,11,0,0.0,0.0,9,False,True,False
hybrid_270,2016,19,20,20,0,0.0,0.0,9,False,True,False
hybrid_270,2016,20,15,15,1,0.07736135224237595,0.0,9,False,True,False
hybrid_270,2016,21,6,6,1,0.5596291762963856,0.0,9,False,True,False
hybrid_270,2016,22,10,8,1,0.10626419857287828,0.0,9,True,False,False
hybrid_270,2016,23,10,14,1,0.19671926272187878,0.0,9,False,False,True
hybrid_270,2016,24,4,4,2,0.27130136885619793,0.0,9,False,True,False
hybrid_270,2016,25,15,15,0,0.0,0.0,9,False,True,False
hybrid_270,2016,26,7,10,2,0.49577808706238424,0.0,9,False,False,True
hybrid_270,2016,27,17,15,2,0.2954019161510346,0.0,9,True,False,False
hybrid_270,2016,28,15,15,1,0.5627088522583426,0.0,9,False,True,False
hybrid_270,2016,29,17,17,0,0.0,0.0,9,False,True,False
hybrid_270,2016,30,11,9,2,0.5652667853844824,0.0,9,True,False,False
hybrid_270,2016,31,14,10,1,0.40852793926876574,0.0,9,True,False,False
hybrid_270,2016,32,11,11,2,0.44187590476805005,0.0,9,False,True,False
hybrid_270,2016,33,7,9,2,0.6567083285765364,0.0,9,False,False,True
hybrid_270,2016,34,12,10,1,0.5999814165332891,0.0,9,True,False,False
hybrid_270,2017,1,14,18,1,0.4884944203063788,0.0,9,False,False,True
hybrid_270,2017,2,13,13,1,0.440452358660397,0.0,9,False,True,False
hybrid_270,2017,3,6,6,1,0.5821658263386311,0.0,9,False,True,False
hybrid_270,2017,4,18,15,1,0.8279874468833837,0.0,9,True,False,False
hybrid_270,2017,5,12,13,2,0.5054331228921113,0.0,9,False,False,True
hybrid_270,2017,6,12,12,0,0.0,0.0,9,False,True,False
hybrid_270,2017,7,16,16,0,0.0,0.0,9,False,True,False
hybrid_270,2017,8,5,10,2,0.7843202710374402,0.0,9,False,False,True
hybrid_270,2017,9,10,10,1,0.12192440086688106,0.0,9,False,True,False
hybrid_270,2017,10,13,13,1,0.16763292905493166,0.0,9,False,True,False
hybrid_270,2017,11,16,16,1,0.4377652829660543,0.0,9,False,True,False
hybrid_270,2017,12,14,14,0,0.0,0.0,9,False,True,False
hybrid_270,2017,13,8,8,0,0.0,0.0,9,False,True,False
hybrid_270,2017,14,9,10,2,0.41184087449425566,0.0,9,False,False,True
hybrid_270,2017,15,6,6,0,0.0,0.0,9,False,True,False
hybrid_270,2017,16,15,15,0,0.0,0.0,9,False,True,False
hybrid_270,2017,17,12,8,1,0.5149908171783689,0.0,9,True,False,False
hybrid_270,2017,18,11,15,1,0.5183535476101371,0.0,9,False,False,True
hybrid_270,2017,19,7,6,2,0.24584141391661618,0.0,9,True,False,False
hybrid_270,2017,20,8,8,1,0.09484691797726985,0.0,9,False,True,False
hybrid_270,2017,21,13,13,1,0.3316313277321393,0.0,9,False,True,False
hybrid_270,2017,22,18,21,1,0.14425048285326514,0.0,9,False,False,True
hybrid_270,2017,23,19,19,0,0.0,0.0,9,False,True,False
hybrid_270,2017,24,8,8,0,0.0,0.0,9,False,True,False
hybrid_270,2017,25,16,16,2,0.5649766323643974,0.0,9,False,True,False
hybrid_270,2017,26,17,17,0,0.0,0.0,9,False,True,False
hybrid_270,2017,27,11,8,1,0.18790942321268955,0.0,9,True,False,False
hybrid_270,2017,28,13,13,0,0.0,0.0,9,False,True,False
hybrid_270,2017,29,4,7,1,0.8417904479137822,0.0,9,False,False,True
hybrid_270,2017,30,15,15,1,0.10326788213837645,0.0,9,False,True,False
hybrid_270,2017,31,14,14,1,0.44449303955286934,1.0,9,False,True,False
hybrid_270,2017,32,6,9,1,0.4990145620522082,0.0,9,False,False,True
hybrid_270,2017,33,12,12,1,0.6825830757750808,0.0,9,False,True,False
hybrid_270,2017,34,16,18,1,0.7846349913411709,0.0,9,False,False,True
hybrid_270,2018,1,8,8,0,0.0,0.0,9,False,True,False
hybrid_270,2018,2,5,5,1,0.3010455365033312,0.0,9,False,True,False
hybrid_270,2018,3,18,15,1,0.07430682053065585,0.0,9,True,False,False
hybrid_270,2018,4,9,9,1,0.08101566361128265,0.0,9,False,True,False
hybrid_270,2018,5,10,17,2,0.6918068597064363,0.0,9,False,False,True
hybrid_270,2018,6,10,12,1,0.2931601914905819,1.0,9,False,False,True
hybrid_270,2018,7,8,10,1,0.31945896327933754,1.0,9,False,False,True
hybrid_270,2018,8,11,11,0,0.0,0.0,9,False,True,False
hybrid_270,2018,9,6,6,0,0.0,0.0,9,False,True,False
hybrid_270,2018,10,7,11,2,0.5076110655471583,1.0,9,False,False,True
hybrid_270,2018,11,12,8,1,0.1910090408020617,0.0,9,True,False,False
hybrid_270,2018,12,10,12,1,0.8505762757318871,1.0,9,False,False,True
hybrid_270,2018,13,12,16,1,0.06165254109457985,1.0,9,False,False,True
hybrid_270,2018,14,16,16,0,0.0,0.0,9,False,True,False
hybrid_270,2018,15,12,12,2,0.07549901460632313,1.0,9,False,True,False
hybrid_270,2018,16,11,8,1,0.2560657471224116,1.0,9,True,False,False
hybrid_270,2018,17,14,13,2,0.1849979157606586,1.0,9,True,False,False
hybrid_270,2018,18,15,12,2,0.6437719330447164,1.0,9,True,False,False
hybrid_270,2018,19,18,18,0,0.0,0.0,9,False,True,False
hybrid_270,2018,20,4,4,0,0.0,0.0,9,False,True,False
hybrid_270,2018,21,14,14,0,0.0,0.0,9,False,True,False
hybrid_270,2018,22,10,10,0,0.0,0.0,9,False,True,False
hybrid_270,2018,23,12,12,0,0.0,0.0,9,False,True,False
hybrid_270,2018,24,12,14,1,0.6623665953715009,1.0,9,False,False,True
hybrid_270,2018,25,17,17,0,0.0,0.0,9,False,True,False
hybrid_270,2018,26,15,15,0,0.0,0.0,9,False,True,False
hybrid_270,2018,27,14,14,0,0.0,0.0,9,False,True,False
hybrid_270,2018,28,11,11,2,0.6281243800161621,0.0,9,False,True,False
hybrid_270,2018,29,18,18,0,0.0,0.0,9,False,True,False
hybrid_270,2018,30,18,18,0,0.0,0.0,9,False,True,False
hybrid_270,2018,31,2,4,1,0.9310577413175039,0.0,9,False,False,True
hybrid_270,2018,32,6,8,1,0.9486190084021231,0.0,9,False,False,True
hybrid_270,2018,33,2,4,1,0.5127128431458844,1.0,9,False,False,True
hybrid_270,2018,34,12,14,1,0.6614319874286616,1.0,9,False,False,True
hybrid_270,2019,1,13,15,1,0.4073844056228668,0.0,9,False,False,True
hybrid_270,2019,2,17,15,1,0.3505890511819618,0.0,9,True,False,False
hybrid_270,2019,3,13,13,0,0.0,0.0,9,False,True,False
hybrid_270,2019,4,12,12,0,0.0,0.0,9,False,True,False
hybrid_270,2019,5,16,18,1,0.6624766606800855,1.0,9,False,False,True
hybrid_270,2019,6,7,11,1,0.2152594489160805,1.0,9,False,False,True
hybrid_270,2019,7,8,8,1,0.21266894935209502,0.0,9,False,True,False
hybrid_270,2019,8,12,7,2,0.1279277907289964,0.0,9,True,False,False
hybrid_270,2019,9,9,8,2,0.6880310921672683,0.0,9,True,False,False
hybrid_270,2019,10,11,9,1,0.15959160722029386,0.0,9,True,False,False
hybrid_270,2019,11,15,8,2,0.168134561549389,0.0,9,True,False,False
hybrid_270,2019,12,4,4,1,0.33985340593411517,1.0,9,False,True,False
hybrid_270,2019,13,11,11,1,0.6884308148912367,0.0,9,False,True,False
hybrid_270,2019,14,14,14,1,0.865003346049969,1.0,9,False,True,False
hybrid_270,2019,15,13,16,1,0.5325932868604883,0.0,9,False,False,True
hybrid_270,2019,16,8,8,0,0.0,0.0,9,False,True,False
hybrid_270,2019,17,10,13,2,0.5122128999524904,0.0,9,False,False,True
hybrid_270,2019,18,12,12,0,0.0,0.0,9,False,True,False
hybrid_270,2019,19,12,10,1,0.1521897408039392,0.0,9,True,False,False
hybrid_270,2019,20,15,13,2,0.9462907017137473,0.0,9,True,False,False
hybrid_270,2019,21,6,9,1,0.10162346098576214,0.0,9,False,False,True
hybrid_270,2019,22,15,15,0,0.0,0.0,9,False,True,False
hybrid_270,2019,23,10,10,0,0.0,0.0,9,False,True,False
hybrid_270,2019,24,16,16,0,0.0,0.0,9,False,True,False
hybrid_270,2019,25,14,14,1,0.2990194297308336,0.0,9,False,True,False
hybrid_270,2019,26,14,14,0,0.0,0.0,9,False,True,False
hybrid_270,2019,27,8,8,0,0.0,0.0,9,False,True,False
hybrid_270,2019,28,5,5,0,0.0,0.0,9,False,True,False
hybrid_270,2019,29,16,16,0,0.0,0.0,9,False,True,False
hybrid_270,2019,30,7,7,0,0.0,0.0,9,False,True,False
hybrid_270,2019,31,8,8,0,0.0,0.0,9,False,True,False
hybrid_270,2019,32,15,15,0,0.0,0.0,9,False,True,False
hybrid_270,2019,33,11,11,1,0.682657714116833,0.0,9,False,True,False
hybrid_270,2019,34,22,20,1,0.6858999562702929,0.0,9,True,False,False
hybrid_270,2020,1,12,9,1,0.10080948218923902,0.0,9,True,False,False
hybrid_270,2020,2,5,0,2,0.24418910728266852,0.0,9,True,False,False
hybrid_270,2020,3,10,18,2,0.654171210962287,0.0,9,False,False,True
hybrid_270,2020,4,10,14,1,0.011600400992240578,0.0,9,False,False,True
hybrid_270,2020,5,11,14,1,0.7166338653169853,1.0,9,False,False,True
hybrid_270,2020,6,8,8,0,0.0,0.0,9,False,True,False
hybrid_270,2020,7,12,16,2,0.7741505881988218,1.0,9,False,False,True
hybrid_270,2020,8,10,6,1,0.011010624921877987,0.0,9,True,False,False
hybrid_270,2020,9,9,9,0,0.0,0.0,9,False,True,False
hybrid_270,2020,10,10,10,1,0.11157959763175695,1.0,9,False,True,False
hybrid_270,2020,11,10,12,1,0.5755793228181441,1.0,9,False,False,True
hybrid_270,2020,12,17,13,1,0.03035783532628633,0.0,9,True,False,False
hybrid_270,2020,13,9,11,2,0.7994839685988034,1.0,9,False,False,True
hybrid_270,2020,14,16,16,0,0.0,0.0,9,False,True,False
hybrid_270,2020,15,6,6,0,0.0,0.0,9,False,True,False
hybrid_270,2020,16,6,6,0,0.0,0.0,9,False,True,False
hybrid_270,2020,17,10,10,2,0.7875754973837328,1.0,9,False,True,False
hybrid_270,2020,18,6,6,0,0.0,0.0,9,False,True,False
hybrid_270,2020,19,16,16,0,0.0,0.0,9,False,True,False
hybrid_270,2020,20,12,12,0,0.0,0.0,9,False,True,False
hybrid_270,2020,21,4,4,0,0.0,0.0,9,False,True,False
hybrid_270,2020,22,11,11,0,0.0,0.0,9,False,True,False
hybrid_270,2020,23,11,11,0,0.0,0.0,9,False,True,False
hybrid_270,2020,24,8,12,1,0.6428770020202623,0.0,9,False,False,True
hybrid_270,2020,25,12,15,1,0.05327020933075888,0.0,9,False,False,True
hybrid_270,2020,26,16,16,0,0.0,0.0,9,False,True,False
hybrid_270,2020,27,19,19,2,0.5800929239551564,1.0,9,False,True,False
hybrid_270,2020,28,11,11,0,0.0,0.0,9,False,True,False
hybrid_270,2020,29,13,13,0,0.0,0.0,9,False,True,False
hybrid_270,2020,30,10,17,2,0.9739471652081325,1.0,9,False,False,True
hybrid_270,2020,31,15,18,2,0.30927306873251725,0.0,9,False,False,True
hybrid_270,2020,32,16,14,1,0.5530213686542493,0.0,9,True,False,False
hybrid_270,2020,33,2,5,2,0.08374647878784103,0.0,9,False,False,True
hybrid_270,2020,34,16,18,1,0.008534401826396643,0.0,9,False,False,True
hybrid_270,2021,1,11,11,0,0.0,0.0,9,False,True,False
hybrid_270,2021,2,13,12,2,0.3327141265460867,1.0,9,True,False,False
hybrid_270,2021,3,13,17,1,0.7795526698098921,0.0,9,False,False,True
hybrid_270,2021,4,10,13,1,0.34874012225776996,0.0,9,False,False,True
hybrid_270,2021,5,11,8,2,0.852591065915456,1.0,9,True,False,False
hybrid_270,2021,6,9,13,1,0.6616022893389129,1.0,9,False,False,True
hybrid_270,2021,7,16,13,1,0.5621379882184885,0.0,9,True,False,False
hybrid_270,2021,8,10,7,1,0.1602754780355995,1.0,9,True,False,False
hybrid_270,2021,9,8,10,1,0.6989660092740626,1.0,9,False,False,True
hybrid_270,2021,10,12,15,1,0.33888563149153506,1.0,9,False,False,True
hybrid_270,2021,11,12,12,1,0.517856636802355,0.0,9,False,True,False
hybrid_270,2021,12,13,10,1,0.409165903861742,1.0,9,True,False,False
hybrid_270,2021,13,14,10,2,0.34569148901044766,1.0,9,True,False,False
hybrid_270,2021,14,12,10,2,0.49485355089339467,1.0,9,True,False,False
hybrid_270,2021,15,4,6,1,0.3201620125189728,1.0,9,False,False,True
hybrid_270,2021,16,9,8,2,0.8315385546074241,1.0,9,True,False,False
hybrid_270,2021,17,9,12,1,0.5919290141898376,0.0,9,False,False,True
hybrid_270,2021,18,4,9,2,0.682509467612989,0.0,9,False,False,True
hybrid_270,2021,19,10,14,1,0.7128633552877738,1.0,9,False,False,True
hybrid_270,2021,20,14,11,1,0.26778577202322273,1.0,9,True,False,False
hybrid_270,2021,21,7,10,2,0.2208589391209269,0.0,9,False,False,True
hybrid_270,2021,22,11,13,1,0.9025491251668164,1.0,9,False,False,True
hybrid_270,2021,23,14,17,2,0.42335218403031094,1.0,9,False,False,True
hybrid_270,2021,24,15,15,0,0.0,0.0,9,False,True,False
hybrid_270,2021,25,18,15,2,0.411796717057488,1.0,9,True,False,False
hybrid_270,2021,26,12,12,0,0.0,0.0,9,False,True,False
hybrid_270,2021,27,9,11,1,0.7836568817283946,1.0,9,False,False,True
hybrid_270,2021,28,8,8,1,0.9229196093839827,1.0,9,False,True,False
hybrid_270,2021,29,11,13,1,0.7374329038718288,1.0,9,False,False,True
hybrid_270,2021,30,9,11,1,0.7416161479750535,1.0,9,False,False,True
hybrid_270,2021,31,8,10,1,0.9549879081944498,1.0,9,False,False,True
hybrid_270,2021,32,4,4,1,0.5753274601969847,0.0,9,False,True,False
hybrid_270,2021,33,11,10,2,0.46691597807452145,1.0,9,True,False,False
hybrid_270,2021,34,18,14,2,0.9787211020562558,0.0,9,True,False,False
hybrid_270,2022,1,14,16,1,0.8798097272854681,0.0,9,False,False,True
hybrid_270,2022,2,9,9,1,0.40349374399487115,0.0,9,False,True,False
hybrid_270,2022,3,9,9,0,0.0,0.0,9,False,True,False
hybrid_270,2022,4,15,15,0,0.0,0.0,9,False,True,False
hybrid_270,2022,5,5,5,0,0.0,0.0,9,False,True,False
hybrid_270,2022,6,9,6,1,0.19753931168739125,0.0,9,True,False,False
hybrid_270,2022,7,6,4,2,0.6163556213931864,0.0,9,True,False,False
hybrid_270,2022,8,16,15,2,0.9727383253334606,0.0,9,True,False,False
hybrid_270,2022,9,8,4,1,0.14669298419663968,0.0,9,True,False,False
hybrid_270,2022,10,13,11,1,0.20649887821553703,0.0,9,True,False,False
hybrid_270,2022,11,11,11,0,0.0,0.0,9,False,True,False
hybrid_270,2022,12,19,23,1,0.7868588415635631,0.0,9,False,False,True
hybrid_270,2022,13,16,20,1,0.8510537415891104,0.0,9,False,False,True
hybrid_270,2022,14,14,14,0,0.0,0.0,9,False,True,False
hybrid_270,2022,15,12,12,0,0.0,0.0,9,False,True,False
hybrid_270,2022,16,15,15,1,0.6536354306576179,0.0,9,False,True,False
hybrid_270,2022,17,16,12,1,0.01797157626009316,0.0,9,True,False,False
hybrid_270,2022,18,10,8,1,0.4595994491043047,0.0,9,True,False,False
hybrid_270,2022,19,9,9,0,0.0,0.0,9,False,True,False
hybrid_270,2022,20,14,14,0,0.0,0.0,9,False,True,False
hybrid_270,2022,21,11,10,2,0.23699071280109552,0.0,9,True,False,False
hybrid_270,2022,22,15,15,0,0.0,0.0,9,False,True,False
hybrid_270,2022,23,15,15,0,0.0,0.0,9,False,True,False
hybrid_270,2022,24,11,11,0,0.0,0.0,9,False,True,False
hybrid_270,2022,25,9,6,1,0.22569880865915815,0.0,9,True,False,False
hybrid_270,2022,26,6,6,0,0.0,0.0,9,False,True,False
hybrid_270,2022,27,16,21,2,0.4244939269801764,0.0,9,False,False,True
hybrid_270,2022,28,6,8,1,0.3116041703401967,0.0,9,False,False,True
hybrid_270,2022,29,8,8,1,0.4583246107183335,0.0,9,False,True,False
hybrid_270,2022,30,11,15,1,0.3495828079110276,0.0,9,False,False,True
hybrid_270,2022,31,8,11,1,0.6791607487924753,0.0,9,False,False,True
hybrid_270,2022,32,16,19,2,0.6099996622906012,0.0,9,False,False,True
hybrid_270,2022,33,6,8,1,0.008036987445103172,0.0,9,False,False,True
hybrid_270,2022,34,20,16,1,0.8947809317680483,1.0,9,True,False,False
hybrid_270,2023,1,16,16,0,0.0,0.0,9,False,True,False
hybrid_270,2023,2,9,14,2,0.9317470528459816,1.0,9,False,False,True
hybrid_270,2023,3,10,12,1,0.40152462369061004,0.0,9,False,False,True
hybrid_270,2023,4,10,10,0,0.0,0.0,9,False,True,False
hybrid_270,2023,5,16,16,0,0.0,0.0,9,False,True,False
hybrid_270,2023,6,12,10,2,0.869010587564031,0.0,9,True,False,False
hybrid_270,2023,7,13,13,0,0.0,0.0,9,False,True,False
hybrid_270,2023,8,13,17,1,0.8901059723063207,0.0,9,False,False,True
hybrid_270,2023,9,12,12,0,0.0,0.0,9,False,True,False
hybrid_270,2023,10,3,5,1,0.6869071034118168,0.0,9,False,False,True
hybrid_270,2023,11,8,12,1,0.05574591963666631,0.0,9,False,False,True
hybrid_270,2023,12,6,10,1,0.09034070012354456,0.0,9,False,False,True
hybrid_270,2023,13,10,12,1,0.023772761996846414,0.0,9,False,False,True
hybrid_270,2023,14,9,12,1,0.040243450119896496,0.0,9,False,False,True
hybrid_270,2023,15,14,14,0,0.0,0.0,9,False,True,False
hybrid_270,2023,16,14,14,0,0.0,0.0,9,False,True,False
hybrid_270,2023,17,11,9,1,0.6638386943977147,0.0,9,True,False,False
hybrid_270,2023,18,9,9,1,0.09210758977523015,0.0,9,False,True,False
hybrid_270,2023,19,12,12,1,0.8729593843109862,0.0,9,False,True,False
hybrid_270,2023,20,10,12,1,0.4027865224650513,0.0,9,False,False,True
hybrid_270,2023,21,8,8,0,0.0,0.0,9,False,True,False
hybrid_270,2023,22,13,13,0,0.0,0.0,9,False,True,False
hybrid_270,2023,23,12,12,0,0.0,0.0,9,False,True,False
hybrid_270,2023,24,15,19,2,0.7189265536826985,0.0,9,False,False,True
hybrid_270,2023,25,23,19,1,0.3203042723007439,0.0,9,True,False,False
hybrid_270,2023,26,15,17,1,0.6980666926156993,0.0,9,False,False,True
hybrid_270,2023,27,2,4,1,0.18581244554444498,0.0,9,False,False,True
hybrid_270,2023,28,10,14,1,0.8542179987523584,1.0,9,False,False,True
hybrid_270,2023,29,21,21,1,0.5101848610553124,0.0,9,False,True,False
hybrid_270,2023,30,14,14,1,0.043779304385861306,0.0,9,False,True,False
hybrid_270,2023,31,7,10,1,0.34134237016030367,0.0,9,False,False,True
hybrid_270,2023,32,6,8,2,0.7759653650323124,0.0,9,False,False,True
hybrid_270,2023,33,11,13,2,0.5176688865109389,1.0,9,False,False,True
hybrid_270,2023,34,10,15,2,0.9227806870282906,0.0,9,False,False,True
hybrid_270,2024,1,13,13,0,0.0,0.0,9,False,True,False
hybrid_270,2024,2,11,13,1,0.7200434991092283,0.0,9,False,False,True
hybrid_270,2024,3,18,18,0,0.0,0.0,9,False,True,False
hybrid_270,2024,4,12,14,1,0.11606602086281848,0.0,9,False,False,True
hybrid_270,2024,5,12,10,1,0.7559502425274711,0.0,9,True,False,False
hybrid_270,2024,6,12,12,0,0.0,0.0,9,False,True,False
hybrid_270,2024,7,16,19,1,0.771369087565809,0.0,9,False,False,True
hybrid_270,2024,8,6,6,1,0.0857373698716144,0.0,9,False,True,False
hybrid_270,2024,9,6,10,1,0.32296828414550705,0.0,9,False,False,True
hybrid_270,2024,10,6,8,2,0.5623999893867759,0.0,9,False,False,True
hybrid_270,2024,11,21,23,1,0.6023428718875788,1.0,9,False,False,True
hybrid_270,2024,12,12,14,1,0.7404234744926621,1.0,9,False,False,True
hybrid_270,2024,13,18,18,1,0.08779340059392071,0.0,9,False,True,False
hybrid_270,2024,14,13,13,1,0.09552587285988001,1.0,9,False,True,False
hybrid_270,2024,15,8,10,1,0.2632801283360532,0.0,9,False,False,True
hybrid_270,2024,16,18,20,2,0.6984913139264619,1.0,9,False,False,True
hybrid_270,2024,17,9,17,2,0.6403370065606689,1.0,9,False,False,True
hybrid_270,2024,18,11,14,2,0.33419325066909844,1.0,9,False,False,True
hybrid_270,2024,19,10,12,1,0.11174525297008797,1.0,9,False,False,True
hybrid_270,2024,20,16,16,2,0.43842605892827335,1.0,9,False,True,False
hybrid_270,2024,21,5,7,1,0.9088090242818004,1.0,9,False,False,True
hybrid_270,2024,22,6,6,2,0.36465730900177606,1.0,9,False,True,False
hybrid_270,2024,23,9,11,1,0.6104131134833148,1.0,9,False,False,True
hybrid_270,2024,24,16,15,2,0.716267732124778,1.0,9,True,False,False
hybrid_270,2024,25,0,0,1,0.09532783289327762,0.0,9,False,True,False
hybrid_270,2024,26,10,16,2,0.7501454407247143,1.0,9,False,False,True
hybrid_270,2024,27,10,12,1,0.4548607924993243,0.0,9,False,False,True
hybrid_270,2024,28,11,15,2,0.34271352375709896,0.0,9,False,False,True
hybrid_270,2024,29,12,8,1,0.1976788788300382,0.0,9,True,False,False
hybrid_270,2024,30,11,11,1,0.08247136233605579,0.0,9,False,True,False
hybrid_270,2024,31,14,11,2,0.8607064675827828,1.0,9,True,False,False
hybrid_270,2024,32,2,6,1,0.13770507634371665,1.0,9,False,False,True
hybrid_270,2024,33,11,13,2,0.42910757727430093,0.0,9,False,False,True
hybrid_270,2024,34,4,4,2,0.7472298290110997,1.0,9,False,True,False
hybrid_270,2025,1,6,6,1,0.6778971735339291,0.0,9,False,True,False
hybrid_270,2025,2,13,13,2,0.7083016334939449,1.0,9,False,True,False
hybrid_270,2025,3,8,9,2,0.8385906483981861,1.0,9,False,False,True
hybrid_270,2025,4,11,14,1,0.8357824765444928,0.0,9,False,False,True
hybrid_270,2025,5,16,13,1,0.0336178642062297,0.0,9,True,False,False
hybrid_270,2025,6,13,13,1,0.25311424667811977,0.0,9,False,True,False
hybrid_270,2025,7,13,15,2,0.4543790163374781,0.0,9,False,False,True
hybrid_270,2025,8,20,20,0,0.0,0.0,9,False,True,False
hybrid_270,2025,9,12,12,2,0.8688731574389608,1.0,9,False,True,False
hybrid_270,2025,10,15,17,1,0.30115412429313615,0.0,9,False,False,True
hybrid_270,2025,11,15,15,1,0.1723953156737037,1.0,9,False,True,False
hybrid_270,2025,12,5,11,2,0.6940798155834402,0.0,9,False,False,True
hybrid_270,2025,13,8,11,1,0.3153634041747311,0.0,9,False,False,True
hybrid_270,2025,14,11,14,1,0.7287323016452664,0.0,9,False,False,True
hybrid_270,2025,15,6,4,2,0.4789361356503974,0.0,9,True,False,False
hybrid_270,2025,16,10,10,0,0.0,0.0,9,False,True,False
hybrid_270,2025,17,19,21,1,0.6927460481391968,0.0,9,False,False,True
hybrid_270,2025,18,8,11,2,0.4012027885591518,0.0,9,False,False,True
hybrid_270,2025,19,19,21,1,0.20741888447527168,0.0,9,False,False,True
hybrid_270,2025,20,9,15,2,0.9247551303837094,1.0,9,False,False,True
hybrid_270,2025,21,17,17,1,0.558502928905849,0.0,9,False,True,False
hybrid_270,2025,22,19,19,0,0.0,0.0,9,False,True,False
hybrid_270,2025,23,6,6,1,0.33706459298489067,0.0,9,False,True,False
hybrid_270,2025,24,16,19,1,0.8899266702553549,0.0,9,False,False,True
hybrid_270,2025,25,13,13,1,0.02954109333068955,0.0,9,False,True,False
hybrid_270,2025,26,11,11,0,0.0,0.0,9,False,True,False
hybrid_270,2025,27,8,12,1,0.4220543609479469,0.0,9,False,False,True
hybrid_270,2025,28,12,8,1,0.908565630173122,0.0,9,True,False,False
hybrid_270,2025,29,13,9,1,0.08709377285407482,0.0,9,True,False,False
hybrid_270,2025,30,11,15,1,0.05167844155081891,0.0,9,False,False,True
hybrid_270,2025,31,16,16,1,0.07566986849449875,0.0,9,False,True,False
hybrid_270,2025,32,5,2,2,0.17860989487950474,0.0,9,True,False,False
hybrid_270,2025,33,13,15,1,0.31032339957581323,0.0,9,False,False,True
hybrid_270,2025,34,6,6,2,0.9166941148371354,1.0,9,False,True,False
hybrid_420,2011,1,14,10,2,0.7169762842455226,0.0,9,True,False,False
hybrid_420,2011,2,11,8,2,0.9598972556103309,0.0,9,True,False,False
hybrid_420,2011,3,8,8,2,0.701900953050062,0.0,9,False,True,False
hybrid_420,2011,4,13,13,1,0.3337085190022129,0.0,9,False,True,False
hybrid_420,2011,5,11,14,1,0.6420052250320003,0.0,9,False,False,True
hybrid_420,2011,6,10,10,0,0.0,0.0,9,False,True,False
hybrid_420,2011,7,18,18,0,0.0,0.0,9,False,True,False
hybrid_420,2011,8,11,11,0,0.0,0.0,9,False,True,False
hybrid_420,2011,9,11,11,1,0.0217613598100308,0.0,9,False,True,False
hybrid_420,2011,10,10,10,1,0.11004306544679543,0.0,9,False,True,False
hybrid_420,2011,11,11,15,1,0.5133523065012942,0.0,9,False,False,True
hybrid_420,2011,12,7,9,1,0.09244913946732902,0.0,9,False,False,True
hybrid_420,2011,13,10,12,1,0.14820750332508348,0.0,9,False,False,True
hybrid_420,2011,14,8,10,1,0.4630460795267559,0.0,9,False,False,True
hybrid_420,2011,15,8,8,0,0.0,0.0,9,False,True,False
hybrid_420,2011,16,11,11,0,0.0,0.0,9,False,True,False
hybrid_420,2011,17,9,10,2,0.7756993211890005,0.0,9,False,False,True
hybrid_420,2011,18,16,16,0,0.0,0.0,9,False,True,False
hybrid_420,2011,19,14,14,1,0.007936028086462987,0.0,9,False,True,False
hybrid_420,2011,20,2,2,1,0.19453730633931476,0.0,9,False,True,False
hybrid_420,2011,21,13,18,2,0.47151220407363525,0.0,9,False,False,True
hybrid_420,2011,22,13,16,1,0.8512303340147385,0.0,9,False,False,True
hybrid_420,2011,23,13,13,0,0.0,0.0,9,False,True,False
hybrid_420,2011,24,5,6,2,0.6958491473738483,0.0,9,False,False,True
hybrid_420,2011,25,13,13,0,0.0,0.0,9,False,True,False
hybrid_420,2011,26,8,8,0,0.0,0.0,9,False,True,False
hybrid_420,2011,27,16,16,0,0.0,0.0,9,False,True,False
hybrid_420,2011,28,12,7,2,0.21968996341928382,0.0,9,True,False,False
hybrid_420,2011,29,11,11,0,0.0,0.0,9,False,True,False
hybrid_420,2011,30,14,13,2,0.8771652297615076,0.0,9,True,False,False
hybrid_420,2011,31,12,12,0,0.0,0.0,9,False,True,False
hybrid_420,2011,32,6,6,1,0.8961084056226929,1.0,9,False,True,False
hybrid_420,2011,33,13,13,1,0.4607350853556056,0.0,9,False,True,False
hybrid_420,2011,34,17,16,2,0.7230224454212162,0.0,9,True,False,False
hybrid_420,2012,1,11,7,1,0.17853627646931014,0.0,9,True,False,False
hybrid_420,2012,2,12,8,1,0.2843527940853747,1.0,9,True,False,False
hybrid_420,2012,3,13,15,1,0.7923163961244469,0.0,9,False,False,True
hybrid_420,2012,4,9,6,1,0.5139266472186237,0.0,9,True,False,False
hybrid_420,2012,5,8,8,1,0.47344662683040784,1.0,9,False,True,False
hybrid_420,2012,6,16,13,1,0.9121931723112096,1.0,9,True,False,False
hybrid_420,2012,7,14,18,1,0.9211033296424703,0.0,9,False,False,True
hybrid_420,2012,8,9,6,1,0.3225558943610509,0.0,9,True,False,False
hybrid_420,2012,9,12,12,1,0.0692659711173933,0.0,9,False,True,False
hybrid_420,2012,10,15,15,0,0.0,0.0,9,False,True,False
hybrid_420,2012,11,15,13,1,0.1264883126120565,0.0,9,True,False,False
hybrid_420,2012,12,12,12,0,0.0,0.0,9,False,True,False
hybrid_420,2012,13,9,11,2,0.6269488473026494,0.0,9,False,False,True
hybrid_420,2012,14,11,11,0,0.0,0.0,9,False,True,False
hybrid_420,2012,15,12,12,1,0.08398604098289275,0.0,9,False,True,False
hybrid_420,2012,16,16,16,2,0.9624366629382606,0.0,9,False,True,False
hybrid_420,2012,17,13,6,2,0.35477153800783956,1.0,9,True,False,False
hybrid_420,2012,18,11,13,2,0.6373113929200209,0.0,9,False,False,True
hybrid_420,2012,19,20,20,0,0.0,0.0,9,False,True,False
hybrid_420,2012,20,14,14,2,0.9355997674102818,0.0,9,False,True,False
hybrid_420,2012,21,12,12,2,0.4267761289687929,0.0,9,False,True,False
hybrid_420,2012,22,16,17,2,0.9795031573681332,0.0,9,False,False,True
hybrid_420,2012,23,11,11,0,0.0,0.0,9,False,True,False
hybrid_420,2012,24,12,9,1,0.5275521810325929,0.0,9,True,False,False
hybrid_420,2012,25,4,2,1,0.10956099897870342,0.0,9,True,False,False
hybrid_420,2012,26,13,9,1,0.5789863116162333,0.0,9,True,False,False
hybrid_420,2012,27,13,15,1,0.5957470413532017,0.0,9,False,False,True
hybrid_420,2012,28,14,14,2,0.6190741515844421,0.0,9,False,True,False
hybrid_420,2012,29,10,10,1,0.13043469517491624,0.0,9,False,True,False
hybrid_420,2012,30,19,19,0,0.0,0.0,9,False,True,False
hybrid_420,2012,31,19,18,2,0.7378124832259775,0.0,9,True,False,False
hybrid_420,2012,32,6,9,2,0.8141887478124076,0.0,9,False,False,True
hybrid_420,2012,33,10,7,1,0.7832807599422777,0.0,9,True,False,False
hybrid_420,2012,34,17,17,0,0.0,0.0,9,False,True,False
hybrid_420,2013,1,14,15,2,0.23450700009684866,0.0,9,False,False,True
hybrid_420,2013,2,10,12,1,0.7766868523257697,0.0,9,False,False,True
hybrid_420,2013,3,19,17,2,0.9022077691186879,0.0,9,True,False,False
hybrid_420,2013,4,14,14,0,0.0,0.0,9,False,True,False
hybrid_420,2013,5,15,18,2,0.6990656394873225,0.0,9,False,False,True
hybrid_420,2013,6,13,13,0,0.0,0.0,9,False,True,False
hybrid_420,2013,7,8,10,2,0.7183721033794889,0.0,9,False,False,True
hybrid_420,2013,8,2,2,1,0.0974649685024398,0.0,9,False,True,False
hybrid_420,2013,9,10,13,1,0.17309325091929828,0.0,9,False,False,True
hybrid_420,2013,10,12,14,1,0.03745804832654298,0.0,9,False,False,True
hybrid_420,2013,11,9,10,2,0.9048882258258372,0.0,9,False,False,True
hybrid_420,2013,12,12,14,1,0.24336445930522266,0.0,9,False,False,True
hybrid_420,2013,13,13,9,2,0.3917425420141739,0.0,9,True,False,False
hybrid_420,2013,14,14,14,1,0.7582744894835125,0.0,9,False,True,False
hybrid_420,2013,15,10,12,1,0.5841622771171788,0.0,9,False,False,True
hybrid_420,2013,16,9,11,1,0.9568870234573646,1.0,9,False,False,True
hybrid_420,2013,17,9,6,1,0.5244701122611086,0.0,9,True,False,False
hybrid_420,2013,18,10,10,0,0.0,0.0,9,False,True,False
hybrid_420,2013,19,18,18,0,0.0,0.0,9,False,True,False
hybrid_420,2013,20,12,14,2,0.9659969490857261,0.0,9,False,False,True
hybrid_420,2013,21,6,10,2,0.5893567859609928,0.0,9,False,False,True
hybrid_420,2013,22,7,9,2,0.2638846258341012,0.0,9,False,False,True
hybrid_420,2013,23,13,10,2,0.9379909025055643,0.0,9,True,False,False
hybrid_420,2013,24,7,7,0,0.0,0.0,9,False,True,False
hybrid_420,2013,25,11,5,2,0.6335217203561435,0.0,9,True,False,False
hybrid_420,2013,26,16,16,0,0.0,0.0,9,False,True,False
hybrid_420,2013,27,13,11,2,0.7017604866350022,0.0,9,True,False,False
hybrid_420,2013,28,16,16,0,0.0,0.0,9,False,True,False
hybrid_420,2013,29,8,12,2,0.8630767403341528,0.0,9,False,False,True
hybrid_420,2013,30,17,17,0,0.0,0.0,9,False,True,False
hybrid_420,2013,31,11,11,0,0.0,0.0,9,False,True,False
hybrid_420,2013,32,9,9,1,0.08655734338834653,0.0,9,False,True,False
hybrid_420,2013,33,22,18,2,0.6384501326210994,0.0,9,True,False,False
hybrid_420,2013,34,21,23,1,0.7110440346430034,0.0,9,False,False,True
hybrid_420,2014,1,8,11,2,0.5991950359648152,0.0,9,False,False,True
hybrid_420,2014,2,5,5,1,0.3819370088817622,0.0,9,False,True,False
hybrid_420,2014,3,11,9,2,0.5900268473079644,0.0,9,True,False,False
hybrid_420,2014,4,4,2,1,0.20894966179891394,0.0,9,True,False,False
hybrid_420,2014,5,14,14,1,0.2261196170417078,0.0,9,False,True,False
hybrid_420,2014,6,17,16,2,0.9017259228804442,0.0,9,True,False,False
hybrid_420,2014,7,8,15,2,0.6502123163339967,0.0,9,False,False,True
hybrid_420,2014,8,15,15,1,0.12134509273653449,0.0,9,False,True,False
hybrid_420,2014,9,12,15,1,0.8892106279073865,0.0,9,False,False,True
hybrid_420,2014,10,15,13,1,0.07289169985859634,0.0,9,True,False,False
hybrid_420,2014,11,9,11,1,0.9526179668412357,0.0,9,False,False,True
hybrid_420,2014,12,7,6,2,0.9874116802485362,0.0,9,True,False,False
hybrid_420,2014,13,14,16,1,0.4059144336855758,0.0,9,False,False,True
hybrid_420,2014,14,17,18,2,0.9435846707219752,0.0,9,False,False,True
hybrid_420,2014,15,2,5,1,0.6988046838005423,0.0,9,False,False,True
hybrid_420,2014,16,16,13,2,0.7558442098538359,0.0,9,True,False,False
hybrid_420,2014,17,9,9,1,0.7152545196498707,0.0,9,False,True,False
hybrid_420,2014,18,12,12,0,0.0,0.0,9,False,True,False
hybrid_420,2014,19,8,8,0,0.0,0.0,9,False,True,False
hybrid_420,2014,20,12,11,2,0.3404499034259959,0.0,9,True,False,False
hybrid_420,2014,21,15,18,1,0.3437463300953869,0.0,9,False,False,True
hybrid_420,2014,22,9,9,1,0.3440493329298625,0.0,9,False,True,False
hybrid_420,2014,23,16,18,1,0.583159279212573,0.0,9,False,False,True
hybrid_420,2014,24,9,9,0,0.0,0.0,9,False,True,False
hybrid_420,2014,25,12,15,1,0.03390663774027414,0.0,9,False,False,True
hybrid_420,2014,26,5,8,1,0.2640257027348225,0.0,9,False,False,True
hybrid_420,2014,27,13,9,2,0.24166996486893588,0.0,9,True,False,False
hybrid_420,2014,28,17,15,1,0.17730031944988667,0.0,9,True,False,False
hybrid_420,2014,29,20,20,1,0.8757454821685345,0.0,9,False,True,False
hybrid_420,2014,30,9,12,2,0.10937192036583743,0.0,9,False,False,True
hybrid_420,2014,31,9,11,1,0.4028226825157256,0.0,9,False,False,True
hybrid_420,2014,32,10,10,2,0.7251443609117536,0.0,9,False,True,False
hybrid_420,2014,33,16,16,1,0.6035071019009977,0.0,9,False,True,False
hybrid_420,2014,34,14,20,2,0.9530668178234026,0.0,9,False,False,True
hybrid_420,2015,1,14,14,0,0.0,0.0,9,False,True,False
hybrid_420,2015,2,7,7,1,0.723202307853694,0.0,9,False,True,False
hybrid_420,2015,3,14,12,2,0.825272217931689,0.0,9,True,False,False
hybrid_420,2015,4,12,12,0,0.0,0.0,9,False,True,False
hybrid_420,2015,5,13,14,2,0.31095200466332773,0.0,9,False,False,True
hybrid_420,2015,6,14,13,2,0.23105260044175857,0.0,9,True,False,False
hybrid_420,2015,7,13,8,2,0.9503860901783482,1.0,9,True,False,False
hybrid_420,2015,8,9,9,2,0.3002919964384533,0.0,9,False,True,False
hybrid_420,2015,9,15,13,1,0.8966914665556008,0.0,9,True,False,False
hybrid_420,2015,10,9,12,1,0.8600233361995396,0.0,9,False,False,True
hybrid_420,2015,11,13,6,2,0.6621000253860464,1.0,9,True,False,False
hybrid_420,2015,12,9,5,2,0.909115727852145,1.0,9,True,False,False
hybrid_420,2015,13,13,15,2,0.9062650131712747,1.0,9,False,False,True
hybrid_420,2015,14,10,12,2,0.2148018829168742,1.0,9,False,False,True
hybrid_420,2015,15,5,6,2,0.9992516076715281,1.0,9,False,False,True
hybrid_420,2015,16,9,13,2,0.8204237699219123,0.0,9,False,False,True
hybrid_420,2015,17,18,18,2,0.8886176594585342,1.0,9,False,True,False
hybrid_420,2015,18,6,8,1,0.9756910259835858,0.0,9,False,False,True
hybrid_420,2015,19,15,15,0,0.0,0.0,9,False,True,False
hybrid_420,2015,20,4,9,2,0.25063606441761377,1.0,9,False,False,True
hybrid_420,2015,21,11,13,1,0.6817165322260275,0.0,9,False,False,True
hybrid_420,2015,22,14,19,2,0.750939318386458,1.0,9,False,False,True
hybrid_420,2015,23,8,5,1,0.12219200769897709,1.0,9,True,False,False
hybrid_420,2015,24,18,15,1,0.04741344852394924,1.0,9,True,False,False
hybrid_420,2015,25,6,8,1,0.8887663502934583,0.0,9,False,False,True
hybrid_420,2015,26,12,14,1,0.49607085737272216,0.0,9,False,False,True
hybrid_420,2015,27,18,16,2,0.5425262896358044,0.0,9,True,False,False
hybrid_420,2015,28,12,14,2,0.5960383751325273,0.0,9,False,False,True
hybrid_420,2015,29,5,5,0,0.0,0.0,9,False,True,False
hybrid_420,2015,30,15,18,1,0.20376272054208233,0.0,9,False,False,True
hybrid_420,2015,31,15,17,1,0.7081950555697202,0.0,9,False,False,True
hybrid_420,2015,32,10,12,1,0.7307893471675875,0.0,9,False,False,True
hybrid_420,2015,33,3,7,2,0.9420580684941549,0.0,9,False,False,True
hybrid_420,2015,34,12,14,1,0.3585007681032619,0.0,9,False,False,True
hybrid_420,2016,1,12,16,1,0.5013782094280471,0.0,9,False,False,True
hybrid_420,2016,2,8,4,1,0.2546513415639743,0.0,9,True,False,False
hybrid_420,2016,3,9,11,1,0.8310080956774231,0.0,9,False,False,True
hybrid_420,2016,4,11,11,1,0.4903873274933962,0.0,9,False,True,False
hybrid_420,2016,5,14,14,1,0.36337897364063765,0.0,9,False,True,False
hybrid_420,2016,6,11,10,2,0.9379079599293821,0.0,9,True,False,False
hybrid_420,2016,7,14,10,2,0.5341573651135259,0.0,9,True,False,False
hybrid_420,2016,8,17,15,1,0.8205818134661769,0.0,9,True,False,False
hybrid_420,2016,9,16,16,0,0.0,0.0,9,False,True,False
hybrid_420,2016,10,10,10,2,0.7281289030296043,0.0,9,False,True,False
hybrid_420,2016,11,12,13,2,0.6014593914893719,0.0,9,False,False,True
hybrid_420,2016,12,6,9,1,0.6160212266686675,0.0,9,False,False,True
hybrid_420,2016,13,12,16,2,0.22343602887164882,0.0,9,False,False,True
hybrid_420,2016,14,9,13,1,0.34239793236197824,0.0,9,False,False,True
hybrid_420,2016,15,9,6,1,0.008507311039810395,0.0,9,True,False,False
hybrid_420,2016,16,4,6,1,0.5494972595664622,0.0,9,False,False,True
hybrid_420,2016,17,17,19,1,0.10531424985547799,0.0,9,False,False,True
hybrid_420,2016,18,11,11,0,0.0,0.0,9,False,True,False
hybrid_420,2016,19,20,20,0,0.0,0.0,9,False,True,False
hybrid_420,2016,20,15,15,0,0.0,0.0,9,False,True,False
hybrid_420,2016,21,6,6,1,0.5596291762963856,0.0,9,False,True,False
hybrid_420,2016,22,10,8,1,0.10626419857287828,0.0,9,True,False,False
hybrid_420,2016,23,10,14,1,0.19671926272187878,0.0,9,False,False,True
hybrid_420,2016,24,4,4,2,0.27130136885619793,0.0,9,False,True,False
hybrid_420,2016,25,15,15,0,0.0,0.0,9,False,True,False
hybrid_420,2016,26,7,10,2,0.49577808706238424,0.0,9,False,False,True
hybrid_420,2016,27,17,15,2,0.2954019161510346,0.0,9,True,False,False
hybrid_420,2016,28,15,15,1,0.5627088522583426,0.0,9,False,True,False
hybrid_420,2016,29,15,17,1,0.5575621922282579,0.0,9,False,False,True
hybrid_420,2016,30,11,9,2,0.5652667853844824,0.0,9,True,False,False
hybrid_420,2016,31,14,10,1,0.40852793926876574,0.0,9,True,False,False
hybrid_420,2016,32,11,11,2,0.44187590476805005,0.0,9,False,True,False
hybrid_420,2016,33,7,9,2,0.6567083285765364,0.0,9,False,False,True
hybrid_420,2016,34,12,10,1,0.5999814165332891,0.0,9,True,False,False
hybrid_420,2017,1,14,18,1,0.4884944203063788,0.0,9,False,False,True
hybrid_420,2017,2,17,13,1,0.40832306393638595,0.0,9,True,False,False
hybrid_420,2017,3,6,6,1,0.7964881856838588,0.0,9,False,True,False
hybrid_420,2017,4,18,15,1,0.8279874468833837,0.0,9,True,False,False
hybrid_420,2017,5,9,13,1,0.15640380282729016,0.0,9,False,False,True
hybrid_420,2017,6,12,12,0,0.0,0.0,9,False,True,False
hybrid_420,2017,7,16,16,0,0.0,0.0,9,False,True,False
hybrid_420,2017,8,7,10,1,0.7429097191643269,0.0,9,False,False,True
hybrid_420,2017,9,10,10,0,0.0,0.0,9,False,True,False
hybrid_420,2017,10,13,13,1,0.16763292905493166,0.0,9,False,True,False
hybrid_420,2017,11,16,16,0,0.0,0.0,9,False,True,False
hybrid_420,2017,12,14,14,0,0.0,0.0,9,False,True,False
hybrid_420,2017,13,8,8,0,0.0,0.0,9,False,True,False
hybrid_420,2017,14,7,10,1,0.06286876171725941,0.0,9,False,False,True
hybrid_420,2017,15,6,6,0,0.0,0.0,9,False,True,False
hybrid_420,2017,16,15,15,0,0.0,0.0,9,False,True,False
hybrid_420,2017,17,12,8,1,0.5149908171783689,0.0,9,True,False,False
hybrid_420,2017,18,11,15,1,0.5183535476101371,0.0,9,False,False,True
hybrid_420,2017,19,7,6,2,0.24584141391661618,0.0,9,True,False,False
hybrid_420,2017,20,8,8,1,0.09484691797726985,0.0,9,False,True,False
hybrid_420,2017,21,13,13,0,0.0,0.0,9,False,True,False
hybrid_420,2017,22,18,21,1,0.14425048285326514,0.0,9,False,False,True
hybrid_420,2017,23,15,19,1,0.13180949578373824,0.0,9,False,False,True
hybrid_420,2017,24,8,8,0,0.0,0.0,9,False,True,False
hybrid_420,2017,25,12,16,2,0.8127312934125066,0.0,9,False,False,True
hybrid_420,2017,26,14,17,1,0.030973647306447694,0.0,9,False,False,True
hybrid_420,2017,27,11,8,2,0.2687038520544792,0.0,9,True,False,False
hybrid_420,2017,28,13,13,0,0.0,0.0,9,False,True,False
hybrid_420,2017,29,7,7,0,0.0,0.0,9,False,True,False
hybrid_420,2017,30,15,15,0,0.0,0.0,9,False,True,False
hybrid_420,2017,31,16,14,1,0.7366628777333069,0.0,9,True,False,False
hybrid_420,2017,32,6,9,1,0.4990145620522082,0.0,9,False,False,True
hybrid_420,2017,33,12,12,1,0.6825830757750808,0.0,9,False,True,False
hybrid_420,2017,34,16,18,1,0.7846349913411709,0.0,9,False,False,True
hybrid_420,2018,1,10,8,1,0.1692847590344948,0.0,9,True,False,False
hybrid_420,2018,2,5,5,1,0.3010455365033312,0.0,9,False,True,False
hybrid_420,2018,3,18,15,1,0.07430682053065585,0.0,9,True,False,False
hybrid_420,2018,4,9,9,0,0.0,0.0,9,False,True,False
hybrid_420,2018,5,10,17,2,0.6918068597064363,0.0,9,False,False,True
hybrid_420,2018,6,16,12,1,0.06763946541012367,0.0,9,True,False,False
hybrid_420,2018,7,10,10,0,0.0,0.0,9,False,True,False
hybrid_420,2018,8,11,11,0,0.0,0.0,9,False,True,False
hybrid_420,2018,9,6,6,0,0.0,0.0,9,False,True,False
hybrid_420,2018,10,11,11,0,0.0,0.0,9,False,True,False
hybrid_420,2018,11,8,8,0,0.0,0.0,9,False,True,False
hybrid_420,2018,12,12,12,0,0.0,0.0,9,False,True,False
hybrid_420,2018,13,19,16,1,0.015221117646309623,0.0,9,True,False,False
hybrid_420,2018,14,16,16,0,0.0,0.0,9,False,True,False
hybrid_420,2018,15,12,12,1,0.015374213625720667,0.0,9,False,True,False
hybrid_420,2018,16,8,8,0,0.0,0.0,9,False,True,False
hybrid_420,2018,17,16,13,1,0.07574791318172525,0.0,9,True,False,False
hybrid_420,2018,18,12,12,0,0.0,0.0,9,False,True,False
hybrid_420,2018,19,18,18,0,0.0,0.0,9,False,True,False
hybrid_420,2018,20,4,4,0,0.0,0.0,9,False,True,False
hybrid_420,2018,21,14,14,0,0.0,0.0,9,False,True,False
hybrid_420,2018,22,10,10,0,0.0,0.0,9,False,True,False
hybrid_420,2018,23,12,12,0,0.0,0.0,9,False,True,False
hybrid_420,2018,24,12,14,1,0.6623665953715009,1.0,9,False,False,True
hybrid_420,2018,25,17,17,0,0.0,0.0,9,False,True,False
hybrid_420,2018,26,15,15,0,0.0,0.0,9,False,True,False
hybrid_420,2018,27,14,14,0,0.0,0.0,9,False,True,False
hybrid_420,2018,28,13,11,1,0.24028254581803044,0.0,9,True,False,False
hybrid_420,2018,29,18,18,0,0.0,0.0,9,False,True,False
hybrid_420,2018,30,18,18,0,0.0,0.0,9,False,True,False
hybrid_420,2018,31,2,4,1,0.9310577413175039,0.0,9,False,False,True
hybrid_420,2018,32,8,8,0,0.0,0.0,9,False,True,False
hybrid_420,2018,33,2,4,1,0.5127128431458844,1.0,9,False,False,True
hybrid_420,2018,34,16,14,1,0.875253494927028,0.0,9,True,False,False
hybrid_420,2019,1,13,15,1,0.4073844056228668,0.0,9,False,False,True
hybrid_420,2019,2,17,15,1,0.3505890511819618,0.0,9,True,False,False
hybrid_420,2019,3,13,13,0,0.0,0.0,9,False,True,False
hybrid_420,2019,4,12,12,0,0.0,0.0,9,False,True,False
hybrid_420,2019,5,18,18,0,0.0,0.0,9,False,True,False
hybrid_420,2019,6,11,11,0,0.0,0.0,9,False,True,False
hybrid_420,2019,7,8,8,0,0.0,0.0,9,False,True,False
hybrid_420,2019,8,12,7,2,0.1279277907289964,0.0,9,True,False,False
hybrid_420,2019,9,9,8,2,0.6880310921672683,0.0,9,True,False,False
hybrid_420,2019,10,8,9,2,0.7917933966187338,0.0,9,False,False,True
hybrid_420,2019,11,15,8,2,0.168134561549389,0.0,9,True,False,False
hybrid_420,2019,12,4,4,0,0.0,0.0,9,False,True,False
hybrid_420,2019,13,11,11,1,0.6884308148912367,0.0,9,False,True,False
hybrid_420,2019,14,14,14,0,0.0,0.0,9,False,True,False
hybrid_420,2019,15,16,16,0,0.0,0.0,9,False,True,False
hybrid_420,2019,16,8,8,0,0.0,0.0,9,False,True,False
hybrid_420,2019,17,10,13,2,0.5122128999524904,0.0,9,False,False,True
hybrid_420,2019,18,12,12,0,0.0,0.0,9,False,True,False
hybrid_420,2019,19,12,10,1,0.1521897408039392,0.0,9,True,False,False
hybrid_420,2019,20,17,13,1,0.45278091963776157,0.0,9,True,False,False
hybrid_420,2019,21,6,9,1,0.10162346098576214,0.0,9,False,False,True
hybrid_420,2019,22,15,15,0,0.0,0.0,9,False,True,False
hybrid_420,2019,23,10,10,0,0.0,0.0,9,False,True,False
hybrid_420,2019,24,16,16,0,0.0,0.0,9,False,True,False
hybrid_420,2019,25,14,14,0,0.0,0.0,9,False,True,False
hybrid_420,2019,26,14,14,0,0.0,0.0,9,False,True,False
hybrid_420,2019,27,8,8,0,0.0,0.0,9,False,True,False
hybrid_420,2019,28,5,5,0,0.0,0.0,9,False,True,False
hybrid_420,2019,29,16,16,0,0.0,0.0,9,False,True,False
hybrid_420,2019,30,4,7,2,0.6876167124439891,0.0,9,False,False,True
hybrid_420,2019,31,12,8,1,0.8614505052233811,1.0,9,True,False,False
hybrid_420,2019,32,15,15,0,0.0,0.0,9,False,True,False
hybrid_420,2019,33,11,11,1,0.682657714116833,0.0,9,False,True,False
hybrid_420,2019,34,22,20,1,0.6858999562702929,0.0,9,True,False,False
hybrid_420,2020,1,10,9,2,0.1250041545089663,0.0,9,True,False,False
hybrid_420,2020,2,3,0,2,0.4595664161902836,0.0,9,True,False,False
hybrid_420,2020,3,10,18,2,0.5649946270436127,1.0,9,False,False,True
hybrid_420,2020,4,11,14,1,0.7632405587716934,0.0,9,False,False,True
hybrid_420,2020,5,11,14,1,0.7166338653169853,1.0,9,False,False,True
hybrid_420,2020,6,8,8,0,0.0,0.0,9,False,True,False
hybrid_420,2020,7,12,16,2,0.7741505881988218,1.0,9,False,False,True
hybrid_420,2020,8,10,6,1,0.011010624921877987,0.0,9,True,False,False
hybrid_420,2020,9,9,9,0,0.0,0.0,9,False,True,False
hybrid_420,2020,10,6,10,1,0.13869267763451598,0.0,9,False,False,True
hybrid_420,2020,11,10,12,1,0.5755793228181441,1.0,9,False,False,True
hybrid_420,2020,12,17,13,1,0.03035783532628633,0.0,9,True,False,False
hybrid_420,2020,13,9,11,1,0.5971131738878607,0.0,9,False,False,True
hybrid_420,2020,14,16,16,0,0.0,0.0,9,False,True,False
hybrid_420,2020,15,4,6,2,0.5948389542136853,0.0,9,False,False,True
hybrid_420,2020,16,6,6,0,0.0,0.0,9,False,True,False
hybrid_420,2020,17,10,10,1,0.6177844958862267,1.0,9,False,True,False
hybrid_420,2020,18,8,6,2,0.705520917338007,1.0,9,True,False,False
hybrid_420,2020,19,16,16,0,0.0,0.0,9,False,True,False
hybrid_420,2020,20,10,12,1,0.2834993574420026,0.0,9,False,False,True
hybrid_420,2020,21,4,4,0,0.0,0.0,9,False,True,False
hybrid_420,2020,22,8,11,1,0.4845531099442122,0.0,9,False,False,True
hybrid_420,2020,23,11,11,0,0.0,0.0,9,False,True,False
hybrid_420,2020,24,8,12,1,0.6428770020202623,0.0,9,False,False,True
hybrid_420,2020,25,15,15,0,0.0,0.0,9,False,True,False
hybrid_420,2020,26,16,16,0,0.0,0.0,9,False,True,False
hybrid_420,2020,27,15,19,1,0.008056436907689424,0.0,9,False,False,True
hybrid_420,2020,28,8,11,1,0.21704845652997262,0.0,9,False,False,True
hybrid_420,2020,29,13,13,0,0.0,0.0,9,False,True,False
hybrid_420,2020,30,10,17,2,0.9739471652081325,1.0,9,False,False,True
hybrid_420,2020,31,15,18,1,0.19814716793486975,0.0,9,False,False,True
hybrid_420,2020,32,16,14,1,0.5530213686542493,0.0,9,True,False,False
hybrid_420,2020,33,2,5,2,0.08374647878784103,0.0,9,False,False,True
hybrid_420,2020,34,16,18,1,0.008534401826396643,0.0,9,False,False,True
hybrid_420,2021,1,11,11,0,0.0,0.0,9,False,True,False
hybrid_420,2021,2,13,12,2,0.3327141265460867,1.0,9,True,False,False
hybrid_420,2021,3,13,17,1,0.7795526698098921,0.0,9,False,False,True
hybrid_420,2021,4,13,13,0,0.0,0.0,9,False,True,False
hybrid_420,2021,5,8,8,1,0.5195224932894146,0.0,9,False,True,False
hybrid_420,2021,6,9,13,1,0.6616022893389129,1.0,9,False,False,True
hybrid_420,2021,7,16,13,1,0.5621379882184885,0.0,9,True,False,False
hybrid_420,2021,8,7,7,1,0.15902466531843362,1.0,9,False,True,False
hybrid_420,2021,9,8,10,1,0.6989660092740626,1.0,9,False,False,True
hybrid_420,2021,10,12,15,1,0.33888563149153506,1.0,9,False,False,True
hybrid_420,2021,11,12,12,1,0.517856636802355,0.0,9,False,True,False
hybrid_420,2021,12,10,10,0,0.0,0.0,9,False,True,False
hybrid_420,2021,13,14,10,1,0.16489145758963142,0.0,9,True,False,False
hybrid_420,2021,14,12,10,2,0.49485355089339467,1.0,9,True,False,False
hybrid_420,2021,15,6,6,0,0.0,0.0,9,False,True,False
hybrid_420,2021,16,9,8,2,0.8315385546074241,1.0,9,True,False,False
hybrid_420,2021,17,9,12,1,0.5919290141898376,0.0,9,False,False,True
hybrid_420,2021,18,4,9,2,0.682509467612989,0.0,9,False,False,True
hybrid_420,2021,19,10,14,1,0.7128633552877738,1.0,9,False,False,True
hybrid_420,2021,20,14,11,1,0.26778577202322273,1.0,9,True,False,False
hybrid_420,2021,21,7,10,2,0.2208589391209269,0.0,9,False,False,True
hybrid_420,2021,22,11,13,1,0.9025491251668164,1.0,9,False,False,True
hybrid_420,2021,23,14,17,2,0.42335218403031094,1.0,9,False,False,True
hybrid_420,2021,24,17,15,1,0.036861041201006195,0.0,9,True,False,False
hybrid_420,2021,25,15,15,1,0.07139712353014227,1.0,9,False,True,False
hybrid_420,2021,26,12,12,0,0.0,0.0,9,False,True,False
hybrid_420,2021,27,9,11,1,0.7836568817283946,1.0,9,False,False,True
hybrid_420,2021,28,8,8,1,0.9229196093839827,1.0,9,False,True,False
hybrid_420,2021,29,11,13,1,0.7374329038718288,1.0,9,False,False,True
hybrid_420,2021,30,9,11,1,0.7416161479750535,1.0,9,False,False,True
hybrid_420,2021,31,8,10,1,0.9549879081944498,1.0,9,False,False,True
hybrid_420,2021,32,4,4,1,0.5753274601969847,0.0,9,False,True,False
hybrid_420,2021,33,7,10,1,0.3330269872165502,1.0,9,False,False,True
hybrid_420,2021,34,18,14,2,0.9787211020562558,0.0,9,True,False,False
hybrid_420,2022,1,14,16,1,0.8798097272854681,0.0,9,False,False,True
hybrid_420,2022,2,9,9,1,0.40349374399487115,0.0,9,False,True,False
hybrid_420,2022,3,5,9,1,0.4932071265248048,0.0,9,False,False,True
hybrid_420,2022,4,18,15,1,0.1152249883972889,0.0,9,True,False,False
hybrid_420,2022,5,5,5,0,0.0,0.0,9,False,True,False
hybrid_420,2022,6,9,6,1,0.19753931168739125,0.0,9,True,False,False
hybrid_420,2022,7,6,4,1,0.27509852628385467,0.0,9,True,False,False
hybrid_420,2022,8,16,15,2,0.9727383253334606,0.0,9,True,False,False
hybrid_420,2022,9,8,4,1,0.14669298419663968,0.0,9,True,False,False
hybrid_420,2022,10,11,11,0,0.0,0.0,9,False,True,False
hybrid_420,2022,11,11,11,0,0.0,0.0,9,False,True,False
hybrid_420,2022,12,19,23,1,0.7868588415635631,0.0,9,False,False,True
hybrid_420,2022,13,16,20,1,0.8510537415891104,0.0,9,False,False,True
hybrid_420,2022,14,14,14,0,0.0,0.0,9,False,True,False
hybrid_420,2022,15,12,12,0,0.0,0.0,9,False,True,False
hybrid_420,2022,16,15,15,1,0.6536354306576179,0.0,9,False,True,False
hybrid_420,2022,17,16,12,1,0.01797157626009316,0.0,9,True,False,False
hybrid_420,2022,18,10,8,1,0.4595994491043047,0.0,9,True,False,False
hybrid_420,2022,19,9,9,0,0.0,0.0,9,False,True,False
hybrid_420,2022,20,14,14,0,0.0,0.0,9,False,True,False
hybrid_420,2022,21,10,10,0,0.0,0.0,9,False,True,False
hybrid_420,2022,22,15,15,0,0.0,0.0,9,False,True,False
hybrid_420,2022,23,15,15,0,0.0,0.0,9,False,True,False
hybrid_420,2022,24,11,11,0,0.0,0.0,9,False,True,False
hybrid_420,2022,25,9,6,1,0.22569880865915815,0.0,9,True,False,False
hybrid_420,2022,26,6,6,0,0.0,0.0,9,False,True,False
hybrid_420,2022,27,16,21,2,0.4244939269801764,0.0,9,False,False,True
hybrid_420,2022,28,6,8,1,0.3116041703401967,0.0,9,False,False,True
hybrid_420,2022,29,8,8,1,0.4583246107183335,0.0,9,False,True,False
hybrid_420,2022,30,11,15,1,0.781090483479135,0.0,9,False,False,True
hybrid_420,2022,31,8,11,1,0.6791607487924753,0.0,9,False,False,True
hybrid_420,2022,32,16,19,2,0.6099996622906012,0.0,9,False,False,True
hybrid_420,2022,33,6,8,1,0.008036987445103172,0.0,9,False,False,True
hybrid_420,2022,34,20,16,1,0.8947809317680483,1.0,9,True,False,False
hybrid_420,2023,1,16,16,0,0.0,0.0,9,False,True,False
hybrid_420,2023,2,9,14,2,0.9317470528459816,1.0,9,False,False,True
hybrid_420,2023,3,10,12,1,0.40152462369061004,0.0,9,False,False,True
hybrid_420,2023,4,10,10,0,0.0,0.0,9,False,True,False
hybrid_420,2023,5,16,16,0,0.0,0.0,9,False,True,False
hybrid_420,2023,6,12,10,2,0.869010587564031,0.0,9,True,False,False
hybrid_420,2023,7,11,13,1,0.5671114654466821,0.0,9,False,False,True
hybrid_420,2023,8,13,17,1,0.8901059723063207,0.0,9,False,False,True
hybrid_420,2023,9,12,12,0,0.0,0.0,9,False,True,False
hybrid_420,2023,10,7,5,1,0.9229819652007731,0.0,9,True,False,False
hybrid_420,2023,11,8,12,1,0.05574591963666631,0.0,9,False,False,True
hybrid_420,2023,12,6,10,1,0.09034070012354456,0.0,9,False,False,True
hybrid_420,2023,13,13,12,2,0.03892785931946896,0.0,9,True,False,False
hybrid_420,2023,14,9,12,1,0.040243450119896496,0.0,9,False,False,True
hybrid_420,2023,15,14,14,0,0.0,0.0,9,False,True,False
hybrid_420,2023,16,14,14,0,0.0,0.0,9,False,True,False
hybrid_420,2023,17,11,9,1,0.6638386943977147,0.0,9,True,False,False
hybrid_420,2023,18,9,9,1,0.09210758977523015,0.0,9,False,True,False
hybrid_420,2023,19,12,12,1,0.8729593843109862,0.0,9,False,True,False
hybrid_420,2023,20,10,12,1,0.4027865224650513,0.0,9,False,False,True
hybrid_420,2023,21,8,8,0,0.0,0.0,9,False,True,False
hybrid_420,2023,22,13,13,0,0.0,0.0,9,False,True,False
hybrid_420,2023,23,12,12,0,0.0,0.0,9,False,True,False
hybrid_420,2023,24,12,19,2,0.5329119465089494,0.0,9,False,False,True
hybrid_420,2023,25,23,19,1,0.3203042723007439,0.0,9,True,False,False
hybrid_420,2023,26,15,17,1,0.6980666926156993,0.0,9,False,False,True
hybrid_420,2023,27,2,4,1,0.18581244554444498,0.0,9,False,False,True
hybrid_420,2023,28,10,14,1,0.8542179987523584,1.0,9,False,False,True
hybrid_420,2023,29,21,21,1,0.5101848610553124,0.0,9,False,True,False
hybrid_420,2023,30,14,14,2,0.8923693499144619,1.0,9,False,True,False
hybrid_420,2023,31,7,10,1,0.34134237016030367,0.0,9,False,False,True
hybrid_420,2023,32,6,8,2,0.7759653650323124,0.0,9,False,False,True
hybrid_420,2023,33,11,13,2,0.5176688865109389,1.0,9,False,False,True
hybrid_420,2023,34,13,15,1,0.4401989226280465,0.0,9,False,False,True
hybrid_420,2024,1,13,13,0,0.0,0.0,9,False,True,False
hybrid_420,2024,2,13,13,0,0.0,0.0,9,False,True,False
hybrid_420,2024,3,14,18,1,0.07712503417610406,0.0,9,False,False,True
hybrid_420,2024,4,10,14,2,0.3524445274208975,0.0,9,False,False,True
hybrid_420,2024,5,12,10,1,0.7559502425274711,0.0,9,True,False,False
hybrid_420,2024,6,12,12,0,0.0,0.0,9,False,True,False
hybrid_420,2024,7,16,19,1,0.771369087565809,0.0,9,False,False,True
hybrid_420,2024,8,6,6,1,0.0857373698716144,0.0,9,False,True,False
hybrid_420,2024,9,6,10,1,0.32296828414550705,0.0,9,False,False,True
hybrid_420,2024,10,6,8,2,0.5623999893867759,0.0,9,False,False,True
hybrid_420,2024,11,21,23,1,0.6023428718875788,1.0,9,False,False,True
hybrid_420,2024,12,12,14,1,0.7404234744926621,1.0,9,False,False,True
hybrid_420,2024,13,18,18,1,0.08779340059392071,0.0,9,False,True,False
hybrid_420,2024,14,13,13,1,0.09552587285988001,1.0,9,False,True,False
hybrid_420,2024,15,8,10,1,0.2632801283360532,0.0,9,False,False,True
hybrid_420,2024,16,18,20,2,0.6984913139264619,1.0,9,False,False,True
hybrid_420,2024,17,9,17,2,0.6403370065606689,1.0,9,False,False,True
hybrid_420,2024,18,11,14,2,0.33419325066909844,1.0,9,False,False,True
hybrid_420,2024,19,10,12,2,0.748966143324541,1.0,9,False,False,True
hybrid_420,2024,20,19,16,1,0.15290824053455077,1.0,9,True,False,False
hybrid_420,2024,21,5,7,1,0.9088090242818004,1.0,9,False,False,True
hybrid_420,2024,22,6,6,2,0.36465730900177606,1.0,9,False,True,False
hybrid_420,2024,23,9,11,1,0.6104131134833148,1.0,9,False,False,True
hybrid_420,2024,24,16,15,2,0.716267732124778,1.0,9,True,False,False
hybrid_420,2024,25,3,0,2,0.7164944244049832,1.0,9,True,False,False
hybrid_420,2024,26,12,16,1,0.3893150069827015,0.0,9,False,False,True
hybrid_420,2024,27,10,12,1,0.4548607924993243,0.0,9,False,False,True
hybrid_420,2024,28,19,15,1,0.17415402630028654,1.0,9,True,False,False
hybrid_420,2024,29,12,8,1,0.1976788788300382,0.0,9,True,False,False
hybrid_420,2024,30,11,11,1,0.08247136233605579,0.0,9,False,True,False
hybrid_420,2024,31,9,11,2,0.6855975542830968,0.0,9,False,False,True
hybrid_420,2024,32,2,6,1,0.13770507634371665,1.0,9,False,False,True
hybrid_420,2024,33,11,13,2,0.42910757727430093,0.0,9,False,False,True
hybrid_420,2024,34,4,4,2,0.7472298290110997,1.0,9,False,True,False
hybrid_420,2025,1,6,6,1,0.6778971735339291,0.0,9,False,True,False
hybrid_420,2025,2,13,13,1,0.24641922294857643,1.0,9,False,True,False
hybrid_420,2025,3,8,9,2,0.8385906483981861,1.0,9,False,False,True
hybrid_420,2025,4,11,14,1,0.8357824765444928,0.0,9,False,False,True
hybrid_420,2025,5,16,13,1,0.0336178642062297,0.0,9,True,False,False
hybrid_420,2025,6,13,13,1,0.25311424667811977,0.0,9,False,True,False
hybrid_420,2025,7,15,15,1,0.07196922915886428,0.0,9,False,True,False
hybrid_420,2025,8,20,20,0,0.0,0.0,9,False,True,False
hybrid_420,2025,9,11,12,2,0.7014146120039302,0.0,9,False,False,True
hybrid_420,2025,10,17,17,0,0.0,0.0,9,False,True,False
hybrid_420,2025,11,15,15,1,0.1723953156737037,1.0,9,False,True,False
hybrid_420,2025,12,5,11,2,0.6940798155834402,0.0,9,False,False,True
hybrid_420,2025,13,11,11,2,0.7633379368002413,1.0,9,False,True,False
hybrid_420,2025,14,11,14,1,0.7287323016452664,0.0,9,False,False,True
hybrid_420,2025,15,6,4,2,0.4789361356503974,0.0,9,True,False,False
hybrid_420,2025,16,10,10,0,0.0,0.0,9,False,True,False
hybrid_420,2025,17,19,21,1,0.6927460481391968,0.0,9,False,False,True
hybrid_420,2025,18,8,11,2,0.4012027885591518,0.0,9,False,False,True
hybrid_420,2025,19,19,21,1,0.20741888447527168,0.0,9,False,False,True
hybrid_420,2025,20,9,15,2,0.9247551303837094,1.0,9,False,False,True
hybrid_420,2025,21,17,17,1,0.558502928905849,0.0,9,False,True,False
hybrid_420,2025,22,17,19,1,0.8321397304430038,0.0,9,False,False,True
hybrid_420,2025,23,6,6,1,0.33706459298489067,0.0,9,False,True,False
hybrid_420,2025,24,16,19,1,0.8899266702553549,0.0,9,False,False,True
hybrid_420,2025,25,13,13,1,0.02954109333068955,0.0,9,False,True,False
hybrid_420,2025,26,11,11,0,0.0,0.0,9,False,True,False
hybrid_420,2025,27,8,12,2,0.7077266594045902,0.0,9,False,False,True
hybrid_420,2025,28,12,8,1,0.908565630173122,0.0,9,True,False,False
hybrid_420,2025,29,13,9,1,0.08709377285407482,0.0,9,True,False,False
hybrid_420,2025,30,11,15,1,0.05167844155081891,0.0,9,False,False,True
hybrid_420,2025,31,12,16,2,0.8067771032389014,0.0,9,False,False,True
hybrid_420,2025,32,5,2,2,0.17860989487950474,0.0,9,True,False,False
hybrid_420,2025,33,11,15,2,0.7438790463034268,0.0,9,False,False,True
hybrid_420,2025,34,8,6,1,0.88404937135309,0.0,9,True,False,False
hybrid_90,2011,1,12,10,1,0.6651603477376308,0.0,9,True,False,False
hybrid_90,2011,2,8,8,2,0.9620482392235796,0.0,9,False,True,False
hybrid_90,2011,3,10,8,2,0.33093927911001586,0.0,9,True,False,False
hybrid_90,2011,4,6,13,2,0.9220646112986911,0.0,9,False,False,True
hybrid_90,2011,5,9,14,2,0.6824417483701748,0.0,9,False,False,True
hybrid_90,2011,6,13,10,1,0.1093820804322776,0.0,9,True,False,False
hybrid_90,2011,7,15,18,1,0.7001247819790917,0.0,9,False,False,True
hybrid_90,2011,8,11,11,0,0.0,0.0,9,False,True,False
hybrid_90,2011,9,6,11,2,0.5312417544883844,0.0,9,False,False,True
hybrid_90,2011,10,6,10,2,0.6157084333080252,0.0,9,False,False,True
hybrid_90,2011,11,15,15,1,0.6851237307068012,0.0,9,False,True,False
hybrid_90,2011,12,7,9,2,0.15269753726974544,0.0,9,False,False,True
hybrid_90,2011,13,8,12,2,0.3957350180681086,0.0,9,False,False,True
hybrid_90,2011,14,8,10,2,0.45575817719175515,0.0,9,False,False,True
hybrid_90,2011,15,8,8,0,0.0,0.0,9,False,True,False
hybrid_90,2011,16,8,11,1,0.11691791831485154,0.0,9,False,False,True
hybrid_90,2011,17,10,10,0,0.0,0.0,9,False,True,False
hybrid_90,2011,18,13,16,2,0.8550045929101096,0.0,9,False,False,True
hybrid_90,2011,19,19,14,2,0.18876321689981923,1.0,9,True,False,False
hybrid_90,2011,20,5,2,1,0.6705345535644256,1.0,9,True,False,False
hybrid_90,2011,21,15,18,1,0.2871005752177752,0.0,9,False,False,True
hybrid_90,2011,22,13,16,1,0.8512303340147385,0.0,9,False,False,True
hybrid_90,2011,23,11,13,1,0.5777467268980412,0.0,9,False,False,True
hybrid_90,2011,24,5,6,2,0.6958491473738483,0.0,9,False,False,True
hybrid_90,2011,25,11,13,1,0.5125122548640866,0.0,9,False,False,True
hybrid_90,2011,26,12,8,2,0.424086416859932,1.0,9,True,False,False
hybrid_90,2011,27,16,16,0,0.0,0.0,9,False,True,False
hybrid_90,2011,28,9,7,2,0.2644736431301591,1.0,9,True,False,False
hybrid_90,2011,29,8,11,1,0.12087473640860391,1.0,9,False,False,True
hybrid_90,2011,30,16,13,2,0.5523175785005293,0.0,9,True,False,False
hybrid_90,2011,31,7,12,2,0.4247231772893604,1.0,9,False,False,True
hybrid_90,2011,32,6,6,1,0.8961084056226929,1.0,9,False,True,False
hybrid_90,2011,33,13,13,2,0.8826636688018377,1.0,9,False,True,False
hybrid_90,2011,34,17,16,2,0.7230224454212162,0.0,9,True,False,False
hybrid_90,2012,1,11,7,1,0.46729644248996927,0.0,9,True,False,False
hybrid_90,2012,2,14,8,2,0.8581418557407248,1.0,9,True,False,False
hybrid_90,2012,3,13,15,1,0.7923163961244469,0.0,9,False,False,True
hybrid_90,2012,4,7,6,2,0.599354444666323,0.0,9,True,False,False
hybrid_90,2012,5,8,8,1,0.47344662683040784,1.0,9,False,True,False
hybrid_90,2012,6,11,13,2,0.584123822733714,0.0,9,False,False,True
hybrid_90,2012,7,16,18,2,0.2804541968193841,0.0,9,False,False,True
hybrid_90,2012,8,6,6,2,0.617548614305839,0.0,9,False,True,False
hybrid_90,2012,9,8,12,2,0.36847847277520607,0.0,9,False,False,True
hybrid_90,2012,10,11,15,1,0.49681677147361325,0.0,9,False,False,True
hybrid_90,2012,11,12,13,2,0.6348048871310047,1.0,9,False,False,True
hybrid_90,2012,12,8,12,1,0.1411274954430305,1.0,9,False,False,True
hybrid_90,2012,13,11,11,2,0.4627408460157564,1.0,9,False,True,False
hybrid_90,2012,14,13,11,2,0.5274752803554646,1.0,9,True,False,False
hybrid_90,2012,15,16,12,2,0.43585874298673233,1.0,9,True,False,False
hybrid_90,2012,16,14,16,1,0.7449776699941848,0.0,9,False,False,True
hybrid_90,2012,17,13,6,2,0.35477153800783956,1.0,9,True,False,False
hybrid_90,2012,18,17,13,2,0.3585735179308819,1.0,9,True,False,False
hybrid_90,2012,19,18,20,1,0.13831552277828463,1.0,9,False,False,True
hybrid_90,2012,20,8,14,2,0.7251630469695161,0.0,9,False,False,True
hybrid_90,2012,21,8,12,2,0.17633082456430882,1.0,9,False,False,True
hybrid_90,2012,22,16,17,2,0.9051914450266144,1.0,9,False,False,True
hybrid_90,2012,23,15,11,1,0.1964639080569165,1.0,9,True,False,False
hybrid_90,2012,24,13,9,1,0.03504046163352825,1.0,9,True,False,False
hybrid_90,2012,25,2,2,1,0.11226609005745192,1.0,9,False,True,False
hybrid_90,2012,26,9,9,2,0.9081315644924627,0.0,9,False,True,False
hybrid_90,2012,27,10,15,2,0.7771502009976695,1.0,9,False,False,True
hybrid_90,2012,28,14,14,2,0.6190741515844421,0.0,9,False,True,False
hybrid_90,2012,29,8,10,2,0.27301548520890506,1.0,9,False,False,True
hybrid_90,2012,30,17,19,2,0.5535237875750365,1.0,9,False,False,True
hybrid_90,2012,31,18,18,2,0.9080534501117855,0.0,9,False,True,False
hybrid_90,2012,32,9,9,1,0.3291712281353596,0.0,9,False,True,False
hybrid_90,2012,33,7,7,2,0.6075125914097732,1.0,9,False,True,False
hybrid_90,2012,34,16,17,2,0.4890408367988265,1.0,9,False,False,True
hybrid_90,2013,1,12,15,2,0.6583630097890798,0.0,9,False,False,True
hybrid_90,2013,2,10,12,1,0.7766868523257697,0.0,9,False,False,True
hybrid_90,2013,3,21,17,2,0.8730265642144356,0.0,9,True,False,False
hybrid_90,2013,4,10,14,2,0.7329599151939244,0.0,9,False,False,True
hybrid_90,2013,5,15,18,2,0.6990656394873225,0.0,9,False,False,True
hybrid_90,2013,6,13,13,0,0.0,0.0,9,False,True,False
hybrid_90,2013,7,10,10,2,0.28597065191345417,0.0,9,False,True,False
hybrid_90,2013,8,2,2,0,0.0,0.0,9,False,True,False
hybrid_90,2013,9,13,13,2,0.7279737834299596,0.0,9,False,True,False
hybrid_90,2013,10,14,14,0,0.0,0.0,9,False,True,False
hybrid_90,2013,11,9,10,2,0.5952398930243568,0.0,9,False,False,True
hybrid_90,2013,12,15,14,2,0.5783744787584728,0.0,9,True,False,False
hybrid_90,2013,13,9,9,2,0.7187475913132293,0.0,9,False,True,False
hybrid_90,2013,14,14,14,0,0.0,0.0,9,False,True,False
hybrid_90,2013,15,16,12,2,0.5259118101481588,0.0,9,True,False,False
hybrid_90,2013,16,9,11,1,0.9568870234573646,1.0,9,False,False,True
hybrid_90,2013,17,2,6,2,0.3629127010116997,0.0,9,False,False,True
hybrid_90,2013,18,4,10,2,0.2676160720658708,0.0,9,False,False,True
hybrid_90,2013,19,16,18,1,0.47104435870441685,0.0,9,False,False,True
hybrid_90,2013,20,14,14,2,0.9935984964643569,0.0,9,False,True,False
hybrid_90,2013,21,6,10,2,0.6818805031506681,0.0,9,False,False,True
hybrid_90,2013,22,13,9,1,0.009981307589194577,0.0,9,True,False,False
hybrid_90,2013,23,8,10,1,0.005003578367707817,0.0,9,False,False,True
hybrid_90,2013,24,7,7,0,0.0,0.0,9,False,True,False
hybrid_90,2013,25,6,5,2,0.6414229867517773,0.0,9,True,False,False
hybrid_90,2013,26,13,16,2,0.901498577698015,0.0,9,False,False,True
hybrid_90,2013,27,7,11,2,0.5198593628283948,0.0,9,False,False,True
hybrid_90,2013,28,16,16,0,0.0,0.0,9,False,True,False
hybrid_90,2013,29,10,12,2,0.9583818425037598,0.0,9,False,False,True
hybrid_90,2013,30,17,17,0,0.0,0.0,9,False,True,False
hybrid_90,2013,31,11,11,0,0.0,0.0,9,False,True,False
hybrid_90,2013,32,7,9,2,0.46720718365852176,1.0,9,False,False,True
hybrid_90,2013,33,16,18,2,0.6773732880497348,1.0,9,False,False,True
hybrid_90,2013,34,21,23,1,0.7110440346430034,0.0,9,False,False,True
hybrid_90,2014,1,8,11,2,0.5991950359648152,0.0,9,False,False,True
hybrid_90,2014,2,5,5,0,0.0,0.0,9,False,True,False
hybrid_90,2014,3,9,9,2,0.49763765420072736,1.0,9,False,True,False
hybrid_90,2014,4,4,2,2,0.3117251835207746,0.0,9,True,False,False
hybrid_90,2014,5,10,14,2,0.4216098751154713,1.0,9,False,False,True
hybrid_90,2014,6,17,16,2,0.9017259228804442,0.0,9,True,False,False
hybrid_90,2014,7,12,15,1,0.15154266842731046,1.0,9,False,False,True
hybrid_90,2014,8,15,15,2,0.7875280416888281,1.0,9,False,True,False
hybrid_90,2014,9,12,15,1,0.8892106279073865,0.0,9,False,False,True
hybrid_90,2014,10,15,13,2,0.5389856991833977,1.0,9,True,False,False
hybrid_90,2014,11,9,11,1,0.9526179668412357,0.0,9,False,False,True
hybrid_90,2014,12,8,6,2,0.8207456040811759,0.0,9,True,False,False
hybrid_90,2014,13,14,16,1,0.4059144336855758,0.0,9,False,False,True
hybrid_90,2014,14,17,18,2,0.9435846707219752,0.0,9,False,False,True
hybrid_90,2014,15,2,5,1,0.6988046838005423,0.0,9,False,False,True
hybrid_90,2014,16,11,13,2,0.820065095928547,0.0,9,False,False,True
hybrid_90,2014,17,9,9,1,0.7152545196498707,0.0,9,False,True,False
hybrid_90,2014,18,14,12,1,0.3870670898948776,0.0,9,True,False,False
hybrid_90,2014,19,8,8,1,0.9654283759375609,1.0,9,False,True,False
hybrid_90,2014,20,12,11,2,0.3404499034259959,0.0,9,True,False,False
hybrid_90,2014,21,18,18,2,0.5427544709272245,0.0,9,False,True,False
hybrid_90,2014,22,9,9,2,0.6782611331962617,0.0,9,False,True,False
hybrid_90,2014,23,16,18,1,0.92050875896648,1.0,9,False,False,True
hybrid_90,2014,24,7,9,2,0.2558250220764873,0.0,9,False,False,True
hybrid_90,2014,25,12,15,1,0.03390663774027414,0.0,9,False,False,True
hybrid_90,2014,26,10,8,2,0.45223103847187074,0.0,9,True,False,False
hybrid_90,2014,27,11,9,1,0.03487292441146872,0.0,9,True,False,False
hybrid_90,2014,28,14,15,2,0.5777225286383277,0.0,9,False,False,True
hybrid_90,2014,29,20,20,0,0.0,0.0,9,False,True,False
hybrid_90,2014,30,9,12,2,0.10937192036583743,0.0,9,False,False,True
hybrid_90,2014,31,6,11,2,0.9451048473437285,1.0,9,False,False,True
hybrid_90,2014,32,10,10,2,0.7251443609117536,0.0,9,False,True,False
hybrid_90,2014,33,16,16,0,0.0,0.0,9,False,True,False
hybrid_90,2014,34,14,20,2,0.9297712567414671,1.0,9,False,False,True
hybrid_90,2015,1,10,14,2,0.8217806882414055,1.0,9,False,False,True
hybrid_90,2015,2,7,7,1,0.723202307853694,0.0,9,False,True,False
hybrid_90,2015,3,14,12,2,0.825272217931689,0.0,9,True,False,False
hybrid_90,2015,4,9,12,1,0.7228689430739978,0.0,9,False,False,True
hybrid_90,2015,5,17,14,2,0.17004715197533116,0.0,9,True,False,False
hybrid_90,2015,6,9,13,2,0.9261571357140487,0.0,9,False,False,True
hybrid_90,2015,7,13,8,2,0.9503860901783482,1.0,9,True,False,False
hybrid_90,2015,8,4,9,2,0.45098124930337846,1.0,9,False,False,True
hybrid_90,2015,9,15,13,1,0.8966914665556008,0.0,9,True,False,False
hybrid_90,2015,10,9,12,1,0.8600233361995396,0.0,9,False,False,True
hybrid_90,2015,11,9,6,2,0.9281896376228614,1.0,9,True,False,False
hybrid_90,2015,12,5,5,2,0.45820335744338103,0.0,9,False,True,False
hybrid_90,2015,13,13,15,2,0.9062650131712747,1.0,9,False,False,True
hybrid_90,2015,14,12,12,2,0.28703784783073794,1.0,9,False,True,False
hybrid_90,2015,15,5,6,2,0.9992516076715281,1.0,9,False,False,True
hybrid_90,2015,16,11,13,1,0.5973337731804171,0.0,9,False,False,True
hybrid_90,2015,17,14,18,1,0.6207942276103522,1.0,9,False,False,True
hybrid_90,2015,18,6,8,1,0.9756910259835858,0.0,9,False,False,True
hybrid_90,2015,19,13,15,2,0.4767487401587618,0.0,9,False,False,True
hybrid_90,2015,20,4,9,2,0.25063606441761377,1.0,9,False,False,True
hybrid_90,2015,21,9,13,2,0.936019618357564,1.0,9,False,False,True
hybrid_90,2015,22,12,19,2,0.4707189281156243,0.0,9,False,False,True
hybrid_90,2015,23,8,5,2,0.596192074665521,1.0,9,True,False,False
hybrid_90,2015,24,18,15,1,0.04741344852394924,1.0,9,True,False,False
hybrid_90,2015,25,4,8,2,0.653243085469598,1.0,9,False,False,True
hybrid_90,2015,26,12,14,1,0.3112475319384713,1.0,9,False,False,True
hybrid_90,2015,27,16,16,1,0.2450479734385601,0.0,9,False,True,False
hybrid_90,2015,28,18,14,2,0.4446563358872301,1.0,9,True,False,False
hybrid_90,2015,29,5,5,2,0.46868739850688823,1.0,9,False,True,False
hybrid_90,2015,30,15,18,1,0.20376272054208233,0.0,9,False,False,True
hybrid_90,2015,31,15,17,1,0.7081950555697202,0.0,9,False,False,True
hybrid_90,2015,32,12,12,0,0.0,0.0,9,False,True,False
hybrid_90,2015,33,9,7,2,0.6795125717768937,0.0,9,True,False,False
hybrid_90,2015,34,12,14,1,0.3585007681032619,0.0,9,False,False,True
hybrid_90,2016,1,10,16,2,0.5683926039441983,0.0,9,False,False,True
hybrid_90,2016,2,8,4,2,0.9128935139345516,0.0,9,True,False,False
hybrid_90,2016,3,13,11,2,0.44889983306023173,0.0,9,True,False,False
hybrid_90,2016,4,13,11,2,0.6944113752410077,1.0,9,True,False,False
hybrid_90,2016,5,15,14,2,0.2236840441571598,0.0,9,True,False,False
hybrid_90,2016,6,11,10,2,0.9379079599293821,0.0,9,True,False,False
hybrid_90,2016,7,14,10,2,0.5341573651135259,0.0,9,True,False,False
hybrid_90,2016,8,17,15,2,0.6834605290115776,1.0,9,True,False,False
hybrid_90,2016,9,18,16,1,0.24464910908542548,0.0,9,True,False,False
hybrid_90,2016,10,10,10,2,0.33010274118551397,1.0,9,False,True,False
hybrid_90,2016,11,12,13,2,0.6014593914893719,0.0,9,False,False,True
hybrid_90,2016,12,9,9,2,0.6699289159448092,0.0,9,False,True,False
hybrid_90,2016,13,19,16,2,0.5475582098403002,0.0,9,True,False,False
hybrid_90,2016,14,12,13,2,0.4051044519640551,1.0,9,False,False,True
hybrid_90,2016,15,6,6,2,0.14228146471388625,0.0,9,False,True,False
hybrid_90,2016,16,6,6,1,0.10050613196969738,0.0,9,False,True,False
hybrid_90,2016,17,19,19,0,0.0,0.0,9,False,True,False
hybrid_90,2016,18,11,11,1,0.551860149364583,1.0,9,False,True,False
hybrid_90,2016,19,18,20,1,0.7880279589321162,0.0,9,False,False,True
hybrid_90,2016,20,9,15,2,0.8022204947524147,0.0,9,False,False,True
hybrid_90,2016,21,4,6,1,0.3032277346224932,0.0,9,False,False,True
hybrid_90,2016,22,15,8,2,0.6135923192322156,0.0,9,True,False,False
hybrid_90,2016,23,10,14,1,0.19671926272187878,0.0,9,False,False,True
hybrid_90,2016,24,4,4,2,0.27130136885619793,0.0,9,False,True,False
hybrid_90,2016,25,21,15,2,0.47857598556942915,0.0,9,True,False,False
hybrid_90,2016,26,7,10,2,0.9102487385693351,0.0,9,False,False,True
hybrid_90,2016,27,17,15,1,0.24350868337754417,0.0,9,True,False,False
hybrid_90,2016,28,15,15,2,0.5736089759468022,0.0,9,False,True,False
hybrid_90,2016,29,11,17,2,0.8845004074207665,0.0,9,False,False,True
hybrid_90,2016,30,15,9,2,0.7577386165341891,0.0,9,True,False,False
hybrid_90,2016,31,16,10,2,0.756535242686527,0.0,9,True,False,False
hybrid_90,2016,32,11,11,0,0.0,0.0,9,False,True,False
hybrid_90,2016,33,7,9,2,0.6567083285765364,0.0,9,False,False,True
hybrid_90,2016,34,10,10,0,0.0,0.0,9,False,True,False
hybrid_90,2017,1,16,18,1,0.5299037412519729,0.0,9,False,False,True
hybrid_90,2017,2,13,13,2,0.7224899743398924,1.0,9,False,True,False
hybrid_90,2017,3,6,6,1,0.7964881856838588,0.0,9,False,True,False
hybrid_90,2017,4,14,15,2,0.8610984686670732,0.0,9,False,False,True
hybrid_90,2017,5,9,13,2,0.6421197592707538,0.0,9,False,False,True
hybrid_90,2017,6,12,12,0,0.0,0.0,9,False,True,False
hybrid_90,2017,7,10,16,2,0.3935154361437099,1.0,9,False,False,True
hybrid_90,2017,8,8,10,2,0.10757940369898777,1.0,9,False,False,True
hybrid_90,2017,9,10,10,2,0.44670631625338264,1.0,9,False,True,False
hybrid_90,2017,10,11,13,1,0.4491233304470025,1.0,9,False,False,True
hybrid_90,2017,11,14,16,2,0.4883736957749829,1.0,9,False,False,True
hybrid_90,2017,12,10,14,2,0.46063004075904923,0.0,9,False,False,True
hybrid_90,2017,13,10,8,1,0.1250545147725961,0.0,9,True,False,False
hybrid_90,2017,14,4,10,2,0.16672022884580218,1.0,9,False,False,True
hybrid_90,2017,15,6,6,1,0.17834191513934583,1.0,9,False,True,False
hybrid_90,2017,16,13,15,2,0.6135020608276492,1.0,9,False,False,True
hybrid_90,2017,17,11,8,2,0.7676191839950094,1.0,9,True,False,False
hybrid_90,2017,18,9,15,2,0.9015925200620148,0.0,9,False,False,True
hybrid_90,2017,19,4,6,2,0.41852202185639187,1.0,9,False,False,True
hybrid_90,2017,20,8,8,0,0.0,0.0,9,False,True,False
hybrid_90,2017,21,9,13,2,0.3412616473869603,0.0,9,False,False,True
hybrid_90,2017,22,16,21,2,0.8900651033432744,1.0,9,False,False,True
hybrid_90,2017,23,19,19,2,0.5666533783832215,1.0,9,False,True,False
hybrid_90,2017,24,4,8,1,0.08557550240482481,1.0,9,False,False,True
hybrid_90,2017,25,14,16,2,0.5528849412389044,0.0,9,False,False,True
hybrid_90,2017,26,17,17,0,0.0,0.0,9,False,True,False
hybrid_90,2017,27,11,8,1,0.18790942321268955,0.0,9,True,False,False
hybrid_90,2017,28,13,13,0,0.0,0.0,9,False,True,False
hybrid_90,2017,29,4,7,1,0.5218234591306555,1.0,9,False,False,True
hybrid_90,2017,30,19,15,2,0.5187502718478059,1.0,9,True,False,False
hybrid_90,2017,31,14,14,2,0.952801478902399,1.0,9,False,True,False
hybrid_90,2017,32,9,9,2,0.6970035226320139,1.0,9,False,True,False
hybrid_90,2017,33,12,12,2,0.9633821324492797,1.0,9,False,True,False
hybrid_90,2017,34,16,18,2,0.9815943171096208,1.0,9,False,False,True
hybrid_90,2018,1,10,8,1,0.29832074317820045,0.0,9,True,False,False
hybrid_90,2018,2,5,5,1,0.3010455365033312,0.0,9,False,True,False
hybrid_90,2018,3,16,15,2,0.7387818226654922,1.0,9,True,False,False
hybrid_90,2018,4,6,9,2,0.8424544678249385,1.0,9,False,False,True
hybrid_90,2018,5,10,17,2,0.6918068597064363,0.0,9,False,False,True
hybrid_90,2018,6,8,12,1,0.6656347498593682,1.0,9,False,False,True
hybrid_90,2018,7,8,10,2,0.6806652162438519,1.0,9,False,False,True
hybrid_90,2018,8,11,11,2,0.4897445032589939,1.0,9,False,True,False
hybrid_90,2018,9,6,6,0,0.0,0.0,9,False,True,False
hybrid_90,2018,10,7,11,2,0.9944889769827474,1.0,9,False,False,True
hybrid_90,2018,11,13,8,2,0.5474180011415425,0.0,9,True,False,False
hybrid_90,2018,12,10,12,2,0.8411869359796429,1.0,9,False,False,True
hybrid_90,2018,13,10,16,2,0.5217166870253565,1.0,9,False,False,True
hybrid_90,2018,14,10,16,2,0.7167793365375352,1.0,9,False,False,True
hybrid_90,2018,15,16,12,2,0.08955749814981973,1.0,9,True,False,False
hybrid_90,2018,16,11,8,1,0.2560657471224116,1.0,9,True,False,False
hybrid_90,2018,17,14,13,2,0.1849979157606586,1.0,9,True,False,False
hybrid_90,2018,18,18,12,2,0.7410586185599232,0.0,9,True,False,False
hybrid_90,2018,19,16,18,1,0.06896752528845929,0.0,9,False,False,True
hybrid_90,2018,20,6,4,2,0.5465991162533218,0.0,9,True,False,False
hybrid_90,2018,21,14,14,0,0.0,0.0,9,False,True,False
hybrid_90,2018,22,10,10,0,0.0,0.0,9,False,True,False
hybrid_90,2018,23,12,12,0,0.0,0.0,9,False,True,False
hybrid_90,2018,24,12,14,1,0.6623665953715009,1.0,9,False,False,True
hybrid_90,2018,25,17,17,0,0.0,0.0,9,False,True,False
hybrid_90,2018,26,15,15,0,0.0,0.0,9,False,True,False
hybrid_90,2018,27,12,14,1,0.831966409666007,1.0,9,False,False,True
hybrid_90,2018,28,11,11,2,0.6281243800161621,0.0,9,False,True,False
hybrid_90,2018,29,22,18,1,0.15069595562556137,1.0,9,True,False,False
hybrid_90,2018,30,16,18,1,0.4233484372849189,0.0,9,False,False,True
hybrid_90,2018,31,2,4,1,0.9310577413175039,0.0,9,False,False,True
hybrid_90,2018,32,8,8,2,0.7138217841180613,0.0,9,False,True,False
hybrid_90,2018,33,2,4,1,0.5127128431458844,1.0,9,False,False,True
hybrid_90,2018,34,12,14,1,0.6614319874286616,1.0,9,False,False,True
hybrid_90,2019,1,10,15,2,0.6386280722629301,0.0,9,False,False,True
hybrid_90,2019,2,19,15,2,0.51003200405115,0.0,9,True,False,False
hybrid_90,2019,3,9,13,1,0.8920456412725919,0.0,9,False,False,True
hybrid_90,2019,4,8,12,2,0.9301019059723739,0.0,9,False,False,True
hybrid_90,2019,5,14,18,1,0.8161937469591467,0.0,9,False,False,True
hybrid_90,2019,6,7,11,1,0.2152594489160805,1.0,9,False,False,True
hybrid_90,2019,7,8,8,1,0.21266894935209502,0.0,9,False,True,False
hybrid_90,2019,8,3,7,2,0.9168400924179395,0.0,9,False,False,True
hybrid_90,2019,9,9,8,2,0.6880310921672683,0.0,9,True,False,False
hybrid_90,2019,10,15,9,2,0.6763915384797254,0.0,9,True,False,False
hybrid_90,2019,11,15,8,2,0.168134561549389,0.0,9,True,False,False
hybrid_90,2019,12,10,4,2,0.9043019712115267,1.0,9,True,False,False
hybrid_90,2019,13,11,11,1,0.6884308148912367,0.0,9,False,True,False
hybrid_90,2019,14,17,14,1,0.16089396199709416,0.0,9,True,False,False
hybrid_90,2019,15,9,16,2,0.5736880999770562,0.0,9,False,False,True
hybrid_90,2019,16,8,8,1,0.31430346622067207,0.0,9,False,True,False
hybrid_90,2019,17,10,13,2,0.5122128999524904,0.0,9,False,False,True
hybrid_90,2019,18,13,12,2,0.41400007449594245,0.0,9,True,False,False
hybrid_90,2019,19,10,10,2,0.5789014541282593,0.0,9,False,True,False
hybrid_90,2019,20,11,13,1,0.6710144690015651,0.0,9,False,False,True
hybrid_90,2019,21,8,9,2,0.5517465392468893,0.0,9,False,False,True
hybrid_90,2019,22,11,15,1,0.07221812665085481,0.0,9,False,False,True
hybrid_90,2019,23,10,10,0,0.0,0.0,9,False,True,False
hybrid_90,2019,24,14,16,1,0.6590243685025353,0.0,9,False,False,True
hybrid_90,2019,25,12,14,2,0.5805770945273017,0.0,9,False,False,True
hybrid_90,2019,26,14,14,0,0.0,0.0,9,False,True,False
hybrid_90,2019,27,14,8,2,0.7538335584760536,1.0,9,True,False,False
hybrid_90,2019,28,6,5,2,0.33862410117170894,1.0,9,True,False,False
hybrid_90,2019,29,16,16,1,0.05931062586724489,1.0,9,False,True,False
hybrid_90,2019,30,7,7,0,0.0,0.0,9,False,True,False
hybrid_90,2019,31,9,8,2,0.5302194956339507,1.0,9,True,False,False
hybrid_90,2019,32,13,15,1,0.3849549489815637,0.0,9,False,False,True
hybrid_90,2019,33,13,11,2,0.8794883469640885,0.0,9,True,False,False
hybrid_90,2019,34,20,20,0,0.0,0.0,9,False,True,False
hybrid_90,2020,1,15,9,2,0.3803571553078532,0.0,9,True,False,False
hybrid_90,2020,2,5,0,2,0.24418910728266852,0.0,9,True,False,False
hybrid_90,2020,3,10,18,2,0.654171210962287,0.0,9,False,False,True
hybrid_90,2020,4,8,14,2,0.8431262264150293,1.0,9,False,False,True
hybrid_90,2020,5,11,14,1,0.7166338653169853,1.0,9,False,False,True
hybrid_90,2020,6,12,8,1,0.6205608509770099,1.0,9,True,False,False
hybrid_90,2020,7,13,16,2,0.7443798606507452,0.0,9,False,False,True
hybrid_90,2020,8,10,6,1,0.011010624921877987,0.0,9,True,False,False
hybrid_90,2020,9,7,9,1,0.4230251562908226,1.0,9,False,False,True
hybrid_90,2020,10,8,10,1,0.4824583557517429,1.0,9,False,False,True
hybrid_90,2020,11,13,12,2,0.710101391603651,1.0,9,True,False,False
hybrid_90,2020,12,13,13,2,0.9246570216622354,1.0,9,False,True,False
hybrid_90,2020,13,12,11,2,0.20278262767591615,0.0,9,True,False,False
hybrid_90,2020,14,14,16,1,0.7767053056330387,1.0,9,False,False,True
hybrid_90,2020,15,6,6,0,0.0,0.0,9,False,True,False
hybrid_90,2020,16,9,6,2,0.8113441840858978,1.0,9,True,False,False
hybrid_90,2020,17,7,10,2,0.9804630710857312,1.0,9,False,False,True
hybrid_90,2020,18,6,6,0,0.0,0.0,9,False,True,False
hybrid_90,2020,19,12,16,2,0.8805809804335766,1.0,9,False,False,True
hybrid_90,2020,20,12,12,0,0.0,0.0,9,False,True,False
hybrid_90,2020,21,4,4,0,0.0,0.0,9,False,True,False
hybrid_90,2020,22,9,11,2,0.40947593299950613,0.0,9,False,False,True
hybrid_90,2020,23,11,11,0,0.0,0.0,9,False,True,False
hybrid_90,2020,24,4,12,2,0.7219329312129814,0.0,9,False,False,True
hybrid_90,2020,25,12,15,1,0.05327020933075888,0.0,9,False,False,True
hybrid_90,2020,26,16,16,0,0.0,0.0,9,False,True,False
hybrid_90,2020,27,19,19,2,0.7088993149308385,0.0,9,False,True,False
hybrid_90,2020,28,5,11,2,0.8295605499968782,0.0,9,False,False,True
hybrid_90,2020,29,13,13,0,0.0,0.0,9,False,True,False
hybrid_90,2020,30,17,17,0,0.0,0.0,9,False,True,False
hybrid_90,2020,31,13,18,2,0.5577500996647403,0.0,9,False,False,True
hybrid_90,2020,32,16,14,1,0.5530213686542493,0.0,9,True,False,False
hybrid_90,2020,33,2,5,2,0.08374647878784103,0.0,9,False,False,True
hybrid_90,2020,34,16,18,2,0.29573216082649745,1.0,9,False,False,True
hybrid_90,2021,1,14,11,1,0.08190034277538016,1.0,9,True,False,False
hybrid_90,2021,2,13,12,2,0.3327141265460867,1.0,9,True,False,False
hybrid_90,2021,3,24,17,2,0.7995932528498214,1.0,9,True,False,False
hybrid_90,2021,4,8,13,2,0.42240686488647694,0.0,9,False,False,True
hybrid_90,2021,5,11,8,1,0.3419579380834523,1.0,9,True,False,False
hybrid_90,2021,6,9,13,1,0.6616022893389129,1.0,9,False,False,True
hybrid_90,2021,7,13,13,1,0.2923212766532477,1.0,9,False,True,False
hybrid_90,2021,8,10,7,2,0.7967884257576947,1.0,9,True,False,False
hybrid_90,2021,9,8,10,1,0.6989660092740626,1.0,9,False,False,True
hybrid_90,2021,10,12,15,1,0.33888563149153506,1.0,9,False,False,True
hybrid_90,2021,11,16,12,2,0.5714768705748279,1.0,9,True,False,False
hybrid_90,2021,12,13,10,1,0.409165903861742,1.0,9,True,False,False
hybrid_90,2021,13,10,10,1,0.18080003142081624,1.0,9,False,True,False
hybrid_90,2021,14,7,10,2,0.8593933197729652,1.0,9,False,False,True
hybrid_90,2021,15,4,6,1,0.3201620125189728,1.0,9,False,False,True
hybrid_90,2021,16,9,8,2,0.8315385546074241,1.0,9,True,False,False
hybrid_90,2021,17,12,12,2,0.27076592710976544,0.0,9,False,True,False
hybrid_90,2021,18,6,9,2,0.8927344708178397,1.0,9,False,False,True
hybrid_90,2021,19,10,14,1,0.7128633552877738,1.0,9,False,False,True
hybrid_90,2021,20,11,11,2,0.578706383278773,1.0,9,False,True,False
hybrid_90,2021,21,13,10,2,0.4272844531855916,0.0,9,True,False,False
hybrid_90,2021,22,15,13,2,0.8883546411604571,1.0,9,True,False,False
hybrid_90,2021,23,17,17,2,0.5077968723384269,1.0,9,False,True,False
hybrid_90,2021,24,15,15,0,0.0,0.0,9,False,True,False
hybrid_90,2021,25,18,15,2,0.411796717057488,1.0,9,True,False,False
hybrid_90,2021,26,12,12,0,0.0,0.0,9,False,True,False
hybrid_90,2021,27,6,11,2,0.6939312533438271,0.0,9,False,False,True
hybrid_90,2021,28,10,8,2,0.37774336146982823,0.0,9,True,False,False
hybrid_90,2021,29,11,13,1,0.7374329038718288,1.0,9,False,False,True
hybrid_90,2021,30,9,11,1,0.7416161479750535,1.0,9,False,False,True
hybrid_90,2021,31,8,10,1,0.22491716176749965,0.0,9,False,False,True
hybrid_90,2021,32,7,4,2,0.6643183871406176,0.0,9,True,False,False
hybrid_90,2021,33,14,10,1,0.13388899085797124,0.0,9,True,False,False
hybrid_90,2021,34,14,14,2,0.29350253066742515,0.0,9,False,True,False
hybrid_90,2022,1,10,16,2,0.7353108530394028,0.0,9,False,False,True
hybrid_90,2022,2,9,9,1,0.40349374399487115,0.0,9,False,True,False
hybrid_90,2022,3,12,9,2,0.47933641525674564,0.0,9,True,False,False
hybrid_90,2022,4,13,15,1,0.9198442263357516,1.0,9,False,False,True
hybrid_90,2022,5,7,5,2,0.4702855526929811,1.0,9,True,False,False
hybrid_90,2022,6,7,6,2,0.33808983374908075,0.0,9,True,False,False
hybrid_90,2022,7,6,4,2,0.6163556213931864,0.0,9,True,False,False
hybrid_90,2022,8,11,15,2,0.3714780774000437,0.0,9,False,False,True
hybrid_90,2022,9,12,4,2,0.5814219431569814,0.0,9,True,False,False
hybrid_90,2022,10,15,11,2,0.3008446503676052,0.0,9,True,False,False
hybrid_90,2022,11,9,11,1,0.592312800371359,0.0,9,False,False,True
hybrid_90,2022,12,15,23,2,0.9171125917208868,0.0,9,False,False,True
hybrid_90,2022,13,18,20,1,0.42177973139915226,0.0,9,False,False,True
hybrid_90,2022,14,16,14,1,0.26709768187115424,0.0,9,True,False,False
hybrid_90,2022,15,8,12,1,0.5286237947034609,0.0,9,False,False,True
hybrid_90,2022,16,12,15,1,0.11817877073740046,0.0,9,False,False,True
hybrid_90,2022,17,19,12,2,0.2502615201191988,0.0,9,True,False,False
hybrid_90,2022,18,6,8,1,0.43787817124917217,0.0,9,False,False,True
hybrid_90,2022,19,14,9,2,0.7624399468234205,0.0,9,True,False,False
hybrid_90,2022,20,14,14,0,0.0,0.0,9,False,True,False
hybrid_90,2022,21,11,10,2,0.424464606571885,0.0,9,True,False,False
hybrid_90,2022,22,15,15,1,0.09775073057415018,1.0,9,False,True,False
hybrid_90,2022,23,15,15,0,0.0,0.0,9,False,True,False
hybrid_90,2022,24,11,11,0,0.0,0.0,9,False,True,False
hybrid_90,2022,25,9,6,1,0.22569880865915815,0.0,9,True,False,False
hybrid_90,2022,26,6,6,0,0.0,0.0,9,False,True,False
hybrid_90,2022,27,16,21,2,0.4244939269801764,0.0,9,False,False,True
hybrid_90,2022,28,6,8,2,0.18818839703519508,1.0,9,False,False,True
hybrid_90,2022,29,11,8,2,0.6891363608463351,0.0,9,True,False,False
hybrid_90,2022,30,14,15,2,0.4193424478320861,1.0,9,False,False,True
hybrid_90,2022,31,6,11,2,0.8665129004196696,1.0,9,False,False,True
hybrid_90,2022,32,17,19,2,0.3463444470623357,1.0,9,False,False,True
hybrid_90,2022,33,4,8,2,0.09780821937876472,1.0,9,False,False,True
hybrid_90,2022,34,12,16,1,0.2068319745310533,1.0,9,False,False,True
hybrid_90,2023,1,16,16,0,0.0,0.0,9,False,True,False
hybrid_90,2023,2,9,14,2,0.9317470528459816,1.0,9,False,False,True
hybrid_90,2023,3,10,12,1,0.32978621910169725,0.0,9,False,False,True
hybrid_90,2023,4,16,10,2,0.18971980562959734,1.0,9,True,False,False
hybrid_90,2023,5,23,16,2,0.305461848601725,1.0,9,True,False,False
hybrid_90,2023,6,13,10,2,0.8831226829453911,0.0,9,True,False,False
hybrid_90,2023,7,11,13,1,0.8615073926974932,0.0,9,False,False,True
hybrid_90,2023,8,19,17,1,0.018198170069679165,0.0,9,True,False,False
hybrid_90,2023,9,12,12,1,0.052682285682288055,0.0,9,False,True,False
hybrid_90,2023,10,7,5,1,0.10563317433998931,0.0,9,True,False,False
hybrid_90,2023,11,12,12,0,0.0,0.0,9,False,True,False
hybrid_90,2023,12,10,10,1,0.5393688568523355,0.0,9,False,True,False
hybrid_90,2023,13,10,12,1,0.10581088322295118,1.0,9,False,False,True
hybrid_90,2023,14,13,12,2,0.526784955176645,1.0,9,True,False,False
hybrid_90,2023,15,17,14,1,0.925199085586726,0.0,9,True,False,False
hybrid_90,2023,16,15,14,2,0.5574138353314243,1.0,9,True,False,False
hybrid_90,2023,17,13,9,2,0.7142412532421715,1.0,9,True,False,False
hybrid_90,2023,18,12,9,2,0.15646306409991828,0.0,9,True,False,False
hybrid_90,2023,19,12,12,0,0.0,0.0,9,False,True,False
hybrid_90,2023,20,15,12,1,0.47352931776131846,0.0,9,True,False,False
hybrid_90,2023,21,10,8,2,0.790153324782792,0.0,9,True,False,False
hybrid_90,2023,22,13,13,2,0.6419814239115794,0.0,9,False,True,False
hybrid_90,2023,23,15,12,1,0.339737693266952,1.0,9,True,False,False
hybrid_90,2023,24,15,19,2,0.7189265536826985,0.0,9,False,False,True
hybrid_90,2023,25,19,19,0,0.0,0.0,9,False,True,False
hybrid_90,2023,26,15,17,1,0.8065517957597449,0.0,9,False,False,True
hybrid_90,2023,27,2,4,1,0.18581244554444498,0.0,9,False,False,True
hybrid_90,2023,28,14,14,2,0.8408171541891556,0.0,9,False,True,False
hybrid_90,2023,29,21,21,1,0.5101848610553124,0.0,9,False,True,False
hybrid_90,2023,30,12,14,2,0.47937421583733786,0.0,9,False,False,True
hybrid_90,2023,31,7,10,1,0.34134237016030367,0.0,9,False,False,True
hybrid_90,2023,32,8,8,2,0.5445449328551653,0.0,9,False,True,False
hybrid_90,2023,33,11,13,2,0.5176688865109389,1.0,9,False,False,True
hybrid_90,2023,34,10,15,2,0.7870042117187106,1.0,9,False,False,True
hybrid_90,2024,1,13,13,1,0.28739921421937575,0.0,9,False,True,False
hybrid_90,2024,2,9,13,2,0.9665085496220642,1.0,9,False,False,True
hybrid_90,2024,3,18,18,0,0.0,0.0,9,False,True,False
hybrid_90,2024,4,15,14,2,0.2916596819031848,0.0,9,True,False,False
hybrid_90,2024,5,7,10,1,0.2817053819587053,1.0,9,False,False,True
hybrid_90,2024,6,5,12,2,0.8362716050237088,1.0,9,False,False,True
hybrid_90,2024,7,16,19,1,0.771369087565809,0.0,9,False,False,True
hybrid_90,2024,8,10,6,2,0.13258375264264677,1.0,9,True,False,False
hybrid_90,2024,9,4,10,2,0.6863753933506067,0.0,9,False,False,True
hybrid_90,2024,10,11,8,2,0.4404724152260562,1.0,9,True,False,False
hybrid_90,2024,11,21,23,1,0.6023428718875788,1.0,9,False,False,True
hybrid_90,2024,12,12,14,1,0.7404234744926621,1.0,9,False,False,True
hybrid_90,2024,13,15,18,1,0.45055631110548633,1.0,9,False,False,True
hybrid_90,2024,14,6,13,2,0.6716397319644625,0.0,9,False,False,True
hybrid_90,2024,15,12,10,2,0.43669868694316594,0.0,9,True,False,False
hybrid_90,2024,16,23,20,2,0.2900255706519881,1.0,9,True,False,False
hybrid_90,2024,17,15,17,2,0.9226113754115285,1.0,9,False,False,True
hybrid_90,2024,18,11,14,2,0.33419325066909844,1.0,9,False,False,True
hybrid_90,2024,19,10,12,1,0.11174525297008797,1.0,9,False,False,True
hybrid_90,2024,20,16,16,2,0.43842605892827335,1.0,9,False,True,False
hybrid_90,2024,21,11,7,2,0.6111394133542044,0.0,9,True,False,False
hybrid_90,2024,22,10,6,2,0.38984820939538656,1.0,9,True,False,False
hybrid_90,2024,23,9,11,1,0.6104131134833148,1.0,9,False,False,True
hybrid_90,2024,24,19,15,1,0.4778391816895413,0.0,9,True,False,False
hybrid_90,2024,25,2,0,2,0.7987046752242066,1.0,9,True,False,False
hybrid_90,2024,26,10,16,2,0.7501454407247143,1.0,9,False,False,True
hybrid_90,2024,27,10,12,2,0.6498421965492273,0.0,9,False,False,True
hybrid_90,2024,28,11,15,2,0.34271352375709896,0.0,9,False,False,True
hybrid_90,2024,29,12,8,1,0.1976788788300382,0.0,9,True,False,False
hybrid_90,2024,30,11,11,0,0.0,0.0,9,False,True,False
hybrid_90,2024,31,14,11,2,0.8607064675827828,1.0,9,True,False,False
hybrid_90,2024,32,6,6,1,0.18268184589446945,0.0,9,False,True,False
hybrid_90,2024,33,11,13,1,0.1927925450272634,0.0,9,False,False,True
hybrid_90,2024,34,7,4,2,0.8113592405000295,0.0,9,True,False,False
hybrid_90,2025,1,6,6,1,0.6778971735339291,0.0,9,False,True,False
hybrid_90,2025,2,13,13,2,0.7083016334939449,1.0,9,False,True,False
hybrid_90,2025,3,9,9,2,0.8587136688851681,0.0,9,False,True,False
hybrid_90,2025,4,11,14,1,0.8357824765444928,0.0,9,False,False,True
hybrid_90,2025,5,13,13,0,0.0,0.0,9,False,True,False
hybrid_90,2025,6,16,13,2,0.8016643045075909,0.0,9,True,False,False
hybrid_90,2025,7,15,15,1,0.07196922915886428,0.0,9,False,True,False
hybrid_90,2025,8,20,20,0,0.0,0.0,9,False,True,False
hybrid_90,2025,9,14,12,2,0.993097132422894,0.0,9,True,False,False
hybrid_90,2025,10,15,17,1,0.30115412429313615,0.0,9,False,False,True
hybrid_90,2025,11,19,15,2,0.269521896775893,0.0,9,True,False,False
hybrid_90,2025,12,7,11,1,0.024182181312119022,0.0,9,False,False,True
hybrid_90,2025,13,12,11,2,0.45779756305880737,0.0,9,True,False,False
hybrid_90,2025,14,11,14,1,0.7287323016452664,0.0,9,False,False,True
hybrid_90,2025,15,4,4,2,0.45967733761781593,0.0,9,False,True,False
hybrid_90,2025,16,10,10,0,0.0,0.0,9,False,True,False
hybrid_90,2025,17,21,21,1,0.10510996576991583,0.0,9,False,True,False
hybrid_90,2025,18,11,11,1,0.20526515828497183,0.0,9,False,True,False
hybrid_90,2025,19,21,21,0,0.0,0.0,9,False,True,False
hybrid_90,2025,20,12,15,1,0.3768445068582005,1.0,9,False,False,True
hybrid_90,2025,21,17,17,1,0.558502928905849,0.0,9,False,True,False
hybrid_90,2025,22,19,19,0,0.0,0.0,9,False,True,False
hybrid_90,2025,23,6,6,1,0.33706459298489067,0.0,9,False,True,False
hybrid_90,2025,24,16,19,1,0.8899266702553549,0.0,9,False,False,True
hybrid_90,2025,25,17,13,2,0.2048296736639047,0.0,9,True,False,False
hybrid_90,2025,26,11,11,0,0.0,0.0,9,False,True,False
hybrid_90,2025,27,6,12,2,0.9057326614508195,0.0,9,False,False,True
hybrid_90,2025,28,12,8,1,0.908565630173122,0.0,9,True,False,False
hybrid_90,2025,29,13,9,1,0.08709377285407482,0.0,9,True,False,False
hybrid_90,2025,30,9,15,2,0.5980231640195459,0.0,9,False,False,True
hybrid_90,2025,31,16,16,1,0.2753256781911152,0.0,9,False,True,False
hybrid_90,2025,32,5,2,2,0.1811904335281067,0.0,9,True,False,False
hybrid_90,2025,33,15,15,0,0.0,0.0,9,False,True,False
hybrid_90,2025,34,8,6,1,0.6268584290943521,0.0,9,True,False,False
full_90,2011,1,11,10,3,,,9,True,False,False
full_90,2011,2,12,8,4,,,9,True,False,False
full_90,2011,3,8,8,7,,,9,False,True,False
full_90,2011,4,10,13,4,,,9,False,False,True
full_90,2011,5,16,14,5,,,9,True,False,False
full_90,2011,6,14,10,5,,,9,True,False,False
full_90,2011,7,18,18,6,,,9,False,True,False
full_90,2011,8,14,11,6,,,9,True,False,False
full_90,2011,9,9,11,5,,,9,False,False,True
full_90,2011,10,10,10,5,,,9,False,True,False
full_90,2011,11,15,15,4,,,9,False,True,False
full_90,2011,12,7,9,4,,,9,False,False,True
full_90,2011,13,8,12,4,,,9,False,False,True
full_90,2011,14,10,10,4,,,9,False,True,False
full_90,2011,15,10,8,2,,,9,True,False,False
full_90,2011,16,8,11,4,,,9,False,False,True
full_90,2011,17,12,10,2,,,9,True,False,False
full_90,2011,18,16,16,3,,,9,False,True,False
full_90,2011,19,18,14,6,,,9,True,False,False
full_90,2011,20,2,2,3,,,9,False,True,False
full_90,2011,21,13,18,2,,,9,False,False,True
full_90,2011,22,14,16,3,,,9,False,False,True
full_90,2011,23,13,13,3,,,9,False,True,False
full_90,2011,24,5,6,5,,,9,False,False,True
full_90,2011,25,14,13,5,,,9,True,False,False
full_90,2011,26,16,8,6,,,9,True,False,False
full_90,2011,27,16,16,3,,,9,False,True,False
full_90,2011,28,10,7,6,,,9,True,False,False
full_90,2011,29,11,11,2,,,9,False,True,False
full_90,2011,30,17,13,2,,,9,True,False,False
full_90,2011,31,8,12,4,,,9,False,False,True
full_90,2011,32,5,6,3,,,9,False,False,True
full_90,2011,33,13,13,5,,,9,False,True,False
full_90,2011,34,17,16,3,,,9,True,False,False
full_90,2012,1,7,7,4,,,9,False,True,False
full_90,2012,2,12,8,6,,,9,True,False,False
full_90,2012,3,12,15,3,,,9,False,False,True
full_90,2012,4,11,6,5,,,9,True,False,False
full_90,2012,5,10,8,5,,,9,True,False,False
full_90,2012,6,8,13,7,,,9,False,False,True
full_90,2012,7,6,18,7,,,9,False,False,True
full_90,2012,8,6,6,2,,,9,False,True,False
full_90,2012,9,6,12,6,,,9,False,False,True
full_90,2012,10,10,15,7,,,9,False,False,True
full_90,2012,11,14,13,3,,,9,True,False,False
full_90,2012,12,10,12,3,,,9,False,False,True
full_90,2012,13,14,11,6,,,9,True,False,False
full_90,2012,14,11,11,4,,,9,False,True,False
full_90,2012,15,17,12,5,,,9,True,False,False
full_90,2012,16,12,16,3,,,9,False,False,True
full_90,2012,17,15,6,5,,,9,True,False,False
full_90,2012,18,17,13,4,,,9,True,False,False
full_90,2012,19,24,20,5,,,9,True,False,False
full_90,2012,20,7,14,5,,,9,False,False,True
full_90,2012,21,9,12,5,,,9,False,False,True
full_90,2012,22,15,17,6,,,9,False,False,True
full_90,2012,23,13,11,4,,,9,True,False,False
full_90,2012,24,15,9,6,,,9,True,False,False
full_90,2012,25,2,2,3,,,9,False,True,False
full_90,2012,26,7,9,5,,,9,False,False,True
full_90,2012,27,14,15,4,,,9,False,False,True
full_90,2012,28,11,14,4,,,9,False,False,True
full_90,2012,29,6,10,3,,,9,False,False,True
full_90,2012,30,14,19,4,,,9,False,False,True
full_90,2012,31,15,18,8,,,9,False,False,True
full_90,2012,32,10,9,3,,,9,True,False,False
full_90,2012,33,9,7,4,,,9,True,False,False
full_90,2012,34,18,17,5,,,9,True,False,False
full_90,2013,1,13,15,7,,,9,False,False,True
full_90,2013,2,12,12,1,,,9,False,True,False
full_90,2013,3,17,17,4,,,9,False,True,False
full_90,2013,4,12,14,3,,,9,False,False,True
full_90,2013,5,8,18,6,,,9,False,False,True
full_90,2013,6,13,13,4,,,9,False,True,False
full_90,2013,7,10,10,4,,,9,False,True,False
full_90,2013,8,2,2,2,,,9,False,True,False
full_90,2013,9,17,13,7,,,9,True,False,False
full_90,2013,10,13,14,5,,,9,False,False,True
full_90,2013,11,13,10,6,,,9,True,False,False
full_90,2013,12,12,14,3,,,9,False,False,True
full_90,2013,13,13,9,5,,,9,True,False,False
full_90,2013,14,12,14,2,,,9,False,False,True
full_90,2013,15,16,12,4,,,9,True,False,False
full_90,2013,16,11,11,1,,,9,False,True,False
full_90,2013,17,2,6,6,,,9,False,False,True
full_90,2013,18,4,10,3,,,9,False,False,True
full_90,2013,19,19,18,1,,,9,True,False,False
full_90,2013,20,16,14,2,,,9,True,False,False
full_90,2013,21,8,10,5,,,9,False,False,True
full_90,2013,22,13,9,4,,,9,True,False,False
full_90,2013,23,8,10,2,,,9,False,False,True
full_90,2013,24,7,7,2,,,9,False,True,False
full_90,2013,25,10,5,4,,,9,True,False,False
full_90,2013,26,16,16,2,,,9,False,True,False
full_90,2013,27,9,11,3,,,9,False,False,True
full_90,2013,28,16,16,4,,,9,False,True,False
full_90,2013,29,8,12,4,,,9,False,False,True
full_90,2013,30,17,17,3,,,9,False,True,False
full_90,2013,31,10,11,2,,,9,False,False,True
full_90,2013,32,7,9,4,,,9,False,False,True
full_90,2013,33,21,18,3,,,9,True,False,False
full_90,2013,34,23,23,1,,,9,False,True,False
full_90,2014,1,10,11,6,,,9,False,False,True
full_90,2014,2,6,5,4,,,9,True,False,False
full_90,2014,3,9,9,3,,,9,False,True,False
full_90,2014,4,10,2,6,,,9,True,False,False
full_90,2014,5,7,14,4,,,9,False,False,True
full_90,2014,6,5,16,6,,,9,False,False,True
full_90,2014,7,9,15,2,,,9,False,False,True
full_90,2014,8,15,15,4,,,9,False,True,False
full_90,2014,9,13,15,3,,,9,False,False,True
full_90,2014,10,15,13,5,,,9,True,False,False
full_90,2014,11,8,11,6,,,9,False,False,True
full_90,2014,12,6,6,6,,,9,False,True,False
full_90,2014,13,15,16,5,,,9,False,False,True
full_90,2014,14,17,18,3,,,9,False,False,True
full_90,2014,15,5,5,2,,,9,False,True,False
full_90,2014,16,13,13,4,,,9,False,True,False
full_90,2014,17,8,9,3,,,9,False,False,True
full_90,2014,18,13,12,4,,,9,True,False,False
full_90,2014,19,8,8,2,,,9,False,True,False
full_90,2014,20,10,11,5,,,9,False,False,True
full_90,2014,21,15,18,4,,,9,False,False,True
full_90,2014,22,9,9,4,,,9,False,True,False
full_90,2014,23,16,18,2,,,9,False,False,True
full_90,2014,24,6,9,5,,,9,False,False,True
full_90,2014,25,12,15,7,,,9,False,False,True
full_90,2014,26,7,8,5,,,9,False,False,True
full_90,2014,27,16,9,5,,,9,True,False,False
full_90,2014,28,14,15,7,,,9,False,False,True
full_90,2014,29,13,20,4,,,9,False,False,True
full_90,2014,30,11,12,6,,,9,False,False,True
full_90,2014,31,12,11,5,,,9,True,False,False
full_90,2014,32,12,10,6,,,9,True,False,False
full_90,2014,33,19,16,6,,,9,True,False,False
full_90,2014,34,16,20,3,,,9,False,False,True
full_90,2015,1,6,14,5,,,9,False,False,True
full_90,2015,2,8,7,3,,,9,True,False,False
full_90,2015,3,13,12,6,,,9,True,False,False
full_90,2015,4,10,12,2,,,9,False,False,True
full_90,2015,5,17,14,2,,,9,True,False,False
full_90,2015,6,11,13,8,,,9,False,False,True
full_90,2015,7,13,8,5,,,9,True,False,False
full_90,2015,8,4,9,2,,,9,False,False,True
full_90,2015,9,8,13,3,,,9,False,False,True
full_90,2015,10,13,12,7,,,9,True,False,False
full_90,2015,11,10,6,6,,,9,True,False,False
full_90,2015,12,8,5,5,,,9,True,False,False
full_90,2015,13,13,15,7,,,9,False,False,True
full_90,2015,14,17,12,5,,,9,True,False,False
full_90,2015,15,5,6,4,,,9,False,False,True
full_90,2015,16,13,13,6,,,9,False,True,False
full_90,2015,17,18,18,4,,,9,False,True,False
full_90,2015,18,4,8,4,,,9,False,False,True
full_90,2015,19,12,15,4,,,9,False,False,True
full_90,2015,20,11,9,4,,,9,True,False,False
full_90,2015,21,11,13,4,,,9,False,False,True
full_90,2015,22,6,19,5,,,9,False,False,True
full_90,2015,23,10,5,5,,,9,True,False,False
full_90,2015,24,14,15,3,,,9,False,False,True
full_90,2015,25,14,8,5,,,9,True,False,False
full_90,2015,26,15,14,7,,,9,True,False,False
full_90,2015,27,13,16,4,,,9,False,False,True
full_90,2015,28,12,14,5,,,9,False,False,True
full_90,2015,29,9,5,3,,,9,True,False,False
full_90,2015,30,12,18,4,,,9,False,False,True
full_90,2015,31,15,17,3,,,9,False,False,True
full_90,2015,32,12,12,2,,,9,False,True,False
full_90,2015,33,9,7,6,,,9,True,False,False
full_90,2015,34,12,14,1,,,9,False,False,True
full_90,2016,1,14,16,2,,,9,False,False,True
full_90,2016,2,6,4,3,,,9,True,False,False
full_90,2016,3,11,11,4,,,9,False,True,False
full_90,2016,4,13,11,5,,,9,True,False,False
full_90,2016,5,23,14,5,,,9,True,False,False
full_90,2016,6,11,10,4,,,9,True,False,False
full_90,2016,7,16,10,5,,,9,True,False,False
full_90,2016,8,12,15,4,,,9,False,False,True
full_90,2016,9,13,16,4,,,9,False,False,True
full_90,2016,10,12,10,5,,,9,True,False,False
full_90,2016,11,9,13,7,,,9,False,False,True
full_90,2016,12,14,9,7,,,9,True,False,False
full_90,2016,13,17,16,7,,,9,True,False,False
full_90,2016,14,11,13,5,,,9,False,False,True
full_90,2016,15,6,6,4,,,9,False,True,False
full_90,2016,16,6,6,3,,,9,False,True,False
full_90,2016,17,18,19,3,,,9,False,False,True
full_90,2016,18,14,11,3,,,9,True,False,False
full_90,2016,19,22,20,2,,,9,True,False,False
full_90,2016,20,6,15,4,,,9,False,False,True
full_90,2016,21,11,6,4,,,9,True,False,False
full_90,2016,22,11,8,3,,,9,True,False,False
full_90,2016,23,12,14,4,,,9,False,False,True
full_90,2016,24,4,4,3,,,9,False,True,False
full_90,2016,25,19,15,1,,,9,True,False,False
full_90,2016,26,9,10,6,,,9,False,False,True
full_90,2016,27,17,15,3,,,9,True,False,False
full_90,2016,28,15,15,3,,,9,False,True,False
full_90,2016,29,12,17,5,,,9,False,False,True
full_90,2016,30,14,9,4,,,9,True,False,False
full_90,2016,31,10,10,3,,,9,False,True,False
full_90,2016,32,11,11,3,,,9,False,True,False
full_90,2016,33,5,9,5,,,9,False,False,True
full_90,2016,34,10,10,3,,,9,False,True,False
full_90,2017,1,19,18,5,,,9,True,False,False
full_90,2017,2,13,13,4,,,9,False,True,False
full_90,2017,3,6,6,4,,,9,False,True,False
full_90,2017,4,12,15,5,,,9,False,False,True
full_90,2017,5,13,13,6,,,9,False,True,False
full_90,2017,6,12,12,5,,,9,False,True,False
full_90,2017,7,10,16,5,,,9,False,False,True
full_90,2017,8,8,10,3,,,9,False,False,True
full_90,2017,9,13,10,3,,,9,True,False,False
full_90,2017,10,13,13,5,,,9,False,True,False
full_90,2017,11,18,16,5,,,9,True,False,False
full_90,2017,12,10,14,3,,,9,False,False,True
full_90,2017,13,7,8,5,,,9,False,False,True
full_90,2017,14,6,10,7,,,9,False,False,True
full_90,2017,15,9,6,6,,,9,True,False,False
full_90,2017,16,18,15,5,,,9,True,False,False
full_90,2017,17,11,8,4,,,9,True,False,False
full_90,2017,18,15,15,4,,,9,False,True,False
full_90,2017,19,5,6,4,,,9,False,False,True
full_90,2017,20,11,8,6,,,9,True,False,False
full_90,2017,21,7,13,4,,,9,False,False,True
full_90,2017,22,16,21,2,,,9,False,False,True
full_90,2017,23,16,19,3,,,9,False,False,True
full_90,2017,24,4,8,3,,,9,False,False,True
full_90,2017,25,16,16,6,,,9,False,True,False
full_90,2017,26,17,17,2,,,9,False,True,False
full_90,2017,27,11,8,5,,,9,True,False,False
full_90,2017,28,16,13,2,,,9,True,False,False
full_90,2017,29,4,7,5,,,9,False,False,True
full_90,2017,30,16,15,4,,,9,True,False,False
full_90,2017,31,8,14,6,,,9,False,False,True
full_90,2017,32,6,9,4,,,9,False,False,True
full_90,2017,33,11,12,6,,,9,False,False,True
full_90,2017,34,8,18,6,,,9,False,False,True
full_90,2018,1,9,8,6,,,9,True,False,False
full_90,2018,2,9,5,5,,,9,True,False,False
full_90,2018,3,13,15,5,,,9,False,False,True
full_90,2018,4,4,9,8,,,9,False,False,True
full_90,2018,5,10,17,4,,,9,False,False,True
full_90,2018,6,9,12,5,,,9,False,False,True
full_90,2018,7,10,10,5,,,9,False,True,False
full_90,2018,8,10,11,4,,,9,False,False,True
full_90,2018,9,11,6,6,,,9,True,False,False
full_90,2018,10,9,11,4,,,9,False,False,True
full_90,2018,11,13,8,5,,,9,True,False,False
full_90,2018,12,12,12,5,,,9,False,True,False
full_90,2018,13,12,16,3,,,9,False,False,True
full_90,2018,14,15,16,4,,,9,False,False,True
full_90,2018,15,16,12,3,,,9,True,False,False
full_90,2018,16,7,8,4,,,9,False,False,True
full_90,2018,17,14,13,4,,,9,True,False,False
full_90,2018,18,12,12,5,,,9,False,True,False
full_90,2018,19,15,18,5,,,9,False,False,True
full_90,2018,20,4,4,6,,,9,False,True,False
full_90,2018,21,11,14,2,,,9,False,False,True
full_90,2018,22,15,10,5,,,9,True,False,False
full_90,2018,23,12,12,4,,,9,False,True,False
full_90,2018,24,15,14,3,,,9,True,False,False
full_90,2018,25,16,17,4,,,9,False,False,True
full_90,2018,26,15,15,0,,,9,False,True,False
full_90,2018,27,14,14,3,,,9,False,True,False
full_90,2018,28,16,11,4,,,9,True,False,False
full_90,2018,29,26,18,6,,,9,True,False,False
full_90,2018,30,17,18,4,,,9,False,False,True
full_90,2018,31,4,4,2,,,9,False,True,False
full_90,2018,32,8,8,3,,,9,False,True,False
full_90,2018,33,5,4,4,,,9,True,False,False
full_90,2018,34,14,14,2,,,9,False,True,False
full_90,2019,1,10,15,5,,,9,False,False,True
full_90,2019,2,16,15,4,,,9,True,False,False
full_90,2019,3,10,13,4,,,9,False,False,True
full_90,2019,4,10,12,3,,,9,False,False,True
full_90,2019,5,14,18,1,,,9,False,False,True
full_90,2019,6,7,11,4,,,9,False,False,True
full_90,2019,7,8,8,4,,,9,False,True,False
full_90,2019,8,8,7,5,,,9,True,False,False
full_90,2019,9,7,8,4,,,9,False,False,True
full_90,2019,10,15,9,3,,,9,True,False,False
full_90,2019,11,12,8,6,,,9,True,False,False
full_90,2019,12,7,4,5,,,9,True,False,False
full_90,2019,13,8,11,6,,,9,False,False,True
full_90,2019,14,16,14,4,,,9,True,False,False
full_90,2019,15,9,16,6,,,9,False,False,True
full_90,2019,16,12,8,3,,,9,True,False,False
full_90,2019,17,9,13,4,,,9,False,False,True
full_90,2019,18,9,12,2,,,9,False,False,True
full_90,2019,19,12,10,3,,,9,True,False,False
full_90,2019,20,12,13,3,,,9,False,False,True
full_90,2019,21,8,9,3,,,9,False,False,True
full_90,2019,22,13,15,7,,,9,False,False,True
full_90,2019,23,12,10,5,,,9,True,False,False
full_90,2019,24,19,16,1,,,9,True,False,False
full_90,2019,25,16,14,4,,,9,True,False,False
full_90,2019,26,14,14,1,,,9,False,True,False
full_90,2019,27,11,8,7,,,9,True,False,False
full_90,2019,28,10,5,4,,,9,True,False,False
full_90,2019,29,15,16,6,,,9,False,False,True
full_90,2019,30,8,7,2,,,9,True,False,False
full_90,2019,31,11,8,5,,,9,True,False,False
full_90,2019,32,13,15,4,,,9,False,False,True
full_90,2019,33,12,11,4,,,9,True,False,False
full_90,2019,34,16,20,3,,,9,False,False,True
full_90,2020,1,16,9,6,,,9,True,False,False
full_90,2020,2,11,0,6,,,9,True,False,False
full_90,2020,3,11,18,8,,,9,False,False,True
full_90,2020,4,11,14,4,,,9,False,False,True
full_90,2020,5,12,14,6,,,9,False,False,True
full_90,2020,6,12,8,4,,,9,True,False,False
full_90,2020,7,5,16,5,,,9,False,False,True
full_90,2020,8,10,6,1,,,9,True,False,False
full_90,2020,9,8,9,3,,,9,False,False,True
full_90,2020,10,8,10,3,,,9,False,False,True
full_90,2020,11,15,12,3,,,9,True,False,False
full_90,2020,12,19,13,3,,,9,True,False,False
full_90,2020,13,9,11,4,,,9,False,False,True
full_90,2020,14,12,16,4,,,9,False,False,True
full_90,2020,15,9,6,5,,,9,True,False,False
full_90,2020,16,7,6,5,,,9,True,False,False
full_90,2020,17,14,10,4,,,9,True,False,False
full_90,2020,18,12,6,3,,,9,True,False,False
full_90,2020,19,14,16,4,,,9,False,False,True
full_90,2020,20,12,12,4,,,9,False,True,False
full_90,2020,21,7,4,4,,,9,True,False,False
full_90,2020,22,9,11,5,,,9,False,False,True
full_90,2020,23,13,11,4,,,9,True,False,False
full_90,2020,24,7,12,3,,,9,False,False,True
full_90,2020,25,11,15,3,,,9,False,False,True
full_90,2020,26,13,16,7,,,9,False,False,True
full_90,2020,27,11,19,3,,,9,False,False,True
full_90,2020,28,2,11,3,,,9,False,False,True
full_90,2020,29,13,13,4,,,9,False,True,False
full_90,2020,30,14,17,4,,,9,False,False,True
full_90,2020,31,11,18,4,,,9,False,False,True
full_90,2020,32,15,14,4,,,9,True,False,False
full_90,2020,33,2,5,4,,,9,False,False,True
full_90,2020,34,16,18,1,,,9,False,False,True
full_90,2021,1,16,11,5,,,9,True,False,False
full_90,2021,2,13,12,3,,,9,True,False,False
full_90,2021,3,19,17,7,,,9,True,False,False
full_90,2021,4,8,13,3,,,9,False,False,True
full_90,2021,5,11,8,2,,,9,True,False,False
full_90,2021,6,14,13,4,,,9,True,False,False
full_90,2021,7,13,13,3,,,9,False,True,False
full_90,2021,8,13,7,7,,,9,True,False,False
full_90,2021,9,14,10,2,,,9,True,False,False
full_90,2021,10,15,15,2,,,9,False,True,False
full_90,2021,11,15,12,3,,,9,True,False,False
full_90,2021,12,8,10,5,,,9,False,False,True
full_90,2021,13,14,10,3,,,9,True,False,False
full_90,2021,14,12,10,5,,,9,True,False,False
full_90,2021,15,4,6,1,,,9,False,False,True
full_90,2021,16,12,8,5,,,9,True,False,False
full_90,2021,17,12,12,4,,,9,False,True,False
full_90,2021,18,8,9,4,,,9,False,False,True
full_90,2021,19,18,14,2,,,9,True,False,False
full_90,2021,20,18,11,5,,,9,True,False,False
full_90,2021,21,13,10,8,,,9,True,False,False
full_90,2021,22,15,13,4,,,9,True,False,False
full_90,2021,23,17,17,4,,,9,False,True,False
full_90,2021,24,12,15,5,,,9,False,False,True
full_90,2021,25,14,15,3,,,9,False,False,True
full_90,2021,26,12,12,2,,,9,False,True,False
full_90,2021,27,9,11,4,,,9,False,False,True
full_90,2021,28,10,8,5,,,9,True,False,False
full_90,2021,29,12,13,5,,,9,False,False,True
full_90,2021,30,11,11,2,,,9,False,True,False
full_90,2021,31,8,10,4,,,9,False,False,True
full_90,2021,32,9,4,4,,,9,True,False,False
full_90,2021,33,14,10,1,,,9,True,False,False
full_90,2021,34,14,14,4,,,9,False,True,False
full_90,2022,1,14,16,3,,,9,False,False,True
full_90,2022,2,8,9,3,,,9,False,False,True
full_90,2022,3,12,9,3,,,9,True,False,False
full_90,2022,4,11,15,4,,,9,False,False,True
full_90,2022,5,7,5,2,,,9,True,False,False
full_90,2022,6,5,6,4,,,9,False,False,True
full_90,2022,7,7,4,3,,,9,True,False,False
full_90,2022,8,10,15,5,,,9,False,False,True
full_90,2022,9,12,4,6,,,9,True,False,False
full_90,2022,10,16,11,4,,,9,True,False,False
full_90,2022,11,12,11,2,,,9,True,False,False
full_90,2022,12,18,23,4,,,9,False,False,True
full_90,2022,13,18,20,3,,,9,False,False,True
full_90,2022,14,13,14,2,,,9,False,False,True
full_90,2022,15,12,12,3,,,9,False,True,False
full_90,2022,16,10,15,4,,,9,False,False,True
full_90,2022,17,15,12,5,,,9,True,False,False
full_90,2022,18,8,8,1,,,9,False,True,False
full_90,2022,19,10,9,5,,,9,True,False,False
full_90,2022,20,12,14,3,,,9,False,False,True
full_90,2022,21,10,10,6,,,9,False,True,False
full_90,2022,22,12,15,4,,,9,False,False,True
full_90,2022,23,16,15,3,,,9,True,False,False
full_90,2022,24,9,11,5,,,9,False,False,True
full_90,2022,25,7,6,3,,,9,True,False,False
full_90,2022,26,6,6,4,,,9,False,True,False
full_90,2022,27,14,21,5,,,9,False,False,True
full_90,2022,28,2,8,5,,,9,False,False,True
full_90,2022,29,8,8,4,,,9,False,True,False
full_90,2022,30,13,15,6,,,9,False,False,True
full_90,2022,31,8,11,6,,,9,False,False,True
full_90,2022,32,12,19,5,,,9,False,False,True
full_90,2022,33,4,8,4,,,9,False,False,True
full_90,2022,34,12,16,3,,,9,False,False,True
full_90,2023,1,11,16,7,,,9,False,False,True
full_90,2023,2,11,14,5,,,9,False,False,True
full_90,2023,3,8,12,3,,,9,False,False,True
full_90,2023,4,18,10,4,,,9,True,False,False
full_90,2023,5,22,16,3,,,9,True,False,False
full_90,2023,6,15,10,4,,,9,True,False,False
full_90,2023,7,12,13,3,,,9,False,False,True
full_90,2023,8,17,17,6,,,9,False,True,False
full_90,2023,9,12,12,6,,,9,False,True,False
full_90,2023,10,7,5,2,,,9,True,False,False
full_90,2023,11,13,12,3,,,9,True,False,False
full_90,2023,12,6,10,4,,,9,False,False,True
full_90,2023,13,11,12,7,,,9,False,False,True
full_90,2023,14,10,12,5,,,9,False,False,True
full_90,2023,15,14,14,2,,,9,False,True,False
full_90,2023,16,10,14,4,,,9,False,False,True
full_90,2023,17,11,9,5,,,9,True,False,False
full_90,2023,18,12,9,4,,,9,True,False,False
full_90,2023,19,17,12,6,,,9,True,False,False
full_90,2023,20,16,12,2,,,9,True,False,False
full_90,2023,21,7,8,7,,,9,False,False,True
full_90,2023,22,10,13,7,,,9,False,False,True
full_90,2023,23,15,12,3,,,9,True,False,False
full_90,2023,24,19,19,3,,,9,False,True,False
full_90,2023,25,19,19,2,,,9,False,True,False
full_90,2023,26,13,17,4,,,9,False,False,True
full_90,2023,27,2,4,4,,,9,False,False,True
full_90,2023,28,8,14,4,,,9,False,False,True
full_90,2023,29,19,21,2,,,9,False,False,True
full_90,2023,30,14,14,3,,,9,False,True,False
full_90,2023,31,7,10,3,,,9,False,False,True
full_90,2023,32,8,8,7,,,9,False,True,False
full_90,2023,33,14,13,5,,,9,True,False,False
full_90,2023,34,10,15,4,,,9,False,False,True
full_90,2024,1,12,13,4,,,9,False,False,True
full_90,2024,2,13,13,2,,,9,False,True,False
full_90,2024,3,14,18,3,,,9,False,False,True
full_90,2024,4,14,14,4,,,9,False,True,False
full_90,2024,5,7,10,1,,,9,False,False,True
full_90,2024,6,5,12,5,,,9,False,False,True
full_90,2024,7,16,19,5,,,9,False,False,True
full_90,2024,8,10,6,4,,,9,True,False,False
full_90,2024,9,4,10,3,,,9,False,False,True
full_90,2024,10,10,8,3,,,9,True,False,False
full_90,2024,11,18,23,3,,,9,False,False,True
full_90,2024,12,10,14,3,,,9,False,False,True
full_90,2024,13,17,18,2,,,9,False,False,True
full_90,2024,14,6,13,4,,,9,False,False,True
full_90,2024,15,10,10,3,,,9,False,True,False
full_90,2024,16,25,20,3,,,9,True,False,False
full_90,2024,17,13,17,3,,,9,False,False,True
full_90,2024,18,10,14,3,,,9,False,False,True
full_90,2024,19,10,12,3,,,9,False,False,True
full_90,2024,20,12,16,2,,,9,False,False,True
full_90,2024,21,7,7,2,,,9,False,True,False
full_90,2024,22,9,6,3,,,9,True,False,False
full_90,2024,23,11,11,3,,,9,False,True,False
full_90,2024,24,16,15,4,,,9,True,False,False
full_90,2024,25,2,0,3,,,9,True,False,False
full_90,2024,26,9,16,5,,,9,False,False,True
full_90,2024,27,11,12,3,,,9,False,False,True
full_90,2024,28,10,15,6,,,9,False,False,True
full_90,2024,29,11,8,3,,,9,True,False,False
full_90,2024,30,11,11,3,,,9,False,True,False
full_90,2024,31,9,11,3,,,9,False,False,True
full_90,2024,32,2,6,4,,,9,False,False,True
full_90,2024,33,11,13,2,,,9,False,False,True
full_90,2024,34,11,4,5,,,9,True,False,False
full_90,2025,1,6,6,3,,,9,False,True,False
full_90,2025,2,11,13,3,,,9,False,False,True
full_90,2025,3,10,9,7,,,9,True,False,False
full_90,2025,4,13,14,3,,,9,False,False,True
full_90,2025,5,16,13,4,,,9,True,False,False
full_90,2025,6,13,13,5,,,9,False,True,False
full_90,2025,7,14,15,4,,,9,False,False,True
full_90,2025,8,20,20,2,,,9,False,True,False
full_90,2025,9,11,12,5,,,9,False,False,True
full_90,2025,10,15,17,3,,,9,False,False,True
full_90,2025,11,19,15,3,,,9,True,False,False
full_90,2025,12,6,11,2,,,9,False,False,True
full_90,2025,13,10,11,5,,,9,False,False,True
full_90,2025,14,9,14,3,,,9,False,False,True
full_90,2025,15,4,4,5,,,9,False,True,False
full_90,2025,16,10,10,2,,,9,False,True,False
full_90,2025,17,20,21,3,,,9,False,False,True
full_90,2025,18,11,11,2,,,9,False,True,False
full_90,2025,19,20,21,3,,,9,False,False,True
full_90,2025,20,15,15,2,,,9,False,True,False
full_90,2025,21,15,17,2,,,9,False,False,True
full_90,2025,22,21,19,1,,,9,True,False,False
full_90,2025,23,6,6,4,,,9,False,True,False
full_90,2025,24,15,19,5,,,9,False,False,True
full_90,2025,25,17,13,5,,,9,True,False,False
full_90,2025,26,11,11,2,,,9,False,True,False
full_90,2025,27,16,12,3,,,9,True,False,False
full_90,2025,28,7,8,1,,,9,False,False,True
full_90,2025,29,13,9,3,,,9,True,False,False
full_90,2025,30,11,15,4,,,9,False,False,True
full_90,2025,31,17,16,3,,,9,True,False,False
full_90,2025,32,5,2,5,,,9,True,False,False
full_90,2025,33,17,15,4,,,9,True,False,False
full_90,2025,34,6,6,3,,,9,False,True,False
full_120,2011,1,11,10,3,,,9,True,False,False
full_120,2011,2,11,8,2,,,9,True,False,False
full_120,2011,3,8,8,5,,,9,False,True,False
full_120,2011,4,10,13,4,,,9,False,False,True
full_120,2011,5,16,14,5,,,9,True,False,False
full_120,2011,6,12,10,6,,,9,True,False,False
full_120,2011,7,18,18,5,,,9,False,True,False
full_120,2011,8,14,11,6,,,9,True,False,False
full_120,2011,9,9,11,5,,,9,False,False,True
full_120,2011,10,10,10,4,,,9,False,True,False
full_120,2011,11,13,15,3,,,9,False,False,True
full_120,2011,12,7,9,4,,,9,False,False,True
full_120,2011,13,10,12,3,,,9,False,False,True
full_120,2011,14,10,10,2,,,9,False,True,False
full_120,2011,15,8,8,2,,,9,False,True,False
full_120,2011,16,8,11,3,,,9,False,False,True
full_120,2011,17,12,10,1,,,9,True,False,False
full_120,2011,18,16,16,2,,,9,False,True,False
full_120,2011,19,18,14,6,,,9,True,False,False
full_120,2011,20,2,2,2,,,9,False,True,False
full_120,2011,21,13,18,2,,,9,False,False,True
full_120,2011,22,14,16,2,,,9,False,False,True
full_120,2011,23,13,13,3,,,9,False,True,False
full_120,2011,24,2,6,4,,,9,False,False,True
full_120,2011,25,14,13,4,,,9,True,False,False
full_120,2011,26,16,8,5,,,9,True,False,False
full_120,2011,27,16,16,3,,,9,False,True,False
full_120,2011,28,10,7,6,,,9,True,False,False
full_120,2011,29,11,11,2,,,9,False,True,False
full_120,2011,30,17,13,2,,,9,True,False,False
full_120,2011,31,8,12,4,,,9,False,False,True
full_120,2011,32,5,6,3,,,9,False,False,True
full_120,2011,33,16,13,4,,,9,True,False,False
full_120,2011,34,17,16,3,,,9,True,False,False
full_120,2012,1,7,7,4,,,9,False,True,False
full_120,2012,2,12,8,6,,,9,True,False,False
full_120,2012,3,13,15,3,,,9,False,False,True
full_120,2012,4,7,6,5,,,9,True,False,False
full_120,2012,5,10,8,5,,,9,True,False,False
full_120,2012,6,8,13,6,,,9,False,False,True
full_120,2012,7,6,18,7,,,9,False,False,True
full_120,2012,8,6,6,2,,,9,False,True,False
full_120,2012,9,6,12,5,,,9,False,False,True
full_120,2012,10,14,15,5,,,9,False,False,True
full_120,2012,11,15,13,2,,,9,True,False,False
full_120,2012,12,9,12,2,,,9,False,False,True
full_120,2012,13,15,11,5,,,9,True,False,False
full_120,2012,14,14,11,6,,,9,True,False,False
full_120,2012,15,17,12,6,,,9,True,False,False
full_120,2012,16,12,16,3,,,9,False,False,True
full_120,2012,17,15,6,4,,,9,True,False,False
full_120,2012,18,17,13,4,,,9,True,False,False
full_120,2012,19,24,20,5,,,9,True,False,False
full_120,2012,20,7,14,5,,,9,False,False,True
full_120,2012,21,16,12,5,,,9,True,False,False
full_120,2012,22,15,17,6,,,9,False,False,True
full_120,2012,23,13,11,3,,,9,True,False,False
full_120,2012,24,17,9,5,,,9,True,False,False
full_120,2012,25,2,2,4,,,9,False,True,False
full_120,2012,26,7,9,3,,,9,False,False,True
full_120,2012,27,16,15,3,,,9,True,False,False
full_120,2012,28,11,14,4,,,9,False,False,True
full_120,2012,29,6,10,3,,,9,False,False,True
full_120,2012,30,12,19,3,,,9,False,False,True
full_120,2012,31,14,18,7,,,9,False,False,True
full_120,2012,32,6,9,3,,,9,False,False,True
full_120,2012,33,9,7,4,,,9,True,False,False
full_120,2012,34,15,17,4,,,9,False,False,True
full_120,2013,1,17,15,6,,,9,True,False,False
full_120,2013,2,12,12,1,,,9,False,True,False
full_120,2013,3,19,17,5,,,9,True,False,False
full_120,2013,4,12,14,2,,,9,False,False,True
full_120,2013,5,6,18,7,,,9,False,False,True
full_120,2013,6,13,13,4,,,9,False,True,False
full_120,2013,7,10,10,3,,,9,False,True,False
full_120,2013,8,2,2,2,,,9,False,True,False
full_120,2013,9,18,13,4,,,9,True,False,False
full_120,2013,10,12,14,2,,,9,False,False,True
full_120,2013,11,12,10,3,,,9,True,False,False
full_120,2013,12,12,14,3,,,9,False,False,True
full_120,2013,13,13,9,4,,,9,True,False,False
full_120,2013,14,14,14,1,,,9,False,True,False
full_120,2013,15,12,12,3,,,9,False,True,False
full_120,2013,16,11,11,1,,,9,False,True,False
full_120,2013,17,2,6,6,,,9,False,False,True
full_120,2013,18,4,10,3,,,9,False,False,True
full_120,2013,19,19,18,1,,,9,True,False,False
full_120,2013,20,20,14,4,,,9,True,False,False
full_120,2013,21,8,10,5,,,9,False,False,True
full_120,2013,22,13,9,3,,,9,True,False,False
full_120,2013,23,8,10,2,,,9,False,False,True
full_120,2013,24,7,7,1,,,9,False,True,False
full_120,2013,25,10,5,4,,,9,True,False,False
full_120,2013,26,16,16,1,,,9,False,True,False
full_120,2013,27,9,11,3,,,9,False,False,True
full_120,2013,28,16,16,3,,,9,False,True,False
full_120,2013,29,8,12,3,,,9,False,False,True
full_120,2013,30,17,17,1,,,9,False,True,False
full_120,2013,31,10,11,2,,,9,False,False,True
full_120,2013,32,9,9,2,,,9,False,True,False
full_120,2013,33,21,18,3,,,9,True,False,False
full_120,2013,34,23,23,1,,,9,False,True,False
full_120,2014,1,10,11,5,,,9,False,False,True
full_120,2014,2,5,5,3,,,9,False,True,False
full_120,2014,3,9,9,4,,,9,False,True,False
full_120,2014,4,10,2,6,,,9,True,False,False
full_120,2014,5,9,14,4,,,9,False,False,True
full_120,2014,6,5,16,6,,,9,False,False,True
full_120,2014,7,5,15,3,,,9,False,False,True
full_120,2014,8,15,15,3,,,9,False,True,False
full_120,2014,9,16,15,2,,,9,True,False,False
full_120,2014,10,15,13,3,,,9,True,False,False
full_120,2014,11,8,11,6,,,9,False,False,True
full_120,2014,12,8,6,6,,,9,True,False,False
full_120,2014,13,15,16,3,,,9,False,False,True
full_120,2014,14,17,18,3,,,9,False,False,True
full_120,2014,15,5,5,2,,,9,False,True,False
full_120,2014,16,11,13,3,,,9,False,False,True
full_120,2014,17,10,9,4,,,9,True,False,False
full_120,2014,18,13,12,4,,,9,True,False,False
full_120,2014,19,8,8,2,,,9,False,True,False
full_120,2014,20,10,11,5,,,9,False,False,True
full_120,2014,21,15,18,4,,,9,False,False,True
full_120,2014,22,9,9,3,,,9,False,True,False
full_120,2014,23,18,18,2,,,9,False,True,False
full_120,2014,24,7,9,4,,,9,False,False,True
full_120,2014,25,12,15,7,,,9,False,False,True
full_120,2014,26,3,8,4,,,9,False,False,True
full_120,2014,27,16,9,5,,,9,True,False,False
full_120,2014,28,14,15,7,,,9,False,False,True
full_120,2014,29,15,20,4,,,9,False,False,True
full_120,2014,30,8,12,4,,,9,False,False,True
full_120,2014,31,9,11,4,,,9,False,False,True
full_120,2014,32,13,10,6,,,9,True,False,False
full_120,2014,33,19,16,5,,,9,True,False,False
full_120,2014,34,17,20,4,,,9,False,False,True
full_120,2015,1,6,14,4,,,9,False,False,True
full_120,2015,2,8,7,4,,,9,True,False,False
full_120,2015,3,11,12,4,,,9,False,False,True
full_120,2015,4,12,12,0,,,9,False,True,False
full_120,2015,5,13,14,3,,,9,False,False,True
full_120,2015,6,13,13,6,,,9,False,True,False
full_120,2015,7,13,8,4,,,9,True,False,False
full_120,2015,8,7,9,3,,,9,False,False,True
full_120,2015,9,8,13,3,,,9,False,False,True
full_120,2015,10,9,12,4,,,9,False,False,True
full_120,2015,11,10,6,6,,,9,True,False,False
full_120,2015,12,9,5,4,,,9,True,False,False
full_120,2015,13,13,15,4,,,9,False,False,True
full_120,2015,14,15,12,5,,,9,True,False,False
full_120,2015,15,5,6,5,,,9,False,False,True
full_120,2015,16,16,13,6,,,9,True,False,False
full_120,2015,17,18,18,3,,,9,False,True,False
full_120,2015,18,4,8,3,,,9,False,False,True
full_120,2015,19,12,15,4,,,9,False,False,True
full_120,2015,20,11,9,4,,,9,True,False,False
full_120,2015,21,11,13,3,,,9,False,False,True
full_120,2015,22,6,19,5,,,9,False,False,True
full_120,2015,23,10,5,4,,,9,True,False,False
full_120,2015,24,14,15,3,,,9,False,False,True
full_120,2015,25,11,8,4,,,9,True,False,False
full_120,2015,26,15,14,7,,,9,True,False,False
full_120,2015,27,15,16,5,,,9,False,False,True
full_120,2015,28,12,14,4,,,9,False,False,True
full_120,2015,29,5,5,2,,,9,False,True,False
full_120,2015,30,12,18,4,,,9,False,False,True
full_120,2015,31,15,17,2,,,9,False,False,True
full_120,2015,32,12,12,2,,,9,False,True,False
full_120,2015,33,9,7,6,,,9,True,False,False
full_120,2015,34,12,14,1,,,9,False,False,True
full_120,2016,1,14,16,2,,,9,False,False,True
full_120,2016,2,10,4,3,,,9,True,False,False
full_120,2016,3,11,11,4,,,9,False,True,False
full_120,2016,4,11,11,5,,,9,False,True,False
full_120,2016,5,23,14,5,,,9,True,False,False
full_120,2016,6,12,10,5,,,9,True,False,False
full_120,2016,7,17,10,4,,,9,True,False,False
full_120,2016,8,12,15,4,,,9,False,False,True
full_120,2016,9,16,16,4,,,9,False,True,False
full_120,2016,10,11,10,4,,,9,True,False,False
full_120,2016,11,12,13,6,,,9,False,False,True
full_120,2016,12,15,9,5,,,9,True,False,False
full_120,2016,13,16,16,5,,,9,False,True,False
full_120,2016,14,11,13,5,,,9,False,False,True
full_120,2016,15,6,6,4,,,9,False,True,False
full_120,2016,16,6,6,2,,,9,False,True,False
full_120,2016,17,18,19,3,,,9,False,False,True
full_120,2016,18,14,11,2,,,9,True,False,False
full_120,2016,19,20,20,1,,,9,False,True,False
full_120,2016,20,11,15,2,,,9,False,False,True
full_120,2016,21,11,6,4,,,9,True,False,False
full_120,2016,22,11,8,2,,,9,True,False,False
full_120,2016,23,12,14,3,,,9,False,False,True
full_120,2016,24,4,4,3,,,9,False,True,False
full_120,2016,25,19,15,1,,,9,True,False,False
full_120,2016,26,9,10,6,,,9,False,False,True
full_120,2016,27,17,15,3,,,9,True,False,False
full_120,2016,28,15,15,2,,,9,False,True,False
full_120,2016,29,12,17,4,,,9,False,False,True
full_120,2016,30,15,9,3,,,9,True,False,False
full_120,2016,31,10,10,2,,,9,False,True,False
full_120,2016,32,11,11,2,,,9,False,True,False
full_120,2016,33,5,9,5,,,9,False,False,True
full_120,2016,34,10,10,3,,,9,False,True,False
full_120,2017,1,16,18,3,,,9,False,False,True
full_120,2017,2,13,13,4,,,9,False,True,False
full_120,2017,3,9,6,4,,,9,True,False,False
full_120,2017,4,12,15,3,,,9,False,False,True
full_120,2017,5,13,13,6,,,9,False,True,False
full_120,2017,6,12,12,4,,,9,False,True,False
full_120,2017,7,13,16,4,,,9,False,False,True
full_120,2017,8,8,10,3,,,9,False,False,True
full_120,2017,9,13,10,3,,,9,True,False,False
full_120,2017,10,15,13,5,,,9,True,False,False
full_120,2017,11,18,16,6,,,9,True,False,False
full_120,2017,12,10,14,2,,,9,False,False,True
full_120,2017,13,5,8,4,,,9,False,False,True
full_120,2017,14,10,10,7,,,9,False,True,False
full_120,2017,15,9,6,4,,,9,True,False,False
full_120,2017,16,18,15,5,,,9,True,False,False
full_120,2017,17,11,8,4,,,9,True,False,False
full_120,2017,18,11,15,4,,,9,False,False,True
full_120,2017,19,5,6,5,,,9,False,False,True
full_120,2017,20,11,8,4,,,9,True,False,False
full_120,2017,21,7,13,4,,,9,False,False,True
full_120,2017,22,18,21,2,,,9,False,False,True
full_120,2017,23,12,19,4,,,9,False,False,True
full_120,2017,24,4,8,2,,,9,False,False,True
full_120,2017,25,16,16,6,,,9,False,True,False
full_120,2017,26,17,17,1,,,9,False,True,False
full_120,2017,27,11,8,3,,,9,True,False,False
full_120,2017,28,13,13,2,,,9,False,True,False
full_120,2017,29,4,7,5,,,9,False,False,True
full_120,2017,30,18,15,3,,,9,True,False,False
full_120,2017,31,8,14,6,,,9,False,False,True
full_120,2017,32,6,9,3,,,9,False,False,True
full_120,2017,33,8,12,6,,,9,False,False,True
full_120,2017,34,11,18,5,,,9,False,False,True
full_120,2018,1,9,8,5,,,9,True,False,False
full_120,2018,2,9,5,5,,,9,True,False,False
full_120,2018,3,13,15,5,,,9,False,False,True
full_120,2018,4,7,9,7,,,9,False,False,True
full_120,2018,5,10,17,4,,,9,False,False,True
full_120,2018,6,9,12,5,,,9,False,False,True
full_120,2018,7,12,10,4,,,9,True,False,False
full_120,2018,8,10,11,4,,,9,False,False,True
full_120,2018,9,7,6,6,,,9,True,False,False
full_120,2018,10,11,11,4,,,9,False,True,False
full_120,2018,11,13,8,5,,,9,True,False,False
full_120,2018,12,12,12,3,,,9,False,True,False
full_120,2018,13,10,16,4,,,9,False,False,True
full_120,2018,14,15,16,4,,,9,False,False,True
full_120,2018,15,16,12,3,,,9,True,False,False
full_120,2018,16,7,8,4,,,9,False,False,True
full_120,2018,17,14,13,4,,,9,True,False,False
full_120,2018,18,15,12,5,,,9,True,False,False
full_120,2018,19,15,18,5,,,9,False,False,True
full_120,2018,20,4,4,6,,,9,False,True,False
full_120,2018,21,11,14,2,,,9,False,False,True
full_120,2018,22,15,10,4,,,9,True,False,False
full_120,2018,23,12,12,1,,,9,False,True,False
full_120,2018,24,15,14,2,,,9,True,False,False
full_120,2018,25,16,17,3,,,9,False,False,True
full_120,2018,26,15,15,0,,,9,False,True,False
full_120,2018,27,14,14,3,,,9,False,True,False
full_120,2018,28,12,11,3,,,9,True,False,False
full_120,2018,29,26,18,6,,,9,True,False,False
full_120,2018,30,17,18,4,,,9,False,False,True
full_120,2018,31,4,4,1,,,9,False,True,False
full_120,2018,32,8,8,3,,,9,False,True,False
full_120,2018,33,4,4,2,,,9,False,True,False
full_120,2018,34,14,14,1,,,9,False,True,False
full_120,2019,1,10,15,5,,,9,False,False,True
full_120,2019,2,16,15,4,,,9,True,False,False
full_120,2019,3,11,13,3,,,9,False,False,True
full_120,2019,4,6,12,2,,,9,False,False,True
full_120,2019,5,18,18,0,,,9,False,True,False
full_120,2019,6,7,11,3,,,9,False,False,True
full_120,2019,7,8,8,3,,,9,False,True,False
full_120,2019,8,8,7,5,,,9,True,False,False
full_120,2019,9,9,8,3,,,9,True,False,False
full_120,2019,10,11,9,3,,,9,True,False,False
full_120,2019,11,11,8,4,,,9,True,False,False
full_120,2019,12,7,4,5,,,9,True,False,False
full_120,2019,13,8,11,4,,,9,False,False,True
full_120,2019,14,15,14,4,,,9,True,False,False
full_120,2019,15,9,16,6,,,9,False,False,True
full_120,2019,16,8,8,1,,,9,False,True,False
full_120,2019,17,9,13,4,,,9,False,False,True
full_120,2019,18,9,12,2,,,9,False,False,True
full_120,2019,19,12,10,3,,,9,True,False,False
full_120,2019,20,14,13,2,,,9,True,False,False
full_120,2019,21,6,9,3,,,9,False,False,True
full_120,2019,22,13,15,4,,,9,False,False,True
full_120,2019,23,12,10,5,,,9,True,False,False
full_120,2019,24,19,16,1,,,9,True,False,False
full_120,2019,25,16,14,3,,,9,True,False,False
full_120,2019,26,14,14,1,,,9,False,True,False
full_120,2019,27,7,8,6,,,9,False,False,True
full_120,2019,28,6,5,2,,,9,True,False,False
full_120,2019,29,17,16,2,,,9,True,False,False
full_120,2019,30,12,7,3,,,9,True,False,False
full_120,2019,31,9,8,4,,,9,True,False,False
full_120,2019,32,15,15,2,,,9,False,True,False
full_120,2019,33,12,11,4,,,9,True,False,False
full_120,2019,34,16,20,3,,,9,False,False,True
full_120,2020,1,17,9,5,,,9,True,False,False
full_120,2020,2,9,0,6,,,9,True,False,False
full_120,2020,3,8,18,7,,,9,False,False,True
full_120,2020,4,11,14,3,,,9,False,False,True
full_120,2020,5,16,14,5,,,9,True,False,False
full_120,2020,6,12,8,4,,,9,True,False,False
full_120,2020,7,5,16,5,,,9,False,False,True
full_120,2020,8,10,6,1,,,9,True,False,False
full_120,2020,9,10,9,3,,,9,True,False,False
full_120,2020,10,8,10,3,,,9,False,False,True
full_120,2020,11,15,12,3,,,9,True,False,False
full_120,2020,12,19,13,2,,,9,True,False,False
full_120,2020,13,6,11,4,,,9,False,False,True
full_120,2020,14,14,16,3,,,9,False,False,True
full_120,2020,15,9,6,4,,,9,True,False,False
full_120,2020,16,5,6,4,,,9,False,False,True
full_120,2020,17,13,10,5,,,9,True,False,False
full_120,2020,18,12,6,2,,,9,True,False,False
full_120,2020,19,14,16,4,,,9,False,False,True
full_120,2020,20,12,12,4,,,9,False,True,False
full_120,2020,21,5,4,3,,,9,True,False,False
full_120,2020,22,11,11,4,,,9,False,True,False
full_120,2020,23,11,11,3,,,9,False,True,False
full_120,2020,24,7,12,3,,,9,False,False,True
full_120,2020,25,12,15,1,,,9,False,False,True
full_120,2020,26,13,16,5,,,9,False,False,True
full_120,2020,27,11,19,3,,,9,False,False,True
full_120,2020,28,5,11,2,,,9,False,False,True
full_120,2020,29,13,13,4,,,9,False,True,False
full_120,2020,30,12,17,2,,,9,False,False,True
full_120,2020,31,11,18,4,,,9,False,False,True
full_120,2020,32,15,14,4,,,9,True,False,False
full_120,2020,33,2,5,4,,,9,False,False,True
full_120,2020,34,16,18,1,,,9,False,False,True
full_120,2021,1,17,11,4,,,9,True,False,False
full_120,2021,2,13,12,3,,,9,True,False,False
full_120,2021,3,15,17,6,,,9,False,False,True
full_120,2021,4,8,13,2,,,9,False,False,True
full_120,2021,5,11,8,1,,,9,True,False,False
full_120,2021,6,14,13,1,,,9,True,False,False
full_120,2021,7,13,13,2,,,9,False,True,False
full_120,2021,8,14,7,4,,,9,True,False,False
full_120,2021,9,14,10,2,,,9,True,False,False
full_120,2021,10,15,15,2,,,9,False,True,False
full_120,2021,11,19,12,3,,,9,True,False,False
full_120,2021,12,10,10,2,,,9,False,True,False
full_120,2021,13,14,10,3,,,9,True,False,False
full_120,2021,14,12,10,5,,,9,True,False,False
full_120,2021,15,4,6,1,,,9,False,False,True
full_120,2021,16,12,8,5,,,9,True,False,False
full_120,2021,17,12,12,4,,,9,False,True,False
full_120,2021,18,4,9,4,,,9,False,False,True
full_120,2021,19,18,14,2,,,9,True,False,False
full_120,2021,20,16,11,5,,,9,True,False,False
full_120,2021,21,17,10,7,,,9,True,False,False
full_120,2021,22,12,13,1,,,9,False,False,True
full_120,2021,23,16,17,5,,,9,False,False,True
full_120,2021,24,13,15,3,,,9,False,False,True
full_120,2021,25,14,15,3,,,9,False,False,True
full_120,2021,26,12,12,1,,,9,False,True,False
full_120,2021,27,9,11,3,,,9,False,False,True
full_120,2021,28,10,8,5,,,9,True,False,False
full_120,2021,29,12,13,4,,,9,False,False,True
full_120,2021,30,11,11,2,,,9,False,True,False
full_120,2021,31,8,10,3,,,9,False,False,True
full_120,2021,32,9,4,4,,,9,True,False,False
full_120,2021,33,15,10,2,,,9,True,False,False
full_120,2021,34,14,14,4,,,9,False,True,False
full_120,2022,1,14,16,2,,,9,False,False,True
full_120,2022,2,11,9,3,,,9,True,False,False
full_120,2022,3,11,9,4,,,9,True,False,False
full_120,2022,4,12,15,3,,,9,False,False,True
full_120,2022,5,5,5,1,,,9,False,True,False
full_120,2022,6,5,6,4,,,9,False,False,True
full_120,2022,7,6,4,2,,,9,True,False,False
full_120,2022,8,13,15,4,,,9,False,False,True
full_120,2022,9,8,4,4,,,9,True,False,False
full_120,2022,10,15,11,4,,,9,True,False,False
full_120,2022,11,12,11,1,,,9,True,False,False
full_120,2022,12,18,23,4,,,9,False,False,True
full_120,2022,13,16,20,2,,,9,False,False,True
full_120,2022,14,13,14,3,,,9,False,False,True
full_120,2022,15,12,12,1,,,9,False,True,False
full_120,2022,16,12,15,2,,,9,False,False,True
full_120,2022,17,19,12,3,,,9,True,False,False
full_120,2022,18,8,8,1,,,9,False,True,False
full_120,2022,19,12,9,3,,,9,True,False,False
full_120,2022,20,12,14,3,,,9,False,False,True
full_120,2022,21,12,10,5,,,9,True,False,False
full_120,2022,22,12,15,3,,,9,False,False,True
full_120,2022,23,14,15,2,,,9,False,False,True
full_120,2022,24,9,11,4,,,9,False,False,True
full_120,2022,25,9,6,3,,,9,True,False,False
full_120,2022,26,6,6,4,,,9,False,True,False
full_120,2022,27,14,21,5,,,9,False,False,True
full_120,2022,28,2,8,5,,,9,False,False,True
full_120,2022,29,8,8,4,,,9,False,True,False
full_120,2022,30,13,15,6,,,9,False,False,True
full_120,2022,31,8,11,5,,,9,False,False,True
full_120,2022,32,16,19,2,,,9,False,False,True
full_120,2022,33,4,8,4,,,9,False,False,True
full_120,2022,34,12,16,3,,,9,False,False,True
full_120,2023,1,11,16,6,,,9,False,False,True
full_120,2023,2,13,14,3,,,9,False,False,True
full_120,2023,3,6,12,4,,,9,False,False,True
full_120,2023,4,18,10,4,,,9,True,False,False
full_120,2023,5,22,16,3,,,9,True,False,False
full_120,2023,6,15,10,4,,,9,True,False,False
full_120,2023,7,14,13,3,,,9,True,False,False
full_120,2023,8,19,17,5,,,9,True,False,False
full_120,2023,9,12,12,5,,,9,False,True,False
full_120,2023,10,5,5,2,,,9,False,True,False
full_120,2023,11,13,12,3,,,9,True,False,False
full_120,2023,12,11,10,4,,,9,True,False,False
full_120,2023,13,11,12,5,,,9,False,False,True
full_120,2023,14,10,12,4,,,9,False,False,True
full_120,2023,15,14,14,1,,,9,False,True,False
full_120,2023,16,17,14,1,,,9,True,False,False
full_120,2023,17,15,9,5,,,9,True,False,False
full_120,2023,18,5,9,4,,,9,False,False,True
full_120,2023,19,15,12,5,,,9,True,False,False
full_120,2023,20,16,12,2,,,9,True,False,False
full_120,2023,21,7,8,6,,,9,False,False,True
full_120,2023,22,12,13,5,,,9,False,False,True
full_120,2023,23,15,12,2,,,9,True,False,False
full_120,2023,24,19,19,3,,,9,False,True,False
full_120,2023,25,19,19,2,,,9,False,True,False
full_120,2023,26,14,17,4,,,9,False,False,True
full_120,2023,27,2,4,3,,,9,False,False,True
full_120,2023,28,8,14,4,,,9,False,False,True
full_120,2023,29,21,21,1,,,9,False,True,False
full_120,2023,30,14,14,3,,,9,False,True,False
full_120,2023,31,7,10,2,,,9,False,False,True
full_120,2023,32,8,8,7,,,9,False,True,False
full_120,2023,33,10,13,4,,,9,False,False,True
full_120,2023,34,10,15,4,,,9,False,False,True
full_120,2024,1,15,13,3,,,9,True,False,False
full_120,2024,2,15,13,2,,,9,True,False,False
full_120,2024,3,14,18,3,,,9,False,False,True
full_120,2024,4,11,14,3,,,9,False,False,True
full_120,2024,5,7,10,1,,,9,False,False,True
full_120,2024,6,5,12,5,,,9,False,False,True
full_120,2024,7,14,19,4,,,9,False,False,True
full_120,2024,8,10,6,4,,,9,True,False,False
full_120,2024,9,4,10,3,,,9,False,False,True
full_120,2024,10,10,8,3,,,9,True,False,False
full_120,2024,11,18,23,2,,,9,False,False,True
full_120,2024,12,10,14,2,,,9,False,False,True
full_120,2024,13,17,18,3,,,9,False,False,True
full_120,2024,14,10,13,3,,,9,False,False,True
full_120,2024,15,12,10,3,,,9,True,False,False
full_120,2024,16,25,20,3,,,9,True,False,False
full_120,2024,17,13,17,3,,,9,False,False,True
full_120,2024,18,10,14,3,,,9,False,False,True
full_120,2024,19,8,12,2,,,9,False,False,True
full_120,2024,20,12,16,2,,,9,False,False,True
full_120,2024,21,7,7,2,,,9,False,True,False
full_120,2024,22,9,6,3,,,9,True,False,False
full_120,2024,23,11,11,2,,,9,False,True,False
full_120,2024,24,18,15,2,,,9,True,False,False
full_120,2024,25,2,0,4,,,9,True,False,False
full_120,2024,26,9,16,5,,,9,False,False,True
full_120,2024,27,10,12,2,,,9,False,False,True
full_120,2024,28,10,15,5,,,9,False,False,True
full_120,2024,29,8,8,3,,,9,False,True,False
full_120,2024,30,11,11,2,,,9,False,True,False
full_120,2024,31,9,11,3,,,9,False,False,True
full_120,2024,32,2,6,3,,,9,False,False,True
full_120,2024,33,11,13,3,,,9,False,False,True
full_120,2024,34,11,4,5,,,9,True,False,False
full_120,2025,1,6,6,3,,,9,False,True,False
full_120,2025,2,11,13,3,,,9,False,False,True
full_120,2025,3,10,9,7,,,9,True,False,False
full_120,2025,4,13,14,2,,,9,False,False,True
full_120,2025,5,16,13,2,,,9,True,False,False
full_120,2025,6,12,13,5,,,9,False,False,True
full_120,2025,7,15,15,3,,,9,False,True,False
full_120,2025,8,22,20,3,,,9,True,False,False
full_120,2025,9,11,12,5,,,9,False,False,True
full_120,2025,10,15,17,3,,,9,False,False,True
full_120,2025,11,19,15,2,,,9,True,False,False
full_120,2025,12,6,11,2,,,9,False,False,True
full_120,2025,13,9,11,5,,,9,False,False,True
full_120,2025,14,9,14,3,,,9,False,False,True
full_120,2025,15,4,4,4,,,9,False,True,False
full_120,2025,16,10,10,1,,,9,False,True,False
full_120,2025,17,20,21,3,,,9,False,False,True
full_120,2025,18,8,11,3,,,9,False,False,True
full_120,2025,19,21,21,2,,,9,False,True,False
full_120,2025,20,15,15,1,,,9,False,True,False
full_120,2025,21,15,17,2,,,9,False,False,True
full_120,2025,22,21,19,1,,,9,True,False,False
full_120,2025,23,6,6,4,,,9,False,True,False
full_120,2025,24,19,19,4,,,9,False,True,False
full_120,2025,25,17,13,2,,,9,True,False,False
full_120,2025,26,11,11,2,,,9,False,True,False
full_120,2025,27,16,12,3,,,9,True,False,False
full_120,2025,28,9,8,2,,,9,True,False,False
full_120,2025,29,13,9,3,,,9,True,False,False
full_120,2025,30,11,15,4,,,9,False,False,True
full_120,2025,31,17,16,3,,,9,True,False,False
full_120,2025,32,5,2,5,,,9,True,False,False
full_120,2025,33,17,15,4,,,9,True,False,False
full_120,2025,34,8,6,3,,,9,True,False,False
full_270,2011,1,14,10,3,,,9,True,False,False
full_270,2011,2,11,8,3,,,9,True,False,False
full_270,2011,3,6,8,4,,,9,False,False,True
full_270,2011,4,10,13,3,,,9,False,False,True
full_270,2011,5,15,14,1,,,9,True,False,False
full_270,2011,6,8,10,3,,,9,False,False,True
full_270,2011,7,19,18,2,,,9,True,False,False
full_270,2011,8,11,11,0,,,9,False,True,False
full_270,2011,9,11,11,4,,,9,False,True,False
full_270,2011,10,10,10,2,,,9,False,True,False
full_270,2011,11,12,15,2,,,9,False,False,True
full_270,2011,12,7,9,2,,,9,False,False,True
full_270,2011,13,12,12,2,,,9,False,True,False
full_270,2011,14,10,10,0,,,9,False,True,False
full_270,2011,15,8,8,1,,,9,False,True,False
full_270,2011,16,11,11,0,,,9,False,True,False
full_270,2011,17,15,10,2,,,9,True,False,False
full_270,2011,18,16,16,1,,,9,False,True,False
full_270,2011,19,17,14,2,,,9,True,False,False
full_270,2011,20,2,2,1,,,9,False,True,False
full_270,2011,21,15,18,1,,,9,False,False,True
full_270,2011,22,16,16,0,,,9,False,True,False
full_270,2011,23,13,13,1,,,9,False,True,False
full_270,2011,24,2,6,3,,,9,False,False,True
full_270,2011,25,13,13,0,,,9,False,True,False
full_270,2011,26,8,8,2,,,9,False,True,False
full_270,2011,27,16,16,0,,,9,False,True,False
full_270,2011,28,12,7,3,,,9,True,False,False
full_270,2011,29,11,11,1,,,9,False,True,False
full_270,2011,30,16,13,2,,,9,True,False,False
full_270,2011,31,10,12,1,,,9,False,False,True
full_270,2011,32,6,6,0,,,9,False,True,False
full_270,2011,33,13,13,1,,,9,False,True,False
full_270,2011,34,19,16,3,,,9,True,False,False
full_270,2012,1,11,7,2,,,9,True,False,False
full_270,2012,2,12,8,3,,,9,True,False,False
full_270,2012,3,13,15,3,,,9,False,False,True
full_270,2012,4,7,6,5,,,9,True,False,False
full_270,2012,5,11,8,3,,,9,True,False,False
full_270,2012,6,12,13,5,,,9,False,False,True
full_270,2012,7,10,18,2,,,9,False,False,True
full_270,2012,8,9,6,1,,,9,True,False,False
full_270,2012,9,10,12,2,,,9,False,False,True
full_270,2012,10,15,15,1,,,9,False,True,False
full_270,2012,11,15,13,1,,,9,True,False,False
full_270,2012,12,10,12,2,,,9,False,False,True
full_270,2012,13,9,11,4,,,9,False,False,True
full_270,2012,14,15,11,3,,,9,True,False,False
full_270,2012,15,12,12,3,,,9,False,True,False
full_270,2012,16,16,16,2,,,9,False,True,False
full_270,2012,17,13,6,3,,,9,True,False,False
full_270,2012,18,11,13,2,,,9,False,False,True
full_270,2012,19,22,20,2,,,9,True,False,False
full_270,2012,20,9,14,3,,,9,False,False,True
full_270,2012,21,19,12,3,,,9,True,False,False
full_270,2012,22,18,17,4,,,9,True,False,False
full_270,2012,23,11,11,1,,,9,False,True,False
full_270,2012,24,19,9,3,,,9,True,False,False
full_270,2012,25,2,2,2,,,9,False,True,False
full_270,2012,26,9,9,1,,,9,False,True,False
full_270,2012,27,16,15,3,,,9,True,False,False
full_270,2012,28,11,14,4,,,9,False,False,True
full_270,2012,29,6,10,3,,,9,False,False,True
full_270,2012,30,20,19,1,,,9,True,False,False
full_270,2012,31,12,18,5,,,9,False,False,True
full_270,2012,32,6,9,2,,,9,False,False,True
full_270,2012,33,7,7,3,,,9,False,True,False
full_270,2012,34,13,17,1,,,9,False,False,True
full_270,2013,1,20,15,4,,,9,True,False,False
full_270,2013,2,12,12,0,,,9,False,True,False
full_270,2013,3,20,17,4,,,9,True,False,False
full_270,2013,4,14,14,0,,,9,False,True,False
full_270,2013,5,8,18,4,,,9,False,False,True
full_270,2013,6,13,13,2,,,9,False,True,False
full_270,2013,7,10,10,2,,,9,False,True,False
full_270,2013,8,2,2,1,,,9,False,True,False
full_270,2013,9,10,13,3,,,9,False,False,True
full_270,2013,10,12,14,1,,,9,False,False,True
full_270,2013,11,6,10,3,,,9,False,False,True
full_270,2013,12,12,14,1,,,9,False,False,True
full_270,2013,13,15,9,3,,,9,True,False,False
full_270,2013,14,14,14,0,,,9,False,True,False
full_270,2013,15,12,12,2,,,9,False,True,False
full_270,2013,16,11,11,0,,,9,False,True,False
full_270,2013,17,6,6,2,,,9,False,True,False
full_270,2013,18,6,10,2,,,9,False,False,True
full_270,2013,19,18,18,0,,,9,False,True,False
full_270,2013,20,18,14,2,,,9,True,False,False
full_270,2013,21,8,10,2,,,9,False,False,True
full_270,2013,22,11,9,3,,,9,True,False,False
full_270,2013,23,11,10,2,,,9,True,False,False
full_270,2013,24,7,7,0,,,9,False,True,False
full_270,2013,25,10,5,2,,,9,True,False,False
full_270,2013,26,16,16,0,,,9,False,True,False
full_270,2013,27,11,11,3,,,9,False,True,False
full_270,2013,28,16,16,2,,,9,False,True,False
full_270,2013,29,8,12,3,,,9,False,False,True
full_270,2013,30,17,17,0,,,9,False,True,False
full_270,2013,31,11,11,0,,,9,False,True,False
full_270,2013,32,9,9,1,,,9,False,True,False
full_270,2013,33,22,18,3,,,9,True,False,False
full_270,2013,34,23,23,0,,,9,False,True,False
full_270,2014,1,8,11,2,,,9,False,False,True
full_270,2014,2,5,5,2,,,9,False,True,False
full_270,2014,3,9,9,4,,,9,False,True,False
full_270,2014,4,9,2,4,,,9,True,False,False
full_270,2014,5,10,14,2,,,9,False,False,True
full_270,2014,6,10,16,3,,,9,False,False,True
full_270,2014,7,5,15,3,,,9,False,False,True
full_270,2014,8,15,15,2,,,9,False,True,False
full_270,2014,9,12,15,2,,,9,False,False,True
full_270,2014,10,15,13,1,,,9,True,False,False
full_270,2014,11,11,11,4,,,9,False,True,False
full_270,2014,12,13,6,3,,,9,True,False,False
full_270,2014,13,14,16,2,,,9,False,False,True
full_270,2014,14,17,18,2,,,9,False,False,True
full_270,2014,15,5,5,0,,,9,False,True,False
full_270,2014,16,11,13,1,,,9,False,False,True
full_270,2014,17,5,9,4,,,9,False,False,True
full_270,2014,18,15,12,3,,,9,True,False,False
full_270,2014,19,8,8,0,,,9,False,True,False
full_270,2014,20,12,11,2,,,9,True,False,False
full_270,2014,21,12,18,3,,,9,False,False,True
full_270,2014,22,9,9,1,,,9,False,True,False
full_270,2014,23,18,18,0,,,9,False,True,False
full_270,2014,24,7,9,2,,,9,False,False,True
full_270,2014,25,12,15,4,,,9,False,False,True
full_270,2014,26,3,8,3,,,9,False,False,True
full_270,2014,27,17,9,5,,,9,True,False,False
full_270,2014,28,17,15,3,,,9,True,False,False
full_270,2014,29,14,20,2,,,9,False,False,True
full_270,2014,30,7,12,3,,,9,False,False,True
full_270,2014,31,9,11,3,,,9,False,False,True
full_270,2014,32,12,10,4,,,9,True,False,False
full_270,2014,33,15,16,1,,,9,False,False,True
full_270,2014,34,18,20,1,,,9,False,False,True
full_270,2015,1,14,14,0,,,9,False,True,False
full_270,2015,2,8,7,5,,,9,True,False,False
full_270,2015,3,12,12,2,,,9,False,True,False
full_270,2015,4,12,12,0,,,9,False,True,False
full_270,2015,5,13,14,3,,,9,False,False,True
full_270,2015,6,12,13,3,,,9,False,False,True
full_270,2015,7,13,8,3,,,9,True,False,False
full_270,2015,8,9,9,4,,,9,False,True,False
full_270,2015,9,11,13,2,,,9,False,False,True
full_270,2015,10,8,12,3,,,9,False,False,True
full_270,2015,11,11,6,3,,,9,True,False,False
full_270,2015,12,5,5,2,,,9,False,True,False
full_270,2015,13,11,15,2,,,9,False,False,True
full_270,2015,14,13,12,2,,,9,True,False,False
full_270,2015,15,7,6,3,,,9,True,False,False
full_270,2015,16,15,13,4,,,9,True,False,False
full_270,2015,17,18,18,1,,,9,False,True,False
full_270,2015,18,2,8,2,,,9,False,False,True
full_270,2015,19,12,15,2,,,9,False,False,True
full_270,2015,20,11,9,4,,,9,True,False,False
full_270,2015,21,16,13,2,,,9,True,False,False
full_270,2015,22,7,19,4,,,9,False,False,True
full_270,2015,23,8,5,3,,,9,True,False,False
full_270,2015,24,17,15,2,,,9,True,False,False
full_270,2015,25,11,8,3,,,9,True,False,False
full_270,2015,26,16,14,4,,,9,True,False,False
full_270,2015,27,14,16,4,,,9,False,False,True
full_270,2015,28,10,14,3,,,9,False,False,True
full_270,2015,29,5,5,0,,,9,False,True,False
full_270,2015,30,12,18,3,,,9,False,False,True
full_270,2015,31,15,17,2,,,9,False,False,True
full_270,2015,32,12,12,1,,,9,False,True,False
full_270,2015,33,12,7,3,,,9,True,False,False
full_270,2015,34,12,14,1,,,9,False,False,True
full_270,2016,1,14,16,2,,,9,False,False,True
full_270,2016,2,10,4,3,,,9,True,False,False
full_270,2016,3,13,11,2,,,9,True,False,False
full_270,2016,4,11,11,1,,,9,False,True,False
full_270,2016,5,24,14,3,,,9,True,False,False
full_270,2016,6,8,10,3,,,9,False,False,True
full_270,2016,7,14,10,2,,,9,True,False,False
full_270,2016,8,12,15,2,,,9,False,False,True
full_270,2016,9,16,16,0,,,9,False,True,False
full_270,2016,10,8,10,3,,,9,False,False,True
full_270,2016,11,12,13,3,,,9,False,False,True
full_270,2016,12,9,9,1,,,9,False,True,False
full_270,2016,13,14,16,3,,,9,False,False,True
full_270,2016,14,8,13,2,,,9,False,False,True
full_270,2016,15,10,6,2,,,9,True,False,False
full_270,2016,16,6,6,1,,,9,False,True,False
full_270,2016,17,18,19,3,,,9,False,False,True
full_270,2016,18,11,11,0,,,9,False,True,False
full_270,2016,19,20,20,0,,,9,False,True,False
full_270,2016,20,15,15,1,,,9,False,True,False
full_270,2016,21,11,6,2,,,9,True,False,False
full_270,2016,22,13,8,3,,,9,True,False,False
full_270,2016,23,10,14,1,,,9,False,False,True
full_270,2016,24,4,4,3,,,9,False,True,False
full_270,2016,25,15,15,1,,,9,False,True,False
full_270,2016,26,7,10,3,,,9,False,False,True
full_270,2016,27,17,15,3,,,9,True,False,False
full_270,2016,28,15,15,2,,,9,False,True,False
full_270,2016,29,17,17,0,,,9,False,True,False
full_270,2016,30,9,9,1,,,9,False,True,False
full_270,2016,31,10,10,0,,,9,False,True,False
full_270,2016,32,11,11,3,,,9,False,True,False
full_270,2016,33,7,9,2,,,9,False,False,True
full_270,2016,34,7,10,2,,,9,False,False,True
full_270,2017,1,18,18,1,,,9,False,True,False
full_270,2017,2,13,13,1,,,9,False,True,False
full_270,2017,3,6,6,1,,,9,False,True,False
full_270,2017,4,11,15,1,,,9,False,False,True
full_270,2017,5,9,13,4,,,9,False,False,True
full_270,2017,6,12,12,2,,,9,False,True,False
full_270,2017,7,14,16,3,,,9,False,False,True
full_270,2017,8,8,10,2,,,9,False,False,True
full_270,2017,9,10,10,2,,,9,False,True,False
full_270,2017,10,13,13,2,,,9,False,True,False
full_270,2017,11,15,16,3,,,9,False,False,True
full_270,2017,12,12,14,1,,,9,False,False,True
full_270,2017,13,8,8,5,,,9,False,True,False
full_270,2017,14,6,10,3,,,9,False,False,True
full_270,2017,15,9,6,1,,,9,True,False,False
full_270,2017,16,15,15,2,,,9,False,True,False
full_270,2017,17,11,8,2,,,9,True,False,False
full_270,2017,18,11,15,3,,,9,False,False,True
full_270,2017,19,7,6,3,,,9,True,False,False
full_270,2017,20,8,8,1,,,9,False,True,False
full_270,2017,21,13,13,2,,,9,False,True,False
full_270,2017,22,18,21,1,,,9,False,False,True
full_270,2017,23,12,19,3,,,9,False,False,True
full_270,2017,24,4,8,1,,,9,False,False,True
full_270,2017,25,14,16,3,,,9,False,False,True
full_270,2017,26,14,17,1,,,9,False,False,True
full_270,2017,27,11,8,2,,,9,True,False,False
full_270,2017,28,13,13,1,,,9,False,True,False
full_270,2017,29,7,7,4,,,9,False,True,False
full_270,2017,30,15,15,1,,,9,False,True,False
full_270,2017,31,8,14,3,,,9,False,False,True
full_270,2017,32,6,9,2,,,9,False,False,True
full_270,2017,33,9,12,4,,,9,False,False,True
full_270,2017,34,11,18,3,,,9,False,False,True
full_270,2018,1,10,8,3,,,9,True,False,False
full_270,2018,2,13,5,4,,,9,True,False,False
full_270,2018,3,17,15,2,,,9,True,False,False
full_270,2018,4,7,9,3,,,9,False,False,True
full_270,2018,5,10,17,3,,,9,False,False,True
full_270,2018,6,15,12,3,,,9,True,False,False
full_270,2018,7,11,10,2,,,9,True,False,False
full_270,2018,8,11,11,1,,,9,False,True,False
full_270,2018,9,6,6,2,,,9,False,True,False
full_270,2018,10,9,11,4,,,9,False,False,True
full_270,2018,11,8,8,4,,,9,False,True,False
full_270,2018,12,14,12,2,,,9,True,False,False
full_270,2018,13,13,16,3,,,9,False,False,True
full_270,2018,14,14,16,2,,,9,False,False,True
full_270,2018,15,16,12,3,,,9,True,False,False
full_270,2018,16,11,8,2,,,9,True,False,False
full_270,2018,17,14,13,3,,,9,True,False,False
full_270,2018,18,12,12,1,,,9,False,True,False
full_270,2018,19,16,18,1,,,9,False,False,True
full_270,2018,20,5,4,3,,,9,True,False,False
full_270,2018,21,14,14,1,,,9,False,True,False
full_270,2018,22,14,10,1,,,9,True,False,False
full_270,2018,23,12,12,1,,,9,False,True,False
full_270,2018,24,14,14,0,,,9,False,True,False
full_270,2018,25,17,17,1,,,9,False,True,False
full_270,2018,26,15,15,0,,,9,False,True,False
full_270,2018,27,13,14,2,,,9,False,False,True
full_270,2018,28,12,11,3,,,9,True,False,False
full_270,2018,29,18,18,1,,,9,False,True,False
full_270,2018,30,22,18,1,,,9,True,False,False
full_270,2018,31,4,4,1,,,9,False,True,False
full_270,2018,32,8,8,1,,,9,False,True,False
full_270,2018,33,4,4,1,,,9,False,True,False
full_270,2018,34,14,14,0,,,9,False,True,False
full_270,2019,1,10,15,3,,,9,False,False,True
full_270,2019,2,15,15,2,,,9,False,True,False
full_270,2019,3,13,13,0,,,9,False,True,False
full_270,2019,4,6,12,2,,,9,False,False,True
full_270,2019,5,18,18,0,,,9,False,True,False
full_270,2019,6,7,11,1,,,9,False,False,True
full_270,2019,7,8,8,1,,,9,False,True,False
full_270,2019,8,10,7,3,,,9,True,False,False
full_270,2019,9,9,8,2,,,9,True,False,False
full_270,2019,10,11,9,2,,,9,True,False,False
full_270,2019,11,13,8,4,,,9,True,False,False
full_270,2019,12,6,4,3,,,9,True,False,False
full_270,2019,13,8,11,2,,,9,False,False,True
full_270,2019,14,14,14,1,,,9,False,True,False
full_270,2019,15,12,16,2,,,9,False,False,True
full_270,2019,16,8,8,0,,,9,False,True,False
full_270,2019,17,10,13,2,,,9,False,False,True
full_270,2019,18,9,12,2,,,9,False,False,True
full_270,2019,19,12,10,2,,,9,True,False,False
full_270,2019,20,21,13,3,,,9,True,False,False
full_270,2019,21,6,9,1,,,9,False,False,True
full_270,2019,22,15,15,1,,,9,False,True,False
full_270,2019,23,10,10,1,,,9,False,True,False
full_270,2019,24,16,16,0,,,9,False,True,False
full_270,2019,25,12,14,2,,,9,False,False,True
full_270,2019,26,14,14,0,,,9,False,True,False
full_270,2019,27,8,8,0,,,9,False,True,False
full_270,2019,28,5,5,0,,,9,False,True,False
full_270,2019,29,16,16,0,,,9,False,True,False
full_270,2019,30,11,7,2,,,9,True,False,False
full_270,2019,31,6,8,1,,,9,False,False,True
full_270,2019,32,19,15,1,,,9,True,False,False
full_270,2019,33,11,11,1,,,9,False,True,False
full_270,2019,34,22,20,1,,,9,True,False,False
full_270,2020,1,10,9,2,,,9,True,False,False
full_270,2020,2,10,0,5,,,9,True,False,False
full_270,2020,3,10,18,5,,,9,False,False,True
full_270,2020,4,10,14,1,,,9,False,False,True
full_270,2020,5,18,14,1,,,9,True,False,False
full_270,2020,6,8,8,1,,,9,False,True,False
full_270,2020,7,14,16,2,,,9,False,False,True
full_270,2020,8,10,6,1,,,9,True,False,False
full_270,2020,9,10,9,3,,,9,True,False,False
full_270,2020,10,6,10,2,,,9,False,False,True
full_270,2020,11,15,12,1,,,9,True,False,False
full_270,2020,12,17,13,1,,,9,True,False,False
full_270,2020,13,9,11,3,,,9,False,False,True
full_270,2020,14,16,16,0,,,9,False,True,False
full_270,2020,15,9,6,1,,,9,True,False,False
full_270,2020,16,6,6,1,,,9,False,True,False
full_270,2020,17,14,10,2,,,9,True,False,False
full_270,2020,18,10,6,2,,,9,True,False,False
full_270,2020,19,15,16,2,,,9,False,False,True
full_270,2020,20,12,12,2,,,9,False,True,False
full_270,2020,21,4,4,1,,,9,False,True,False
full_270,2020,22,11,11,2,,,9,False,True,False
full_270,2020,23,11,11,0,,,9,False,True,False
full_270,2020,24,11,12,2,,,9,False,False,True
full_270,2020,25,12,15,1,,,9,False,False,True
full_270,2020,26,13,16,2,,,9,False,False,True
full_270,2020,27,14,19,2,,,9,False,False,True
full_270,2020,28,8,11,1,,,9,False,False,True
full_270,2020,29,15,13,1,,,9,True,False,False
full_270,2020,30,12,17,2,,,9,False,False,True
full_270,2020,31,13,18,3,,,9,False,False,True
full_270,2020,32,16,14,1,,,9,True,False,False
full_270,2020,33,2,5,4,,,9,False,False,True
full_270,2020,34,16,18,1,,,9,False,False,True
full_270,2021,1,9,11,2,,,9,False,False,True
full_270,2021,2,13,12,2,,,9,True,False,False
full_270,2021,3,13,17,4,,,9,False,False,True
full_270,2021,4,11,13,1,,,9,False,False,True
full_270,2021,5,11,8,1,,,9,True,False,False
full_270,2021,6,13,13,0,,,9,False,True,False
full_270,2021,7,13,13,1,,,9,False,True,False
full_270,2021,8,7,7,1,,,9,False,True,False
full_270,2021,9,14,10,1,,,9,True,False,False
full_270,2021,10,12,15,1,,,9,False,False,True
full_270,2021,11,12,12,3,,,9,False,True,False
full_270,2021,12,10,10,0,,,9,False,True,False
full_270,2021,13,14,10,2,,,9,True,False,False
full_270,2021,14,12,10,3,,,9,True,False,False
full_270,2021,15,6,6,0,,,9,False,True,False
full_270,2021,16,9,8,3,,,9,True,False,False
full_270,2021,17,12,12,2,,,9,False,True,False
full_270,2021,18,7,9,3,,,9,False,False,True
full_270,2021,19,18,14,1,,,9,True,False,False
full_270,2021,20,14,11,3,,,9,True,False,False
full_270,2021,21,12,10,5,,,9,True,False,False
full_270,2021,22,13,13,0,,,9,False,True,False
full_270,2021,23,13,17,6,,,9,False,False,True
full_270,2021,24,15,15,0,,,9,False,True,False
full_270,2021,25,15,15,1,,,9,False,True,False
full_270,2021,26,12,12,1,,,9,False,True,False
full_270,2021,27,9,11,2,,,9,False,False,True
full_270,2021,28,12,8,2,,,9,True,False,False
full_270,2021,29,12,13,3,,,9,False,False,True
full_270,2021,30,11,11,0,,,9,False,True,False
full_270,2021,31,12,10,2,,,9,True,False,False
full_270,2021,32,6,4,3,,,9,True,False,False
full_270,2021,33,14,10,1,,,9,True,False,False
full_270,2021,34,14,14,2,,,9,False,True,False
full_270,2022,1,13,16,1,,,9,False,False,True
full_270,2022,2,14,9,3,,,9,True,False,False
full_270,2022,3,8,9,3,,,9,False,False,True
full_270,2022,4,18,15,1,,,9,True,False,False
full_270,2022,5,3,5,1,,,9,False,False,True
full_270,2022,6,9,6,1,,,9,True,False,False
full_270,2022,7,6,4,1,,,9,True,False,False
full_270,2022,8,14,15,3,,,9,False,False,True
full_270,2022,9,12,4,2,,,9,True,False,False
full_270,2022,10,13,11,2,,,9,True,False,False
full_270,2022,11,11,11,0,,,9,False,True,False
full_270,2022,12,23,23,2,,,9,False,True,False
full_270,2022,13,18,20,1,,,9,False,False,True
full_270,2022,14,14,14,0,,,9,False,True,False
full_270,2022,15,12,12,0,,,9,False,True,False
full_270,2022,16,15,15,1,,,9,False,True,False
full_270,2022,17,16,12,1,,,9,True,False,False
full_270,2022,18,8,8,1,,,9,False,True,False
full_270,2022,19,9,9,1,,,9,False,True,False
full_270,2022,20,14,14,0,,,9,False,True,False
full_270,2022,21,11,10,2,,,9,True,False,False
full_270,2022,22,15,15,0,,,9,False,True,False
full_270,2022,23,15,15,1,,,9,False,True,False
full_270,2022,24,11,11,1,,,9,False,True,False
full_270,2022,25,9,6,2,,,9,True,False,False
full_270,2022,26,6,6,0,,,9,False,True,False
full_270,2022,27,14,21,4,,,9,False,False,True
full_270,2022,28,6,8,3,,,9,False,False,True
full_270,2022,29,8,8,2,,,9,False,True,False
full_270,2022,30,13,15,4,,,9,False,False,True
full_270,2022,31,8,11,2,,,9,False,False,True
full_270,2022,32,16,19,2,,,9,False,False,True
full_270,2022,33,4,8,3,,,9,False,False,True
full_270,2022,34,16,16,1,,,9,False,True,False
full_270,2023,1,8,16,3,,,9,False,False,True
full_270,2023,2,14,14,0,,,9,False,True,False
full_270,2023,3,10,12,3,,,9,False,False,True
full_270,2023,4,10,10,1,,,9,False,True,False
full_270,2023,5,21,16,3,,,9,True,False,False
full_270,2023,6,10,10,3,,,9,False,True,False
full_270,2023,7,13,13,0,,,9,False,True,False
full_270,2023,8,17,17,3,,,9,False,True,False
full_270,2023,9,12,12,1,,,9,False,True,False
full_270,2023,10,5,5,0,,,9,False,True,False
full_270,2023,11,9,12,4,,,9,False,False,True
full_270,2023,12,7,10,4,,,9,False,False,True
full_270,2023,13,13,12,3,,,9,True,False,False
full_270,2023,14,9,12,2,,,9,False,False,True
full_270,2023,15,12,14,1,,,9,False,False,True
full_270,2023,16,17,14,1,,,9,True,False,False
full_270,2023,17,11,9,1,,,9,True,False,False
full_270,2023,18,5,9,2,,,9,False,False,True
full_270,2023,19,15,12,3,,,9,True,False,False
full_270,2023,20,10,12,2,,,9,False,False,True
full_270,2023,21,10,8,2,,,9,True,False,False
full_270,2023,22,14,13,2,,,9,True,False,False
full_270,2023,23,12,12,0,,,9,False,True,False
full_270,2023,24,12,19,2,,,9,False,False,True
full_270,2023,25,23,19,2,,,9,True,False,False
full_270,2023,26,17,17,0,,,9,False,True,False
full_270,2023,27,2,4,2,,,9,False,False,True
full_270,2023,28,13,14,1,,,9,False,False,True
full_270,2023,29,21,21,1,,,9,False,True,False
full_270,2023,30,14,14,2,,,9,False,True,False
full_270,2023,31,7,10,1,,,9,False,False,True
full_270,2023,32,6,8,3,,,9,False,False,True
full_270,2023,33,10,13,4,,,9,False,False,True
full_270,2023,34,10,15,2,,,9,False,False,True
full_270,2024,1,13,13,0,,,9,False,True,False
full_270,2024,2,15,13,2,,,9,True,False,False
full_270,2024,3,14,18,2,,,9,False,False,True
full_270,2024,4,10,14,3,,,9,False,False,True
full_270,2024,5,10,10,0,,,9,False,True,False
full_270,2024,6,5,12,5,,,9,False,False,True
full_270,2024,7,19,19,1,,,9,False,True,False
full_270,2024,8,10,6,3,,,9,True,False,False
full_270,2024,9,6,10,1,,,9,False,False,True
full_270,2024,10,9,8,2,,,9,True,False,False
full_270,2024,11,23,23,0,,,9,False,True,False
full_270,2024,12,12,14,1,,,9,False,False,True
full_270,2024,13,18,18,1,,,9,False,True,False
full_270,2024,14,13,13,1,,,9,False,True,False
full_270,2024,15,8,10,2,,,9,False,False,True
full_270,2024,16,18,20,3,,,9,False,False,True
full_270,2024,17,13,17,1,,,9,False,False,True
full_270,2024,18,11,14,2,,,9,False,False,True
full_270,2024,19,8,12,2,,,9,False,False,True
full_270,2024,20,19,16,1,,,9,True,False,False
full_270,2024,21,7,7,2,,,9,False,True,False
full_270,2024,22,6,6,3,,,9,False,True,False
full_270,2024,23,11,11,0,,,9,False,True,False
full_270,2024,24,18,15,1,,,9,True,False,False
full_270,2024,25,0,0,2,,,9,False,True,False
full_270,2024,26,9,16,3,,,9,False,False,True
full_270,2024,27,12,12,0,,,9,False,True,False
full_270,2024,28,11,15,2,,,9,False,False,True
full_270,2024,29,8,8,2,,,9,False,True,False
full_270,2024,30,11,11,1,,,9,False,True,False
full_270,2024,31,9,11,2,,,9,False,False,True
full_270,2024,32,5,6,4,,,9,False,False,True
full_270,2024,33,11,13,2,,,9,False,False,True
full_270,2024,34,8,4,4,,,9,True,False,False
full_270,2025,1,6,6,1,,,9,False,True,False
full_270,2025,2,11,13,2,,,9,False,False,True
full_270,2025,3,9,9,2,,,9,False,True,False
full_270,2025,4,11,14,1,,,9,False,False,True
full_270,2025,5,16,13,1,,,9,True,False,False
full_270,2025,6,13,13,3,,,9,False,True,False
full_270,2025,7,15,15,2,,,9,False,True,False
full_270,2025,8,22,20,1,,,9,True,False,False
full_270,2025,9,9,12,3,,,9,False,False,True
full_270,2025,10,17,17,1,,,9,False,True,False
full_270,2025,11,15,15,1,,,9,False,True,False
full_270,2025,12,6,11,2,,,9,False,False,True
full_270,2025,13,8,11,1,,,9,False,False,True
full_270,2025,14,9,14,3,,,9,False,False,True
full_270,2025,15,4,4,2,,,9,False,True,False
full_270,2025,16,13,10,1,,,9,True,False,False
full_270,2025,17,25,21,1,,,9,True,False,False
full_270,2025,18,5,11,3,,,9,False,False,True
full_270,2025,19,19,21,1,,,9,False,False,True
full_270,2025,20,15,15,0,,,9,False,True,False
full_270,2025,21,15,17,2,,,9,False,False,True
full_270,2025,22,16,19,2,,,9,False,False,True
full_270,2025,23,6,6,2,,,9,False,True,False
full_270,2025,24,19,19,1,,,9,False,True,False
full_270,2025,25,13,13,1,,,9,False,True,False
full_270,2025,26,11,11,1,,,9,False,True,False
full_270,2025,27,16,12,2,,,9,True,False,False
full_270,2025,28,10,8,1,,,9,True,False,False
full_270,2025,29,13,9,2,,,9,True,False,False
full_270,2025,30,11,15,2,,,9,False,False,True
full_270,2025,31,16,16,1,,,9,False,True,False
full_270,2025,32,5,2,3,,,9,True,False,False
full_270,2025,33,13,15,2,,,9,False,False,True
full_270,2025,34,8,6,1,,,9,True,False,False
