as_of,baseline_points,contest_points,changed_tendencies,evaluation_log_objective,baseline_evaluation_log_objective,scenarios,tips
2018-08-21,8,9,6,-5.0113617082146575,-6.629975317241484,"[{""assumed_opponents"": 100, ""assumed_crowd_concentration"": 1.0, ""simulated_prize_share"": 0.028178673176205205, ""baseline_simulated_prize_share"": 0.023900986326655084, ""paired_difference_standard_error"": 0.0009429230139546798}, {""assumed_opponents"": 1000, ""assumed_crowd_concentration"": 1.0, ""simulated_prize_share"": 0.005015648805394561, ""baseline_simulated_prize_share"": 0.0028514166959039, ""paired_difference_standard_error"": 0.0003598330769179626}, {""assumed_opponents"": 10000, ""assumed_crowd_concentration"": 1.0, ""simulated_prize_share"": 0.0007085790279740627, ""baseline_simulated_prize_share"": 0.00038390403090164205, ""paired_difference_standard_error"": 0.0001354739513145585}, {""assumed_opponents"": 100, ""assumed_crowd_concentration"": 2.5, ""simulated_prize_share"": 0.030935419673263388, ""baseline_simulated_prize_share"": 0.014375327090587933, ""paired_difference_standard_error"": 0.0008855428577591258}, {""assumed_opponents"": 1000, ""assumed_crowd_concentration"": 2.5, ""simulated_prize_share"": 0.0063644762890211985, ""baseline_simulated_prize_share"": 0.0012280238658149366, ""paired_difference_standard_error"": 0.00036344986618477447}, {""assumed_opponents"": 10000, ""assumed_crowd_concentration"": 2.5, ""simulated_prize_share"": 0.0010715519535766328, ""baseline_simulated_prize_share"": 0.00017361232148569515, ""paired_difference_standard_error"": 0.00014427960517810512}, {""assumed_opponents"": 100, ""assumed_crowd_concentration"": 5.0, ""simulated_prize_share"": 0.041075383630471, ""baseline_simulated_prize_share"": 0.0078018161952187574, ""paired_difference_standard_error"": 0.0009488570680988687}, {""assumed_opponents"": 1000, ""assumed_crowd_concentration"": 5.0, ""simulated_prize_share"": 0.011076738870295987, ""baseline_simulated_prize_share"": 0.00045953839380538056, ""paired_difference_standard_error"": 0.0004742829891861167}, {""assumed_opponents"": 10000, ""assumed_crowd_concentration"": 5.0, ""simulated_prize_share"": 0.0026883013653418416, ""baseline_simulated_prize_share"": 4.237629216806122e-05, ""paired_difference_standard_error"": 0.00022477928833794554}]","[{""match_id"": ""35fc76a1b06760e2e5b2"", ""tip_home"": 3, ""tip_away"": 0}, {""match_id"": ""038ac7fd41b836403dee"", ""tip_home"": 1, ""tip_away"": 1}, {""match_id"": ""0920a815284a576ce6b7"", ""tip_home"": 1, ""tip_away"": 1}, {""match_id"": ""0cce9e444a8f12743abd"", ""tip_home"": 0, ""tip_away"": 1}, {""match_id"": ""d1bb9ddf240825f00c65"", ""tip_home"": 2, ""tip_away"": 1}, {""match_id"": ""e7647a2c12861f96c104"", ""tip_home"": 1, ""tip_away"": 1}, {""match_id"": ""ee2f24fd98941e501458"", ""tip_home"": 1, ""tip_away"": 1}, {""match_id"": ""9c496fe22ede1b0ee6e5"", ""tip_home"": 1, ""tip_away"": 1}, {""match_id"": ""c609a26d8c0f396b3c6c"", ""tip_home"": 1, ""tip_away"": 1}]"
2018-08-28,5,16,6,-4.569600418906969,-7.1497377508985664,"[{""assumed_opponents"": 100, ""assumed_crowd_concentration"": 1.0, ""simulated_prize_share"": 0.02870557441357087, ""baseline_simulated_prize_share"": 0.021422739028894258, ""paired_difference_standard_error"": 0.0009220085895743958}, {""assumed_opponents"": 1000, ""assumed_crowd_concentration"": 1.0, ""simulated_prize_share"": 0.005513234802896682, ""baseline_simulated_prize_share"": 0.002051648504675538, ""paired_difference_standard_error"": 0.00035947766763471116}, {""assumed_opponents"": 10000, ""assumed_crowd_concentration"": 1.0, ""simulated_prize_share"": 0.0010020673161479608, ""baseline_simulated_prize_share"": 0.00015758205953149347, ""paired_difference_standard_error"": 0.0001388443220276803}, {""assumed_opponents"": 100, ""assumed_crowd_concentration"": 2.5, ""simulated_prize_share"": 0.037722898814373504, ""baseline_simulated_prize_share"": 0.012893565404037459, ""paired_difference_standard_error"": 0.000963590227520882}, {""assumed_opponents"": 1000, ""assumed_crowd_concentration"": 2.5, ""simulated_prize_share"": 0.010090545480769163, ""baseline_simulated_prize_share"": 0.0009459620493054206, ""paired_difference_standard_error"": 0.0004602005095300643}, {""assumed_opponents"": 10000, ""assumed_crowd_concentration"": 2.5, ""simulated_prize_share"": 0.002474241291064387, ""baseline_simulated_prize_share"": 2.2380708514581893e-05, ""paired_difference_standard_error"": 0.0002189285859085861}, {""assumed_opponents"": 100, ""assumed_crowd_concentration"": 5.0, ""simulated_prize_share"": 0.054776915223047895, ""baseline_simulated_prize_share"": 0.009671545275793324, ""paired_difference_standard_error"": 0.0011408232003664522}, {""assumed_opponents"": 1000, ""assumed_crowd_concentration"": 5.0, ""simulated_prize_share"": 0.02088045935100383, ""baseline_simulated_prize_share"": 0.0005880913290649154, ""paired_difference_standard_error"": 0.0006831671115458293}, {""assumed_opponents"": 10000, ""assumed_crowd_concentration"": 5.0, ""simulated_prize_share"": 0.008062333914264471, ""baseline_simulated_prize_share"": 1.0534870092058359e-05, ""paired_difference_standard_error"": 0.0004216097425427093}]","[{""match_id"": ""ff3d6cc615c40c3ff9ef"", ""tip_home"": 1, ""tip_away"": 1}, {""match_id"": ""092480c387f8d34a3a94"", ""tip_home"": 1, ""tip_away"": 1}, {""match_id"": ""1e60604264661163f97b"", ""tip_home"": 0, ""tip_away"": 1}, {""match_id"": ""3380dac2c886530e1a56"", ""tip_home"": 2, ""tip_away"": 1}, {""match_id"": ""43c648bed9d78a88b7c2"", ""tip_home"": 1, ""tip_away"": 1}, {""match_id"": ""aba9a55845f11158e6ab"", ""tip_home"": 1, ""tip_away"": 1}, {""match_id"": ""d035022a7663f381e09a"", ""tip_home"": 0, ""tip_away"": 1}, {""match_id"": ""8b5d00d9317b238b00dc"", ""tip_home"": 2, ""tip_away"": 0}, {""match_id"": ""c9271e736f9a82b5d6e5"", ""tip_home"": 1, ""tip_away"": 1}]"
2018-09-11,15,16,7,-4.738328014180343,-6.638043527892827,"[{""assumed_opponents"": 100, ""assumed_crowd_concentration"": 1.0, ""simulated_prize_share"": 0.022730926611266397, ""baseline_simulated_prize_share"": 0.0263800672929284, ""paired_difference_standard_error"": 0.0009203019728224361}, {""assumed_opponents"": 1000, ""assumed_crowd_concentration"": 1.0, ""simulated_prize_share"": 0.004552306060597587, ""baseline_simulated_prize_share"": 0.002870536180711312, ""paired_difference_standard_error"": 0.00035405384220748155}, {""assumed_opponents"": 10000, ""assumed_crowd_concentration"": 1.0, ""simulated_prize_share"": 0.0008976157005047734, ""baseline_simulated_prize_share"": 0.00030772087344722925, ""paired_difference_standard_error"": 0.0001484310202161435}, {""assumed_opponents"": 100, ""assumed_crowd_concentration"": 2.5, ""simulated_prize_share"": 0.031388193826658375, ""baseline_simulated_prize_share"": 0.015759455249858494, ""paired_difference_standard_error"": 0.000934346958605603}, {""assumed_opponents"": 1000, ""assumed_crowd_concentration"": 2.5, ""simulated_prize_share"": 0.008962220702337589, ""baseline_simulated_prize_share"": 0.0012938620763724594, ""paired_difference_standard_error"": 0.00044476410393151655}, {""assumed_opponents"": 10000, ""assumed_crowd_concentration"": 2.5, ""simulated_prize_share"": 0.0024080334480221983, ""baseline_simulated_prize_share"": 0.00011007810046055699, ""paired_difference_standard_error"": 0.00022141700291078341}, {""assumed_opponents"": 100, ""assumed_crowd_concentration"": 5.0, ""simulated_prize_share"": 0.04282554829758818, ""baseline_simulated_prize_share"": 0.00964720573462833, ""paired_difference_standard_error"": 0.0010337853473823674}, {""assumed_opponents"": 1000, ""assumed_crowd_concentration"": 5.0, ""simulated_prize_share"": 0.016943858679968067, ""baseline_simulated_prize_share"": 0.0006484998229064061, ""paired_difference_standard_error"": 0.000621066144593827}, {""assumed_opponents"": 10000, ""assumed_crowd_concentration"": 5.0, ""simulated_prize_share"": 0.00660744944555982, ""baseline_simulated_prize_share"": 3.4623545030520685e-05, ""paired_difference_standard_error"": 0.00038752039160304196}]","[{""match_id"": ""71f9262fc2de6585223e"", ""tip_home"": 1, ""tip_away"": 1}, {""match_id"": ""03fd2a490811170cd122"", ""tip_home"": 4, ""tip_away"": 1}, {""match_id"": ""2eed56c07a8cba8ca163"", ""tip_home"": 1, ""tip_away"": 2}, {""match_id"": ""6a5cf0d4ce8de2c39e5d"", ""tip_home"": 2, ""tip_away"": 1}, {""match_id"": ""6b88eb5b9ea4d87de7f4"", ""tip_home"": 1, ""tip_away"": 1}, {""match_id"": ""b9f3c27cb29338cb6a2b"", ""tip_home"": 1, ""tip_away"": 1}, {""match_id"": ""d35c7cff2daacd1cb137"", ""tip_home"": 1, ""tip_away"": 1}, {""match_id"": ""24648be436510cf90da0"", ""tip_home"": 1, ""tip_away"": 1}, {""match_id"": ""6733d25ff0a3084087b1"", ""tip_home"": 1, ""tip_away"": 1}]"
2018-09-18,9,11,9,-4.594639669136486,-6.80525690333452,"[{""assumed_opponents"": 100, ""assumed_crowd_concentration"": 1.0, ""simulated_prize_share"": 0.02526641346616157, ""baseline_simulated_prize_share"": 0.021186980687069888, ""paired_difference_standard_error"": 0.0009064226136410678}, {""assumed_opponents"": 1000, ""assumed_crowd_concentration"": 1.0, ""simulated_prize_share"": 0.005865984784397495, ""baseline_simulated_prize_share"": 0.0022214847164042754, ""paired_difference_standard_error"": 0.00037851744900371434}, {""assumed_opponents"": 10000, ""assumed_crowd_concentration"": 1.0, ""simulated_prize_share"": 0.0011916534794493895, ""baseline_simulated_prize_share"": 0.00028003196214761, ""paired_difference_standard_error"": 0.0001621450507836883}, {""assumed_opponents"": 100, ""assumed_crowd_concentration"": 2.5, ""simulated_prize_share"": 0.03401395848400362, ""baseline_simulated_prize_share"": 0.012806129214348278, ""paired_difference_standard_error"": 0.000940293545785585}, {""assumed_opponents"": 1000, ""assumed_crowd_concentration"": 2.5, ""simulated_prize_share"": 0.010398117678902852, ""baseline_simulated_prize_share"": 0.0010527431674813926, ""paired_difference_standard_error"": 0.00048184153748996985}, {""assumed_opponents"": 10000, ""assumed_crowd_concentration"": 2.5, ""simulated_prize_share"": 0.0028940369622027133, ""baseline_simulated_prize_share"": 0.0001051230588189384, ""paired_difference_standard_error"": 0.00024361494554825958}, {""assumed_opponents"": 100, ""assumed_crowd_concentration"": 5.0, ""simulated_prize_share"": 0.04568791535627549, ""baseline_simulated_prize_share"": 0.007564743798203546, ""paired_difference_standard_error"": 0.0010419015765216484}, {""assumed_opponents"": 1000, ""assumed_crowd_concentration"": 5.0, ""simulated_prize_share"": 0.01791998763858249, ""baseline_simulated_prize_share"": 0.0005568590697843366, ""paired_difference_standard_error"": 0.0006439670018873889}, {""assumed_opponents"": 10000, ""assumed_crowd_concentration"": 5.0, ""simulated_prize_share"": 0.007427977244017004, ""baseline_simulated_prize_share"": 3.1969252724535735e-05, ""paired_difference_standard_error"": 0.000407219887817454}]","[{""match_id"": ""a9d98162ef55d45d40fc"", ""tip_home"": 1, ""tip_away"": 1}, {""match_id"": ""145679ece2241d28c1bf"", ""tip_home"": 1, ""tip_away"": 1}, {""match_id"": ""524cbd0fd1f76d1b0bf6"", ""tip_home"": 1, ""tip_away"": 2}, {""match_id"": ""8a5c8b3706adf0d74241"", ""tip_home"": 1, ""tip_away"": 1}, {""match_id"": ""a4a7420ba2b8f9159d6b"", ""tip_home"": 1, ""tip_away"": 1}, {""match_id"": ""c02e80b470c21a590620"", ""tip_home"": 1, ""tip_away"": 1}, {""match_id"": ""f7de94dab43533f62cbe"", ""tip_home"": 1, ""tip_away"": 1}, {""match_id"": ""20bc2c28389446d6307f"", ""tip_home"": 1, ""tip_away"": 1}, {""match_id"": ""b7c4d43b613a24505f3c"", ""tip_home"": 1, ""tip_away"": 1}]"
2018-10-02,10,5,7,-4.759787785945722,-7.185502909904252,"[{""assumed_opponents"": 100, ""assumed_crowd_concentration"": 1.0, ""simulated_prize_share"": 0.023167917945270122, ""baseline_simulated_prize_share"": 0.021706405786777842, ""paired_difference_standard_error"": 0.0008685669821434822}, {""assumed_opponents"": 1000, ""assumed_crowd_concentration"": 1.0, ""simulated_prize_share"": 0.00455927546495985, ""baseline_simulated_prize_share"": 0.0022097878401000593, ""paired_difference_standard_error"": 0.000342519472101014}, {""assumed_opponents"": 10000, ""assumed_crowd_concentration"": 1.0, ""simulated_prize_share"": 0.0008243151535361685, ""baseline_simulated_prize_share"": 0.00028436220837913765, ""paired_difference_standard_error"": 0.00013632226795276745}, {""assumed_opponents"": 100, ""assumed_crowd_concentration"": 2.5, ""simulated_prize_share"": 0.031176891438228396, ""baseline_simulated_prize_share"": 0.011987582909458996, ""paired_difference_standard_error"": 0.00088351228678047}, {""assumed_opponents"": 1000, ""assumed_crowd_concentration"": 2.5, ""simulated_prize_share"": 0.008352317554311022, ""baseline_simulated_prize_share"": 0.0009453886192005536, ""paired_difference_standard_error"": 0.0004248808710876453}, {""assumed_opponents"": 10000, ""assumed_crowd_concentration"": 2.5, ""simulated_prize_share"": 0.0021133079926377194, ""baseline_simulated_prize_share"": 4.6185327875914426e-05, ""paired_difference_standard_error"": 0.0002011604502452344}, {""assumed_opponents"": 100, ""assumed_crowd_concentration"": 5.0, ""simulated_prize_share"": 0.046937620437755144, ""baseline_simulated_prize_share"": 0.007098312052538921, ""paired_difference_standard_error"": 0.001036952676558563}, {""assumed_opponents"": 1000, ""assumed_crowd_concentration"": 5.0, ""simulated_prize_share"": 0.016997221171374234, ""baseline_simulated_prize_share"": 0.00037427747287981073, ""paired_difference_standard_error"": 0.0006159905532114925}, {""assumed_opponents"": 10000, ""assumed_crowd_concentration"": 5.0, ""simulated_prize_share"": 0.0065054320502166245, ""baseline_simulated_prize_share"": 4.3288890249999285e-06, ""paired_difference_standard_error"": 0.00037863547904730253}]","[{""match_id"": ""567e9624bea2a86131ba"", ""tip_home"": 1, ""tip_away"": 2}, {""match_id"": ""11f8111417710d5f5a62"", ""tip_home"": 1, ""tip_away"": 1}, {""match_id"": ""32667b0cf11f3201fcd8"", ""tip_home"": 1, ""tip_away"": 1}, {""match_id"": ""9dffc2a42e8df0564912"", ""tip_home"": 3, ""tip_away"": 0}, {""match_id"": ""d1dbf961abbb0163a1bd"", ""tip_home"": 3, ""tip_away"": 0}, {""match_id"": ""eb380b9c7a4f588017cc"", ""tip_home"": 1, ""tip_away"": 1}, {""match_id"": ""192d4cc7826de21f3467"", ""tip_home"": 1, ""tip_away"": 1}, {""match_id"": ""c3f93d16c6dea3b71a1f"", ""tip_home"": 1, ""tip_away"": 1}, {""match_id"": ""c9b6c30cfe414b950b54"", ""tip_home"": 2, ""tip_away"": 1}]"
2018-10-16,11,15,7,-4.347599326140645,-7.310189483155312,"[{""assumed_opponents"": 100, ""assumed_crowd_concentration"": 1.0, ""simulated_prize_share"": 0.028192446970130042, ""baseline_simulated_prize_share"": 0.02108263673415585, ""paired_difference_standard_error"": 0.0009183962574552451}, {""assumed_opponents"": 1000, ""assumed_crowd_concentration"": 1.0, ""simulated_prize_share"": 0.005588557899534293, ""baseline_simulated_prize_share"": 0.001919750257177039, ""paired_difference_standard_error"": 0.0003567205229874415}, {""assumed_opponents"": 10000, ""assumed_crowd_concentration"": 1.0, ""simulated_prize_share"": 0.00109361260068644, ""baseline_simulated_prize_share"": 0.00023281544405235997, ""paired_difference_standard_error"": 0.00015671401173620534}, {""assumed_opponents"": 100, ""assumed_crowd_concentration"": 2.5, ""simulated_prize_share"": 0.042588537324782, ""baseline_simulated_prize_share"": 0.008968681475147962, ""paired_difference_standard_error"": 0.0009913124253852507}, {""assumed_opponents"": 1000, ""assumed_crowd_concentration"": 2.5, ""simulated_prize_share"": 0.012701962342650936, ""baseline_simulated_prize_share"": 0.0005138964434341668, ""paired_difference_standard_error"": 0.0005121005750111803}, {""assumed_opponents"": 10000, ""assumed_crowd_concentration"": 2.5, ""simulated_prize_share"": 0.00326948493708233, ""baseline_simulated_prize_share"": 5.026037761315316e-05, ""paired_difference_standard_error"": 0.00025477035629827634}, {""assumed_opponents"": 100, ""assumed_crowd_concentration"": 5.0, ""simulated_prize_share"": 0.07250829946782265, ""baseline_simulated_prize_share"": 0.00516888418689657, ""paired_difference_standard_error"": 0.0012840755123948542}, {""assumed_opponents"": 1000, ""assumed_crowd_concentration"": 5.0, ""simulated_prize_share"": 0.03257707210686793, ""baseline_simulated_prize_share"": 0.0001944082519705354, ""paired_difference_standard_error"": 0.0008591812014793203}, {""assumed_opponents"": 10000, ""assumed_crowd_concentration"": 5.0, ""simulated_prize_share"": 0.014109633735893913, ""baseline_simulated_prize_share"": 1.218715990531911e-05, ""paired_difference_standard_error"": 0.0005668934525546913}]","[{""match_id"": ""7701fb2c73dfee9c591a"", ""tip_home"": 1, ""tip_away"": 1}, {""match_id"": ""46a28f88def6fe29d5ce"", ""tip_home"": 1, ""tip_away"": 1}, {""match_id"": ""99a42c19b22856400888"", ""tip_home"": 1, ""tip_away"": 2}, {""match_id"": ""ab3cf5a3861e3dd8d81b"", ""tip_home"": 0, ""tip_away"": 2}, {""match_id"": ""c49d240ea9601f96a91c"", ""tip_home"": 1, ""tip_away"": 1}, {""match_id"": ""d8a8d1b4febe464f9109"", ""tip_home"": 1, ""tip_away"": 1}, {""match_id"": ""f35593ad64b77482c827"", ""tip_home"": 1, ""tip_away"": 1}, {""match_id"": ""3ab0df2810f6316def70"", ""tip_home"": 1, ""tip_away"": 1}, {""match_id"": ""a0f3bac6d26e175f088f"", ""tip_home"": 1, ""tip_away"": 1}]"
2018-10-23,6,13,7,-4.675770276721675,-7.323037038080772,"[{""assumed_opponents"": 100, ""assumed_crowd_concentration"": 1.0, ""simulated_prize_share"": 0.02686459225069479, ""baseline_simulated_prize_share"": 0.020196792554849467, ""paired_difference_standard_error"": 0.0008984793505346271}, {""assumed_opponents"": 1000, ""assumed_crowd_concentration"": 1.0, ""simulated_prize_share"": 0.00531536373362302, ""baseline_simulated_prize_share"": 0.001883209549062282, ""paired_difference_standard_error"": 0.00034808972601308856}, {""assumed_opponents"": 10000, ""assumed_crowd_concentration"": 1.0, ""simulated_prize_share"": 0.0009631696230259359, ""baseline_simulated_prize_share"": 0.00011436866343229104, ""paired_difference_standard_error"": 0.00013834252840806856}, {""assumed_opponents"": 100, ""assumed_crowd_concentration"": 2.5, ""simulated_prize_share"": 0.03523391818963863, ""baseline_simulated_prize_share"": 0.011239428240892534, ""paired_difference_standard_error"": 0.0009233200240599261}, {""assumed_opponents"": 1000, ""assumed_crowd_concentration"": 2.5, ""simulated_prize_share"": 0.009302726440429683, ""baseline_simulated_prize_share"": 0.0006478908926748735, ""paired_difference_standard_error"": 0.0004335340643541655}, {""assumed_opponents"": 10000, ""assumed_crowd_concentration"": 2.5, ""simulated_prize_share"": 0.002284564085143934, ""baseline_simulated_prize_share"": 3.3134230227425135e-05, ""paired_difference_standard_error"": 0.0002141004688364266}, {""assumed_opponents"": 100, ""assumed_crowd_concentration"": 5.0, ""simulated_prize_share"": 0.049726605222717914, ""baseline_simulated_prize_share"": 0.006332594290493698, ""paired_difference_standard_error"": 0.0010602498290381232}, {""assumed_opponents"": 1000, ""assumed_crowd_concentration"": 5.0, ""simulated_prize_share"": 0.017570753018228177, ""baseline_simulated_prize_share"": 0.000205826285159715, ""paired_difference_standard_error"": 0.0006140863745813012}, {""assumed_opponents"": 10000, ""assumed_crowd_concentration"": 5.0, ""simulated_prize_share"": 0.005886798760994013, ""baseline_simulated_prize_share"": 1.740665147417179e-05, ""paired_difference_standard_error"": 0.00035622802786229027}]","[{""match_id"": ""976859444ed331a8b331"", ""tip_home"": 1, ""tip_away"": 1}, {""match_id"": ""20c32b785190e3b35b11"", ""tip_home"": 0, ""tip_away"": 1}, {""match_id"": ""33c2ca60b1876d60cbe9"", ""tip_home"": 1, ""tip_away"": 1}, {""match_id"": ""823497e503d881abc590"", ""tip_home"": 1, ""tip_away"": 1}, {""match_id"": ""92b55c3edaadf8325597"", ""tip_home"": 1, ""tip_away"": 1}, {""match_id"": ""93e38aefb0bab2a6ada5"", ""tip_home"": 1, ""tip_away"": 0}, {""match_id"": ""079c395fd3c55eb4e55f"", ""tip_home"": 1, ""tip_away"": 1}, {""match_id"": ""19d6bdd133fc308597e6"", ""tip_home"": 1, ""tip_away"": 1}, {""match_id"": ""296dab0310d6d8a38f99"", ""tip_home"": 1, ""tip_away"": 1}]"
2018-10-30,11,9,6,-4.666930674841859,-7.188111450321736,"[{""assumed_opponents"": 100, ""assumed_crowd_concentration"": 1.0, ""simulated_prize_share"": 0.02730084533757764, ""baseline_simulated_prize_share"": 0.022197672576538797, ""paired_difference_standard_error"": 0.0009140932329316561}, {""assumed_opponents"": 1000, ""assumed_crowd_concentration"": 1.0, ""simulated_prize_share"": 0.004919656737939178, ""baseline_simulated_prize_share"": 0.0024991163423387364, ""paired_difference_standard_error"": 0.0003568803015844183}, {""assumed_opponents"": 10000, ""assumed_crowd_concentration"": 1.0, ""simulated_prize_share"": 0.0009326426537830754, ""baseline_simulated_prize_share"": 0.00024077334035280777, ""paired_difference_standard_error"": 0.00014113071156006136}, {""assumed_opponents"": 100, ""assumed_crowd_concentration"": 2.5, ""simulated_prize_share"": 0.03644862606222324, ""baseline_simulated_prize_share"": 0.011666664277954573, ""paired_difference_standard_error"": 0.0009284810755364779}, {""assumed_opponents"": 1000, ""assumed_crowd_concentration"": 2.5, ""simulated_prize_share"": 0.008588153081583078, ""baseline_simulated_prize_share"": 0.0009737283227384109, ""paired_difference_standard_error"": 0.00042433340288464984}, {""assumed_opponents"": 10000, ""assumed_crowd_concentration"": 2.5, ""simulated_prize_share"": 0.0020726778085620114, ""baseline_simulated_prize_share"": 6.106365661920128e-05, ""paired_difference_standard_error"": 0.00019989442503566432}, {""assumed_opponents"": 100, ""assumed_crowd_concentration"": 5.0, ""simulated_prize_share"": 0.056382152815121774, ""baseline_simulated_prize_share"": 0.005901719482355487, ""paired_difference_standard_error"": 0.0011145144907831932}, {""assumed_opponents"": 1000, ""assumed_crowd_concentration"": 5.0, ""simulated_prize_share"": 0.019244177466079114, ""baseline_simulated_prize_share"": 0.0003460492908474857, ""paired_difference_standard_error"": 0.0006386804054225303}, {""assumed_opponents"": 10000, ""assumed_crowd_concentration"": 5.0, ""simulated_prize_share"": 0.006504590045533188, ""baseline_simulated_prize_share"": 4.238377211467022e-06, ""paired_difference_standard_error"": 0.0003764275519309815}]","[{""match_id"": ""d58cb5cc3e14d2a8e479"", ""tip_home"": 1, ""tip_away"": 1}, {""match_id"": ""0d276215c4823e04d10e"", ""tip_home"": 1, ""tip_away"": 2}, {""match_id"": ""8e2e70e212aaa423c897"", ""tip_home"": 1, ""tip_away"": 1}, {""match_id"": ""9407b624ddd885392e9d"", ""tip_home"": 1, ""tip_away"": 1}, {""match_id"": ""b0a587d1e15584617d48"", ""tip_home"": 1, ""tip_away"": 1}, {""match_id"": ""b7e6437faa3216aa3da7"", ""tip_home"": 1, ""tip_away"": 1}, {""match_id"": ""cfcfb3450dace55df797"", ""tip_home"": 4, ""tip_away"": 0}, {""match_id"": ""04c86fb9bc27df9ce60a"", ""tip_home"": 1, ""tip_away"": 2}, {""match_id"": ""e1e64af43ef8abf98bcd"", ""tip_home"": 3, ""tip_away"": 0}]"
2018-11-06,8,2,9,-4.750097091609039,-7.269694689143317,"[{""assumed_opponents"": 100, ""assumed_crowd_concentration"": 1.0, ""simulated_prize_share"": 0.028937888465418504, ""baseline_simulated_prize_share"": 0.021531153605872592, ""paired_difference_standard_error"": 0.0009374668359264325}, {""assumed_opponents"": 1000, ""assumed_crowd_concentration"": 1.0, ""simulated_prize_share"": 0.005578717722073868, ""baseline_simulated_prize_share"": 0.002422496991798126, ""paired_difference_standard_error"": 0.00036543934574887333}, {""assumed_opponents"": 10000, ""assumed_crowd_concentration"": 1.0, ""simulated_prize_share"": 0.0008463941151080386, ""baseline_simulated_prize_share"": 0.00022446394618000657, ""paired_difference_standard_error"": 0.00013166786209066535}, {""assumed_opponents"": 100, ""assumed_crowd_concentration"": 2.5, ""simulated_prize_share"": 0.03550876198661565, ""baseline_simulated_prize_share"": 0.011496483537489938, ""paired_difference_standard_error"": 0.0009213959528833748}, {""assumed_opponents"": 1000, ""assumed_crowd_concentration"": 2.5, ""simulated_prize_share"": 0.008416375166764117, ""baseline_simulated_prize_share"": 0.0008331761675173575, ""paired_difference_standard_error"": 0.00041059399084038495}, {""assumed_opponents"": 10000, ""assumed_crowd_concentration"": 2.5, ""simulated_prize_share"": 0.0016342705976825139, ""baseline_simulated_prize_share"": 7.125188482961961e-05, ""paired_difference_standard_error"": 0.00017155554737490833}, {""assumed_opponents"": 100, ""assumed_crowd_concentration"": 5.0, ""simulated_prize_share"": 0.05115290817529365, ""baseline_simulated_prize_share"": 0.0047925191194613664, ""paired_difference_standard_error"": 0.0010479873771779768}, {""assumed_opponents"": 1000, ""assumed_crowd_concentration"": 5.0, ""simulated_prize_share"": 0.016419906489241933, ""baseline_simulated_prize_share"": 0.0001959223790417323, ""paired_difference_standard_error"": 0.0005846310107598489}, {""assumed_opponents"": 10000, ""assumed_crowd_concentration"": 5.0, ""simulated_prize_share"": 0.004840965052042295, ""baseline_simulated_prize_share"": 5.1295839928159845e-06, ""paired_difference_standard_error"": 0.0003108687352508712}]","[{""match_id"": ""50a777ce26adcb186223"", ""tip_home"": 1, ""tip_away"": 1}, {""match_id"": ""1d87bed88fe461fb9195"", ""tip_home"": 1, ""tip_away"": 0}, {""match_id"": ""1dcb25f03151102e2e7b"", ""tip_home"": 1, ""tip_away"": 1}, {""match_id"": ""456491f984bd7f3a1c6b"", ""tip_home"": 1, ""tip_away"": 1}, {""match_id"": ""c613189534e351dbe553"", ""tip_home"": 1, ""tip_away"": 1}, {""match_id"": ""e2b71c922b0d3f2fd170"", ""tip_home"": 1, ""tip_away"": 1}, {""match_id"": ""f109f207a612958a41fb"", ""tip_home"": 1, ""tip_away"": 1}, {""match_id"": ""ca7c279d5a205d70d8b8"", ""tip_home"": 1, ""tip_away"": 1}, {""match_id"": ""ec724b612aabf5f95c6a"", ""tip_home"": 1, ""tip_away"": 1}]"
2018-11-20,12,6,6,-4.510303871193569,-6.653447666584741,"[{""assumed_opponents"": 100, ""assumed_crowd_concentration"": 1.0, ""simulated_prize_share"": 0.026781218808160017, ""baseline_simulated_prize_share"": 0.023685712851478406, ""paired_difference_standard_error"": 0.0009392231494078896}, {""assumed_opponents"": 1000, ""assumed_crowd_concentration"": 1.0, ""simulated_prize_share"": 0.005701432769398983, ""baseline_simulated_prize_share"": 0.00265037624131692, ""paired_difference_standard_error"": 0.00038058223199618325}, {""assumed_opponents"": 10000, ""assumed_crowd_concentration"": 1.0, ""simulated_prize_share"": 0.001031547486678325, ""baseline_simulated_prize_share"": 0.0003331732805872349, ""paired_difference_standard_error"": 0.0001521000935903743}, {""assumed_opponents"": 100, ""assumed_crowd_concentration"": 2.5, ""simulated_prize_share"": 0.0376288305593974, ""baseline_simulated_prize_share"": 0.013888996490588763, ""paired_difference_standard_error"": 0.0009876466654481443}, {""assumed_opponents"": 1000, ""assumed_crowd_concentration"": 2.5, ""simulated_prize_share"": 0.01121136331801846, ""baseline_simulated_prize_share"": 0.0012047327904393169, ""paired_difference_standard_error"": 0.0004963093556879713}, {""assumed_opponents"": 10000, ""assumed_crowd_concentration"": 2.5, ""simulated_prize_share"": 0.003120788953311196, ""baseline_simulated_prize_share"": 0.00012690708277248786, ""paired_difference_standard_error"": 0.0002502700463782206}, {""assumed_opponents"": 100, ""assumed_crowd_concentration"": 5.0, ""simulated_prize_share"": 0.054316096862612157, ""baseline_simulated_prize_share"": 0.009387510067615294, ""paired_difference_standard_error"": 0.0011488169680370385}, {""assumed_opponents"": 1000, ""assumed_crowd_concentration"": 5.0, ""simulated_prize_share"": 0.0225645473504816, ""baseline_simulated_prize_share"": 0.0006386104628382647, ""paired_difference_standard_error"": 0.000716681062907856}, {""assumed_opponents"": 10000, ""assumed_crowd_concentration"": 5.0, ""simulated_prize_share"": 0.009240531559236594, ""baseline_simulated_prize_share"": 3.7042601057707304e-05, ""paired_difference_standard_error"": 0.0004600199316082524}]","[{""match_id"": ""20ae0c933f8ae8434578"", ""tip_home"": 1, ""tip_away"": 1}, {""match_id"": ""1e7b81b2df4f5b5d93fd"", ""tip_home"": 1, ""tip_away"": 1}, {""match_id"": ""427786aa12ccc51a0104"", ""tip_home"": 1, ""tip_away"": 1}, {""match_id"": ""ccc44f60e926b6387399"", ""tip_home"": 5, ""tip_away"": 0}, {""match_id"": ""e45d55384a968191e6e9"", ""tip_home"": 1, ""tip_away"": 1}, {""match_id"": ""f732c2859c2c01c590cf"", ""tip_home"": 1, ""tip_away"": 1}, {""match_id"": ""f9257080bc2fda4c5256"", ""tip_home"": 1, ""tip_away"": 1}, {""match_id"": ""16f12d2451f1ac358312"", ""tip_home"": 3, ""tip_away"": 0}, {""match_id"": ""81a8009d6c6b444a6c2b"", ""tip_home"": 1, ""tip_away"": 2}]"
2018-11-27,16,8,6,-4.8074021702944725,-6.782938533173253,"[{""assumed_opponents"": 100, ""assumed_crowd_concentration"": 1.0, ""simulated_prize_share"": 0.029043197617377187, ""baseline_simulated_prize_share"": 0.02158233779002957, ""paired_difference_standard_error"": 0.0009299309782844885}, {""assumed_opponents"": 1000, ""assumed_crowd_concentration"": 1.0, ""simulated_prize_share"": 0.005366436695045422, ""baseline_simulated_prize_share"": 0.0024900436362550005, ""paired_difference_standard_error"": 0.00036690942400637543}, {""assumed_opponents"": 10000, ""assumed_crowd_concentration"": 1.0, ""simulated_prize_share"": 0.0008899989887221346, ""baseline_simulated_prize_share"": 0.0002864056214260265, ""paired_difference_standard_error"": 0.0001394771307653393}, {""assumed_opponents"": 100, ""assumed_crowd_concentration"": 2.5, ""simulated_prize_share"": 0.0341022710156082, ""baseline_simulated_prize_share"": 0.013888045059786906, ""paired_difference_standard_error"": 0.0009201604191252066}, {""assumed_opponents"": 1000, ""assumed_crowd_concentration"": 2.5, ""simulated_prize_share"": 0.0074132733202414945, ""baseline_simulated_prize_share"": 0.0011885244060940547, ""paired_difference_standard_error"": 0.00039140557956733976}, {""assumed_opponents"": 10000, ""assumed_crowd_concentration"": 2.5, ""simulated_prize_share"": 0.0014083545211632555, ""baseline_simulated_prize_share"": 7.823849073595421e-05, ""paired_difference_standard_error"": 0.00015884304601089148}, {""assumed_opponents"": 100, ""assumed_crowd_concentration"": 5.0, ""simulated_prize_share"": 0.04988329597590765, ""baseline_simulated_prize_share"": 0.011623520632770066, ""paired_difference_standard_error"": 0.0010837300251103864}, {""assumed_opponents"": 1000, ""assumed_crowd_concentration"": 5.0, ""simulated_prize_share"": 0.015267258807994313, ""baseline_simulated_prize_share"": 0.0007526681759657632, ""paired_difference_standard_error"": 0.0005670822774500988}, {""assumed_opponents"": 10000, ""assumed_crowd_concentration"": 5.0, ""simulated_prize_share"": 0.004307293022155795, ""baseline_simulated_prize_share"": 1.7683454304413092e-05, ""paired_difference_standard_error"": 0.0002897947957405664}]","[{""match_id"": ""b2d25fd20323acbf94d6"", ""tip_home"": 1, ""tip_away"": 1}, {""match_id"": ""06b53084b0812809f440"", ""tip_home"": 1, ""tip_away"": 1}, {""match_id"": ""477c9565e20d16c37a50"", ""tip_home"": 2, ""tip_away"": 1}, {""match_id"": ""6e47e3d492940360364f"", ""tip_home"": 2, ""tip_away"": 1}, {""match_id"": ""97d0262ed297dcc5988f"", ""tip_home"": 3, ""tip_away"": 0}, {""match_id"": ""aa0c662452a5f2566ff1"", ""tip_home"": 0, ""tip_away"": 2}, {""match_id"": ""4a43588ce3a4f5d72ff0"", ""tip_home"": 1, ""tip_away"": 1}, {""match_id"": ""b6baed82162eb3c50356"", ""tip_home"": 1, ""tip_away"": 1}, {""match_id"": ""d62c2ad1f2aa8c88756c"", ""tip_home"": 1, ""tip_away"": 1}]"
2018-12-04,16,6,7,-4.467655170389737,-6.887716482913136,"[{""assumed_opponents"": 100, ""assumed_crowd_concentration"": 1.0, ""simulated_prize_share"": 0.02617630678131898, ""baseline_simulated_prize_share"": 0.021588505850820443, ""paired_difference_standard_error"": 0.0009072868655797444}, {""assumed_opponents"": 1000, ""assumed_crowd_concentration"": 1.0, ""simulated_prize_share"": 0.006019937421043321, ""baseline_simulated_prize_share"": 0.002197314895610661, ""paired_difference_standard_error"": 0.000392595319302736}, {""assumed_opponents"": 10000, ""assumed_crowd_concentration"": 1.0, ""simulated_prize_share"": 0.0014362686339793995, ""baseline_simulated_prize_share"": 0.000322217647099765, ""paired_difference_standard_error"": 0.00017502104714052836}, {""assumed_opponents"": 100, ""assumed_crowd_concentration"": 2.5, ""simulated_prize_share"": 0.03628103027181799, ""baseline_simulated_prize_share"": 0.011085639891165922, ""paired_difference_standard_error"": 0.0009413202514445809}, {""assumed_opponents"": 1000, ""assumed_crowd_concentration"": 2.5, ""simulated_prize_share"": 0.010734652685450624, ""baseline_simulated_prize_share"": 0.0009164708198003711, ""paired_difference_standard_error"": 0.00048563298225101604}, {""assumed_opponents"": 10000, ""assumed_crowd_concentration"": 2.5, ""simulated_prize_share"": 0.0032487474352807704, ""baseline_simulated_prize_share"": 8.333282986270795e-05, ""paired_difference_standard_error"": 0.000264976991893024}, {""assumed_opponents"": 100, ""assumed_crowd_concentration"": 5.0, ""simulated_prize_share"": 0.05646935477428551, ""baseline_simulated_prize_share"": 0.006950408378895203, ""paired_difference_standard_error"": 0.0011436790703868171}, {""assumed_opponents"": 1000, ""assumed_crowd_concentration"": 5.0, ""simulated_prize_share"": 0.02270634681533862, ""baseline_simulated_prize_share"": 0.0004092024874072761, ""paired_difference_standard_error"": 0.0007182402633140459}, {""assumed_opponents"": 10000, ""assumed_crowd_concentration"": 5.0, ""simulated_prize_share"": 0.009388980485940066, ""baseline_simulated_prize_share"": 3.253990743649704e-05, ""paired_difference_standard_error"": 0.0004619682050677896}]","[{""match_id"": ""a9d5c2d99eea9a7084bb"", ""tip_home"": 1, ""tip_away"": 1}, {""match_id"": ""04e943f1c0e4acaafa3f"", ""tip_home"": 1, ""tip_away"": 1}, {""match_id"": ""1599399bbb70f68f4ded"", ""tip_home"": 2, ""tip_away"": 1}, {""match_id"": ""279abd0853ae432eafea"", ""tip_home"": 1, ""tip_away"": 1}, {""match_id"": ""284c2ea9611165c067dd"", ""tip_home"": 4, ""tip_away"": 0}, {""match_id"": ""5c1ff395fe0fa472c1d7"", ""tip_home"": 0, ""tip_away"": 2}, {""match_id"": ""92d42269373a1375c58f"", ""tip_home"": 1, ""tip_away"": 1}, {""match_id"": ""16128c7b010dfab4e7cc"", ""tip_home"": 1, ""tip_away"": 1}, {""match_id"": ""ee73f7cf7ecf3ce20534"", ""tip_home"": 1, ""tip_away"": 1}]"
2018-12-11,14,13,7,-4.945383888672489,-6.564372924574551,"[{""assumed_opponents"": 100, ""assumed_crowd_concentration"": 1.0, ""simulated_prize_share"": 0.02161665986322458, ""baseline_simulated_prize_share"": 0.02213911529495377, ""paired_difference_standard_error"": 0.0008668720320799278}, {""assumed_opponents"": 1000, ""assumed_crowd_concentration"": 1.0, ""simulated_prize_share"": 0.004421016006048618, ""baseline_simulated_prize_share"": 0.0024296717349723733, ""paired_difference_standard_error"": 0.00034227512586621167}, {""assumed_opponents"": 10000, ""assumed_crowd_concentration"": 1.0, ""simulated_prize_share"": 0.0007674888993418219, ""baseline_simulated_prize_share"": 0.000332761399665179, ""paired_difference_standard_error"": 0.00013242751552416666}, {""assumed_opponents"": 100, ""assumed_crowd_concentration"": 2.5, ""simulated_prize_share"": 0.027159911867081, ""baseline_simulated_prize_share"": 0.014582082552525407, ""paired_difference_standard_error"": 0.0008705900645453044}, {""assumed_opponents"": 1000, ""assumed_crowd_concentration"": 2.5, ""simulated_prize_share"": 0.007498792960732114, ""baseline_simulated_prize_share"": 0.001299702242266783, ""paired_difference_standard_error"": 0.00041383502039090244}, {""assumed_opponents"": 10000, ""assumed_crowd_concentration"": 2.5, ""simulated_prize_share"": 0.0019492579696507556, ""baseline_simulated_prize_share"": 0.00017543264486925532, ""paired_difference_standard_error"": 0.00020119447633761245}, {""assumed_opponents"": 100, ""assumed_crowd_concentration"": 5.0, ""simulated_prize_share"": 0.03363558536368509, ""baseline_simulated_prize_share"": 0.009750194187932444, ""paired_difference_standard_error"": 0.0009118732622275978}, {""assumed_opponents"": 1000, ""assumed_crowd_concentration"": 5.0, ""simulated_prize_share"": 0.011503653821786744, ""baseline_simulated_prize_share"": 0.0006946635743916051, ""paired_difference_standard_error"": 0.0005134147340879069}, {""assumed_opponents"": 10000, ""assumed_crowd_concentration"": 5.0, ""simulated_prize_share"": 0.004153526495481974, ""baseline_simulated_prize_share"": 5.4545524955986166e-05, ""paired_difference_standard_error"": 0.00030087438055161064}]","[{""match_id"": ""bc168ab6829110408a31"", ""tip_home"": 2, ""tip_away"": 1}, {""match_id"": ""2171ffac018563acf375"", ""tip_home"": 1, ""tip_away"": 1}, {""match_id"": ""8abf958a7f44821fb2e4"", ""tip_home"": 0, ""tip_away"": 2}, {""match_id"": ""a198aed052c6945a5e9d"", ""tip_home"": 1, ""tip_away"": 1}, {""match_id"": ""aebfb5dfe80f47142d80"", ""tip_home"": 1, ""tip_away"": 1}, {""match_id"": ""af64bd752142ef1ce2f7"", ""tip_home"": 1, ""tip_away"": 1}, {""match_id"": ""eda9307e4e0a2148072b"", ""tip_home"": 1, ""tip_away"": 1}, {""match_id"": ""213c5bb2669089ffac41"", ""tip_home"": 1, ""tip_away"": 1}, {""match_id"": ""d4fab7de098d1ecb6f89"", ""tip_home"": 2, ""tip_away"": 1}]"
2019-01-15,12,3,8,-4.673924634075642,-7.332368944992416,"[{""assumed_opponents"": 100, ""assumed_crowd_concentration"": 1.0, ""simulated_prize_share"": 0.025843721796790804, ""baseline_simulated_prize_share"": 0.0222160441548153, ""paired_difference_standard_error"": 0.0009092851696947633}, {""assumed_opponents"": 1000, ""assumed_crowd_concentration"": 1.0, ""simulated_prize_share"": 0.005227519357855795, ""baseline_simulated_prize_share"": 0.0022820196426903165, ""paired_difference_standard_error"": 0.0003631954754797853}, {""assumed_opponents"": 10000, ""assumed_crowd_concentration"": 1.0, ""simulated_prize_share"": 0.0010881753280741627, ""baseline_simulated_prize_share"": 0.0002126633877810769, ""paired_difference_standard_error"": 0.00014770843161549712}, {""assumed_opponents"": 100, ""assumed_crowd_concentration"": 2.5, ""simulated_prize_share"": 0.03374999360716801, ""baseline_simulated_prize_share"": 0.011550893980309559, ""paired_difference_standard_error"": 0.0009087359720998793}, {""assumed_opponents"": 1000, ""assumed_crowd_concentration"": 2.5, ""simulated_prize_share"": 0.008854379425750715, ""baseline_simulated_prize_share"": 0.0008194385189902385, ""paired_difference_standard_error"": 0.00043135933434696193}, {""assumed_opponents"": 10000, ""assumed_crowd_concentration"": 2.5, ""simulated_prize_share"": 0.0023203794742686513, ""baseline_simulated_prize_share"": 3.332868851776041e-05, ""paired_difference_standard_error"": 0.00021401389929795423}, {""assumed_opponents"": 100, ""assumed_crowd_concentration"": 5.0, ""simulated_prize_share"": 0.04931351850789664, ""baseline_simulated_prize_share"": 0.005404414336137809, ""paired_difference_standard_error"": 0.0010486603733549063}, {""assumed_opponents"": 1000, ""assumed_crowd_concentration"": 5.0, ""simulated_prize_share"": 0.01748892363586274, ""baseline_simulated_prize_share"": 0.0002384702995154076, ""paired_difference_standard_error"": 0.0006156729119570307}, {""assumed_opponents"": 10000, ""assumed_crowd_concentration"": 5.0, ""simulated_prize_share"": 0.0061262315988338985, ""baseline_simulated_prize_share"": 4.994841177576631e-06, ""paired_difference_standard_error"": 0.00036534138091038454}]","[{""match_id"": ""e02c89c78e4abcf083bd"", ""tip_home"": 1, ""tip_away"": 1}, {""match_id"": ""350c267786fbf79940cd"", ""tip_home"": 1, ""tip_away"": 0}, {""match_id"": ""81027ba3af4bf90648b5"", ""tip_home"": 1, ""tip_away"": 2}, {""match_id"": ""88d4a746a92521170309"", ""tip_home"": 1, ""tip_away"": 1}, {""match_id"": ""9218f6ec366da600da32"", ""tip_home"": 1, ""tip_away"": 1}, {""match_id"": ""e24455ac7f9b729d1160"", ""tip_home"": 1, ""tip_away"": 1}, {""match_id"": ""ed6fe518f10a5c223acf"", ""tip_home"": 1, ""tip_away"": 1}, {""match_id"": ""202d6cc90ff8c3163fd8"", ""tip_home"": 1, ""tip_away"": 1}, {""match_id"": ""8f50e02e7a0cf888d5d7"", ""tip_home"": 1, ""tip_away"": 1}]"
2019-01-22,18,9,6,-4.698334990033739,-6.368663491692558,"[{""assumed_opponents"": 100, ""assumed_crowd_concentration"": 1.0, ""simulated_prize_share"": 0.029123237645008772, ""baseline_simulated_prize_share"": 0.025458560202065356, ""paired_difference_standard_error"": 0.0009691390765887612}, {""assumed_opponents"": 1000, ""assumed_crowd_concentration"": 1.0, ""simulated_prize_share"": 0.0055191684076504235, ""baseline_simulated_prize_share"": 0.0026995688090196684, ""paired_difference_standard_error"": 0.0003735226289358086}, {""assumed_opponents"": 10000, ""assumed_crowd_concentration"": 1.0, ""simulated_prize_share"": 0.0010148609067253326, ""baseline_simulated_prize_share"": 0.0003584050429902467, ""paired_difference_standard_error"": 0.00015868278781256401}, {""assumed_opponents"": 100, ""assumed_crowd_concentration"": 2.5, ""simulated_prize_share"": 0.03618937064852495, ""baseline_simulated_prize_share"": 0.016437660303487207, ""paired_difference_standard_error"": 0.0009685593476825114}, {""assumed_opponents"": 1000, ""assumed_crowd_concentration"": 2.5, ""simulated_prize_share"": 0.008545541179772062, ""baseline_simulated_prize_share"": 0.0013612301885945234, ""paired_difference_standard_error"": 0.000429573747479027}, {""assumed_opponents"": 10000, ""assumed_crowd_concentration"": 2.5, ""simulated_prize_share"": 0.0018303693419965343, ""baseline_simulated_prize_share"": 0.00019014270258496365, ""paired_difference_standard_error"": 0.00019053129443338826}, {""assumed_opponents"": 100, ""assumed_crowd_concentration"": 5.0, ""simulated_prize_share"": 0.051595503909810374, ""baseline_simulated_prize_share"": 0.012308281715927384, ""paired_difference_standard_error"": 0.0011115092309099677}, {""assumed_opponents"": 1000, ""assumed_crowd_concentration"": 5.0, ""simulated_prize_share"": 0.016816187867843193, ""baseline_simulated_prize_share"": 0.0008981518483470584, ""paired_difference_standard_error"": 0.0006039139650346272}, {""assumed_opponents"": 10000, ""assumed_crowd_concentration"": 5.0, ""simulated_prize_share"": 0.005396756086596571, ""baseline_simulated_prize_share"": 0.00011046393564397822, ""paired_difference_standard_error"": 0.0003364816349010789}]","[{""match_id"": ""c68a1bdc16723a8095a7"", ""tip_home"": 1, ""tip_away"": 0}, {""match_id"": ""6ef0b0966eaac11ba0bb"", ""tip_home"": 3, ""tip_away"": 0}, {""match_id"": ""844138611258c484cedc"", ""tip_home"": 1, ""tip_away"": 2}, {""match_id"": ""a47c28a8e9af66bd5738"", ""tip_home"": 1, ""tip_away"": 1}, {""match_id"": ""beb8e10939ce234df8d7"", ""tip_home"": 1, ""tip_away"": 1}, {""match_id"": ""de71404115c4a93cd6bc"", ""tip_home"": 1, ""tip_away"": 1}, {""match_id"": ""f54f18ac92e3a1a140b9"", ""tip_home"": 1, ""tip_away"": 1}, {""match_id"": ""0a4f4a57fcc53374699f"", ""tip_home"": 1, ""tip_away"": 1}, {""match_id"": ""18cf758222b08272c7ee"", ""tip_home"": 4, ""tip_away"": 0}]"
2019-01-29,4,15,8,-4.691050219222497,-7.447419751569295,"[{""assumed_opponents"": 100, ""assumed_crowd_concentration"": 1.0, ""simulated_prize_share"": 0.026181912889231468, ""baseline_simulated_prize_share"": 0.0217220469527493, ""paired_difference_standard_error"": 0.0009067199094145767}, {""assumed_opponents"": 1000, ""assumed_crowd_concentration"": 1.0, ""simulated_prize_share"": 0.005514285208690009, ""baseline_simulated_prize_share"": 0.0021166246858094714, ""paired_difference_standard_error"": 0.0003664033866145321}, {""assumed_opponents"": 10000, ""assumed_crowd_concentration"": 1.0, ""simulated_prize_share"": 0.0010286348528322977, ""baseline_simulated_prize_share"": 0.00017974342085716116, ""paired_difference_standard_error"": 0.00014017286507198403}, {""assumed_opponents"": 100, ""assumed_crowd_concentration"": 2.5, ""simulated_prize_share"": 0.03335340296710407, ""baseline_simulated_prize_share"": 0.01076245320778924, ""paired_difference_standard_error"": 0.0008953421671505769}, {""assumed_opponents"": 1000, ""assumed_crowd_concentration"": 2.5, ""simulated_prize_share"": 0.008846850329073406, ""baseline_simulated_prize_share"": 0.0006889709635581258, ""paired_difference_standard_error"": 0.000430422205513269}, {""assumed_opponents"": 10000, ""assumed_crowd_concentration"": 2.5, ""simulated_prize_share"": 0.0022639607180483666, ""baseline_simulated_prize_share"": 2.6755033917358197e-05, ""paired_difference_standard_error"": 0.0002108795653387488}, {""assumed_opponents"": 100, ""assumed_crowd_concentration"": 5.0, ""simulated_prize_share"": 0.04818392317084725, ""baseline_simulated_prize_share"": 0.004735290246058121, ""paired_difference_standard_error"": 0.001026769399290098}, {""assumed_opponents"": 1000, ""assumed_crowd_concentration"": 5.0, ""simulated_prize_share"": 0.016626082108080746, ""baseline_simulated_prize_share"": 0.00016125341725357645, ""paired_difference_standard_error"": 0.0005995842272558164}, {""assumed_opponents"": 10000, ""assumed_crowd_concentration"": 5.0, ""simulated_prize_share"": 0.005808758877733866, ""baseline_simulated_prize_share"": 6.209683100566157e-06, ""paired_difference_standard_error"": 0.00035187485151075905}]","[{""match_id"": ""08e6a0f1d8347039847b"", ""tip_home"": 1, ""tip_away"": 1}, {""match_id"": ""698a96b72298b3398707"", ""tip_home"": 1, ""tip_away"": 1}, {""match_id"": ""743fd8fb82f5d8c69ad6"", ""tip_home"": 0, ""tip_away"": 1}, {""match_id"": ""9ef5e7b4d5b46483bed0"", ""tip_home"": 1, ""tip_away"": 1}, {""match_id"": ""d2aa63a49b72461cf1e7"", ""tip_home"": 1, ""tip_away"": 1}, {""match_id"": ""e266e8bd6f72b36a4669"", ""tip_home"": 1, ""tip_away"": 1}, {""match_id"": ""e55a1a7df7bbb96fe08d"", ""tip_home"": 1, ""tip_away"": 1}, {""match_id"": ""1e0cb02fc858f7b51012"", ""tip_home"": 1, ""tip_away"": 1}, {""match_id"": ""594addd0cb7ae5581574"", ""tip_home"": 1, ""tip_away"": 1}]"
2019-02-05,11,11,8,-4.432341013870052,-7.051168002753976,"[{""assumed_opponents"": 100, ""assumed_crowd_concentration"": 1.0, ""simulated_prize_share"": 0.0278956585449672, ""baseline_simulated_prize_share"": 0.02202310313123585, ""paired_difference_standard_error"": 0.0009277439280617601}, {""assumed_opponents"": 1000, ""assumed_crowd_concentration"": 1.0, ""simulated_prize_share"": 0.00592210138096706, ""baseline_simulated_prize_share"": 0.002275274934744312, ""paired_difference_standard_error"": 0.0003774173135663676}, {""assumed_opponents"": 10000, ""assumed_crowd_concentration"": 1.0, ""simulated_prize_share"": 0.0010898983956721797, ""baseline_simulated_prize_share"": 0.00026775585583215097, ""paired_difference_standard_error"": 0.00015205016702613268}, {""assumed_opponents"": 100, ""assumed_crowd_concentration"": 2.5, ""simulated_prize_share"": 0.039710689382103564, ""baseline_simulated_prize_share"": 0.010807968910058939, ""paired_difference_standard_error"": 0.0009709584064734846}, {""assumed_opponents"": 1000, ""assumed_crowd_concentration"": 2.5, ""simulated_prize_share"": 0.01145381765079188, ""baseline_simulated_prize_share"": 0.0007328357324948454, ""paired_difference_standard_error"": 0.0004939138950215654}, {""assumed_opponents"": 10000, ""assumed_crowd_concentration"": 2.5, ""simulated_prize_share"": 0.0030761966109181986, ""baseline_simulated_prize_share"": 7.461779451097496e-05, ""paired_difference_standard_error"": 0.00024685642819085386}, {""assumed_opponents"": 100, ""assumed_crowd_concentration"": 5.0, ""simulated_prize_share"": 0.06403743379930034, ""baseline_simulated_prize_share"": 0.006858810995058142, ""paired_difference_standard_error"": 0.0012141760809686773}, {""assumed_opponents"": 1000, ""assumed_crowd_concentration"": 5.0, ""simulated_prize_share"": 0.026556271645952298, ""baseline_simulated_prize_share"": 0.000333659171732039, ""paired_difference_standard_error"": 0.000773224507764938}, {""assumed_opponents"": 10000, ""assumed_crowd_concentration"": 5.0, ""simulated_prize_share"": 0.01105751480047067, ""baseline_simulated_prize_share"": 1.5158401334363391e-05, ""paired_difference_standard_error"": 0.000501814699986302}]","[{""match_id"": ""cfa706b65c045bcdb033"", ""tip_home"": 1, ""tip_away"": 1}, {""match_id"": ""923f2884726e1913006a"", ""tip_home"": 1, ""tip_away"": 1}, {""match_id"": ""93e0d9860ba031e43d9c"", ""tip_home"": 1, ""tip_away"": 1}, {""match_id"": ""aecacf8bf1aca6d9cd21"", ""tip_home"": 1, ""tip_away"": 0}, {""match_id"": ""b13ab0143b385496fdb1"", ""tip_home"": 1, ""tip_away"": 1}, {""match_id"": ""c83b0a68ca520542ec0c"", ""tip_home"": 1, ""tip_away"": 1}, {""match_id"": ""d64ab7ced16be19c353c"", ""tip_home"": 1, ""tip_away"": 1}, {""match_id"": ""7123f8b18e0561d44de5"", ""tip_home"": 1, ""tip_away"": 1}, {""match_id"": ""ca3fc4134dddb3156331"", ""tip_home"": 1, ""tip_away"": 1}]"
2019-02-12,10,10,6,-4.428903963689126,-7.237085360827231,"[{""assumed_opponents"": 100, ""assumed_crowd_concentration"": 1.0, ""simulated_prize_share"": 0.024323266682041107, ""baseline_simulated_prize_share"": 0.022063069807717262, ""paired_difference_standard_error"": 0.0008906696248734963}, {""assumed_opponents"": 1000, ""assumed_crowd_concentration"": 1.0, ""simulated_prize_share"": 0.005140379140693426, ""baseline_simulated_prize_share"": 0.00224433543196476, ""paired_difference_standard_error"": 0.00035291171876944465}, {""assumed_opponents"": 10000, ""assumed_crowd_concentration"": 1.0, ""simulated_prize_share"": 0.0007721006404507391, ""baseline_simulated_prize_share"": 0.00026007416536169927, ""paired_difference_standard_error"": 0.00012870112929824144}, {""assumed_opponents"": 100, ""assumed_crowd_concentration"": 2.5, ""simulated_prize_share"": 0.03897438442487353, ""baseline_simulated_prize_share"": 0.011561149603991972, ""paired_difference_standard_error"": 0.000992895628622114}, {""assumed_opponents"": 1000, ""assumed_crowd_concentration"": 2.5, ""simulated_prize_share"": 0.013208556488756996, ""baseline_simulated_prize_share"": 0.0008411534804777079, ""paired_difference_standard_error"": 0.0005368942497352867}, {""assumed_opponents"": 10000, ""assumed_crowd_concentration"": 2.5, ""simulated_prize_share"": 0.0038643260390250978, ""baseline_simulated_prize_share"": 3.864464086435052e-05, ""paired_difference_standard_error"": 0.0002729820224618402}, {""assumed_opponents"": 100, ""assumed_crowd_concentration"": 5.0, ""simulated_prize_share"": 0.060530409592657666, ""baseline_simulated_prize_share"": 0.00792031498462398, ""paired_difference_standard_error"": 0.0012147055658032944}, {""assumed_opponents"": 1000, ""assumed_crowd_concentration"": 5.0, ""simulated_prize_share"": 0.02942191772489744, ""baseline_simulated_prize_share"": 0.0004068364268290425, ""paired_difference_standard_error"": 0.0008340082386336654}, {""assumed_opponents"": 10000, ""assumed_crowd_concentration"": 5.0, ""simulated_prize_share"": 0.014286277751108401, ""baseline_simulated_prize_share"": 3.309673239119827e-06, ""paired_difference_standard_error"": 0.00058036856591428}]","[{""match_id"": ""a12e7443c3db785042c6"", ""tip_home"": 0, ""tip_away"": 2}, {""match_id"": ""12f51cf114107738c60b"", ""tip_home"": 1, ""tip_away"": 1}, {""match_id"": ""2a958cd2cdef3a299ba0"", ""tip_home"": 1, ""tip_away"": 1}, {""match_id"": ""3a106c0d71e473112a4c"", ""tip_home"": 1, ""tip_away"": 2}, {""match_id"": ""630b579925e82aab15b7"", ""tip_home"": 2, ""tip_away"": 1}, {""match_id"": ""bf3b4557f34a282b01de"", ""tip_home"": 1, ""tip_away"": 1}, {""match_id"": ""118f72ca373ab243fa0f"", ""tip_home"": 1, ""tip_away"": 1}, {""match_id"": ""ab101e7190c1ee5005c2"", ""tip_home"": 2, ""tip_away"": 1}, {""match_id"": ""11b744a0ae4ad50c9427"", ""tip_home"": 1, ""tip_away"": 1}]"
2019-02-19,12,10,8,-4.3321899146116785,-7.68173755030357,"[{""assumed_opponents"": 100, ""assumed_crowd_concentration"": 1.0, ""simulated_prize_share"": 0.02582656685019035, ""baseline_simulated_prize_share"": 0.020677524895628206, ""paired_difference_standard_error"": 0.0008965481480332889}, {""assumed_opponents"": 1000, ""assumed_crowd_concentration"": 1.0, ""simulated_prize_share"": 0.005714281674033469, ""baseline_simulated_prize_share"": 0.001807538168870173, ""paired_difference_standard_error"": 0.00036254677983825956}, {""assumed_opponents"": 10000, ""assumed_crowd_concentration"": 1.0, ""simulated_prize_share"": 0.0011232059923053815, ""baseline_simulated_prize_share"": 0.0001376755112432653, ""paired_difference_standard_error"": 0.00014760358449343727}, {""assumed_opponents"": 100, ""assumed_crowd_concentration"": 2.5, ""simulated_prize_share"": 0.040455868195696416, ""baseline_simulated_prize_share"": 0.009567107457896785, ""paired_difference_standard_error"": 0.0009788928094376541}, {""assumed_opponents"": 1000, ""assumed_crowd_concentration"": 2.5, ""simulated_prize_share"": 0.012840906686430127, ""baseline_simulated_prize_share"": 0.0004978038940340985, ""paired_difference_standard_error"": 0.0005242251874992537}, {""assumed_opponents"": 10000, ""assumed_crowd_concentration"": 2.5, ""simulated_prize_share"": 0.003841002380905829, ""baseline_simulated_prize_share"": 1.6628337146811138e-05, ""paired_difference_standard_error"": 0.0002761730815207011}, {""assumed_opponents"": 100, ""assumed_crowd_concentration"": 5.0, ""simulated_prize_share"": 0.07061920186686069, ""baseline_simulated_prize_share"": 0.006289441829474546, ""paired_difference_standard_error"": 0.0012814538246578497}, {""assumed_opponents"": 1000, ""assumed_crowd_concentration"": 5.0, ""simulated_prize_share"": 0.032994851028309555, ""baseline_simulated_prize_share"": 0.00021564663112578906, ""paired_difference_standard_error"": 0.0008716217411713692}, {""assumed_opponents"": 10000, ""assumed_crowd_concentration"": 5.0, ""simulated_prize_share"": 0.015139304567762957, ""baseline_simulated_prize_share"": 1.7072167441587315e-06, ""paired_difference_standard_error"": 0.0005954430461523789}]","[{""match_id"": ""02af14eea6c00d0c934d"", ""tip_home"": 1, ""tip_away"": 1}, {""match_id"": ""094a87fcf63b17cfa93e"", ""tip_home"": 2, ""tip_away"": 0}, {""match_id"": ""b06541123b0f26f10499"", ""tip_home"": 1, ""tip_away"": 1}, {""match_id"": ""d2a4eba0e0288046d3e6"", ""tip_home"": 1, ""tip_away"": 1}, {""match_id"": ""e5702c1e67b3606e9295"", ""tip_home"": 1, ""tip_away"": 1}, {""match_id"": ""f05acb923beebfa9156c"", ""tip_home"": 1, ""tip_away"": 2}, {""match_id"": ""210893b8131f592147e7"", ""tip_home"": 1, ""tip_away"": 1}, {""match_id"": ""ac9124fb2743352004e5"", ""tip_home"": 1, ""tip_away"": 1}, {""match_id"": ""4e6e2c7232bd98715ed1"", ""tip_home"": 1, ""tip_away"": 1}]"
2019-02-26,14,8,7,-4.293920128913996,-7.299692997355976,"[{""assumed_opponents"": 100, ""assumed_crowd_concentration"": 1.0, ""simulated_prize_share"": 0.028054384348313442, ""baseline_simulated_prize_share"": 0.02206316286018813, ""paired_difference_standard_error"": 0.0009263571681794177}, {""assumed_opponents"": 1000, ""assumed_crowd_concentration"": 1.0, ""simulated_prize_share"": 0.005985116189191387, ""baseline_simulated_prize_share"": 0.001934512463947207, ""paired_difference_standard_error"": 0.00037257072574189824}, {""assumed_opponents"": 10000, ""assumed_crowd_concentration"": 1.0, ""simulated_prize_share"": 0.0011871928445063259, ""baseline_simulated_prize_share"": 0.00020219561736892905, ""paired_difference_standard_error"": 0.00015736015409524326}, {""assumed_opponents"": 100, ""assumed_crowd_concentration"": 2.5, ""simulated_prize_share"": 0.04287492771532577, ""baseline_simulated_prize_share"": 0.009515350646556486, ""paired_difference_standard_error"": 0.0010029027397163955}, {""assumed_opponents"": 1000, ""assumed_crowd_concentration"": 2.5, ""simulated_prize_share"": 0.01349341872023838, ""baseline_simulated_prize_share"": 0.0005153613990678111, ""paired_difference_standard_error"": 0.0005338682798453748}, {""assumed_opponents"": 10000, ""assumed_crowd_concentration"": 2.5, ""simulated_prize_share"": 0.0038257844627724, ""baseline_simulated_prize_share"": 4.991740993095496e-05, ""paired_difference_standard_error"": 0.0002776773375863415}, {""assumed_opponents"": 100, ""assumed_crowd_concentration"": 5.0, ""simulated_prize_share"": 0.07216473174066829, ""baseline_simulated_prize_share"": 0.005572543316525063, ""paired_difference_standard_error"": 0.0012923997143898022}, {""assumed_opponents"": 1000, ""assumed_crowd_concentration"": 5.0, ""simulated_prize_share"": 0.03383352594158273, ""baseline_simulated_prize_share"": 0.00026506904083334543, ""paired_difference_standard_error"": 0.0008813251872323048}, {""assumed_opponents"": 10000, ""assumed_crowd_concentration"": 5.0, ""simulated_prize_share"": 0.015284628345131768, ""baseline_simulated_prize_share"": 9.41543258311437e-06, ""paired_difference_standard_error"": 0.0005953245746988094}]","[{""match_id"": ""57998bc424117db6aa45"", ""tip_home"": 1, ""tip_away"": 1}, {""match_id"": ""1dcb798d54ace5c596be"", ""tip_home"": 1, ""tip_away"": 1}, {""match_id"": ""241248ea197d81620b1f"", ""tip_home"": 1, ""tip_away"": 1}, {""match_id"": ""6a6408eeacf87e2b6247"", ""tip_home"": 1, ""tip_away"": 0}, {""match_id"": ""7cdb06441e4d5bd9300c"", ""tip_home"": 1, ""tip_away"": 1}, {""match_id"": ""988ca643846b1636de12"", ""tip_home"": 1, ""tip_away"": 1}, {""match_id"": ""af7149d8a0529ffeaecf"", ""tip_home"": 0, ""tip_away"": 1}, {""match_id"": ""4532cada1aa2d84f2c45"", ""tip_home"": 1, ""tip_away"": 1}, {""match_id"": ""abd08005be347c07e8b1"", ""tip_home"": 1, ""tip_away"": 1}]"
2019-03-05,17,2,7,-4.7666758699943745,-6.603361274902041,"[{""assumed_opponents"": 100, ""assumed_crowd_concentration"": 1.0, ""simulated_prize_share"": 0.02025570411177817, ""baseline_simulated_prize_share"": 0.026694709497294175, ""paired_difference_standard_error"": 0.0008986732111549982}, {""assumed_opponents"": 1000, ""assumed_crowd_concentration"": 1.0, ""simulated_prize_share"": 0.004819931131476629, ""baseline_simulated_prize_share"": 0.0027530419197989435, ""paired_difference_standard_error"": 0.0003651784072431483}, {""assumed_opponents"": 10000, ""assumed_crowd_concentration"": 1.0, ""simulated_prize_share"": 0.0009932573298002288, ""baseline_simulated_prize_share"": 0.0002621743914472637, ""paired_difference_standard_error"": 0.00014528896660668828}, {""assumed_opponents"": 100, ""assumed_crowd_concentration"": 2.5, ""simulated_prize_share"": 0.027330575069742513, ""baseline_simulated_prize_share"": 0.017169224525517286, ""paired_difference_standard_error"": 0.0009144172421180819}, {""assumed_opponents"": 1000, ""assumed_crowd_concentration"": 2.5, ""simulated_prize_share"": 0.009347757227813312, ""baseline_simulated_prize_share"": 0.0014405831667530823, ""paired_difference_standard_error"": 0.0004734174375533361}, {""assumed_opponents"": 10000, ""assumed_crowd_concentration"": 2.5, ""simulated_prize_share"": 0.0032364800117051836, ""baseline_simulated_prize_share"": 9.782927474102897e-05, ""paired_difference_standard_error"": 0.00026444298065787797}, {""assumed_opponents"": 100, ""assumed_crowd_concentration"": 5.0, ""simulated_prize_share"": 0.03379858009527155, ""baseline_simulated_prize_share"": 0.01094148299180088, ""paired_difference_standard_error"": 0.0009457134139767235}, {""assumed_opponents"": 1000, ""assumed_crowd_concentration"": 5.0, ""simulated_prize_share"": 0.01368763664093978, ""baseline_simulated_prize_share"": 0.0006882175834787264, ""paired_difference_standard_error"": 0.0005726853369282762}, {""assumed_opponents"": 10000, ""assumed_crowd_concentration"": 5.0, ""simulated_prize_share"": 0.006301221565694955, ""baseline_simulated_prize_share"": 4.409421659922974e-05, ""paired_difference_standard_error"": 0.00038768585359821265}]","[{""match_id"": ""aebd56432784cdec6dd7"", ""tip_home"": 1, ""tip_away"": 1}, {""match_id"": ""3244abdd754304a46b96"", ""tip_home"": 2, ""tip_away"": 0}, {""match_id"": ""5552c8c710de87da7397"", ""tip_home"": 1, ""tip_away"": 1}, {""match_id"": ""6d40a090a0539e07b4a8"", ""tip_home"": 2, ""tip_away"": 1}, {""match_id"": ""91f7c25d73415423c3df"", ""tip_home"": 1, ""tip_away"": 1}, {""match_id"": ""fe38dfecbe6496cfd0f1"", ""tip_home"": 0, ""tip_away"": 1}, {""match_id"": ""d268e49ff33a18ce1134"", ""tip_home"": 1, ""tip_away"": 1}, {""match_id"": ""f5c8f468df7a07a865f5"", ""tip_home"": 1, ""tip_away"": 1}, {""match_id"": ""ab0a3052d5de3bd29411"", ""tip_home"": 1, ""tip_away"": 1}]"
2019-03-12,15,15,6,-4.217798219314494,-7.59066151980301,"[{""assumed_opponents"": 100, ""assumed_crowd_concentration"": 1.0, ""simulated_prize_share"": 0.028683170691904878, ""baseline_simulated_prize_share"": 0.023046510877819965, ""paired_difference_standard_error"": 0.0009347267837945588}, {""assumed_opponents"": 1000, ""assumed_crowd_concentration"": 1.0, ""simulated_prize_share"": 0.006020598794635219, ""baseline_simulated_prize_share"": 0.0019513985646461682, ""paired_difference_standard_error"": 0.00037119470889229814}, {""assumed_opponents"": 10000, ""assumed_crowd_concentration"": 1.0, ""simulated_prize_share"": 0.0010942102938476727, ""baseline_simulated_prize_share"": 0.0001606629029194889, ""paired_difference_standard_error"": 0.0001408626395957028}, {""assumed_opponents"": 100, ""assumed_crowd_concentration"": 2.5, ""simulated_prize_share"": 0.0458192844873654, ""baseline_simulated_prize_share"": 0.009698852286006006, ""paired_difference_standard_error"": 0.0010360107879026756}, {""assumed_opponents"": 1000, ""assumed_crowd_concentration"": 2.5, ""simulated_prize_share"": 0.014649482764931835, ""baseline_simulated_prize_share"": 0.0005284211151191589, ""paired_difference_standard_error"": 0.0005541315179480916}, {""assumed_opponents"": 10000, ""assumed_crowd_concentration"": 2.5, ""simulated_prize_share"": 0.004169838915758212, ""baseline_simulated_prize_share"": 1.792222291555927e-05, ""paired_difference_standard_error"": 0.0002879555945094568}, {""assumed_opponents"": 100, ""assumed_crowd_concentration"": 5.0, ""simulated_prize_share"": 0.08164410748727717, ""baseline_simulated_prize_share"": 0.007046942478407148, ""paired_difference_standard_error"": 0.0013788472975532597}, {""assumed_opponents"": 1000, ""assumed_crowd_concentration"": 5.0, ""simulated_prize_share"": 0.04023042011223053, ""baseline_simulated_prize_share"": 0.0002776570693988615, ""paired_difference_standard_error"": 0.0009622144897177905}, {""assumed_opponents"": 10000, ""assumed_crowd_concentration"": 5.0, ""simulated_prize_share"": 0.018804623453026532, ""baseline_simulated_prize_share"": 1.649262069132189e-06, ""paired_difference_standard_error"": 0.0006629542143653986}]","[{""match_id"": ""b5b7482ed9a34fc8a9aa"", ""tip_home"": 1, ""tip_away"": 1}, {""match_id"": ""997678df2a77aac17943"", ""tip_home"": 1, ""tip_away"": 2}, {""match_id"": ""a393e771e816785ec7ac"", ""tip_home"": 1, ""tip_away"": 1}, {""match_id"": ""ace6488c2e3bf29ab11d"", ""tip_home"": 1, ""tip_away"": 1}, {""match_id"": ""e09d30dd4f60711173ac"", ""tip_home"": 1, ""tip_away"": 1}, {""match_id"": ""e200b0a7f4a06b5e5fba"", ""tip_home"": 1, ""tip_away"": 1}, {""match_id"": ""69a41ef9c78a2453cb06"", ""tip_home"": 3, ""tip_away"": 0}, {""match_id"": ""75a41b05f975b4469cc5"", ""tip_home"": 2, ""tip_away"": 0}, {""match_id"": ""cbab15fb96c4696e41f6"", ""tip_home"": 1, ""tip_away"": 1}]"
2019-03-26,14,4,7,-4.541451331741986,-7.065734122926437,"[{""assumed_opponents"": 100, ""assumed_crowd_concentration"": 1.0, ""simulated_prize_share"": 0.024296829610280794, ""baseline_simulated_prize_share"": 0.020963171044893356, ""paired_difference_standard_error"": 0.00088436288356099}, {""assumed_opponents"": 1000, ""assumed_crowd_concentration"": 1.0, ""simulated_prize_share"": 0.00530279630109396, ""baseline_simulated_prize_share"": 0.0021265256938047196, ""paired_difference_standard_error"": 0.000359426035345014}, {""assumed_opponents"": 10000, ""assumed_crowd_concentration"": 1.0, ""simulated_prize_share"": 0.0011000484666579859, ""baseline_simulated_prize_share"": 0.00012113890555358976, ""paired_difference_standard_error"": 0.0001449735426244867}, {""assumed_opponents"": 100, ""assumed_crowd_concentration"": 2.5, ""simulated_prize_share"": 0.03516280346474583, ""baseline_simulated_prize_share"": 0.012563814505523194, ""paired_difference_standard_error"": 0.0009552777676410624}, {""assumed_opponents"": 1000, ""assumed_crowd_concentration"": 2.5, ""simulated_prize_share"": 0.010958997767903177, ""baseline_simulated_prize_share"": 0.0008951423959700335, ""paired_difference_standard_error"": 0.0004889892713639049}, {""assumed_opponents"": 10000, ""assumed_crowd_concentration"": 2.5, ""simulated_prize_share"": 0.003382690025339464, ""baseline_simulated_prize_share"": 3.7886908836456975e-05, ""paired_difference_standard_error"": 0.00026632694293493526}, {""assumed_opponents"": 100, ""assumed_crowd_concentration"": 5.0, ""simulated_prize_share"": 0.04854089466912298, ""baseline_simulated_prize_share"": 0.009292624896974107, ""paired_difference_standard_error"": 0.0011023534489977291}, {""assumed_opponents"": 1000, ""assumed_crowd_concentration"": 5.0, ""simulated_prize_share"": 0.021332969322216636, ""baseline_simulated_prize_share"": 0.0005965991135691109, ""paired_difference_standard_error"": 0.0007024817612882941}, {""assumed_opponents"": 10000, ""assumed_crowd_concentration"": 5.0, ""simulated_prize_share"": 0.009274974587370213, ""baseline_simulated_prize_share"": 1.8913889793024648e-05, ""paired_difference_standard_error"": 0.00046557696318474625}]","[{""match_id"": ""a2330d48fc3bd3478580"", ""tip_home"": 1, ""tip_away"": 1}, {""match_id"": ""2955f10fc793f25b8b96"", ""tip_home"": 1, ""tip_away"": 1}, {""match_id"": ""2d684a383da384f9dc50"", ""tip_home"": 1, ""tip_away"": 1}, {""match_id"": ""6af629e6e9ef23322a93"", ""tip_home"": 0, ""tip_away"": 2}, {""match_id"": ""7558c9fd2ef3af693ecb"", ""tip_home"": 1, ""tip_away"": 1}, {""match_id"": ""7eb2b76cda2ead7cbaaa"", ""tip_home"": 1, ""tip_away"": 1}, {""match_id"": ""ac4c66a24540cd1f05f7"", ""tip_home"": 0, ""tip_away"": 0}, {""match_id"": ""00fae813a40a388cbc5f"", ""tip_home"": 1, ""tip_away"": 1}, {""match_id"": ""03f8ff9cb47d21e82560"", ""tip_home"": 0, ""tip_away"": 1}]"
2019-04-02,11,12,7,-4.52267378146011,-7.355379653595743,"[{""assumed_opponents"": 100, ""assumed_crowd_concentration"": 1.0, ""simulated_prize_share"": 0.027793575385679753, ""baseline_simulated_prize_share"": 0.023008995784639438, ""paired_difference_standard_error"": 0.0009327377513450119}, {""assumed_opponents"": 1000, ""assumed_crowd_concentration"": 1.0, ""simulated_prize_share"": 0.005744813119879938, ""baseline_simulated_prize_share"": 0.0022667086597286164, ""paired_difference_standard_error"": 0.00037251736298764845}, {""assumed_opponents"": 10000, ""assumed_crowd_concentration"": 1.0, ""simulated_prize_share"": 0.0010371024961142307, ""baseline_simulated_prize_share"": 0.00023433846989162643, ""paired_difference_standard_error"": 0.00014530859786346061}, {""assumed_opponents"": 100, ""assumed_crowd_concentration"": 2.5, ""simulated_prize_share"": 0.03751422234574905, ""baseline_simulated_prize_share"": 0.009750514910336633, ""paired_difference_standard_error"": 0.0009333104825792313}, {""assumed_opponents"": 1000, ""assumed_crowd_concentration"": 2.5, ""simulated_prize_share"": 0.01028315012354572, ""baseline_simulated_prize_share"": 0.0005671718968857545, ""paired_difference_standard_error"": 0.00045794486374220797}, {""assumed_opponents"": 10000, ""assumed_crowd_concentration"": 2.5, ""simulated_prize_share"": 0.0024896671229060596, ""baseline_simulated_prize_share"": 5.224093282235017e-05, ""paired_difference_standard_error"": 0.0002200081491463464}, {""assumed_opponents"": 100, ""assumed_crowd_concentration"": 5.0, ""simulated_prize_share"": 0.061259030500005474, ""baseline_simulated_prize_share"": 0.003873281738040876, ""paired_difference_standard_error"": 0.0011577025332765944}, {""assumed_opponents"": 1000, ""assumed_crowd_concentration"": 5.0, ""simulated_prize_share"": 0.023806657310188342, ""baseline_simulated_prize_share"": 0.0001375182599626, ""paired_difference_standard_error"": 0.0007247329259327289}, {""assumed_opponents"": 10000, ""assumed_crowd_concentration"": 5.0, ""simulated_prize_share"": 0.00905890379876792, ""baseline_simulated_prize_share"": 9.46374968576138e-06, ""paired_difference_standard_error"": 0.00044360026218059537}]","[{""match_id"": ""2c9173fc314b9b3b3127"", ""tip_home"": 2, ""tip_away"": 1}, {""match_id"": ""1dfd6faf2eaf6fdb03aa"", ""tip_home"": 1, ""tip_away"": 1}, {""match_id"": ""1ff45388c23afd065859"", ""tip_home"": 1, ""tip_away"": 1}, {""match_id"": ""66659425027717640a3a"", ""tip_home"": 1, ""tip_away"": 1}, {""match_id"": ""90d4b637deaa8d5c9ee8"", ""tip_home"": 1, ""tip_away"": 1}, {""match_id"": ""c65d182a753b51ce33ae"", ""tip_home"": 2, ""tip_away"": 1}, {""match_id"": ""e1cc83feedd8fff6bdfd"", ""tip_home"": 1, ""tip_away"": 1}, {""match_id"": ""632d62b1a0125777fbf8"", ""tip_home"": 1, ""tip_away"": 1}, {""match_id"": ""eeee6ec9a315e0dc5e67"", ""tip_home"": 1, ""tip_away"": 1}]"
2019-04-09,18,13,6,-4.251215317419677,-7.312816132317,"[{""assumed_opponents"": 100, ""assumed_crowd_concentration"": 1.0, ""simulated_prize_share"": 0.025887928986046, ""baseline_simulated_prize_share"": 0.022731253967946896, ""paired_difference_standard_error"": 0.0009106204752897665}, {""assumed_opponents"": 1000, ""assumed_crowd_concentration"": 1.0, ""simulated_prize_share"": 0.005563805480305025, ""baseline_simulated_prize_share"": 0.001883106790085869, ""paired_difference_standard_error"": 0.0003574396008584885}, {""assumed_opponents"": 10000, ""assumed_crowd_concentration"": 1.0, ""simulated_prize_share"": 0.001138033332041008, ""baseline_simulated_prize_share"": 0.00013805700087351212, ""paired_difference_standard_error"": 0.00015392294518637518}, {""assumed_opponents"": 100, ""assumed_crowd_concentration"": 2.5, ""simulated_prize_share"": 0.04309506102389178, ""baseline_simulated_prize_share"": 0.010991772055069914, ""paired_difference_standard_error"": 0.0010313799473528067}, {""assumed_opponents"": 1000, ""assumed_crowd_concentration"": 2.5, ""simulated_prize_share"": 0.015098431234170706, ""baseline_simulated_prize_share"": 0.0006486623127780745, ""paired_difference_standard_error"": 0.0005707011692039786}, {""assumed_opponents"": 10000, ""assumed_crowd_concentration"": 2.5, ""simulated_prize_share"": 0.00475252868058545, ""baseline_simulated_prize_share"": 1.591228883867955e-05, ""paired_difference_standard_error"": 0.00031506591378299497}, {""assumed_opponents"": 100, ""assumed_crowd_concentration"": 5.0, ""simulated_prize_share"": 0.07068992491085, ""baseline_simulated_prize_share"": 0.008928152488556561, ""paired_difference_standard_error"": 0.001322211451664227}, {""assumed_opponents"": 1000, ""assumed_crowd_concentration"": 5.0, ""simulated_prize_share"": 0.036721739058960076, ""baseline_simulated_prize_share"": 0.000457108629804594, ""paired_difference_standard_error"": 0.0009325192187273433}, {""assumed_opponents"": 10000, ""assumed_crowd_concentration"": 5.0, ""simulated_prize_share"": 0.01837793685952977, ""baseline_simulated_prize_share"": 9.54117646089286e-06, ""paired_difference_standard_error"": 0.0006620534636117696}]","[{""match_id"": ""a41326e72b309bf41ee9"", ""tip_home"": 0, ""tip_away"": 0}, {""match_id"": ""b45987e37de3d6e6228c"", ""tip_home"": 0, ""tip_away"": 1}, {""match_id"": ""b671f2dc4b7e56f6aee8"", ""tip_home"": 1, ""tip_away"": 1}, {""match_id"": ""c774e9557fadf6d6ad91"", ""tip_home"": 1, ""tip_away"": 1}, {""match_id"": ""cc6f0bb0ff1b68fa2827"", ""tip_home"": 1, ""tip_away"": 1}, {""match_id"": ""f95f6fecd7eb38b8c742"", ""tip_home"": 2, ""tip_away"": 1}, {""match_id"": ""845d91f0c88acbe69671"", ""tip_home"": 1, ""tip_away"": 1}, {""match_id"": ""c1d977bd37b31fd76a5b"", ""tip_home"": 1, ""tip_away"": 1}, {""match_id"": ""d97e564752a04677e362"", ""tip_home"": 1, ""tip_away"": 2}]"
2019-04-16,18,13,7,-4.564052991739544,-7.438629429395306,"[{""assumed_opponents"": 100, ""assumed_crowd_concentration"": 1.0, ""simulated_prize_share"": 0.02606641863780254, ""baseline_simulated_prize_share"": 0.022063583091413156, ""paired_difference_standard_error"": 0.0009054713783646166}, {""assumed_opponents"": 1000, ""assumed_crowd_concentration"": 1.0, ""simulated_prize_share"": 0.005144357788808026, ""baseline_simulated_prize_share"": 0.002087474307052163, ""paired_difference_standard_error"": 0.00034469083579374886}, {""assumed_opponents"": 10000, ""assumed_crowd_concentration"": 1.0, ""simulated_prize_share"": 0.0008985283539806007, ""baseline_simulated_prize_share"": 0.00014108893357243712, ""paired_difference_standard_error"": 0.00013144944317094117}, {""assumed_opponents"": 100, ""assumed_crowd_concentration"": 2.5, ""simulated_prize_share"": 0.03712413830781132, ""baseline_simulated_prize_share"": 0.011788395481100446, ""paired_difference_standard_error"": 0.0009557389722446691}, {""assumed_opponents"": 1000, ""assumed_crowd_concentration"": 2.5, ""simulated_prize_share"": 0.010503049090844459, ""baseline_simulated_prize_share"": 0.0007245253344472298, ""paired_difference_standard_error"": 0.0004674263154222702}, {""assumed_opponents"": 10000, ""assumed_crowd_concentration"": 2.5, ""simulated_prize_share"": 0.002651548332216031, ""baseline_simulated_prize_share"": 2.71674742013596e-05, ""paired_difference_standard_error"": 0.0002267134426927727}, {""assumed_opponents"": 100, ""assumed_crowd_concentration"": 5.0, ""simulated_prize_share"": 0.05666977806062179, ""baseline_simulated_prize_share"": 0.007038023464404934, ""paired_difference_standard_error"": 0.001148779053407734}, {""assumed_opponents"": 1000, ""assumed_crowd_concentration"": 5.0, ""simulated_prize_share"": 0.022804111242459943, ""baseline_simulated_prize_share"": 0.0002742289226265939, ""paired_difference_standard_error"": 0.0007116436267780784}, {""assumed_opponents"": 10000, ""assumed_crowd_concentration"": 5.0, ""simulated_prize_share"": 0.00899357641536653, ""baseline_simulated_prize_share"": 2.8912585913578502e-06, ""paired_difference_standard_error"": 0.0004473589659635279}]","[{""match_id"": ""2c0011bd6651e26c0d93"", ""tip_home"": 1, ""tip_away"": 1}, {""match_id"": ""33b1651aec20dffa2845"", ""tip_home"": 3, ""tip_away"": 0}, {""match_id"": ""46cc57d3f67d57de3495"", ""tip_home"": 0, ""tip_away"": 1}, {""match_id"": ""a6db9cbf310f02b5dc22"", ""tip_home"": 1, ""tip_away"": 1}, {""match_id"": ""ead880cd961446d584d2"", ""tip_home"": 2, ""tip_away"": 0}, {""match_id"": ""ecc380a43dbf87795cda"", ""tip_home"": 1, ""tip_away"": 1}, {""match_id"": ""0396715fbe15b358af43"", ""tip_home"": 1, ""tip_away"": 1}, {""match_id"": ""aa2fa52072c66fcbab00"", ""tip_home"": 1, ""tip_away"": 1}, {""match_id"": ""1082623b0ca32ee59db4"", ""tip_home"": 1, ""tip_away"": 1}]"
2019-04-23,4,0,6,-4.6365872280735525,-6.9564833362113,"[{""assumed_opponents"": 100, ""assumed_crowd_concentration"": 1.0, ""simulated_prize_share"": 0.022092533995610706, ""baseline_simulated_prize_share"": 0.025272577699023538, ""paired_difference_standard_error"": 0.0008998913413976612}, {""assumed_opponents"": 1000, ""assumed_crowd_concentration"": 1.0, ""simulated_prize_share"": 0.004852415127446247, ""baseline_simulated_prize_share"": 0.002633939952991933, ""paired_difference_standard_error"": 0.00035694860129331825}, {""assumed_opponents"": 10000, ""assumed_crowd_concentration"": 1.0, ""simulated_prize_share"": 0.0009014621343871123, ""baseline_simulated_prize_share"": 0.00027293749765794264, ""paired_difference_standard_error"": 0.00014182931405331086}, {""assumed_opponents"": 100, ""assumed_crowd_concentration"": 2.5, ""simulated_prize_share"": 0.03167474526347126, ""baseline_simulated_prize_share"": 0.01365970198066038, ""paired_difference_standard_error"": 0.0009284728442438582}, {""assumed_opponents"": 1000, ""assumed_crowd_concentration"": 2.5, ""simulated_prize_share"": 0.010103339288650684, ""baseline_simulated_prize_share"": 0.0011153505326284732, ""paired_difference_standard_error"": 0.00047575929692251443}, {""assumed_opponents"": 10000, ""assumed_crowd_concentration"": 2.5, ""simulated_prize_share"": 0.003183968826806239, ""baseline_simulated_prize_share"": 6.082073478483415e-05, ""paired_difference_standard_error"": 0.0002609455397299265}, {""assumed_opponents"": 100, ""assumed_crowd_concentration"": 5.0, ""simulated_prize_share"": 0.046270168082716105, ""baseline_simulated_prize_share"": 0.007989699605569419, ""paired_difference_standard_error"": 0.0010630925099067473}, {""assumed_opponents"": 1000, ""assumed_crowd_concentration"": 5.0, ""simulated_prize_share"": 0.019530752023992962, ""baseline_simulated_prize_share"": 0.00048604441593988424, ""paired_difference_standard_error"": 0.0006720003928811999}, {""assumed_opponents"": 10000, ""assumed_crowd_concentration"": 5.0, ""simulated_prize_share"": 0.008470009164779645, ""baseline_simulated_prize_share"": 9.865288079494793e-06, ""paired_difference_standard_error"": 0.00044295256740389485}]","[{""match_id"": ""793598c4e578495536c9"", ""tip_home"": 1, ""tip_away"": 1}, {""match_id"": ""1cead9a880b6914f28b2"", ""tip_home"": 2, ""tip_away"": 0}, {""match_id"": ""5a4e0e3dfe777463ce99"", ""tip_home"": 3, ""tip_away"": 1}, {""match_id"": ""a989e25d3b26fd3fcc99"", ""tip_home"": 1, ""tip_away"": 1}, {""match_id"": ""baa76ebbeda8f13336fb"", ""tip_home"": 1, ""tip_away"": 1}, {""match_id"": ""f6422efe146979186cee"", ""tip_home"": 1, ""tip_away"": 1}, {""match_id"": ""feabcabd913e6d957e96"", ""tip_home"": 1, ""tip_away"": 1}, {""match_id"": ""245debff2c8da13e5f7d"", ""tip_home"": 0, ""tip_away"": 1}, {""match_id"": ""abd4b410f3bcc49e59a3"", ""tip_home"": 1, ""tip_away"": 1}]"
2019-04-30,8,15,7,-4.510378751411423,-7.59152507740806,"[{""assumed_opponents"": 100, ""assumed_crowd_concentration"": 1.0, ""simulated_prize_share"": 0.026523665502065336, ""baseline_simulated_prize_share"": 0.022292905597092634, ""paired_difference_standard_error"": 0.0009123423284653174}, {""assumed_opponents"": 1000, ""assumed_crowd_concentration"": 1.0, ""simulated_prize_share"": 0.005470809881513102, ""baseline_simulated_prize_share"": 0.002082176316154926, ""paired_difference_standard_error"": 0.00035934259172607847}, {""assumed_opponents"": 10000, ""assumed_crowd_concentration"": 1.0, ""simulated_prize_share"": 0.001040666347084707, ""baseline_simulated_prize_share"": 0.00016460827455355942, ""paired_difference_standard_error"": 0.0001449902048124267}, {""assumed_opponents"": 100, ""assumed_crowd_concentration"": 2.5, ""simulated_prize_share"": 0.03789301465096047, ""baseline_simulated_prize_share"": 0.010505532574509808, ""paired_difference_standard_error"": 0.0009500835637896189}, {""assumed_opponents"": 1000, ""assumed_crowd_concentration"": 2.5, ""simulated_prize_share"": 0.010610300189375092, ""baseline_simulated_prize_share"": 0.0006569553632433746, ""paired_difference_standard_error"": 0.00046888762937518866}, {""assumed_opponents"": 10000, ""assumed_crowd_concentration"": 2.5, ""simulated_prize_share"": 0.0027586705865188543, ""baseline_simulated_prize_share"": 2.1722133778558855e-05, ""paired_difference_standard_error"": 0.0002337189717485668}, {""assumed_opponents"": 100, ""assumed_crowd_concentration"": 5.0, ""simulated_prize_share"": 0.06000931264602105, ""baseline_simulated_prize_share"": 0.005310469334175917, ""paired_difference_standard_error"": 0.0011700115470764242}, {""assumed_opponents"": 1000, ""assumed_crowd_concentration"": 5.0, ""simulated_prize_share"": 0.024621159273978573, ""baseline_simulated_prize_share"": 0.0002340078873484722, ""paired_difference_standard_error"": 0.0007380776856658944}, {""assumed_opponents"": 10000, ""assumed_crowd_concentration"": 5.0, ""simulated_prize_share"": 0.009484098892761833, ""baseline_simulated_prize_share"": 1.4928881946716172e-06, ""paired_difference_standard_error"": 0.0004581690157215882}]","[{""match_id"": ""a91f1d644095114d9a86"", ""tip_home"": 1, ""tip_away"": 1}, {""match_id"": ""104188fcd88e0d6fd12f"", ""tip_home"": 1, ""tip_away"": 1}, {""match_id"": ""8cf62ef3def484a665f6"", ""tip_home"": 1, ""tip_away"": 1}, {""match_id"": ""baa0abe38a6ac6e6f59b"", ""tip_home"": 1, ""tip_away"": 1}, {""match_id"": ""c7c6b68fe5ec15a7011b"", ""tip_home"": 1, ""tip_away"": 1}, {""match_id"": ""d108e7b8cb41ff0e864d"", ""tip_home"": 3, ""tip_away"": 0}, {""match_id"": ""5a5ec9ab05f69368f1a1"", ""tip_home"": 1, ""tip_away"": 1}, {""match_id"": ""7c1bffb4b842cbd21104"", ""tip_home"": 2, ""tip_away"": 1}, {""match_id"": ""c960842bb188e82a8bc0"", ""tip_home"": 1, ""tip_away"": 1}]"
2019-05-07,4,8,7,-4.526457495440272,-6.9944278091352805,"[{""assumed_opponents"": 100, ""assumed_crowd_concentration"": 1.0, ""simulated_prize_share"": 0.02400602286951882, ""baseline_simulated_prize_share"": 0.023956450285654983, ""paired_difference_standard_error"": 0.0008977844117557245}, {""assumed_opponents"": 1000, ""assumed_crowd_concentration"": 1.0, ""simulated_prize_share"": 0.005184630515491527, ""baseline_simulated_prize_share"": 0.002218334377954544, ""paired_difference_standard_error"": 0.00035840225596916076}, {""assumed_opponents"": 10000, ""assumed_crowd_concentration"": 1.0, ""simulated_prize_share"": 0.0009496768784465306, ""baseline_simulated_prize_share"": 0.00020441178069387298, ""paired_difference_standard_error"": 0.00013762481484997779}, {""assumed_opponents"": 100, ""assumed_crowd_concentration"": 2.5, ""simulated_prize_share"": 0.03533184040349699, ""baseline_simulated_prize_share"": 0.012122939844178924, ""paired_difference_standard_error"": 0.0009451206123790773}, {""assumed_opponents"": 1000, ""assumed_crowd_concentration"": 2.5, ""simulated_prize_share"": 0.011208139926091251, ""baseline_simulated_prize_share"": 0.000783812035306291, ""paired_difference_standard_error"": 0.0004968358413094608}, {""assumed_opponents"": 10000, ""assumed_crowd_concentration"": 2.5, ""simulated_prize_share"": 0.0032935784738369906, ""baseline_simulated_prize_share"": 7.371085557635264e-05, ""paired_difference_standard_error"": 0.00025948139538369946}, {""assumed_opponents"": 100, ""assumed_crowd_concentration"": 5.0, ""simulated_prize_share"": 0.0536580919441364, ""baseline_simulated_prize_share"": 0.0067458876932175735, ""paired_difference_standard_error"": 0.0011260199700989}, {""assumed_opponents"": 1000, ""assumed_crowd_concentration"": 5.0, ""simulated_prize_share"": 0.02317751310729215, ""baseline_simulated_prize_share"": 0.0003518630680547967, ""paired_difference_standard_error"": 0.000733457706938496}, {""assumed_opponents"": 10000, ""assumed_crowd_concentration"": 5.0, ""simulated_prize_share"": 0.01059196683818534, ""baseline_simulated_prize_share"": 2.5380949516685158e-05, ""paired_difference_standard_error"": 0.0004965715135953631}]","[{""match_id"": ""19e2152d0158b35bc75c"", ""tip_home"": 1, ""tip_away"": 1}, {""match_id"": ""2fb1655015efa9149f7c"", ""tip_home"": 0, ""tip_away"": 0}, {""match_id"": ""5b1a31f920a2903a115a"", ""tip_home"": 1, ""tip_away"": 1}, {""match_id"": ""6ae802a9e32d3ad4050a"", ""tip_home"": 1, ""tip_away"": 2}, {""match_id"": ""82642e32691e0a5168ec"", ""tip_home"": 2, ""tip_away"": 1}, {""match_id"": ""90e6dd07695543677324"", ""tip_home"": 3, ""tip_away"": 0}, {""match_id"": ""bd7b4bf769233073d05e"", ""tip_home"": 1, ""tip_away"": 1}, {""match_id"": ""f853d31aaa78326cffa3"", ""tip_home"": 1, ""tip_away"": 1}, {""match_id"": ""f55659a746ea89171f45"", ""tip_home"": 1, ""tip_away"": 1}]"
2019-05-14,18,9,5,-4.417598969528409,-6.816659113761992,"[{""assumed_opponents"": 100, ""assumed_crowd_concentration"": 1.0, ""simulated_prize_share"": 0.028522077769695335, ""baseline_simulated_prize_share"": 0.028529526082804596, ""paired_difference_standard_error"": 0.0009787496554091012}, {""assumed_opponents"": 1000, ""assumed_crowd_concentration"": 1.0, ""simulated_prize_share"": 0.0056849184248718085, ""baseline_simulated_prize_share"": 0.0028441616521346857, ""paired_difference_standard_error"": 0.000377773878900319}, {""assumed_opponents"": 10000, ""assumed_crowd_concentration"": 1.0, ""simulated_prize_share"": 0.0009680160838985044, ""baseline_simulated_prize_share"": 0.0002879649297876701, ""paired_difference_standard_error"": 0.0001475783212999113}, {""assumed_opponents"": 100, ""assumed_crowd_concentration"": 2.5, ""simulated_prize_share"": 0.04164376441833785, ""baseline_simulated_prize_share"": 0.015258703056226926, ""paired_difference_standard_error"": 0.0010223071687003728}, {""assumed_opponents"": 1000, ""assumed_crowd_concentration"": 2.5, ""simulated_prize_share"": 0.011843890881322025, ""baseline_simulated_prize_share"": 0.0009918236264160774, ""paired_difference_standard_error"": 0.0004983532296171435}, {""assumed_opponents"": 10000, ""assumed_crowd_concentration"": 2.5, ""simulated_prize_share"": 0.002938251799510821, ""baseline_simulated_prize_share"": 7.45856852582989e-05, ""paired_difference_standard_error"": 0.00023831554069418627}, {""assumed_opponents"": 100, ""assumed_crowd_concentration"": 5.0, ""simulated_prize_share"": 0.06727627446799236, ""baseline_simulated_prize_share"": 0.010897113103548985, ""paired_difference_standard_error"": 0.0012697313271492292}, {""assumed_opponents"": 1000, ""assumed_crowd_concentration"": 5.0, ""simulated_prize_share"": 0.02916319023703711, ""baseline_simulated_prize_share"": 0.0005458117694000817, ""paired_difference_standard_error"": 0.0008133416795644627}, {""assumed_opponents"": 10000, ""assumed_crowd_concentration"": 5.0, ""simulated_prize_share"": 0.01212081923380923, ""baseline_simulated_prize_share"": 1.4471472152663044e-05, ""paired_difference_standard_error"": 0.0005202003208781847}]","[{""match_id"": ""0b812c10f6b2de460836"", ""tip_home"": 1, ""tip_away"": 1}, {""match_id"": ""1dfce4cfb9b0cd489b06"", ""tip_home"": 1, ""tip_away"": 1}, {""match_id"": ""25d18a6920031378763d"", ""tip_home"": 2, ""tip_away"": 1}, {""match_id"": ""297017ea1b3736394d97"", ""tip_home"": 1, ""tip_away"": 1}, {""match_id"": ""377ea8bb0ed844389ff4"", ""tip_home"": 2, ""tip_away"": 1}, {""match_id"": ""895dd6f154ea531c93fa"", ""tip_home"": 1, ""tip_away"": 2}, {""match_id"": ""a4d227e73da8190434d0"", ""tip_home"": 1, ""tip_away"": 2}, {""match_id"": ""d46b998e3f52d256ad09"", ""tip_home"": 3, ""tip_away"": 0}, {""match_id"": ""febb896038bd3c3e4d13"", ""tip_home"": 1, ""tip_away"": 1}]"
2019-08-13,15,8,6,-4.481571588450574,-7.3087681370768065,"[{""assumed_opponents"": 100, ""assumed_crowd_concentration"": 1.0, ""simulated_prize_share"": 0.02646415284878689, ""baseline_simulated_prize_share"": 0.02209997042134405, ""paired_difference_standard_error"": 0.0009126735592614217}, {""assumed_opponents"": 1000, ""assumed_crowd_concentration"": 1.0, ""simulated_prize_share"": 0.005806534070165499, ""baseline_simulated_prize_share"": 0.0020206535365376328, ""paired_difference_standard_error"": 0.00037285544561085167}, {""assumed_opponents"": 10000, ""assumed_crowd_concentration"": 1.0, ""simulated_prize_share"": 0.0013110244971450242, ""baseline_simulated_prize_share"": 0.00020486390279218292, ""paired_difference_standard_error"": 0.00016826518460751996}, {""assumed_opponents"": 100, ""assumed_crowd_concentration"": 2.5, ""simulated_prize_share"": 0.036482455988766996, ""baseline_simulated_prize_share"": 0.010308914198080759, ""paired_difference_standard_error"": 0.0009344305408144218}, {""assumed_opponents"": 1000, ""assumed_crowd_concentration"": 2.5, ""simulated_prize_share"": 0.010743783614324457, ""baseline_simulated_prize_share"": 0.0006770144769362506, ""paired_difference_standard_error"": 0.00047936031979375687}, {""assumed_opponents"": 10000, ""assumed_crowd_concentration"": 2.5, ""simulated_prize_share"": 0.003080839876694774, ""baseline_simulated_prize_share"": 5.377538670400114e-05, ""paired_difference_standard_error"": 0.0002552628547948709}, {""assumed_opponents"": 100, ""assumed_crowd_concentration"": 5.0, ""simulated_prize_share"": 0.0580886166770358, ""baseline_simulated_prize_share"": 0.005526935692238114, ""paired_difference_standard_error"": 0.001146376577329077}, {""assumed_opponents"": 1000, ""assumed_crowd_concentration"": 5.0, ""simulated_prize_share"": 0.02326233459426992, ""baseline_simulated_prize_share"": 0.00029102210596579196, ""paired_difference_standard_error"": 0.0007209784608377046}, {""assumed_opponents"": 10000, ""assumed_crowd_concentration"": 5.0, ""simulated_prize_share"": 0.009252586180827898, ""baseline_simulated_prize_share"": 4.902607824837437e-06, ""paired_difference_standard_error"": 0.0004564357390003089}]","[{""match_id"": ""ffcf10d7c6a88fa57969"", ""tip_home"": 3, ""tip_away"": 0}, {""match_id"": ""2911255cda453e8b3249"", ""tip_home"": 3, ""tip_away"": 1}, {""match_id"": ""460be51beccc87e4e53f"", ""tip_home"": 1, ""tip_away"": 1}, {""match_id"": ""88b52bc6244cf730c0a7"", ""tip_home"": 1, ""tip_away"": 1}, {""match_id"": ""966b1de14dc1f9640eb9"", ""tip_home"": 1, ""tip_away"": 1}, {""match_id"": ""e73827ab9b38708fb4c8"", ""tip_home"": 1, ""tip_away"": 1}, {""match_id"": ""f9a8f691d69becb46f46"", ""tip_home"": 1, ""tip_away"": 1}, {""match_id"": ""a65d226a20ddb4afa401"", ""tip_home"": 1, ""tip_away"": 1}, {""match_id"": ""d9559104a3731c7b1931"", ""tip_home"": 2, ""tip_away"": 1}]"
2019-08-20,15,7,7,-4.680665442682269,-7.1679720931000395,"[{""assumed_opponents"": 100, ""assumed_crowd_concentration"": 1.0, ""simulated_prize_share"": 0.0246028586471498, ""baseline_simulated_prize_share"": 0.022008653712861682, ""paired_difference_standard_error"": 0.0008911318386846734}, {""assumed_opponents"": 1000, ""assumed_crowd_concentration"": 1.0, ""simulated_prize_share"": 0.004972147273014238, ""baseline_simulated_prize_share"": 0.0022377183890146825, ""paired_difference_standard_error"": 0.00035188360889279967}, {""assumed_opponents"": 10000, ""assumed_crowd_concentration"": 1.0, ""simulated_prize_share"": 0.0008499124991259114, ""baseline_simulated_prize_share"": 0.0002654493263647968, ""paired_difference_standard_error"": 0.00013697403902880863}, {""assumed_opponents"": 100, ""assumed_crowd_concentration"": 2.5, ""simulated_prize_share"": 0.03416340552701653, ""baseline_simulated_prize_share"": 0.011897523868307069, ""paired_difference_standard_error"": 0.0009236926869855565}, {""assumed_opponents"": 1000, ""assumed_crowd_concentration"": 2.5, ""simulated_prize_share"": 0.009501141145267582, ""baseline_simulated_prize_share"": 0.0008907414721006807, ""paired_difference_standard_error"": 0.0004488182667081482}, {""assumed_opponents"": 10000, ""assumed_crowd_concentration"": 2.5, ""simulated_prize_share"": 0.0024157545602411603, ""baseline_simulated_prize_share"": 5.484496872439692e-05, ""paired_difference_standard_error"": 0.00021827957454821655}, {""assumed_opponents"": 100, ""assumed_crowd_concentration"": 5.0, ""simulated_prize_share"": 0.04828997342116076, ""baseline_simulated_prize_share"": 0.0066645746379849664, ""paired_difference_standard_error"": 0.0010618134447902083}, {""assumed_opponents"": 1000, ""assumed_crowd_concentration"": 5.0, ""simulated_prize_share"": 0.018576173342429607, ""baseline_simulated_prize_share"": 0.00037923830170034917, ""paired_difference_standard_error"": 0.0006428684928334396}, {""assumed_opponents"": 10000, ""assumed_crowd_concentration"": 5.0, ""simulated_prize_share"": 0.006931204501329068, ""baseline_simulated_prize_share"": 5.0060276727419835e-06, ""paired_difference_standard_error"": 0.0003906878759539523}]","[{""match_id"": ""da4fee7c2213a3e6272a"", ""tip_home"": 1, ""tip_away"": 1}, {""match_id"": ""3a384d22d929e40e5ad3"", ""tip_home"": 1, ""tip_away"": 1}, {""match_id"": ""930af2ec5e3e3d16a29d"", ""tip_home"": 1, ""tip_away"": 1}, {""match_id"": ""b15561bf6fbe4f2664e4"", ""tip_home"": 1, ""tip_away"": 2}, {""match_id"": ""b5df2b792723c05cf4d4"", ""tip_home"": 0, ""tip_away"": 0}, {""match_id"": ""c3220176bc7d095ab391"", ""tip_home"": 1, ""tip_away"": 1}, {""match_id"": ""dc691189c1d99d3c7441"", ""tip_home"": 0, ""tip_away"": 1}, {""match_id"": ""29b6e9d25e86e00aac00"", ""tip_home"": 1, ""tip_away"": 1}, {""match_id"": ""4fa4c6add662fcb1e3cb"", ""tip_home"": 1, ""tip_away"": 1}]"
2019-08-27,13,10,6,-4.522138819956474,-7.303249909070606,"[{""assumed_opponents"": 100, ""assumed_crowd_concentration"": 1.0, ""simulated_prize_share"": 0.025498540840378888, ""baseline_simulated_prize_share"": 0.022119367611840707, ""paired_difference_standard_error"": 0.0009063852402334643}, {""assumed_opponents"": 1000, ""assumed_crowd_concentration"": 1.0, ""simulated_prize_share"": 0.005435425342686624, ""baseline_simulated_prize_share"": 0.002043098948785682, ""paired_difference_standard_error"": 0.0003569814153503298}, {""assumed_opponents"": 10000, ""assumed_crowd_concentration"": 1.0, ""simulated_prize_share"": 0.0011010199777144142, ""baseline_simulated_prize_share"": 0.00011582442099620232, ""paired_difference_standard_error"": 0.00014568098578301796}, {""assumed_opponents"": 100, ""assumed_crowd_concentration"": 2.5, ""simulated_prize_share"": 0.035631703129368225, ""baseline_simulated_prize_share"": 0.01178564340618453, ""paired_difference_standard_error"": 0.000948751364830059}, {""assumed_opponents"": 1000, ""assumed_crowd_concentration"": 2.5, ""simulated_prize_share"": 0.010997915787440481, ""baseline_simulated_prize_share"": 0.0007986863804946081, ""paired_difference_standard_error"": 0.000485051340551412}, {""assumed_opponents"": 10000, ""assumed_crowd_concentration"": 2.5, ""simulated_prize_share"": 0.0030959245688216043, ""baseline_simulated_prize_share"": 1.8897152369768325e-05, ""paired_difference_standard_error"": 0.00024942305332173096}, {""assumed_opponents"": 100, ""assumed_crowd_concentration"": 5.0, ""simulated_prize_share"": 0.05365965199830233, ""baseline_simulated_prize_share"": 0.008300940291811623, ""paired_difference_standard_error"": 0.0011311581211231457}, {""assumed_opponents"": 1000, ""assumed_crowd_concentration"": 5.0, ""simulated_prize_share"": 0.02230019741935353, ""baseline_simulated_prize_share"": 0.0004896238898209825, ""paired_difference_standard_error"": 0.0007154804697714777}, {""assumed_opponents"": 10000, ""assumed_crowd_concentration"": 5.0, ""simulated_prize_share"": 0.009530213118831713, ""baseline_simulated_prize_share"": 7.5192012025239575e-06, ""paired_difference_standard_error"": 0.000466399064720163}]","[{""match_id"": ""81dac56e86f1569b42ea"", ""tip_home"": 1, ""tip_away"": 1}, {""match_id"": ""6d5dbd7cd13bd6a89953"", ""tip_home"": 1, ""tip_away"": 1}, {""match_id"": ""c21952dbe6fb673be8f5"", ""tip_home"": 4, ""tip_away"": 0}, {""match_id"": ""df61522acfda2a388176"", ""tip_home"": 2, ""tip_away"": 1}, {""match_id"": ""e392c67e6ffdacec99ea"", ""tip_home"": 1, ""tip_away"": 1}, {""match_id"": ""fae61c9447218d3fa2a3"", ""tip_home"": 1, ""tip_away"": 1}, {""match_id"": ""fb0cf5c49a7137658b66"", ""tip_home"": 1, ""tip_away"": 1}, {""match_id"": ""28d78c8209f78effcf9e"", ""tip_home"": 1, ""tip_away"": 1}, {""match_id"": ""a849f07a48cfcd2c5959"", ""tip_home"": 2, ""tip_away"": 1}]"
2019-09-10,12,12,8,-4.770956330119043,-6.956177385065495,"[{""assumed_opponents"": 100, ""assumed_crowd_concentration"": 1.0, ""simulated_prize_share"": 0.02516419084496871, ""baseline_simulated_prize_share"": 0.021675747786505245, ""paired_difference_standard_error"": 0.0008940543769042535}, {""assumed_opponents"": 1000, ""assumed_crowd_concentration"": 1.0, ""simulated_prize_share"": 0.004793785314164406, ""baseline_simulated_prize_share"": 0.0023904813289673875, ""paired_difference_standard_error"": 0.0003509571647703307}, {""assumed_opponents"": 10000, ""assumed_crowd_concentration"": 1.0, ""simulated_prize_share"": 0.0008043856792605563, ""baseline_simulated_prize_share"": 0.0002989380558041984, ""paired_difference_standard_error"": 0.00013478449582111435}, {""assumed_opponents"": 100, ""assumed_crowd_concentration"": 2.5, ""simulated_prize_share"": 0.033399254430473396, ""baseline_simulated_prize_share"": 0.012102131250410465, ""paired_difference_standard_error"": 0.0009030459043785351}, {""assumed_opponents"": 1000, ""assumed_crowd_concentration"": 2.5, ""simulated_prize_share"": 0.008021374570006559, ""baseline_simulated_prize_share"": 0.0009244296340958037, ""paired_difference_standard_error"": 0.0004076506375556139}, {""assumed_opponents"": 10000, ""assumed_crowd_concentration"": 2.5, ""simulated_prize_share"": 0.0017594329628268187, ""baseline_simulated_prize_share"": 8.496245072240081e-05, ""paired_difference_standard_error"": 0.0001850357616162375}, {""assumed_opponents"": 100, ""assumed_crowd_concentration"": 5.0, ""simulated_prize_share"": 0.051088358211474325, ""baseline_simulated_prize_share"": 0.006302075139408283, ""paired_difference_standard_error"": 0.0010663249249844545}, {""assumed_opponents"": 1000, ""assumed_crowd_concentration"": 5.0, ""simulated_prize_share"": 0.01737191894484618, ""baseline_simulated_prize_share"": 0.00030288575625533285, ""paired_difference_standard_error"": 0.0006081122208555801}, {""assumed_opponents"": 10000, ""assumed_crowd_concentration"": 5.0, ""simulated_prize_share"": 0.005540462465929563, ""baseline_simulated_prize_share"": 2.3012780337717535e-05, ""paired_difference_standard_error"": 0.0003409232502376869}]","[{""match_id"": ""373f784571a769ad1c07"", ""tip_home"": 1, ""tip_away"": 1}, {""match_id"": ""2e41f07e3d5947001d26"", ""tip_home"": 1, ""tip_away"": 1}, {""match_id"": ""3221a750598e3d9e8960"", ""tip_home"": 0, ""tip_away"": 1}, {""match_id"": ""3ad886609ad08dd0cdac"", ""tip_home"": 1, ""tip_away"": 2}, {""match_id"": ""4cc258de5ff99592038f"", ""tip_home"": 1, ""tip_away"": 1}, {""match_id"": ""798a15e6ddb1b8883f64"", ""tip_home"": 1, ""tip_away"": 1}, {""match_id"": ""b6e2dcba4d0e31cd7190"", ""tip_home"": 1, ""tip_away"": 1}, {""match_id"": ""c70c67067ff8236f8b53"", ""tip_home"": 1, ""tip_away"": 1}, {""match_id"": ""fefa63ccb90ef2aae2b9"", ""tip_home"": 1, ""tip_away"": 1}]"
2019-09-17,18,19,6,-4.1675424383951345,-7.299848218664867,"[{""assumed_opponents"": 100, ""assumed_crowd_concentration"": 1.0, ""simulated_prize_share"": 0.028822408192837958, ""baseline_simulated_prize_share"": 0.023733383307597878, ""paired_difference_standard_error"": 0.0009446073011861093}, {""assumed_opponents"": 1000, ""assumed_crowd_concentration"": 1.0, ""simulated_prize_share"": 0.00633441141085435, ""baseline_simulated_prize_share"": 0.0019433321940024923, ""paired_difference_standard_error"": 0.0003798577808536468}, {""assumed_opponents"": 10000, ""assumed_crowd_concentration"": 1.0, ""simulated_prize_share"": 0.001308773865991476, ""baseline_simulated_prize_share"": 0.0001951876634241883, ""paired_difference_standard_error"": 0.0001629418278560564}, {""assumed_opponents"": 100, ""assumed_crowd_concentration"": 2.5, ""simulated_prize_share"": 0.04575678801347817, ""baseline_simulated_prize_share"": 0.009073399568843498, ""paired_difference_standard_error"": 0.0010272646909826333}, {""assumed_opponents"": 1000, ""assumed_crowd_concentration"": 2.5, ""simulated_prize_share"": 0.014772262053373182, ""baseline_simulated_prize_share"": 0.0004553169437403279, ""paired_difference_standard_error"": 0.0005573779390991756}, {""assumed_opponents"": 10000, ""assumed_crowd_concentration"": 2.5, ""simulated_prize_share"": 0.004361316138558441, ""baseline_simulated_prize_share"": 3.2372721929709285e-05, ""paired_difference_standard_error"": 0.00030240611072450933}, {""assumed_opponents"": 100, ""assumed_crowd_concentration"": 5.0, ""simulated_prize_share"": 0.0862031246794584, ""baseline_simulated_prize_share"": 0.0067393954900556614, ""paired_difference_standard_error"": 0.001408664292606204}, {""assumed_opponents"": 1000, ""assumed_crowd_concentration"": 5.0, ""simulated_prize_share"": 0.04239658636905447, ""baseline_simulated_prize_share"": 0.0002210521351189651, ""paired_difference_standard_error"": 0.0009877874433749949}, {""assumed_opponents"": 10000, ""assumed_crowd_concentration"": 5.0, ""simulated_prize_share"": 0.019946132364846908, ""baseline_simulated_prize_share"": 1.63571641769819e-05, ""paired_difference_standard_error"": 0.0006788528341472173}]","[{""match_id"": ""df2ac68821c4191481c1"", ""tip_home"": 1, ""tip_away"": 1}, {""match_id"": ""1355390f7654f9290a51"", ""tip_home"": 1, ""tip_away"": 1}, {""match_id"": ""2ef106fb7fd809ebff6c"", ""tip_home"": 1, ""tip_away"": 1}, {""match_id"": ""5934ec42ea9e09d75b75"", ""tip_home"": 2, ""tip_away"": 1}, {""match_id"": ""e9806d1a8b7cb877dab5"", ""tip_home"": 2, ""tip_away"": 0}, {""match_id"": ""f86bb32199948c3a6d47"", ""tip_home"": 1, ""tip_away"": 1}, {""match_id"": ""a0e1a023771f58de6edd"", ""tip_home"": 1, ""tip_away"": 1}, {""match_id"": ""ea83c52cfeba7d4f5e61"", ""tip_home"": 2, ""tip_away"": 1}, {""match_id"": ""71ce30e04a38810d188b"", ""tip_home"": 1, ""tip_away"": 1}]"
2019-09-24,11,2,7,-4.615631992212439,-7.3319953194805505,"[{""assumed_opponents"": 100, ""assumed_crowd_concentration"": 1.0, ""simulated_prize_share"": 0.028953068058390923, ""baseline_simulated_prize_share"": 0.02267568557202695, ""paired_difference_standard_error"": 0.000948381951486373}, {""assumed_opponents"": 1000, ""assumed_crowd_concentration"": 1.0, ""simulated_prize_share"": 0.006203235263786263, ""baseline_simulated_prize_share"": 0.002318485316409459, ""paired_difference_standard_error"": 0.0003870382938556266}, {""assumed_opponents"": 10000, ""assumed_crowd_concentration"": 1.0, ""simulated_prize_share"": 0.001247712762495099, ""baseline_simulated_prize_share"": 0.00019712370799421605, ""paired_difference_standard_error"": 0.00016094440362618385}, {""assumed_opponents"": 100, ""assumed_crowd_concentration"": 2.5, ""simulated_prize_share"": 0.03618886895811696, ""baseline_simulated_prize_share"": 0.01332546206323437, ""paired_difference_standard_error"": 0.0009550757460240911}, {""assumed_opponents"": 1000, ""assumed_crowd_concentration"": 2.5, ""simulated_prize_share"": 0.009828557395564286, ""baseline_simulated_prize_share"": 0.0010034628411570536, ""paired_difference_standard_error"": 0.00045792053156072735}, {""assumed_opponents"": 10000, ""assumed_crowd_concentration"": 2.5, ""simulated_prize_share"": 0.0024868019456593593, ""baseline_simulated_prize_share"": 2.362238391715259e-05, ""paired_difference_standard_error"": 0.0002209615415465068}, {""assumed_opponents"": 100, ""assumed_crowd_concentration"": 5.0, ""simulated_prize_share"": 0.0480001963850486, ""baseline_simulated_prize_share"": 0.007059690170648199, ""paired_difference_standard_error"": 0.001044586931655233}, {""assumed_opponents"": 1000, ""assumed_crowd_concentration"": 5.0, ""simulated_prize_share"": 0.016683721645599184, ""baseline_simulated_prize_share"": 0.00034358689041994795, ""paired_difference_standard_error"": 0.0006011929696275143}, {""assumed_opponents"": 10000, ""assumed_crowd_concentration"": 5.0, ""simulated_prize_share"": 0.005733754054975863, ""baseline_simulated_prize_share"": 2.7666923207686487e-06, ""paired_difference_standard_error"": 0.00035056960441810396}]","[{""match_id"": ""f656736bb52bf112e956"", ""tip_home"": 1, ""tip_away"": 1}, {""match_id"": ""075f3cefe78207f2ba20"", ""tip_home"": 1, ""tip_away"": 1}, {""match_id"": ""2bf9a330806a90190d58"", ""tip_home"": 1, ""tip_away"": 1}, {""match_id"": ""4c5b29671c958bcd5c2f"", ""tip_home"": 1, ""tip_away"": 1}, {""match_id"": ""63b9c530aaed1263ca35"", ""tip_home"": 1, ""tip_away"": 1}, {""match_id"": ""6cf9cc8e4b7d1613e1bb"", ""tip_home"": 2, ""tip_away"": 1}, {""match_id"": ""e88f00d39a9cdfec9295"", ""tip_home"": 0, ""tip_away"": 4}, {""match_id"": ""6b8d52c81898cc0ef920"", ""tip_home"": 1, ""tip_away"": 1}, {""match_id"": ""f2d131f138f18c522e85"", ""tip_home"": 1, ""tip_away"": 1}]"
2019-10-01,8,11,6,-4.402639084900811,-6.897489076403971,"[{""assumed_opponents"": 100, ""assumed_crowd_concentration"": 1.0, ""simulated_prize_share"": 0.02502278376304995, ""baseline_simulated_prize_share"": 0.02357507492477954, ""paired_difference_standard_error"": 0.0009101796305014505}, {""assumed_opponents"": 1000, ""assumed_crowd_concentration"": 1.0, ""simulated_prize_share"": 0.005420638377383659, ""baseline_simulated_prize_share"": 0.0025181235354612757, ""paired_difference_standard_error"": 0.0003776030854147106}, {""assumed_opponents"": 10000, ""assumed_crowd_concentration"": 1.0, ""simulated_prize_share"": 0.0011967393796742652, ""baseline_simulated_prize_share"": 0.00030093224779185535, ""paired_difference_standard_error"": 0.0001640272921642316}, {""assumed_opponents"": 100, ""assumed_crowd_concentration"": 2.5, ""simulated_prize_share"": 0.03897487818370232, ""baseline_simulated_prize_share"": 0.012485092533984674, ""paired_difference_standard_error"": 0.0009902525637357613}, {""assumed_opponents"": 1000, ""assumed_crowd_concentration"": 2.5, ""simulated_prize_share"": 0.01220091231805628, ""baseline_simulated_prize_share"": 0.0009530061894939665, ""paired_difference_standard_error"": 0.0005148504131748458}, {""assumed_opponents"": 10000, ""assumed_crowd_concentration"": 2.5, ""simulated_prize_share"": 0.0038088871673519096, ""baseline_simulated_prize_share"": 6.566017250954081e-05, ""paired_difference_standard_error"": 0.0002867173667818324}, {""assumed_opponents"": 100, ""assumed_crowd_concentration"": 5.0, ""simulated_prize_share"": 0.06037288368806758, ""baseline_simulated_prize_share"": 0.008046274161556531, ""paired_difference_standard_error"": 0.001201948641727264}, {""assumed_opponents"": 1000, ""assumed_crowd_concentration"": 5.0, ""simulated_prize_share"": 0.0279782852988688, ""baseline_simulated_prize_share"": 0.0004707033800976103, ""paired_difference_standard_error"": 0.0008057003013062331}, {""assumed_opponents"": 10000, ""assumed_crowd_concentration"": 5.0, ""simulated_prize_share"": 0.012462334997793555, ""baseline_simulated_prize_share"": 2.0748968142948373e-05, ""paired_difference_standard_error"": 0.00053857462462827}]","[{""match_id"": ""57b75b3488bf61a982ec"", ""tip_home"": 1, ""tip_away"": 1}, {""match_id"": ""16729a19ad2aee0d33f0"", ""tip_home"": 2, ""tip_away"": 1}, {""match_id"": ""203782e18c86eca476df"", ""tip_home"": 1, ""tip_away"": 1}, {""match_id"": ""6d87d56cdac565b0cf2d"", ""tip_home"": 2, ""tip_away"": 0}, {""match_id"": ""c1bbe6699f1b4b750dc5"", ""tip_home"": 1, ""tip_away"": 1}, {""match_id"": ""e776f43b698d1abfb24d"", ""tip_home"": 1, ""tip_away"": 1}, {""match_id"": ""0214c212dce3ba5b4d71"", ""tip_home"": 1, ""tip_away"": 1}, {""match_id"": ""3de0b39acab7138db990"", ""tip_home"": 2, ""tip_away"": 1}, {""match_id"": ""8cf82a4c0d62823b6855"", ""tip_home"": 1, ""tip_away"": 1}]"
2019-10-15,7,7,8,-4.763021696503836,-6.66544887069474,"[{""assumed_opponents"": 100, ""assumed_crowd_concentration"": 1.0, ""simulated_prize_share"": 0.022080264344230334, ""baseline_simulated_prize_share"": 0.023898632257065275, ""paired_difference_standard_error"": 0.0008900244117708376}, {""assumed_opponents"": 1000, ""assumed_crowd_concentration"": 1.0, ""simulated_prize_share"": 0.0046563980494825664, ""baseline_simulated_prize_share"": 0.00294808404865274, ""paired_difference_standard_error"": 0.000368140977048212}, {""assumed_opponents"": 10000, ""assumed_crowd_concentration"": 1.0, ""simulated_prize_share"": 0.0009893188704434713, ""baseline_simulated_prize_share"": 0.0003160998011383758, ""paired_difference_standard_error"": 0.0001495889084180724}, {""assumed_opponents"": 100, ""assumed_crowd_concentration"": 2.5, ""simulated_prize_share"": 0.03076476201908125, ""baseline_simulated_prize_share"": 0.015192803099988753, ""paired_difference_standard_error"": 0.0009185920814603022}, {""assumed_opponents"": 1000, ""assumed_crowd_concentration"": 2.5, ""simulated_prize_share"": 0.008621587180167617, ""baseline_simulated_prize_share"": 0.0015052761725168548, ""paired_difference_standard_error"": 0.00044550694268982196}, {""assumed_opponents"": 10000, ""assumed_crowd_concentration"": 2.5, ""simulated_prize_share"": 0.002465819840467245, ""baseline_simulated_prize_share"": 9.763563777918169e-05, ""paired_difference_standard_error"": 0.00022560607369496077}, {""assumed_opponents"": 100, ""assumed_crowd_concentration"": 5.0, ""simulated_prize_share"": 0.04183363454139672, ""baseline_simulated_prize_share"": 0.009598824558847075, ""paired_difference_standard_error"": 0.001010880016193121}, {""assumed_opponents"": 1000, ""assumed_crowd_concentration"": 5.0, ""simulated_prize_share"": 0.014938342372026967, ""baseline_simulated_prize_share"": 0.0006887425160398204, ""paired_difference_standard_error"": 0.0005847541717733495}, {""assumed_opponents"": 10000, ""assumed_crowd_concentration"": 5.0, ""simulated_prize_share"": 0.005810223606510815, ""baseline_simulated_prize_share"": 2.6928767926632142e-05, ""paired_difference_standard_error"": 0.0003620693940928364}]","[{""match_id"": ""b3e8358e9373256976c5"", ""tip_home"": 1, ""tip_away"": 1}, {""match_id"": ""0303d9e15110be4d887b"", ""tip_home"": 1, ""tip_away"": 1}, {""match_id"": ""0fa453a3436b4e592961"", ""tip_home"": 1, ""tip_away"": 1}, {""match_id"": ""4d7e144efa3795749e01"", ""tip_home"": 1, ""tip_away"": 2}, {""match_id"": ""8e6576a59c5df245ab35"", ""tip_home"": 1, ""tip_away"": 1}, {""match_id"": ""973656e4a94ac92da697"", ""tip_home"": 0, ""tip_away"": 3}, {""match_id"": ""b7066a973018c0424e3a"", ""tip_home"": 2, ""tip_away"": 1}, {""match_id"": ""5acc58f7f4035b7897d2"", ""tip_home"": 1, ""tip_away"": 1}, {""match_id"": ""5ff0390550cb4d22a1e1"", ""tip_home"": 1, ""tip_away"": 1}]"
2019-10-22,8,11,8,-4.37586256601162,-7.16676574443587,"[{""assumed_opponents"": 100, ""assumed_crowd_concentration"": 1.0, ""simulated_prize_share"": 0.029451224512759295, ""baseline_simulated_prize_share"": 0.0238884191654192, ""paired_difference_standard_error"": 0.000969931611395896}, {""assumed_opponents"": 1000, ""assumed_crowd_concentration"": 1.0, ""simulated_prize_share"": 0.00665784825629309, ""baseline_simulated_prize_share"": 0.00257000107378059, ""paired_difference_standard_error"": 0.0004070313727851075}, {""assumed_opponents"": 10000, ""assumed_crowd_concentration"": 1.0, ""simulated_prize_share"": 0.001518632214498742, ""baseline_simulated_prize_share"": 0.00019395679648569121, ""paired_difference_standard_error"": 0.00017341795749409476}, {""assumed_opponents"": 100, ""assumed_crowd_concentration"": 2.5, ""simulated_prize_share"": 0.04040440554507459, ""baseline_simulated_prize_share"": 0.012784203593027739, ""paired_difference_standard_error"": 0.0010007870815462328}, {""assumed_opponents"": 1000, ""assumed_crowd_concentration"": 2.5, ""simulated_prize_share"": 0.011748910749348241, ""baseline_simulated_prize_share"": 0.0008480564000841362, ""paired_difference_standard_error"": 0.0005023211524659796}, {""assumed_opponents"": 10000, ""assumed_crowd_concentration"": 2.5, ""simulated_prize_share"": 0.0035761663219882646, ""baseline_simulated_prize_share"": 4.151657646882848e-05, ""paired_difference_standard_error"": 0.0002729533647260434}, {""assumed_opponents"": 100, ""assumed_crowd_concentration"": 5.0, ""simulated_prize_share"": 0.061873142089991666, ""baseline_simulated_prize_share"": 0.007205995029921006, ""paired_difference_standard_error"": 0.001196321959322769}, {""assumed_opponents"": 1000, ""assumed_crowd_concentration"": 5.0, ""simulated_prize_share"": 0.025284393616223533, ""baseline_simulated_prize_share"": 0.00030205231151197087, ""paired_difference_standard_error"": 0.0007502648277293461}, {""assumed_opponents"": 10000, ""assumed_crowd_concentration"": 5.0, ""simulated_prize_share"": 0.009958517703044269, ""baseline_simulated_prize_share"": 8.330994906588138e-06, ""paired_difference_standard_error"": 0.00047493820239720864}]","[{""match_id"": ""6624a39a52dafba6494f"", ""tip_home"": 1, ""tip_away"": 1}, {""match_id"": ""06e930cdbabd32b6f590"", ""tip_home"": 1, ""tip_away"": 1}, {""match_id"": ""070166f42f4d70c709de"", ""tip_home"": 1, ""tip_away"": 1}, {""match_id"": ""684aa44530793fb33053"", ""tip_home"": 1, ""tip_away"": 1}, {""match_id"": ""7791c88dc3e66b48d7c7"", ""tip_home"": 1, ""tip_away"": 1}, {""match_id"": ""8df4ad5368be37b51d28"", ""tip_home"": 1, ""tip_away"": 1}, {""match_id"": ""f9d67859a48af62643c9"", ""tip_home"": 2, ""tip_away"": 0}, {""match_id"": ""328048d7f98be81e6736"", ""tip_home"": 1, ""tip_away"": 1}, {""match_id"": ""5cafe7982f738c5ce7d7"", ""tip_home"": 1, ""tip_away"": 1}]"
2019-10-29,9,12,6,-4.621511462564576,-6.888430689739568,"[{""assumed_opponents"": 100, ""assumed_crowd_concentration"": 1.0, ""simulated_prize_share"": 0.022336576833569106, ""baseline_simulated_prize_share"": 0.023642596197191213, ""paired_difference_standard_error"": 0.0008807355517886936}, {""assumed_opponents"": 1000, ""assumed_crowd_concentration"": 1.0, ""simulated_prize_share"": 0.004744167326564446, ""baseline_simulated_prize_share"": 0.002266189020547934, ""paired_difference_standard_error"": 0.0003487722331192494}, {""assumed_opponents"": 10000, ""assumed_crowd_concentration"": 1.0, ""simulated_prize_share"": 0.0010561882233236254, ""baseline_simulated_prize_share"": 0.00023206584523832808, ""paired_difference_standard_error"": 0.0001575043790593115}, {""assumed_opponents"": 100, ""assumed_crowd_concentration"": 2.5, ""simulated_prize_share"": 0.03218261968785154, ""baseline_simulated_prize_share"": 0.012149335527065935, ""paired_difference_standard_error"": 0.0009069716148209879}, {""assumed_opponents"": 1000, ""assumed_crowd_concentration"": 2.5, ""simulated_prize_share"": 0.00992432055567746, ""baseline_simulated_prize_share"": 0.0007855960702957826, ""paired_difference_standard_error"": 0.0004649709935077499}, {""assumed_opponents"": 10000, ""assumed_crowd_concentration"": 2.5, ""simulated_prize_share"": 0.0029046683018003824, ""baseline_simulated_prize_share"": 8.445884424720328e-05, ""paired_difference_standard_error"": 0.00025008310261180985}, {""assumed_opponents"": 100, ""assumed_crowd_concentration"": 5.0, ""simulated_prize_share"": 0.04772396970554588, ""baseline_simulated_prize_share"": 0.007165411475942338, ""paired_difference_standard_error"": 0.0010618870054135612}, {""assumed_opponents"": 1000, ""assumed_crowd_concentration"": 5.0, ""simulated_prize_share"": 0.020074756922767202, ""baseline_simulated_prize_share"": 0.0003412987814124733, ""paired_difference_standard_error"": 0.0006828225434734401}, {""assumed_opponents"": 10000, ""assumed_crowd_concentration"": 5.0, ""simulated_prize_share"": 0.008677690365429078, ""baseline_simulated_prize_share"": 4.8546475366650285e-05, ""paired_difference_standard_error"": 0.00044559726847106666}]","[{""match_id"": ""3891635c737069d14f28"", ""tip_home"": 1, ""tip_away"": 1}, {""match_id"": ""0cf4ab980274c6094eb8"", ""tip_home"": 1, ""tip_away"": 1}, {""match_id"": ""55da36cab7be3aff6d29"", ""tip_home"": 1, ""tip_away"": 1}, {""match_id"": ""619367ff4d465b2e82b2"", ""tip_home"": 2, ""tip_away"": 0}, {""match_id"": ""986d7411cc3d147eded9"", ""tip_home"": 1, ""tip_away"": 2}, {""match_id"": ""fa3fb43f01486610c4ec"", ""tip_home"": 1, ""tip_away"": 1}, {""match_id"": ""fc0852d0564fdc1bedb1"", ""tip_home"": 1, ""tip_away"": 1}, {""match_id"": ""1dd5fe82f595909fd88b"", ""tip_home"": 1, ""tip_away"": 2}, {""match_id"": ""571b7d102f3540bd028b"", ""tip_home"": 1, ""tip_away"": 2}]"
2019-11-05,8,6,8,-4.742794598961598,-6.6638823735106,"[{""assumed_opponents"": 100, ""assumed_crowd_concentration"": 1.0, ""simulated_prize_share"": 0.023887473810278788, ""baseline_simulated_prize_share"": 0.02375872532340235, ""paired_difference_standard_error"": 0.0009014307404300006}, {""assumed_opponents"": 1000, ""assumed_crowd_concentration"": 1.0, ""simulated_prize_share"": 0.004638837886044915, ""baseline_simulated_prize_share"": 0.0027713499641363404, ""paired_difference_standard_error"": 0.00035864316753491}, {""assumed_opponents"": 10000, ""assumed_crowd_concentration"": 1.0, ""simulated_prize_share"": 0.0008147623344104797, ""baseline_simulated_prize_share"": 0.000423867658818811, ""paired_difference_standard_error"": 0.000147140230947456}, {""assumed_opponents"": 100, ""assumed_crowd_concentration"": 2.5, ""simulated_prize_share"": 0.03315234161656823, ""baseline_simulated_prize_share"": 0.014094865917641143, ""paired_difference_standard_error"": 0.0009265534359503238}, {""assumed_opponents"": 1000, ""assumed_crowd_concentration"": 2.5, ""simulated_prize_share"": 0.008730135629518144, ""baseline_simulated_prize_share"": 0.0012607783444510154, ""paired_difference_standard_error"": 0.0004411842896759985}, {""assumed_opponents"": 10000, ""assumed_crowd_concentration"": 2.5, ""simulated_prize_share"": 0.002197329677876364, ""baseline_simulated_prize_share"": 0.00014207926010582276, ""paired_difference_standard_error"": 0.00020884027909095292}, {""assumed_opponents"": 100, ""assumed_crowd_concentration"": 5.0, ""simulated_prize_share"": 0.04729469156219114, ""baseline_simulated_prize_share"": 0.008267305048991255, ""paired_difference_standard_error"": 0.0010541662719554146}, {""assumed_opponents"": 1000, ""assumed_crowd_concentration"": 5.0, ""simulated_prize_share"": 0.016991344707876985, ""baseline_simulated_prize_share"": 0.00053386452054437, ""paired_difference_standard_error"": 0.0006149391382923796}, {""assumed_opponents"": 10000, ""assumed_crowd_concentration"": 5.0, ""simulated_prize_share"": 0.0062804875531733625, ""baseline_simulated_prize_share"": 2.8869796748849077e-05, ""paired_difference_standard_error"": 0.00037341956425216626}]","[{""match_id"": ""54f1c49a9545029b02ea"", ""tip_home"": 1, ""tip_away"": 1}, {""match_id"": ""0535d602d5bac2b4b6e6"", ""tip_home"": 1, ""tip_away"": 2}, {""match_id"": ""67c291b5db3e3c97bf1e"", ""tip_home"": 1, ""tip_away"": 1}, {""match_id"": ""8548d73d534ee17fecf7"", ""tip_home"": 1, ""tip_away"": 1}, {""match_id"": ""9b87597ea3481097f71b"", ""tip_home"": 1, ""tip_away"": 1}, {""match_id"": ""b2736080ee97b136c61e"", ""tip_home"": 1, ""tip_away"": 1}, {""match_id"": ""1b09dcbf86b2f351894b"", ""tip_home"": 1, ""tip_away"": 1}, {""match_id"": ""3261a259c9821f92ba57"", ""tip_home"": 1, ""tip_away"": 2}, {""match_id"": ""b8864c79172877db76b3"", ""tip_home"": 1, ""tip_away"": 1}]"
2019-11-19,4,10,5,-4.7253098440107575,-7.1789726145720385,"[{""assumed_opponents"": 100, ""assumed_crowd_concentration"": 1.0, ""simulated_prize_share"": 0.026938991277833647, ""baseline_simulated_prize_share"": 0.021695753500653343, ""paired_difference_standard_error"": 0.0009035042464422791}, {""assumed_opponents"": 1000, ""assumed_crowd_concentration"": 1.0, ""simulated_prize_share"": 0.005156888560880805, ""baseline_simulated_prize_share"": 0.0021189629246735255, ""paired_difference_standard_error"": 0.0003489346398531869}, {""assumed_opponents"": 10000, ""assumed_crowd_concentration"": 1.0, ""simulated_prize_share"": 0.0008848152730235656, ""baseline_simulated_prize_share"": 0.0001533469089236282, ""paired_difference_standard_error"": 0.0001316436286199869}, {""assumed_opponents"": 100, ""assumed_crowd_concentration"": 2.5, ""simulated_prize_share"": 0.03402333672227418, ""baseline_simulated_prize_share"": 0.012611077219024033, ""paired_difference_standard_error"": 0.0009140380708315545}, {""assumed_opponents"": 1000, ""assumed_crowd_concentration"": 2.5, ""simulated_prize_share"": 0.008561396099323836, ""baseline_simulated_prize_share"": 0.0008963226720364318, ""paired_difference_standard_error"": 0.0004247251139396278}, {""assumed_opponents"": 10000, ""assumed_crowd_concentration"": 2.5, ""simulated_prize_share"": 0.0020400881672056983, ""baseline_simulated_prize_share"": 3.612024719399897e-05, ""paired_difference_standard_error"": 0.00019448427868907218}, {""assumed_opponents"": 100, ""assumed_crowd_concentration"": 5.0, ""simulated_prize_share"": 0.04855039447590451, ""baseline_simulated_prize_share"": 0.008650517233516682, ""paired_difference_standard_error"": 0.0010579846594699007}, {""assumed_opponents"": 1000, ""assumed_crowd_concentration"": 5.0, ""simulated_prize_share"": 0.016439968526063324, ""baseline_simulated_prize_share"": 0.00043581658509608595, ""paired_difference_standard_error"": 0.000595449882598975}, {""assumed_opponents"": 10000, ""assumed_crowd_concentration"": 5.0, ""simulated_prize_share"": 0.005817417367362315, ""baseline_simulated_prize_share"": 8.024538003093381e-06, ""paired_difference_standard_error"": 0.00035379044942466793}]","[{""match_id"": ""dba97fede5dd604ea2f3"", ""tip_home"": 3, ""tip_away"": 0}, {""match_id"": ""16829ca2b4d7da9917bc"", ""tip_home"": 1, ""tip_away"": 1}, {""match_id"": ""1fe3b876bb081cb27d71"", ""tip_home"": 2, ""tip_away"": 0}, {""match_id"": ""3f179c308f5b62688dfc"", ""tip_home"": 1, ""tip_away"": 1}, {""match_id"": ""5c6eec6095594172c93e"", ""tip_home"": 1, ""tip_away"": 1}, {""match_id"": ""928fc0595276c30edae6"", ""tip_home"": 2, ""tip_away"": 1}, {""match_id"": ""cf98d0383bcb7f25a01f"", ""tip_home"": 1, ""tip_away"": 2}, {""match_id"": ""a172b47bdad2aa4ebfbf"", ""tip_home"": 2, ""tip_away"": 1}, {""match_id"": ""f1886156b9a8db7a5ea9"", ""tip_home"": 1, ""tip_away"": 1}]"
2019-11-26,11,13,6,-4.445909005692363,-7.123266118611633,"[{""assumed_opponents"": 100, ""assumed_crowd_concentration"": 1.0, ""simulated_prize_share"": 0.02945935721526201, ""baseline_simulated_prize_share"": 0.02264623031514234, ""paired_difference_standard_error"": 0.0009396416814122389}, {""assumed_opponents"": 1000, ""assumed_crowd_concentration"": 1.0, ""simulated_prize_share"": 0.005679869686601519, ""baseline_simulated_prize_share"": 0.0021575640827214073, ""paired_difference_standard_error"": 0.00036011323692222144}, {""assumed_opponents"": 10000, ""assumed_crowd_concentration"": 1.0, ""simulated_prize_share"": 0.0009245837290144119, ""baseline_simulated_prize_share"": 0.00021312607649596777, ""paired_difference_standard_error"": 0.000138835528459204}, {""assumed_opponents"": 100, ""assumed_crowd_concentration"": 2.5, ""simulated_prize_share"": 0.04106848535593195, ""baseline_simulated_prize_share"": 0.01042345030462332, ""paired_difference_standard_error"": 0.0009773854307215824}, {""assumed_opponents"": 1000, ""assumed_crowd_concentration"": 2.5, ""simulated_prize_share"": 0.01122803890771329, ""baseline_simulated_prize_share"": 0.000606235649245041, ""paired_difference_standard_error"": 0.000476673817192493}, {""assumed_opponents"": 10000, ""assumed_crowd_concentration"": 2.5, ""simulated_prize_share"": 0.0027263033976147786, ""baseline_simulated_prize_share"": 5.9745882207637283e-05, ""paired_difference_standard_error"": 0.00023042804101169453}, {""assumed_opponents"": 100, ""assumed_crowd_concentration"": 5.0, ""simulated_prize_share"": 0.06881237163248544, ""baseline_simulated_prize_share"": 0.006424905145205415, ""paired_difference_standard_error"": 0.0012453670710791298}, {""assumed_opponents"": 1000, ""assumed_crowd_concentration"": 5.0, ""simulated_prize_share"": 0.028326564276660735, ""baseline_simulated_prize_share"": 0.00029588891673025563, ""paired_difference_standard_error"": 0.0007939585049395472}, {""assumed_opponents"": 10000, ""assumed_crowd_concentration"": 5.0, ""simulated_prize_share"": 0.011059644652574963, ""baseline_simulated_prize_share"": 1.9234942956954476e-05, ""paired_difference_standard_error"": 0.000493232365295159}]","[{""match_id"": ""bdbfc07cec9235c29751"", ""tip_home"": 1, ""tip_away"": 0}, {""match_id"": ""827976da85fcc96bb85c"", ""tip_home"": 0, ""tip_away"": 3}, {""match_id"": ""975d5ace11a80b070e4a"", ""tip_home"": 2, ""tip_away"": 0}, {""match_id"": ""b90e105d149f56e487c0"", ""tip_home"": 1, ""tip_away"": 1}, {""match_id"": ""cc635fc4dba6f798943f"", ""tip_home"": 1, ""tip_away"": 1}, {""match_id"": ""e668d22c0f8594daa9d6"", ""tip_home"": 1, ""tip_away"": 1}, {""match_id"": ""c629d8b66a9b76bbf53a"", ""tip_home"": 1, ""tip_away"": 1}, {""match_id"": ""f022d999e00ee197bb76"", ""tip_home"": 1, ""tip_away"": 1}, {""match_id"": ""d7a8c074f705cdc012d6"", ""tip_home"": 1, ""tip_away"": 1}]"
2019-12-03,14,7,6,-4.521374202278408,-7.066158295464721,"[{""assumed_opponents"": 100, ""assumed_crowd_concentration"": 1.0, ""simulated_prize_share"": 0.032021063430569735, ""baseline_simulated_prize_share"": 0.021549963484652754, ""paired_difference_standard_error"": 0.0009576862129561158}, {""assumed_opponents"": 1000, ""assumed_crowd_concentration"": 1.0, ""simulated_prize_share"": 0.006224002486945925, ""baseline_simulated_prize_share"": 0.002059802647917523, ""paired_difference_standard_error"": 0.0003762035571544536}, {""assumed_opponents"": 10000, ""assumed_crowd_concentration"": 1.0, ""simulated_prize_share"": 0.0012224029673770917, ""baseline_simulated_prize_share"": 0.00020150334589877006, ""paired_difference_standard_error"": 0.0001633139240733903}, {""assumed_opponents"": 100, ""assumed_crowd_concentration"": 2.5, ""simulated_prize_share"": 0.039817010205684726, ""baseline_simulated_prize_share"": 0.01084102415121454, ""paired_difference_standard_error"": 0.0009621927959298237}, {""assumed_opponents"": 1000, ""assumed_crowd_concentration"": 2.5, ""simulated_prize_share"": 0.010044786409052577, ""baseline_simulated_prize_share"": 0.0006984354446889374, ""paired_difference_standard_error"": 0.00044987859878627454}, {""assumed_opponents"": 10000, ""assumed_crowd_concentration"": 2.5, ""simulated_prize_share"": 0.0024385339446822973, ""baseline_simulated_prize_share"": 6.892650148853909e-05, ""paired_difference_standard_error"": 0.00022095463809164412}, {""assumed_opponents"": 100, ""assumed_crowd_concentration"": 5.0, ""simulated_prize_share"": 0.059386380644893974, ""baseline_simulated_prize_share"": 0.0060847346221929235, ""paired_difference_standard_error"": 0.0011454750104279501}, {""assumed_opponents"": 1000, ""assumed_crowd_concentration"": 5.0, ""simulated_prize_share"": 0.021225388474538667, ""baseline_simulated_prize_share"": 0.00033045252991241317, ""paired_difference_standard_error"": 0.0006736879064294117}, {""assumed_opponents"": 10000, ""assumed_crowd_concentration"": 5.0, ""simulated_prize_share"": 0.007097879671749399, ""baseline_simulated_prize_share"": 2.560766868120231e-05, ""paired_difference_standard_error"": 0.00038958596530165536}]","[{""match_id"": ""1d6feff3b5cad51ae2c8"", ""tip_home"": 1, ""tip_away"": 1}, {""match_id"": ""018a847e1af4f9b18eab"", ""tip_home"": 1, ""tip_away"": 1}, {""match_id"": ""20c116133fcf9ddbf5f3"", ""tip_home"": 1, ""tip_away"": 1}, {""match_id"": ""3d281d54fdee7fd3fef6"", ""tip_home"": 1, ""tip_away"": 1}, {""match_id"": ""5fb6369173221b90d5df"", ""tip_home"": 2, ""tip_away"": 1}, {""match_id"": ""6812a3d9ab158da1ed75"", ""tip_home"": 1, ""tip_away"": 2}, {""match_id"": ""b7bc4bb1cfca216e5dd9"", ""tip_home"": 2, ""tip_away"": 0}, {""match_id"": ""638f5512b586ba182810"", ""tip_home"": 1, ""tip_away"": 1}, {""match_id"": ""8acacc794c095aceb026"", ""tip_home"": 1, ""tip_away"": 1}]"
2019-12-10,16,8,7,-4.437250167838018,-7.132596143107651,"[{""assumed_opponents"": 100, ""assumed_crowd_concentration"": 1.0, ""simulated_prize_share"": 0.030597443448137123, ""baseline_simulated_prize_share"": 0.020250736491899218, ""paired_difference_standard_error"": 0.0009384005071807773}, {""assumed_opponents"": 1000, ""assumed_crowd_concentration"": 1.0, ""simulated_prize_share"": 0.006404341219438489, ""baseline_simulated_prize_share"": 0.0018043304977202745, ""paired_difference_standard_error"": 0.00037327912824927986}, {""assumed_opponents"": 10000, ""assumed_crowd_concentration"": 1.0, ""simulated_prize_share"": 0.0011459455778883593, ""baseline_simulated_prize_share"": 0.0001513067090864193, ""paired_difference_standard_error"": 0.0001493931870072992}, {""assumed_opponents"": 100, ""assumed_crowd_concentration"": 2.5, ""simulated_prize_share"": 0.040785702223275024, ""baseline_simulated_prize_share"": 0.010424828859023483, ""paired_difference_standard_error"": 0.000976571931221764}, {""assumed_opponents"": 1000, ""assumed_crowd_concentration"": 2.5, ""simulated_prize_share"": 0.011271936304647902, ""baseline_simulated_prize_share"": 0.0006252427277188891, ""paired_difference_standard_error"": 0.000478730587495085}, {""assumed_opponents"": 10000, ""assumed_crowd_concentration"": 2.5, ""simulated_prize_share"": 0.002722804642174152, ""baseline_simulated_prize_share"": 5.552662863106813e-05, ""paired_difference_standard_error"": 0.00023047494557012143}, {""assumed_opponents"": 100, ""assumed_crowd_concentration"": 5.0, ""simulated_prize_share"": 0.06506686150764524, ""baseline_simulated_prize_share"": 0.007125799560914279, ""paired_difference_standard_error"": 0.0012173749229409652}, {""assumed_opponents"": 1000, ""assumed_crowd_concentration"": 5.0, ""simulated_prize_share"": 0.025880679224127595, ""baseline_simulated_prize_share"": 0.00031670099445500223, ""paired_difference_standard_error"": 0.0007537942000894843}, {""assumed_opponents"": 10000, ""assumed_crowd_concentration"": 5.0, ""simulated_prize_share"": 0.009575435988455807, ""baseline_simulated_prize_share"": 2.927242250497284e-05, ""paired_difference_standard_error"": 0.00045818417160416804}]","[{""match_id"": ""5309b4e2253bbe72bf32"", ""tip_home"": 1, ""tip_away"": 1}, {""match_id"": ""146b7e561522291183a4"", ""tip_home"": 1, ""tip_away"": 1}, {""match_id"": ""554418820f6fa8292532"", ""tip_home"": 1, ""tip_away"": 1}, {""match_id"": ""6146bbf2937367a678da"", ""tip_home"": 2, ""tip_away"": 0}, {""match_id"": ""7c4abbc004a6654da4ee"", ""tip_home"": 1, ""tip_away"": 1}, {""match_id"": ""acb0f47a540f1799fdf0"", ""tip_home"": 1, ""tip_away"": 1}, {""match_id"": ""cdcaf603e202b0fae49b"", ""tip_home"": 0, ""tip_away"": 2}, {""match_id"": ""4cca95df039d39a0994f"", ""tip_home"": 1, ""tip_away"": 1}, {""match_id"": ""88f9ecae144a8b1f1836"", ""tip_home"": 1, ""tip_away"": 1}]"
2020-01-14,12,3,7,-4.761690545782242,-6.612133835913504,"[{""assumed_opponents"": 100, ""assumed_crowd_concentration"": 1.0, ""simulated_prize_share"": 0.024191729384052202, ""baseline_simulated_prize_share"": 0.02274046101080572, ""paired_difference_standard_error"": 0.0009056052702261421}, {""assumed_opponents"": 1000, ""assumed_crowd_concentration"": 1.0, ""simulated_prize_share"": 0.005248226085376682, ""baseline_simulated_prize_share"": 0.0026694154608749967, ""paired_difference_standard_error"": 0.0003727382826262278}, {""assumed_opponents"": 10000, ""assumed_crowd_concentration"": 1.0, ""simulated_prize_share"": 0.001024567323455541, ""baseline_simulated_prize_share"": 0.0002759340991261668, ""paired_difference_standard_error"": 0.00015089719850822965}, {""assumed_opponents"": 100, ""assumed_crowd_concentration"": 2.5, ""simulated_prize_share"": 0.03128693033728486, ""baseline_simulated_prize_share"": 0.01518110593453547, ""paired_difference_standard_error"": 0.0009285734748838278}, {""assumed_opponents"": 1000, ""assumed_crowd_concentration"": 2.5, ""simulated_prize_share"": 0.008844850494173183, ""baseline_simulated_prize_share"": 0.0014711972821118925, ""paired_difference_standard_error"": 0.0004482764535553089}, {""assumed_opponents"": 10000, ""assumed_crowd_concentration"": 2.5, ""simulated_prize_share"": 0.0024147005700799347, ""baseline_simulated_prize_share"": 9.909153642099426e-05, ""paired_difference_standard_error"": 0.0002212041500970822}, {""assumed_opponents"": 100, ""assumed_crowd_concentration"": 5.0, ""simulated_prize_share"": 0.039214461692691924, ""baseline_simulated_prize_share"": 0.010138787199656114, ""paired_difference_standard_error"": 0.0009873080753126577}, {""assumed_opponents"": 1000, ""assumed_crowd_concentration"": 5.0, ""simulated_prize_share"": 0.01390154928696367, ""baseline_simulated_prize_share"": 0.0007277168470241368, ""paired_difference_standard_error"": 0.0005609566259874902}, {""assumed_opponents"": 10000, ""assumed_crowd_concentration"": 5.0, ""simulated_prize_share"": 0.005159058983863292, ""baseline_simulated_prize_share"": 5.2299883349563766e-05, ""paired_difference_standard_error"": 0.00033885375811888285}]","[{""match_id"": ""889c90e14c971bd95883"", ""tip_home"": 1, ""tip_away"": 1}, {""match_id"": ""27f8fcf15700b08f2fc4"", ""tip_home"": 1, ""tip_away"": 1}, {""match_id"": ""332753b6b833999d1e64"", ""tip_home"": 1, ""tip_away"": 1}, {""match_id"": ""384ca22bf960ebe47ebf"", ""tip_home"": 2, ""tip_away"": 0}, {""match_id"": ""6007efd3dfffc9b6342d"", ""tip_home"": 1, ""tip_away"": 1}, {""match_id"": ""ae735a917c1da6ea50a0"", ""tip_home"": 1, ""tip_away"": 1}, {""match_id"": ""bc7859be1e6450778ec1"", ""tip_home"": 0, ""tip_away"": 1}, {""match_id"": ""b645b3b84fd086522f6b"", ""tip_home"": 1, ""tip_away"": 1}, {""match_id"": ""e2ddd7cf96315c349b78"", ""tip_home"": 1, ""tip_away"": 1}]"
2020-01-21,10,6,5,-4.38283220193841,-6.956460243493998,"[{""assumed_opponents"": 100, ""assumed_crowd_concentration"": 1.0, ""simulated_prize_share"": 0.028183846376494924, ""baseline_simulated_prize_share"": 0.02269311702498883, ""paired_difference_standard_error"": 0.0009255608072697053}, {""assumed_opponents"": 1000, ""assumed_crowd_concentration"": 1.0, ""simulated_prize_share"": 0.005858013926252514, ""baseline_simulated_prize_share"": 0.002163970507399712, ""paired_difference_standard_error"": 0.0003743409636271019}, {""assumed_opponents"": 10000, ""assumed_crowd_concentration"": 1.0, ""simulated_prize_share"": 0.001056332130210472, ""baseline_simulated_prize_share"": 0.0002783306646835811, ""paired_difference_standard_error"": 0.0001544195550959327}, {""assumed_opponents"": 100, ""assumed_crowd_concentration"": 2.5, ""simulated_prize_share"": 0.04131796922996808, ""baseline_simulated_prize_share"": 0.011189016187979541, ""paired_difference_standard_error"": 0.0009888220988084411}, {""assumed_opponents"": 1000, ""assumed_crowd_concentration"": 2.5, ""simulated_prize_share"": 0.012045540802273973, ""baseline_simulated_prize_share"": 0.0007219569918222368, ""paired_difference_standard_error"": 0.00050477204501035}, {""assumed_opponents"": 10000, ""assumed_crowd_concentration"": 2.5, ""simulated_prize_share"": 0.0034007549368671344, ""baseline_simulated_prize_share"": 8.484864580363125e-05, ""paired_difference_standard_error"": 0.0002593627464483809}, {""assumed_opponents"": 100, ""assumed_crowd_concentration"": 5.0, ""simulated_prize_share"": 0.06854113405335842, ""baseline_simulated_prize_share"": 0.007599418827216423, ""paired_difference_standard_error"": 0.0012548038605666586}, {""assumed_opponents"": 1000, ""assumed_crowd_concentration"": 5.0, ""simulated_prize_share"": 0.0296648540564668, ""baseline_simulated_prize_share"": 0.0003575105798047447, ""paired_difference_standard_error"": 0.0008195054767443974}, {""assumed_opponents"": 10000, ""assumed_crowd_concentration"": 5.0, ""simulated_prize_share"": 0.012324127245989766, ""baseline_simulated_prize_share"": 2.5345762090349545e-05, ""paired_difference_standard_error"": 0.0005267423306390282}]","[{""match_id"": ""8e3160cd63b7e607919f"", ""tip_home"": 2, ""tip_away"": 1}, {""match_id"": ""0d5c79aaa29753e9094c"", ""tip_home"": 2, ""tip_away"": 0}, {""match_id"": ""255d0c065898bc8b2043"", ""tip_home"": 1, ""tip_away"": 1}, {""match_id"": ""33b297077be38a298e69"", ""tip_home"": 1, ""tip_away"": 1}, {""match_id"": ""bcebd445d48825c2a811"", ""tip_home"": 1, ""tip_away"": 1}, {""match_id"": ""c3cf5f6539a38cfc6457"", ""tip_home"": 1, ""tip_away"": 1}, {""match_id"": ""d25509a050afa332ff1a"", ""tip_home"": 1, ""tip_away"": 1}, {""match_id"": ""023892b3f44edd53f59f"", ""tip_home"": 2, ""tip_away"": 1}, {""match_id"": ""647a938f1892e5e25600"", ""tip_home"": 2, ""tip_away"": 0}]"
2020-01-28,13,15,6,-4.542749332026987,-7.084645450432709,"[{""assumed_opponents"": 100, ""assumed_crowd_concentration"": 1.0, ""simulated_prize_share"": 0.03097899649889398, ""baseline_simulated_prize_share"": 0.024232638197249363, ""paired_difference_standard_error"": 0.0009782925630132371}, {""assumed_opponents"": 1000, ""assumed_crowd_concentration"": 1.0, ""simulated_prize_share"": 0.006368835217049104, ""baseline_simulated_prize_share"": 0.002577497386313552, ""paired_difference_standard_error"": 0.0003919726111916048}, {""assumed_opponents"": 10000, ""assumed_crowd_concentration"": 1.0, ""simulated_prize_share"": 0.0010936785440304512, ""baseline_simulated_prize_share"": 0.0003127307160773063, ""paired_difference_standard_error"": 0.00015354883536427945}, {""assumed_opponents"": 100, ""assumed_crowd_concentration"": 2.5, ""simulated_prize_share"": 0.03847774565155655, ""baseline_simulated_prize_share"": 0.011938961805491033, ""paired_difference_standard_error"": 0.0009623984624599203}, {""assumed_opponents"": 1000, ""assumed_crowd_concentration"": 2.5, ""simulated_prize_share"": 0.01011442648828165, ""baseline_simulated_prize_share"": 0.0009263984215290908, ""paired_difference_standard_error"": 0.0004572942346868456}, {""assumed_opponents"": 10000, ""assumed_crowd_concentration"": 2.5, ""simulated_prize_share"": 0.0022715074659120853, ""baseline_simulated_prize_share"": 7.000616518689653e-05, ""paired_difference_standard_error"": 0.00020687660667036525}, {""assumed_opponents"": 100, ""assumed_crowd_concentration"": 5.0, ""simulated_prize_share"": 0.058662261656402606, ""baseline_simulated_prize_share"": 0.006495423936409596, ""paired_difference_standard_error"": 0.0011424457916707315}, {""assumed_opponents"": 1000, ""assumed_crowd_concentration"": 5.0, ""simulated_prize_share"": 0.02146469685010009, ""baseline_simulated_prize_share"": 0.00030307346585499743, ""paired_difference_standard_error"": 0.0006816356831377317}, {""assumed_opponents"": 10000, ""assumed_crowd_concentration"": 5.0, ""simulated_prize_share"": 0.007301559514796582, ""baseline_simulated_prize_share"": 6.835536807423135e-06, ""paired_difference_standard_error"": 0.00039066299237316336}]","[{""match_id"": ""b9750fcfeab758ad8c2a"", ""tip_home"": 1, ""tip_away"": 1}, {""match_id"": ""2a2ab4dfafb0e94d732b"", ""tip_home"": 2, ""tip_away"": 1}, {""match_id"": ""56b5b42d62971cee8a1d"", ""tip_home"": 1, ""tip_away"": 1}, {""match_id"": ""8dee37f09d7243dc53c6"", ""tip_home"": 1, ""tip_away"": 1}, {""match_id"": ""c8f03921d73482b3112e"", ""tip_home"": 1, ""tip_away"": 2}, {""match_id"": ""d092b8c85891beb9c0ed"", ""tip_home"": 1, ""tip_away"": 1}, {""match_id"": ""f511e726c4ba34b19323"", ""tip_home"": 0, ""tip_away"": 2}, {""match_id"": ""52fd61a814385c905809"", ""tip_home"": 1, ""tip_away"": 1}, {""match_id"": ""e2f0c6017f1ebadeb644"", ""tip_home"": 1, ""tip_away"": 1}]"
2020-02-11,15,9,8,-4.763870055346361,-6.847310340666378,"[{""assumed_opponents"": 100, ""assumed_crowd_concentration"": 1.0, ""simulated_prize_share"": 0.02200170726667869, ""baseline_simulated_prize_share"": 0.02158916634986511, ""paired_difference_standard_error"": 0.0008716752620812935}, {""assumed_opponents"": 1000, ""assumed_crowd_concentration"": 1.0, ""simulated_prize_share"": 0.005038499558397472, ""baseline_simulated_prize_share"": 0.002251544262667666, ""paired_difference_standard_error"": 0.00035583200120894174}, {""assumed_opponents"": 10000, ""assumed_crowd_concentration"": 1.0, ""simulated_prize_share"": 0.0009301661308803002, ""baseline_simulated_prize_share"": 0.00025104161773430937, ""paired_difference_standard_error"": 0.00014392893303159337}, {""assumed_opponents"": 100, ""assumed_crowd_concentration"": 2.5, ""simulated_prize_share"": 0.028897297973480826, ""baseline_simulated_prize_share"": 0.012395424771878306, ""paired_difference_standard_error"": 0.0008784212604342122}, {""assumed_opponents"": 1000, ""assumed_crowd_concentration"": 2.5, ""simulated_prize_share"": 0.008779008699530069, ""baseline_simulated_prize_share"": 0.0009948386083045969, ""paired_difference_standard_error"": 0.0004431706556553489}, {""assumed_opponents"": 10000, ""assumed_crowd_concentration"": 2.5, ""simulated_prize_share"": 0.0024991385447256068, ""baseline_simulated_prize_share"": 0.00010390092545097064, ""paired_difference_standard_error"": 0.00022422784342212765}, {""assumed_opponents"": 100, ""assumed_crowd_concentration"": 5.0, ""simulated_prize_share"": 0.040298844223885605, ""baseline_simulated_prize_share"": 0.00783833343609562, ""paired_difference_standard_error"": 0.0009857053430746283}, {""assumed_opponents"": 1000, ""assumed_crowd_concentration"": 5.0, ""simulated_prize_share"": 0.01526311941996366, ""baseline_simulated_prize_share"": 0.0004466491429941671, ""paired_difference_standard_error"": 0.0005888011557028649}, {""assumed_opponents"": 10000, ""assumed_crowd_concentration"": 5.0, ""simulated_prize_share"": 0.0059614325152670955, ""baseline_simulated_prize_share"": 3.1475478541076786e-05, ""paired_difference_standard_error"": 0.00036628514022332497}]","[{""match_id"": ""b091e1f96d8942c95057"", ""tip_home"": 2, ""tip_away"": 2}, {""match_id"": ""392fee388ff2e73325d2"", ""tip_home"": 1, ""tip_away"": 1}, {""match_id"": ""60e6aa82b0787cce15c7"", ""tip_home"": 1, ""tip_away"": 1}, {""match_id"": ""69c9c0b2e337e067e793"", ""tip_home"": 1, ""tip_away"": 1}, {""match_id"": ""77288c8d54ac071ffa8e"", ""tip_home"": 1, ""tip_away"": 1}, {""match_id"": ""979e9219b2638c58e7ee"", ""tip_home"": 1, ""tip_away"": 1}, {""match_id"": ""d2a3e07c077951abd0ea"", ""tip_home"": 1, ""tip_away"": 1}, {""match_id"": ""24a501c5d5f9f9647252"", ""tip_home"": 1, ""tip_away"": 2}, {""match_id"": ""f9f182eef0483528d56f"", ""tip_home"": 1, ""tip_away"": 1}]"
2020-02-18,10,10,7,-4.238777462074012,-7.4209932520164035,"[{""assumed_opponents"": 100, ""assumed_crowd_concentration"": 1.0, ""simulated_prize_share"": 0.02843981571514923, ""baseline_simulated_prize_share"": 0.02120534666463812, ""paired_difference_standard_error"": 0.0009278991103269151}, {""assumed_opponents"": 1000, ""assumed_crowd_concentration"": 1.0, ""simulated_prize_share"": 0.006667435886372497, ""baseline_simulated_prize_share"": 0.0018724336504107766, ""paired_difference_standard_error"": 0.0003894815816487485}, {""assumed_opponents"": 10000, ""assumed_crowd_concentration"": 1.0, ""simulated_prize_share"": 0.001320133192668067, ""baseline_simulated_prize_share"": 0.00017895589505608557, ""paired_difference_standard_error"": 0.00016482562590302514}, {""assumed_opponents"": 100, ""assumed_crowd_concentration"": 2.5, ""simulated_prize_share"": 0.04321321766623912, ""baseline_simulated_prize_share"": 0.009752753911899455, ""paired_difference_standard_error"": 0.001013017927960672}, {""assumed_opponents"": 1000, ""assumed_crowd_concentration"": 2.5, ""simulated_prize_share"": 0.014256291834282148, ""baseline_simulated_prize_share"": 0.0005390915355727428, ""paired_difference_standard_error"": 0.0005535351953786694}, {""assumed_opponents"": 10000, ""assumed_crowd_concentration"": 2.5, ""simulated_prize_share"": 0.004337003251421648, ""baseline_simulated_prize_share"": 2.8351542991313293e-05, ""paired_difference_standard_error"": 0.00029633615979261546}, {""assumed_opponents"": 100, ""assumed_crowd_concentration"": 5.0, ""simulated_prize_share"": 0.07338278820354897, ""baseline_simulated_prize_share"": 0.007141399161934627, ""paired_difference_standard_error"": 0.0013099829906995104}, {""assumed_opponents"": 1000, ""assumed_crowd_concentration"": 5.0, ""simulated_prize_share"": 0.034428670349530836, ""baseline_simulated_prize_share"": 0.0002628669810538032, ""paired_difference_standard_error"": 0.0008928723897216167}, {""assumed_opponents"": 10000, ""assumed_crowd_concentration"": 5.0, ""simulated_prize_share"": 0.016005538029173982, ""baseline_simulated_prize_share"": 4.95962198049257e-06, ""paired_difference_standard_error"": 0.0006115705782585291}]","[{""match_id"": ""6f07016297de34a2ecff"", ""tip_home"": 4, ""tip_away"": 1}, {""match_id"": ""287de75da00f21d6965f"", ""tip_home"": 1, ""tip_away"": 1}, {""match_id"": ""2de441fbf9bab71476b2"", ""tip_home"": 1, ""tip_away"": 1}, {""match_id"": ""b3fc9513f6cda086aaa5"", ""tip_home"": 0, ""tip_away"": 2}, {""match_id"": ""e5a9a5cac37d05d8e6ba"", ""tip_home"": 1, ""tip_away"": 1}, {""match_id"": ""fcd9e9dae526c927529c"", ""tip_home"": 1, ""tip_away"": 1}, {""match_id"": ""978b60d5774871521015"", ""tip_home"": 1, ""tip_away"": 1}, {""match_id"": ""ef2fd725524a76b97749"", ""tip_home"": 1, ""tip_away"": 1}, {""match_id"": ""f572188a78185d100028"", ""tip_home"": 1, ""tip_away"": 1}]"
2020-03-03,14,16,8,-4.540181486516122,-7.089441332207708,"[{""assumed_opponents"": 100, ""assumed_crowd_concentration"": 1.0, ""simulated_prize_share"": 0.027561014835108005, ""baseline_simulated_prize_share"": 0.023091587061974457, ""paired_difference_standard_error"": 0.0009381288271495978}, {""assumed_opponents"": 1000, ""assumed_crowd_concentration"": 1.0, ""simulated_prize_share"": 0.005690915345769376, ""baseline_simulated_prize_share"": 0.0025631459511153425, ""paired_difference_standard_error"": 0.00038404818122399946}, {""assumed_opponents"": 10000, ""assumed_crowd_concentration"": 1.0, ""simulated_prize_share"": 0.001328960855709529, ""baseline_simulated_prize_share"": 0.0002727424637761992, ""paired_difference_standard_error"": 0.00017325076853096127}, {""assumed_opponents"": 100, ""assumed_crowd_concentration"": 2.5, ""simulated_prize_share"": 0.036563866531838296, ""baseline_simulated_prize_share"": 0.010706539958755375, ""paired_difference_standard_error"": 0.0009300514071534762}, {""assumed_opponents"": 1000, ""assumed_crowd_concentration"": 2.5, ""simulated_prize_share"": 0.00947270853514, ""baseline_simulated_prize_share"": 0.0007017739036721324, ""paired_difference_standard_error"": 0.0004412295717319535}, {""assumed_opponents"": 10000, ""assumed_crowd_concentration"": 2.5, ""simulated_prize_share"": 0.0025123236757889226, ""baseline_simulated_prize_share"": 7.364728252644189e-05, ""paired_difference_standard_error"": 0.0002309628578236494}, {""assumed_opponents"": 100, ""assumed_crowd_concentration"": 5.0, ""simulated_prize_share"": 0.0596005733768835, ""baseline_simulated_prize_share"": 0.004037052194200517, ""paired_difference_standard_error"": 0.0011351669846302321}, {""assumed_opponents"": 1000, ""assumed_crowd_concentration"": 5.0, ""simulated_prize_share"": 0.022007935092517382, ""baseline_simulated_prize_share"": 0.0001424587502904329, ""paired_difference_standard_error"": 0.0006878997192269892}, {""assumed_opponents"": 10000, ""assumed_crowd_concentration"": 5.0, ""simulated_prize_share"": 0.007543918147833813, ""baseline_simulated_prize_share"": 3.794165673088326e-05, ""paired_difference_standard_error"": 0.00040585693627154853}]","[{""match_id"": ""db6b0e748543e0292adb"", ""tip_home"": 2, ""tip_away"": 1}, {""match_id"": ""084e9bd3081627c37d8e"", ""tip_home"": 1, ""tip_away"": 1}, {""match_id"": ""2f27b1530e8a26480b61"", ""tip_home"": 1, ""tip_away"": 1}, {""match_id"": ""480df6f6424dca803dd8"", ""tip_home"": 1, ""tip_away"": 1}, {""match_id"": ""59bce5eb272df6d4385a"", ""tip_home"": 1, ""tip_away"": 1}, {""match_id"": ""615de098a7737384c792"", ""tip_home"": 1, ""tip_away"": 1}, {""match_id"": ""e57487b299999ec56b89"", ""tip_home"": 1, ""tip_away"": 1}, {""match_id"": ""1c179e07015b9d8967bc"", ""tip_home"": 3, ""tip_away"": 0}, {""match_id"": ""9059c2cf9cdc0af97c0e"", ""tip_home"": 1, ""tip_away"": 1}]"
2020-05-12,14,9,7,-4.5667165153711755,-7.232157388871091,"[{""assumed_opponents"": 100, ""assumed_crowd_concentration"": 1.0, ""simulated_prize_share"": 0.026987772648412706, ""baseline_simulated_prize_share"": 0.022121819032080194, ""paired_difference_standard_error"": 0.0009196544198762351}, {""assumed_opponents"": 1000, ""assumed_crowd_concentration"": 1.0, ""simulated_prize_share"": 0.005464691102571879, ""baseline_simulated_prize_share"": 0.0023789104992489258, ""paired_difference_standard_error"": 0.0003633520756614527}, {""assumed_opponents"": 10000, ""assumed_crowd_concentration"": 1.0, ""simulated_prize_share"": 0.0008346829098967105, ""baseline_simulated_prize_share"": 0.00020010135947311417, ""paired_difference_standard_error"": 0.00012626790198389282}, {""assumed_opponents"": 100, ""assumed_crowd_concentration"": 2.5, ""simulated_prize_share"": 0.037574323961899976, ""baseline_simulated_prize_share"": 0.011375830126505592, ""paired_difference_standard_error"": 0.0009525839753962646}, {""assumed_opponents"": 1000, ""assumed_crowd_concentration"": 2.5, ""simulated_prize_share"": 0.010350098184208461, ""baseline_simulated_prize_share"": 0.000871978985665646, ""paired_difference_standard_error"": 0.0004647802263994739}, {""assumed_opponents"": 10000, ""assumed_crowd_concentration"": 2.5, ""simulated_prize_share"": 0.0025209987323263176, ""baseline_simulated_prize_share"": 3.3796672312646926e-05, ""paired_difference_standard_error"": 0.000217261281446061}, {""assumed_opponents"": 100, ""assumed_crowd_concentration"": 5.0, ""simulated_prize_share"": 0.05932606777982288, ""baseline_simulated_prize_share"": 0.006152754960393239, ""paired_difference_standard_error"": 0.0011574615882644721}, {""assumed_opponents"": 1000, ""assumed_crowd_concentration"": 5.0, ""simulated_prize_share"": 0.022944709021526885, ""baseline_simulated_prize_share"": 0.00027160184217260515, ""paired_difference_standard_error"": 0.0007118713447263563}, {""assumed_opponents"": 10000, ""assumed_crowd_concentration"": 5.0, ""simulated_prize_share"": 0.008604217493498606, ""baseline_simulated_prize_share"": 9.14557926183132e-06, ""paired_difference_standard_error"": 0.00043341395128758495}]","[{""match_id"": ""0d2cf43e526fb395d0ba"", ""tip_home"": 1, ""tip_away"": 1}, {""match_id"": ""4d44db500d9eeb954243"", ""tip_home"": 2, ""tip_away"": 0}, {""match_id"": ""6bbb5fb439bd63014231"", ""tip_home"": 1, ""tip_away"": 1}, {""match_id"": ""8d8db56859c546436067"", ""tip_home"": 1, ""tip_away"": 2}, {""match_id"": ""abb063f72af34362eafa"", ""tip_home"": 1, ""tip_away"": 2}, {""match_id"": ""ce0e3058ebbb1c5f0a89"", ""tip_home"": 1, ""tip_away"": 1}, {""match_id"": ""09f666b08cf20278ee0e"", ""tip_home"": 1, ""tip_away"": 1}, {""match_id"": ""35819656af5210679822"", ""tip_home"": 0, ""tip_away"": 2}, {""match_id"": ""ce0d8bc5d16268820428"", ""tip_home"": 1, ""tip_away"": 1}]"
2020-05-19,8,15,8,-4.592592004949818,-7.564119422540156,"[{""assumed_opponents"": 100, ""assumed_crowd_concentration"": 1.0, ""simulated_prize_share"": 0.024906409780550295, ""baseline_simulated_prize_share"": 0.021711225379179765, ""paired_difference_standard_error"": 0.0008991430443825525}, {""assumed_opponents"": 1000, ""assumed_crowd_concentration"": 1.0, ""simulated_prize_share"": 0.005416124794597355, ""baseline_simulated_prize_share"": 0.0022128501828232046, ""paired_difference_standard_error"": 0.00036512780732209945}, {""assumed_opponents"": 10000, ""assumed_crowd_concentration"": 1.0, ""simulated_prize_share"": 0.0010776791865817698, ""baseline_simulated_prize_share"": 0.0001682887060365791, ""paired_difference_standard_error"": 0.00014714722949508218}, {""assumed_opponents"": 100, ""assumed_crowd_concentration"": 2.5, ""simulated_prize_share"": 0.03455684842766916, ""baseline_simulated_prize_share"": 0.010884437246788684, ""paired_difference_standard_error"": 0.0009211490016067378}, {""assumed_opponents"": 1000, ""assumed_crowd_concentration"": 2.5, ""simulated_prize_share"": 0.009700938577726729, ""baseline_simulated_prize_share"": 0.0007556065168223217, ""paired_difference_standard_error"": 0.00045469468509044196}, {""assumed_opponents"": 10000, ""assumed_crowd_concentration"": 2.5, ""simulated_prize_share"": 0.002702338674597375, ""baseline_simulated_prize_share"": 2.127876146033416e-05, ""paired_difference_standard_error"": 0.0002317481567849545}, {""assumed_opponents"": 100, ""assumed_crowd_concentration"": 5.0, ""simulated_prize_share"": 0.053484808768937984, ""baseline_simulated_prize_share"": 0.005303219077673536, ""paired_difference_standard_error"": 0.0011025813266512796}, {""assumed_opponents"": 1000, ""assumed_crowd_concentration"": 5.0, ""simulated_prize_share"": 0.02059964699059781, ""baseline_simulated_prize_share"": 0.0002401746247236476, ""paired_difference_standard_error"": 0.0006704891636497544}, {""assumed_opponents"": 10000, ""assumed_crowd_concentration"": 5.0, ""simulated_prize_share"": 0.007717853658646864, ""baseline_simulated_prize_share"": 1.5090236299655656e-06, ""paired_difference_standard_error"": 0.00041651939358150356}]","[{""match_id"": ""58463d84464e693261d7"", ""tip_home"": 1, ""tip_away"": 1}, {""match_id"": ""3abaaf7b66456da8bbf6"", ""tip_home"": 1, ""tip_away"": 1}, {""match_id"": ""77d8c75fe3c070c65a8d"", ""tip_home"": 1, ""tip_away"": 2}, {""match_id"": ""7daff7ca71a27eb92723"", ""tip_home"": 3, ""tip_away"": 0}, {""match_id"": ""bb12c88ad0f0ed6333ff"", ""tip_home"": 1, ""tip_away"": 1}, {""match_id"": ""e5588c6c826e96f91c1d"", ""tip_home"": 1, ""tip_away"": 2}, {""match_id"": ""6f4c352d6358ade765d4"", ""tip_home"": 1, ""tip_away"": 1}, {""match_id"": ""7b70a6152702b820ddce"", ""tip_home"": 1, ""tip_away"": 1}, {""match_id"": ""85005d977fec720cb2e0"", ""tip_home"": 1, ""tip_away"": 1}]"
2020-06-09,8,15,7,-4.531349315461557,-6.892666614482417,"[{""assumed_opponents"": 100, ""assumed_crowd_concentration"": 1.0, ""simulated_prize_share"": 0.024081059404551394, ""baseline_simulated_prize_share"": 0.023717700058173544, ""paired_difference_standard_error"": 0.0008985309870298909}, {""assumed_opponents"": 1000, ""assumed_crowd_concentration"": 1.0, ""simulated_prize_share"": 0.004875495423821362, ""baseline_simulated_prize_share"": 0.002573631281659862, ""paired_difference_standard_error"": 0.00036444467921018344}, {""assumed_opponents"": 10000, ""assumed_crowd_concentration"": 1.0, ""simulated_prize_share"": 0.0010398615416533441, ""baseline_simulated_prize_share"": 0.00037831951654015587, ""paired_difference_standard_error"": 0.00015910221908022808}, {""assumed_opponents"": 100, ""assumed_crowd_concentration"": 2.5, ""simulated_prize_share"": 0.03607407508614007, ""baseline_simulated_prize_share"": 0.01111579301502831, ""paired_difference_standard_error"": 0.0009423873243879782}, {""assumed_opponents"": 1000, ""assumed_crowd_concentration"": 2.5, ""simulated_prize_share"": 0.010570767941480937, ""baseline_simulated_prize_share"": 0.000875401794123243, ""paired_difference_standard_error"": 0.00047826707000838504}, {""assumed_opponents"": 10000, ""assumed_crowd_concentration"": 2.5, ""simulated_prize_share"": 0.0030142045794249502, ""baseline_simulated_prize_share"": 8.622742736292664e-05, ""paired_difference_standard_error"": 0.00025396544135271423}, {""assumed_opponents"": 100, ""assumed_crowd_concentration"": 5.0, ""simulated_prize_share"": 0.05784448939724718, ""baseline_simulated_prize_share"": 0.005571893426903551, ""paired_difference_standard_error"": 0.0011540937826723273}, {""assumed_opponents"": 1000, ""assumed_crowd_concentration"": 5.0, ""simulated_prize_share"": 0.02403093512815114, ""baseline_simulated_prize_share"": 0.000290682807541688, ""paired_difference_standard_error"": 0.000736458050392204}, {""assumed_opponents"": 10000, ""assumed_crowd_concentration"": 5.0, ""simulated_prize_share"": 0.009962377167214972, ""baseline_simulated_prize_share"": 3.649918848856377e-05, ""paired_difference_standard_error"": 0.00047682379462194347}]","[{""match_id"": ""0bfaaa8c5174dcf5929d"", ""tip_home"": 1, ""tip_away"": 2}, {""match_id"": ""26e8368cbe1c55f585c2"", ""tip_home"": 1, ""tip_away"": 1}, {""match_id"": ""379526fe2f80db0c142d"", ""tip_home"": 1, ""tip_away"": 1}, {""match_id"": ""66d50587e6d83344a501"", ""tip_home"": 1, ""tip_away"": 1}, {""match_id"": ""6dd06cc76f19bdcd91b4"", ""tip_home"": 1, ""tip_away"": 1}, {""match_id"": ""7c149b927bea86779647"", ""tip_home"": 1, ""tip_away"": 0}, {""match_id"": ""c316384f937d910c4d0d"", ""tip_home"": 1, ""tip_away"": 1}, {""match_id"": ""02278a9f4bbc339108ea"", ""tip_home"": 1, ""tip_away"": 2}, {""match_id"": ""317325c1eed90f2ae18c"", ""tip_home"": 1, ""tip_away"": 1}]"
2020-06-23,20,6,5,-4.430668946535437,-6.860781889385174,"[{""assumed_opponents"": 100, ""assumed_crowd_concentration"": 1.0, ""simulated_prize_share"": 0.02188009639554754, ""baseline_simulated_prize_share"": 0.025464812300692894, ""paired_difference_standard_error"": 0.0008846622368154467}, {""assumed_opponents"": 1000, ""assumed_crowd_concentration"": 1.0, ""simulated_prize_share"": 0.004707600637797406, ""baseline_simulated_prize_share"": 0.002620396203315593, ""paired_difference_standard_error"": 0.0003553788749950298}, {""assumed_opponents"": 10000, ""assumed_crowd_concentration"": 1.0, ""simulated_prize_share"": 0.0008616840914628153, ""baseline_simulated_prize_share"": 0.0003323352857090079, ""paired_difference_standard_error"": 0.00014629371568937753}, {""assumed_opponents"": 100, ""assumed_crowd_concentration"": 2.5, ""simulated_prize_share"": 0.03692960028521646, ""baseline_simulated_prize_share"": 0.01097085587048209, ""paired_difference_standard_error"": 0.0009598436869316445}, {""assumed_opponents"": 1000, ""assumed_crowd_concentration"": 2.5, ""simulated_prize_share"": 0.012175133662995097, ""baseline_simulated_prize_share"": 0.0007332333421200237, ""paired_difference_standard_error"": 0.0005184296783646546}, {""assumed_opponents"": 10000, ""assumed_crowd_concentration"": 2.5, ""simulated_prize_share"": 0.003784213295126729, ""baseline_simulated_prize_share"": 6.906115317028815e-05, ""paired_difference_standard_error"": 0.0002793591352133067}, {""assumed_opponents"": 100, ""assumed_crowd_concentration"": 5.0, ""simulated_prize_share"": 0.06422952372313162, ""baseline_simulated_prize_share"": 0.008641027388360045, ""paired_difference_standard_error"": 0.0012536598274920452}, {""assumed_opponents"": 1000, ""assumed_crowd_concentration"": 5.0, ""simulated_prize_share"": 0.03219352064088374, ""baseline_simulated_prize_share"": 0.00039375323161181317, ""paired_difference_standard_error"": 0.0008699705940839267}, {""assumed_opponents"": 10000, ""assumed_crowd_concentration"": 5.0, ""simulated_prize_share"": 0.015400693673721657, ""baseline_simulated_prize_share"": 3.640932317240852e-05, ""paired_difference_standard_error"": 0.0006036708012243625}]","[{""match_id"": ""11c52c8201c012da7ecd"", ""tip_home"": 0, ""tip_away"": 1}, {""match_id"": ""1294921f87669962a68c"", ""tip_home"": 1, ""tip_away"": 1}, {""match_id"": ""1660c063185b7f795647"", ""tip_home"": 2, ""tip_away"": 1}, {""match_id"": ""16f934de26db2b2593b0"", ""tip_home"": 1, ""tip_away"": 1}, {""match_id"": ""173330993887f9e0390b"", ""tip_home"": 2, ""tip_away"": 1}, {""match_id"": ""1d7a0a20e24de8815790"", ""tip_home"": 1, ""tip_away"": 1}, {""match_id"": ""60d1a206e5325c41b372"", ""tip_home"": 1, ""tip_away"": 1}, {""match_id"": ""bac8e454ce0a8f8484b6"", ""tip_home"": 1, ""tip_away"": 0}, {""match_id"": ""c745287d246f7dae076b"", ""tip_home"": 1, ""tip_away"": 1}]"
2020-09-15,9,12,7,-4.695856836090171,-6.690785396151499,"[{""assumed_opponents"": 100, ""assumed_crowd_concentration"": 1.0, ""simulated_prize_share"": 0.03122904553064555, ""baseline_simulated_prize_share"": 0.023764179620246934, ""paired_difference_standard_error"": 0.000975343231682395}, {""assumed_opponents"": 1000, ""assumed_crowd_concentration"": 1.0, ""simulated_prize_share"": 0.00608207659014356, ""baseline_simulated_prize_share"": 0.0026250694359210187, ""paired_difference_standard_error"": 0.0003868112012765305}, {""assumed_opponents"": 10000, ""assumed_crowd_concentration"": 1.0, ""simulated_prize_share"": 0.0010847291960245863, ""baseline_simulated_prize_share"": 0.00026111288668272743, ""paired_difference_standard_error"": 0.00014941306543253836}, {""assumed_opponents"": 100, ""assumed_crowd_concentration"": 2.5, ""simulated_prize_share"": 0.03696350994585665, ""baseline_simulated_prize_share"": 0.015228852395008655, ""paired_difference_standard_error"": 0.0009725371200422027}, {""assumed_opponents"": 1000, ""assumed_crowd_concentration"": 2.5, ""simulated_prize_share"": 0.009085158026559364, ""baseline_simulated_prize_share"": 0.0013783197451093946, ""paired_difference_standard_error"": 0.00044179485626607483}, {""assumed_opponents"": 10000, ""assumed_crowd_concentration"": 2.5, ""simulated_prize_share"": 0.002055161978482095, ""baseline_simulated_prize_share"": 0.00011042803040064238, ""paired_difference_standard_error"": 0.00019953997059606938}, {""assumed_opponents"": 100, ""assumed_crowd_concentration"": 5.0, ""simulated_prize_share"": 0.04623519047726252, ""baseline_simulated_prize_share"": 0.009477707884733136, ""paired_difference_standard_error"": 0.0010355701040572248}, {""assumed_opponents"": 1000, ""assumed_crowd_concentration"": 5.0, ""simulated_prize_share"": 0.014622797799127724, ""baseline_simulated_prize_share"": 0.0006697261387712858, ""paired_difference_standard_error"": 0.0005605935168770624}, {""assumed_opponents"": 10000, ""assumed_crowd_concentration"": 5.0, ""simulated_prize_share"": 0.0045988664411425245, ""baseline_simulated_prize_share"": 2.9408334416750663e-05, ""paired_difference_standard_error"": 0.0003082406372932785}]","[{""match_id"": ""e9574cae608420c8d656"", ""tip_home"": 3, ""tip_away"": 0}, {""match_id"": ""39486ae9cd2548c8619d"", ""tip_home"": 1, ""tip_away"": 1}, {""match_id"": ""4b31b178fd9bc8bcd811"", ""tip_home"": 1, ""tip_away"": 1}, {""match_id"": ""65ce0ba12fabe4003aad"", ""tip_home"": 1, ""tip_away"": 1}, {""match_id"": ""735ce7b57a704e954680"", ""tip_home"": 1, ""tip_away"": 1}, {""match_id"": ""9b949e4ae4f369381522"", ""tip_home"": 1, ""tip_away"": 1}, {""match_id"": ""a2625d748b1d8692a879"", ""tip_home"": 1, ""tip_away"": 1}, {""match_id"": ""54baf27606c75ae9ab55"", ""tip_home"": 2, ""tip_away"": 0}, {""match_id"": ""dae8c457023e628e3f3e"", ""tip_home"": 1, ""tip_away"": 1}]"
2020-09-22,0,12,7,-4.8175594329562985,-6.983098450864116,"[{""assumed_opponents"": 100, ""assumed_crowd_concentration"": 1.0, ""simulated_prize_share"": 0.024667102091204034, ""baseline_simulated_prize_share"": 0.021965479562972984, ""paired_difference_standard_error"": 0.0009039332463193035}, {""assumed_opponents"": 1000, ""assumed_crowd_concentration"": 1.0, ""simulated_prize_share"": 0.005393811932606414, ""baseline_simulated_prize_share"": 0.002541500925899257, ""paired_difference_standard_error"": 0.0003791845032588876}, {""assumed_opponents"": 10000, ""assumed_crowd_concentration"": 1.0, ""simulated_prize_share"": 0.001142113562511036, ""baseline_simulated_prize_share"": 0.00029089916742642657, ""paired_difference_standard_error"": 0.00015480713874871737}, {""assumed_opponents"": 100, ""assumed_crowd_concentration"": 2.5, ""simulated_prize_share"": 0.029769545964657376, ""baseline_simulated_prize_share"": 0.013197872686020344, ""paired_difference_standard_error"": 0.0008888188046473307}, {""assumed_opponents"": 1000, ""assumed_crowd_concentration"": 2.5, ""simulated_prize_share"": 0.00825414238730457, ""baseline_simulated_prize_share"": 0.0011395165656474002, ""paired_difference_standard_error"": 0.0004263748579299531}, {""assumed_opponents"": 10000, ""assumed_crowd_concentration"": 2.5, ""simulated_prize_share"": 0.00226545394258584, ""baseline_simulated_prize_share"": 7.65568509859551e-05, ""paired_difference_standard_error"": 0.00021567995171492478}, {""assumed_opponents"": 100, ""assumed_crowd_concentration"": 5.0, ""simulated_prize_share"": 0.03629100406899877, ""baseline_simulated_prize_share"": 0.006259033194900794, ""paired_difference_standard_error"": 0.0009097440622287642}, {""assumed_opponents"": 1000, ""assumed_crowd_concentration"": 5.0, ""simulated_prize_share"": 0.011923777511805877, ""baseline_simulated_prize_share"": 0.00029476679198003805, ""paired_difference_standard_error"": 0.0005093984505645338}, {""assumed_opponents"": 10000, ""assumed_crowd_concentration"": 5.0, ""simulated_prize_share"": 0.004039328985361308, ""baseline_simulated_prize_share"": 1.4714381000360935e-05, ""paired_difference_standard_error"": 0.00029648729368443046}]","[{""match_id"": ""b465d9cd1c89666e2c0f"", ""tip_home"": 1, ""tip_away"": 1}, {""match_id"": ""006520e7ae8781ec455b"", ""tip_home"": 1, ""tip_away"": 1}, {""match_id"": ""1f0ea5bc3ced2afce613"", ""tip_home"": 2, ""tip_away"": 1}, {""match_id"": ""207992bc9dec2b3a8d1e"", ""tip_home"": 1, ""tip_away"": 1}, {""match_id"": ""2de96bd0a87ca8a2bd86"", ""tip_home"": 1, ""tip_away"": 1}, {""match_id"": ""63264b48d030e54d565a"", ""tip_home"": 2, ""tip_away"": 2}, {""match_id"": ""ecc12c194f63fd48de99"", ""tip_home"": 1, ""tip_away"": 1}, {""match_id"": ""53deb31f7a7e82437422"", ""tip_home"": 1, ""tip_away"": 4}, {""match_id"": ""e3804d13ebcf6cc77528"", ""tip_home"": 1, ""tip_away"": 1}]"
2020-09-29,18,11,6,-4.760403094232106,-7.345847066334128,"[{""assumed_opponents"": 100, ""assumed_crowd_concentration"": 1.0, ""simulated_prize_share"": 0.021223718413083875, ""baseline_simulated_prize_share"": 0.02387758036233156, ""paired_difference_standard_error"": 0.0008660889249478956}, {""assumed_opponents"": 1000, ""assumed_crowd_concentration"": 1.0, ""simulated_prize_share"": 0.004082297889158421, ""baseline_simulated_prize_share"": 0.0024483002785726654, ""paired_difference_standard_error"": 0.00033574605043548223}, {""assumed_opponents"": 10000, ""assumed_crowd_concentration"": 1.0, ""simulated_prize_share"": 0.0009043233870898893, ""baseline_simulated_prize_share"": 0.00030761021319001175, ""paired_difference_standard_error"": 0.00015577094010436405}, {""assumed_opponents"": 100, ""assumed_crowd_concentration"": 2.5, ""simulated_prize_share"": 0.02990213407819485, ""baseline_simulated_prize_share"": 0.010573863672467584, ""paired_difference_standard_error"": 0.0008566723028061018}, {""assumed_opponents"": 1000, ""assumed_crowd_concentration"": 2.5, ""simulated_prize_share"": 0.007856836670583858, ""baseline_simulated_prize_share"": 0.0007536418940970766, ""paired_difference_standard_error"": 0.0004101019129507798}, {""assumed_opponents"": 10000, ""assumed_crowd_concentration"": 2.5, ""simulated_prize_share"": 0.0021410064150517083, ""baseline_simulated_prize_share"": 7.229565210456167e-05, ""paired_difference_standard_error"": 0.00021220920605866748}, {""assumed_opponents"": 100, ""assumed_crowd_concentration"": 5.0, ""simulated_prize_share"": 0.0503877141079549, ""baseline_simulated_prize_share"": 0.004655288806688433, ""paired_difference_standard_error"": 0.0010563804531344629}, {""assumed_opponents"": 1000, ""assumed_crowd_concentration"": 5.0, ""simulated_prize_share"": 0.018435347794802864, ""baseline_simulated_prize_share"": 0.00019983694436694348, ""paired_difference_standard_error"": 0.0006347199998440986}, {""assumed_opponents"": 10000, ""assumed_crowd_concentration"": 5.0, ""simulated_prize_share"": 0.006755461777196569, ""baseline_simulated_prize_share"": 2.012163707048866e-06, ""paired_difference_standard_error"": 0.00038493339124956975}]","[{""match_id"": ""a64f7ab789c3d79276da"", ""tip_home"": 1, ""tip_away"": 1}, {""match_id"": ""1ac75c4eeccb9ec5eec3"", ""tip_home"": 2, ""tip_away"": 0}, {""match_id"": ""258587c7bb9a81d44cc4"", ""tip_home"": 0, ""tip_away"": 1}, {""match_id"": ""6bb5f8c311cff3c0b98f"", ""tip_home"": 2, ""tip_away"": 1}, {""match_id"": ""a633111e5ecd90deea5a"", ""tip_home"": 1, ""tip_away"": 1}, {""match_id"": ""c4a26fb54979513b3eab"", ""tip_home"": 1, ""tip_away"": 1}, {""match_id"": ""eb5ee0d32d31a6eabd07"", ""tip_home"": 1, ""tip_away"": 0}, {""match_id"": ""61d101a4ebb46fcf2a60"", ""tip_home"": 1, ""tip_away"": 1}, {""match_id"": ""df8ea8da2933c2f291f0"", ""tip_home"": 4, ""tip_away"": 0}]"
2020-10-13,14,16,7,-4.497558130757,-7.324333143358526,"[{""assumed_opponents"": 100, ""assumed_crowd_concentration"": 1.0, ""simulated_prize_share"": 0.024062078506890256, ""baseline_simulated_prize_share"": 0.027192595174184507, ""paired_difference_standard_error"": 0.0009430085647942958}, {""assumed_opponents"": 1000, ""assumed_crowd_concentration"": 1.0, ""simulated_prize_share"": 0.005478016003838957, ""baseline_simulated_prize_share"": 0.002885019816321578, ""paired_difference_standard_error"": 0.0003752579270094406}, {""assumed_opponents"": 10000, ""assumed_crowd_concentration"": 1.0, ""simulated_prize_share"": 0.0009997984306399097, ""baseline_simulated_prize_share"": 0.00017800583014920617, ""paired_difference_standard_error"": 0.00014153319352685362}, {""assumed_opponents"": 100, ""assumed_crowd_concentration"": 2.5, ""simulated_prize_share"": 0.03528472093032477, ""baseline_simulated_prize_share"": 0.014081931863486143, ""paired_difference_standard_error"": 0.0009637096328912641}, {""assumed_opponents"": 1000, ""assumed_crowd_concentration"": 2.5, ""simulated_prize_share"": 0.011323666298344047, ""baseline_simulated_prize_share"": 0.0008888287790681142, ""paired_difference_standard_error"": 0.000496929565708893}, {""assumed_opponents"": 10000, ""assumed_crowd_concentration"": 2.5, ""simulated_prize_share"": 0.0032620982645894217, ""baseline_simulated_prize_share"": 1.5899162717892452e-05, ""paired_difference_standard_error"": 0.0002524605651599186}, {""assumed_opponents"": 100, ""assumed_crowd_concentration"": 5.0, ""simulated_prize_share"": 0.05665752968765663, ""baseline_simulated_prize_share"": 0.007989612037474456, ""paired_difference_standard_error"": 0.001155708366374427}, {""assumed_opponents"": 1000, ""assumed_crowd_concentration"": 5.0, ""simulated_prize_share"": 0.02452944148914233, ""baseline_simulated_prize_share"": 0.0003017500959063412, ""paired_difference_standard_error"": 0.0007551697724273225}, {""assumed_opponents"": 10000, ""assumed_crowd_concentration"": 5.0, ""simulated_prize_share"": 0.011033998628208773, ""baseline_simulated_prize_share"": 3.5130262638209733e-06, ""paired_difference_standard_error"": 0.0005051414933876987}]","[{""match_id"": ""198373aabbe80ed9ccbb"", ""tip_home"": 1, ""tip_away"": 1}, {""match_id"": ""4768e765cdd7788e80b3"", ""tip_home"": 1, ""tip_away"": 1}, {""match_id"": ""4d07e9a27a4eb82f5728"", ""tip_home"": 1, ""tip_away"": 1}, {""match_id"": ""5a82c582bc1caa8a2ecd"", ""tip_home"": 1, ""tip_away"": 1}, {""match_id"": ""67596e278f6813f56aaf"", ""tip_home"": 0, ""tip_away"": 2}, {""match_id"": ""ac9ec263deb90665e132"", ""tip_home"": 0, ""tip_away"": 1}, {""match_id"": ""f1cc9e05f9b19b0f86f0"", ""tip_home"": 1, ""tip_away"": 1}, {""match_id"": ""56b3ef766ac95e715088"", ""tip_home"": 2, ""tip_away"": 1}, {""match_id"": ""db04b320821d27c83803"", ""tip_home"": 1, ""tip_away"": 1}]"
2020-10-20,14,16,7,-4.371373600631617,-7.920694989928663,"[{""assumed_opponents"": 100, ""assumed_crowd_concentration"": 1.0, ""simulated_prize_share"": 0.02608496259988985, ""baseline_simulated_prize_share"": 0.021521594020722616, ""paired_difference_standard_error"": 0.0008954120131509839}, {""assumed_opponents"": 1000, ""assumed_crowd_concentration"": 1.0, ""simulated_prize_share"": 0.0054422024202626824, ""baseline_simulated_prize_share"": 0.0018486991621492273, ""paired_difference_standard_error"": 0.00035428806745221175}, {""assumed_opponents"": 10000, ""assumed_crowd_concentration"": 1.0, ""simulated_prize_share"": 0.0009477976812929784, ""baseline_simulated_prize_share"": 0.00011165230602854279, ""paired_difference_standard_error"": 0.00013023351022007352}, {""assumed_opponents"": 100, ""assumed_crowd_concentration"": 2.5, ""simulated_prize_share"": 0.041270667192788026, ""baseline_simulated_prize_share"": 0.01011024870720241, ""paired_difference_standard_error"": 0.0009916813198325373}, {""assumed_opponents"": 1000, ""assumed_crowd_concentration"": 2.5, ""simulated_prize_share"": 0.012826325298629006, ""baseline_simulated_prize_share"": 0.0005600422051226548, ""paired_difference_standard_error"": 0.0005218698805694621}, {""assumed_opponents"": 10000, ""assumed_crowd_concentration"": 2.5, ""simulated_prize_share"": 0.003748633488445146, ""baseline_simulated_prize_share"": 8.069873205529217e-06, ""paired_difference_standard_error"": 0.00027287580277976547}, {""assumed_opponents"": 100, ""assumed_crowd_concentration"": 5.0, ""simulated_prize_share"": 0.06797587357222659, ""baseline_simulated_prize_share"": 0.006276428849813687, ""paired_difference_standard_error"": 0.001261639852948892}, {""assumed_opponents"": 1000, ""assumed_crowd_concentration"": 5.0, ""simulated_prize_share"": 0.031524831486322874, ""baseline_simulated_prize_share"": 0.0002345150551998186, ""paired_difference_standard_error"": 0.0008500168640128908}, {""assumed_opponents"": 10000, ""assumed_crowd_concentration"": 5.0, ""simulated_prize_share"": 0.014332576179881682, ""baseline_simulated_prize_share"": 3.676476847522047e-07, ""paired_difference_standard_error"": 0.0005774419900316957}]","[{""match_id"": ""73c4f9d03526876bf3d1"", ""tip_home"": 1, ""tip_away"": 1}, {""match_id"": ""174983d5161f5ed09476"", ""tip_home"": 2, ""tip_away"": 0}, {""match_id"": ""33cf665bf690430a7cb1"", ""tip_home"": 1, ""tip_away"": 1}, {""match_id"": ""84b76ec0bfb1d857ea55"", ""tip_home"": 3, ""tip_away"": 1}, {""match_id"": ""8dbdb7d4f8047dcfef29"", ""tip_home"": 1, ""tip_away"": 1}, {""match_id"": ""a504c483325b4ae4268b"", ""tip_home"": 1, ""tip_away"": 1}, {""match_id"": ""b4194665b5d7923835be"", ""tip_home"": 1, ""tip_away"": 1}, {""match_id"": ""daeef9e32274d34b2c7a"", ""tip_home"": 1, ""tip_away"": 1}, {""match_id"": ""405d2224995b82e11873"", ""tip_home"": 1, ""tip_away"": 1}]"
2020-10-27,8,10,7,-4.614419544320234,-7.225446815902412,"[{""assumed_opponents"": 100, ""assumed_crowd_concentration"": 1.0, ""simulated_prize_share"": 0.02526691447042061, ""baseline_simulated_prize_share"": 0.022032339486532465, ""paired_difference_standard_error"": 0.0009002220427543769}, {""assumed_opponents"": 1000, ""assumed_crowd_concentration"": 1.0, ""simulated_prize_share"": 0.005119256977257275, ""baseline_simulated_prize_share"": 0.0020908394775415633, ""paired_difference_standard_error"": 0.00034811991657371003}, {""assumed_opponents"": 10000, ""assumed_crowd_concentration"": 1.0, ""simulated_prize_share"": 0.0009763837110428348, ""baseline_simulated_prize_share"": 0.00017208858351754514, ""paired_difference_standard_error"": 0.00014291787930153355}, {""assumed_opponents"": 100, ""assumed_crowd_concentration"": 2.5, ""simulated_prize_share"": 0.0349903142436487, ""baseline_simulated_prize_share"": 0.011146930010430036, ""paired_difference_standard_error"": 0.0009238977286968965}, {""assumed_opponents"": 1000, ""assumed_crowd_concentration"": 2.5, ""simulated_prize_share"": 0.009657542308174817, ""baseline_simulated_prize_share"": 0.0006819482812620604, ""paired_difference_standard_error"": 0.00044684655503523753}, {""assumed_opponents"": 10000, ""assumed_crowd_concentration"": 2.5, ""simulated_prize_share"": 0.0024456041562330383, ""baseline_simulated_prize_share"": 5.331372570883142e-05, ""paired_difference_standard_error"": 0.00022490576769585918}, {""assumed_opponents"": 100, ""assumed_crowd_concentration"": 5.0, ""simulated_prize_share"": 0.05456001719430727, ""baseline_simulated_prize_share"": 0.006052085318026194, ""paired_difference_standard_error"": 0.0011133258284390982}, {""assumed_opponents"": 1000, ""assumed_crowd_concentration"": 5.0, ""simulated_prize_share"": 0.02091109043948551, ""baseline_simulated_prize_share"": 0.0002488868333209083, ""paired_difference_standard_error"": 0.0006781236069263836}, {""assumed_opponents"": 10000, ""assumed_crowd_concentration"": 5.0, ""simulated_prize_share"": 0.007727090894757796, ""baseline_simulated_prize_share"": 1.184319255497603e-05, ""paired_difference_standard_error"": 0.00040897854654845824}]","[{""match_id"": ""fb1c52f4220959dc0630"", ""tip_home"": 1, ""tip_away"": 1}, {""match_id"": ""4c0e44f28d1d2fdb07bf"", ""tip_home"": 1, ""tip_away"": 1}, {""match_id"": ""76ef1f26c82c973023a3"", ""tip_home"": 1, ""tip_away"": 1}, {""match_id"": ""79e58ca7be719664a12a"", ""tip_home"": 1, ""tip_away"": 3}, {""match_id"": ""7e98befc507719265887"", ""tip_home"": 1, ""tip_away"": 1}, {""match_id"": ""cddee36e8b97a1a5557b"", ""tip_home"": 1, ""tip_away"": 1}, {""match_id"": ""3db6a13f8e686c3992be"", ""tip_home"": 1, ""tip_away"": 1}, {""match_id"": ""76e55e9fcebbd6fb99c8"", ""tip_home"": 1, ""tip_away"": 0}, {""match_id"": ""d2a08d8c9d6a357be3ab"", ""tip_home"": 1, ""tip_away"": 1}]"
2020-11-03,16,10,9,-4.686474449790165,-6.915802482556586,"[{""assumed_opponents"": 100, ""assumed_crowd_concentration"": 1.0, ""simulated_prize_share"": 0.025570536350770924, ""baseline_simulated_prize_share"": 0.022502489426034222, ""paired_difference_standard_error"": 0.0009163222783166451}, {""assumed_opponents"": 1000, ""assumed_crowd_concentration"": 1.0, ""simulated_prize_share"": 0.005842904144676274, ""baseline_simulated_prize_share"": 0.0024217239436634544, ""paired_difference_standard_error"": 0.0003803508003108823}, {""assumed_opponents"": 10000, ""assumed_crowd_concentration"": 1.0, ""simulated_prize_share"": 0.0010220187769020297, ""baseline_simulated_prize_share"": 0.00023156889113337624, ""paired_difference_standard_error"": 0.00014624160814766054}, {""assumed_opponents"": 100, ""assumed_crowd_concentration"": 2.5, ""simulated_prize_share"": 0.032760389011060084, ""baseline_simulated_prize_share"": 0.012556028397807766, ""paired_difference_standard_error"": 0.0009105351475316223}, {""assumed_opponents"": 1000, ""assumed_crowd_concentration"": 2.5, ""simulated_prize_share"": 0.009157768630610168, ""baseline_simulated_prize_share"": 0.0008908958225700235, ""paired_difference_standard_error"": 0.0004458736333939328}, {""assumed_opponents"": 10000, ""assumed_crowd_concentration"": 2.5, ""simulated_prize_share"": 0.002333559520131139, ""baseline_simulated_prize_share"": 9.031397156987108e-05, ""paired_difference_standard_error"": 0.00021472265762988453}, {""assumed_opponents"": 100, ""assumed_crowd_concentration"": 5.0, ""simulated_prize_share"": 0.046722310359695755, ""baseline_simulated_prize_share"": 0.006175791592740314, ""paired_difference_standard_error"": 0.0010251317052730388}, {""assumed_opponents"": 1000, ""assumed_crowd_concentration"": 5.0, ""simulated_prize_share"": 0.016343941841592696, ""baseline_simulated_prize_share"": 0.0002880804898006111, ""paired_difference_standard_error"": 0.0005998146087762515}, {""assumed_opponents"": 10000, ""assumed_crowd_concentration"": 5.0, ""simulated_prize_share"": 0.005893100804725037, ""baseline_simulated_prize_share"": 4.100815644516888e-05, ""paired_difference_standard_error"": 0.0003570894840314687}]","[{""match_id"": ""eac589e1804bb1e28be3"", ""tip_home"": 1, ""tip_away"": 1}, {""match_id"": ""0333d1b418a9384cf957"", ""tip_home"": 1, ""tip_away"": 1}, {""match_id"": ""34cdf551deb61fe5d9ed"", ""tip_home"": 1, ""tip_away"": 1}, {""match_id"": ""71007f068af6c21f2acd"", ""tip_home"": 1, ""tip_away"": 1}, {""match_id"": ""98fe4d53291411e943d2"", ""tip_home"": 1, ""tip_away"": 1}, {""match_id"": ""b5e2d80dd563b95d38e4"", ""tip_home"": 1, ""tip_away"": 1}, {""match_id"": ""f28d46122ba0b6cf334d"", ""tip_home"": 1, ""tip_away"": 1}, {""match_id"": ""1bc9ec9cb883a9b9f04c"", ""tip_home"": 1, ""tip_away"": 1}, {""match_id"": ""9a21615853d382acc6e3"", ""tip_home"": 1, ""tip_away"": 1}]"
2020-11-17,6,12,7,-4.5699044029356575,-6.857350151935798,"[{""assumed_opponents"": 100, ""assumed_crowd_concentration"": 1.0, ""simulated_prize_share"": 0.024536246293215914, ""baseline_simulated_prize_share"": 0.024058011341477885, ""paired_difference_standard_error"": 0.000916412356871541}, {""assumed_opponents"": 1000, ""assumed_crowd_concentration"": 1.0, ""simulated_prize_share"": 0.004997785970857186, ""baseline_simulated_prize_share"": 0.002720292676843822, ""paired_difference_standard_error"": 0.00036413475463481374}, {""assumed_opponents"": 10000, ""assumed_crowd_concentration"": 1.0, ""simulated_prize_share"": 0.0008939710703079313, ""baseline_simulated_prize_share"": 0.0003029571083881733, ""paired_difference_standard_error"": 0.00014379727236959696}, {""assumed_opponents"": 100, ""assumed_crowd_concentration"": 2.5, ""simulated_prize_share"": 0.035767168319607495, ""baseline_simulated_prize_share"": 0.014183369147093724, ""paired_difference_standard_error"": 0.0009698388893503963}, {""assumed_opponents"": 1000, ""assumed_crowd_concentration"": 2.5, ""simulated_prize_share"": 0.010610753870035317, ""baseline_simulated_prize_share"": 0.0011258794371244796, ""paired_difference_standard_error"": 0.00047898641421236833}, {""assumed_opponents"": 10000, ""assumed_crowd_concentration"": 2.5, ""simulated_prize_share"": 0.00278159687625796, ""baseline_simulated_prize_share"": 7.516625403135085e-05, ""paired_difference_standard_error"": 0.0002338966046227104}, {""assumed_opponents"": 100, ""assumed_crowd_concentration"": 5.0, ""simulated_prize_share"": 0.05473100938649474, ""baseline_simulated_prize_share"": 0.010454255978654878, ""paired_difference_standard_error"": 0.0011583701739695056}, {""assumed_opponents"": 1000, ""assumed_crowd_concentration"": 5.0, ""simulated_prize_share"": 0.022920358496810192, ""baseline_simulated_prize_share"": 0.0005799425719363027, ""paired_difference_standard_error"": 0.0007238469553791125}, {""assumed_opponents"": 10000, ""assumed_crowd_concentration"": 5.0, ""simulated_prize_share"": 0.009461337199836552, ""baseline_simulated_prize_share"": 1.0909056500924536e-05, ""paired_difference_standard_error"": 0.0004608083585452001}]","[{""match_id"": ""1750048f3d7dfb66b82d"", ""tip_home"": 1, ""tip_away"": 1}, {""match_id"": ""48fffde7e129aac2f49f"", ""tip_home"": 2, ""tip_away"": 0}, {""match_id"": ""5872a11212940c2b2d93"", ""tip_home"": 1, ""tip_away"": 1}, {""match_id"": ""665d5fe0806858d61686"", ""tip_home"": 1, ""tip_away"": 2}, {""match_id"": ""a84a91a99b39b2bf1455"", ""tip_home"": 1, ""tip_away"": 1}, {""match_id"": ""ca7bf6a21fc9464896e2"", ""tip_home"": 1, ""tip_away"": 1}, {""match_id"": ""e226b32bd9270173a656"", ""tip_home"": 1, ""tip_away"": 1}, {""match_id"": ""3533b72e9a62beb9d6b9"", ""tip_home"": 2, ""tip_away"": 1}, {""match_id"": ""f654182d466b6495e555"", ""tip_home"": 1, ""tip_away"": 2}]"
2020-11-24,9,19,6,-4.558518619215062,-6.769116262723837,"[{""assumed_opponents"": 100, ""assumed_crowd_concentration"": 1.0, ""simulated_prize_share"": 0.02837539383962759, ""baseline_simulated_prize_share"": 0.02209954232361758, ""paired_difference_standard_error"": 0.000929683986038549}, {""assumed_opponents"": 1000, ""assumed_crowd_concentration"": 1.0, ""simulated_prize_share"": 0.005734861243296243, ""baseline_simulated_prize_share"": 0.0022953439875594284, ""paired_difference_standard_error"": 0.00037906481105038844}, {""assumed_opponents"": 10000, ""assumed_crowd_concentration"": 1.0, ""simulated_prize_share"": 0.0013122233711925636, ""baseline_simulated_prize_share"": 0.00027102518619987674, ""paired_difference_standard_error"": 0.0001731871845761426}, {""assumed_opponents"": 100, ""assumed_crowd_concentration"": 2.5, ""simulated_prize_share"": 0.037182656739996316, ""baseline_simulated_prize_share"": 0.012847772363853982, ""paired_difference_standard_error"": 0.0009599469144010488}, {""assumed_opponents"": 1000, ""assumed_crowd_concentration"": 2.5, ""simulated_prize_share"": 0.009940742455373554, ""baseline_simulated_prize_share"": 0.0011715374849716228, ""paired_difference_standard_error"": 0.00046504078881042616}, {""assumed_opponents"": 10000, ""assumed_crowd_concentration"": 2.5, ""simulated_prize_share"": 0.0027436259893237774, ""baseline_simulated_prize_share"": 9.559935179716355e-05, ""paired_difference_standard_error"": 0.00023888805994368037}, {""assumed_opponents"": 100, ""assumed_crowd_concentration"": 5.0, ""simulated_prize_share"": 0.05398026115671055, ""baseline_simulated_prize_share"": 0.008368183326938755, ""paired_difference_standard_error"": 0.0011136997622292785}, {""assumed_opponents"": 1000, ""assumed_crowd_concentration"": 5.0, ""simulated_prize_share"": 0.0191493711486998, ""baseline_simulated_prize_share"": 0.0005546830214049137, ""paired_difference_standard_error"": 0.0006455282922029231}, {""assumed_opponents"": 10000, ""assumed_crowd_concentration"": 5.0, ""simulated_prize_share"": 0.006798270414785269, ""baseline_simulated_prize_share"": 3.7925882807071904e-05, ""paired_difference_standard_error"": 0.0003867983318053805}]","[{""match_id"": ""a58fc5572698c4db9e8f"", ""tip_home"": 1, ""tip_away"": 1}, {""match_id"": ""123ea825e61e18ea1863"", ""tip_home"": 0, ""tip_away"": 2}, {""match_id"": ""65dffe3f58e63f8161a3"", ""tip_home"": 1, ""tip_away"": 1}, {""match_id"": ""7be0ad7c79d13cd52ccd"", ""tip_home"": 1, ""tip_away"": 1}, {""match_id"": ""a4cb17a6ff5315d4c0a7"", ""tip_home"": 1, ""tip_away"": 1}, {""match_id"": ""dce9d8f2b47916c287ec"", ""tip_home"": 2, ""tip_away"": 0}, {""match_id"": ""e626143a53ab6315a5cb"", ""tip_home"": 2, ""tip_away"": 0}, {""match_id"": ""41838ef8ecb9f973d411"", ""tip_home"": 1, ""tip_away"": 1}, {""match_id"": ""b24c690e2ba576358aa7"", ""tip_home"": 1, ""tip_away"": 1}]"
2020-12-01,10,10,8,-4.65752787818585,-6.969873525710152,"[{""assumed_opponents"": 100, ""assumed_crowd_concentration"": 1.0, ""simulated_prize_share"": 0.02652041653289203, ""baseline_simulated_prize_share"": 0.02212400167354408, ""paired_difference_standard_error"": 0.0009128620460260013}, {""assumed_opponents"": 1000, ""assumed_crowd_concentration"": 1.0, ""simulated_prize_share"": 0.005301825671928086, ""baseline_simulated_prize_share"": 0.0024474116235970378, ""paired_difference_standard_error"": 0.00037086559990108026}, {""assumed_opponents"": 10000, ""assumed_crowd_concentration"": 1.0, ""simulated_prize_share"": 0.0011025305700596826, ""baseline_simulated_prize_share"": 0.00029628594494861195, ""paired_difference_standard_error"": 0.00015530774265028706}, {""assumed_opponents"": 100, ""assumed_crowd_concentration"": 2.5, ""simulated_prize_share"": 0.03475977680809192, ""baseline_simulated_prize_share"": 0.012666282243652289, ""paired_difference_standard_error"": 0.0009272125190565701}, {""assumed_opponents"": 1000, ""assumed_crowd_concentration"": 2.5, ""simulated_prize_share"": 0.008750254762857106, ""baseline_simulated_prize_share"": 0.0010572071958321648, ""paired_difference_standard_error"": 0.0004319760180205083}, {""assumed_opponents"": 10000, ""assumed_crowd_concentration"": 2.5, ""simulated_prize_share"": 0.0022425847820083315, ""baseline_simulated_prize_share"": 6.228324751834827e-05, ""paired_difference_standard_error"": 0.0002147756245522842}, {""assumed_opponents"": 100, ""assumed_crowd_concentration"": 5.0, ""simulated_prize_share"": 0.0524499177973591, ""baseline_simulated_prize_share"": 0.007984474398369376, ""paired_difference_standard_error"": 0.0010962128228000358}, {""assumed_opponents"": 1000, ""assumed_crowd_concentration"": 5.0, ""simulated_prize_share"": 0.01827655373285944, ""baseline_simulated_prize_share"": 0.0004310066712456751, ""paired_difference_standard_error"": 0.0006263676944195593}, {""assumed_opponents"": 10000, ""assumed_crowd_concentration"": 5.0, ""simulated_prize_share"": 0.006158429825426444, ""baseline_simulated_prize_share"": 1.2416777446137705e-05, ""paired_difference_standard_error"": 0.00036555138475842877}]","[{""match_id"": ""0c3200f67c3b4664bc1c"", ""tip_home"": 1, ""tip_away"": 2}, {""match_id"": ""31e763ceb3892ab91824"", ""tip_home"": 1, ""tip_away"": 1}, {""match_id"": ""368d6f83f04a266c05c2"", ""tip_home"": 1, ""tip_away"": 1}, {""match_id"": ""58e366812a5778c240dd"", ""tip_home"": 1, ""tip_away"": 1}, {""match_id"": ""dbb8e934edc043506014"", ""tip_home"": 2, ""tip_away"": 1}, {""match_id"": ""e5b866a8ae3115b80d31"", ""tip_home"": 1, ""tip_away"": 1}, {""match_id"": ""164bb971070e7059751f"", ""tip_home"": 1, ""tip_away"": 1}, {""match_id"": ""8f6e1ab14d259d766af2"", ""tip_home"": 1, ""tip_away"": 1}, {""match_id"": ""1fa096a4d257419d1797"", ""tip_home"": 1, ""tip_away"": 1}]"
2020-12-08,12,12,7,-4.4280018414319855,-7.191523658740924,"[{""assumed_opponents"": 100, ""assumed_crowd_concentration"": 1.0, ""simulated_prize_share"": 0.027554864429131055, ""baseline_simulated_prize_share"": 0.02202209848536426, ""paired_difference_standard_error"": 0.0009218564562486164}, {""assumed_opponents"": 1000, ""assumed_crowd_concentration"": 1.0, ""simulated_prize_share"": 0.005775061219815841, ""baseline_simulated_prize_share"": 0.0019782618578915914, ""paired_difference_standard_error"": 0.00036237466383449676}, {""assumed_opponents"": 10000, ""assumed_crowd_concentration"": 1.0, ""simulated_prize_share"": 0.0010573697421484532, ""baseline_simulated_prize_share"": 0.00019339550092577716, ""paired_difference_standard_error"": 0.000152518364560096}, {""assumed_opponents"": 100, ""assumed_crowd_concentration"": 2.5, ""simulated_prize_share"": 0.03989789983897518, ""baseline_simulated_prize_share"": 0.01089764200541353, ""paired_difference_standard_error"": 0.0009764773917744258}, {""assumed_opponents"": 1000, ""assumed_crowd_concentration"": 2.5, ""simulated_prize_share"": 0.011718482528313414, ""baseline_simulated_prize_share"": 0.0005933967832346036, ""paired_difference_standard_error"": 0.0004923371674539534}, {""assumed_opponents"": 10000, ""assumed_crowd_concentration"": 2.5, ""simulated_prize_share"": 0.0030120056079341335, ""baseline_simulated_prize_share"": 5.7561408646703885e-05, ""paired_difference_standard_error"": 0.0002442499297065806}, {""assumed_opponents"": 100, ""assumed_crowd_concentration"": 5.0, ""simulated_prize_share"": 0.06554404503730382, ""baseline_simulated_prize_share"": 0.006841040022826032, ""paired_difference_standard_error"": 0.0012290851127553697}, {""assumed_opponents"": 1000, ""assumed_crowd_concentration"": 5.0, ""simulated_prize_share"": 0.027903218419615537, ""baseline_simulated_prize_share"": 0.0002614164055914606, ""paired_difference_standard_error"": 0.0007922683740493743}, {""assumed_opponents"": 10000, ""assumed_crowd_concentration"": 5.0, ""simulated_prize_share"": 0.011366915527908823, ""baseline_simulated_prize_share"": 1.3867420147250263e-05, ""paired_difference_standard_error"": 0.0005035683526097542}]","[{""match_id"": ""19353ec6b2d8db948a30"", ""tip_home"": 1, ""tip_away"": 1}, {""match_id"": ""15f8aed6ed9fa97cb545"", ""tip_home"": 1, ""tip_away"": 1}, {""match_id"": ""1781acc5939dd5c5cb6c"", ""tip_home"": 2, ""tip_away"": 1}, {""match_id"": ""1924f6d90bdfc2bbccab"", ""tip_home"": 1, ""tip_away"": 1}, {""match_id"": ""56ddf3a74898c2fbaa6b"", ""tip_home"": 1, ""tip_away"": 3}, {""match_id"": ""a3292961e491d178daf3"", ""tip_home"": 1, ""tip_away"": 2}, {""match_id"": ""e5e62312bdbd064cf6a8"", ""tip_home"": 1, ""tip_away"": 1}, {""match_id"": ""348bf41fe526a5288b9b"", ""tip_home"": 1, ""tip_away"": 1}, {""match_id"": ""c17e648dbe04beda0976"", ""tip_home"": 1, ""tip_away"": 1}]"
2020-12-29,16,5,8,-4.445485544858937,-6.980163037889253,"[{""assumed_opponents"": 100, ""assumed_crowd_concentration"": 1.0, ""simulated_prize_share"": 0.026096030766976544, ""baseline_simulated_prize_share"": 0.022322852513191663, ""paired_difference_standard_error"": 0.0009168702746524295}, {""assumed_opponents"": 1000, ""assumed_crowd_concentration"": 1.0, ""simulated_prize_share"": 0.005666960135861861, ""baseline_simulated_prize_share"": 0.0023300751566861953, ""paired_difference_standard_error"": 0.0003775938706349246}, {""assumed_opponents"": 10000, ""assumed_crowd_concentration"": 1.0, ""simulated_prize_share"": 0.0012556262139264652, ""baseline_simulated_prize_share"": 0.0002700513412603006, ""paired_difference_standard_error"": 0.00016801876825366338}, {""assumed_opponents"": 100, ""assumed_crowd_concentration"": 2.5, ""simulated_prize_share"": 0.03791672705287422, ""baseline_simulated_prize_share"": 0.011224881497185566, ""paired_difference_standard_error"": 0.0009633889692286401}, {""assumed_opponents"": 1000, ""assumed_crowd_concentration"": 2.5, ""simulated_prize_share"": 0.011362976166817413, ""baseline_simulated_prize_share"": 0.0007938155867750355, ""paired_difference_standard_error"": 0.0004924363434976762}, {""assumed_opponents"": 10000, ""assumed_crowd_concentration"": 2.5, ""simulated_prize_share"": 0.003221517709967408, ""baseline_simulated_prize_share"": 6.5054575681578e-05, ""paired_difference_standard_error"": 0.0002616335761604366}, {""assumed_opponents"": 100, ""assumed_crowd_concentration"": 5.0, ""simulated_prize_share"": 0.060093020275840764, ""baseline_simulated_prize_share"": 0.00673528821270789, ""paired_difference_standard_error"": 0.0011829197057187922}, {""assumed_opponents"": 1000, ""assumed_crowd_concentration"": 5.0, ""simulated_prize_share"": 0.02559748541648088, ""baseline_simulated_prize_share"": 0.00032024535727380574, ""paired_difference_standard_error"": 0.0007627971925391297}, {""assumed_opponents"": 10000, ""assumed_crowd_concentration"": 5.0, ""simulated_prize_share"": 0.010616017882344654, ""baseline_simulated_prize_share"": 2.967557676125293e-05, ""paired_difference_standard_error"": 0.0004928902020244282}]","[{""match_id"": ""3ba09f5b25fe3fa69025"", ""tip_home"": 1, ""tip_away"": 1}, {""match_id"": ""4ed23349facd6e8de45e"", ""tip_home"": 1, ""tip_away"": 1}, {""match_id"": ""514269598fdf61426438"", ""tip_home"": 1, ""tip_away"": 1}, {""match_id"": ""a60f38d1b4bd2428a07d"", ""tip_home"": 1, ""tip_away"": 2}, {""match_id"": ""bb297a7f23b44bc20e0b"", ""tip_home"": 1, ""tip_away"": 1}, {""match_id"": ""e0d22fd4b6ef2609e14e"", ""tip_home"": 1, ""tip_away"": 1}, {""match_id"": ""e1dc3c7f6a0a39da0808"", ""tip_home"": 1, ""tip_away"": 1}, {""match_id"": ""1c83705df9702bc4653d"", ""tip_home"": 3, ""tip_away"": 0}, {""match_id"": ""75dd67e05f20181fa413"", ""tip_home"": 1, ""tip_away"": 1}]"
2021-01-05,6,7,9,-4.436787336113209,-7.131927579788282,"[{""assumed_opponents"": 100, ""assumed_crowd_concentration"": 1.0, ""simulated_prize_share"": 0.02599289470977966, ""baseline_simulated_prize_share"": 0.02319209560006704, ""paired_difference_standard_error"": 0.0009291476128879529}, {""assumed_opponents"": 1000, ""assumed_crowd_concentration"": 1.0, ""simulated_prize_share"": 0.005726375081300772, ""baseline_simulated_prize_share"": 0.002484980515561481, ""paired_difference_standard_error"": 0.0003812306590022873}, {""assumed_opponents"": 10000, ""assumed_crowd_concentration"": 1.0, ""simulated_prize_share"": 0.001373038246695316, ""baseline_simulated_prize_share"": 0.00023328320660051844, ""paired_difference_standard_error"": 0.0001800134676598607}, {""assumed_opponents"": 100, ""assumed_crowd_concentration"": 2.5, ""simulated_prize_share"": 0.037396501249156375, ""baseline_simulated_prize_share"": 0.011001845788534982, ""paired_difference_standard_error"": 0.0009600398273563336}, {""assumed_opponents"": 1000, ""assumed_crowd_concentration"": 2.5, ""simulated_prize_share"": 0.01124516102073118, ""baseline_simulated_prize_share"": 0.0007320219476612541, ""paired_difference_standard_error"": 0.0004909670308083997}, {""assumed_opponents"": 10000, ""assumed_crowd_concentration"": 2.5, ""simulated_prize_share"": 0.0033015557371989124, ""baseline_simulated_prize_share"": 7.164378871756812e-05, ""paired_difference_standard_error"": 0.0002662917500486076}, {""assumed_opponents"": 100, ""assumed_crowd_concentration"": 5.0, ""simulated_prize_share"": 0.05997389288845045, ""baseline_simulated_prize_share"": 0.005548589271899608, ""paired_difference_standard_error"": 0.0011738853916282632}, {""assumed_opponents"": 1000, ""assumed_crowd_concentration"": 5.0, ""simulated_prize_share"": 0.025539760087974497, ""baseline_simulated_prize_share"": 0.00027175599279621583, ""paired_difference_standard_error"": 0.0007612670195631503}, {""assumed_opponents"": 10000, ""assumed_crowd_concentration"": 5.0, ""simulated_prize_share"": 0.010472208297476512, ""baseline_simulated_prize_share"": 1.1368744239487504e-05, ""paired_difference_standard_error"": 0.0004890417458588733}]","[{""match_id"": ""9aef2434afa3ee60c073"", ""tip_home"": 1, ""tip_away"": 1}, {""match_id"": ""386622ad4e7da4c26541"", ""tip_home"": 1, ""tip_away"": 1}, {""match_id"": ""4b91a03d846f396c0ce5"", ""tip_home"": 1, ""tip_away"": 1}, {""match_id"": ""5dd43afe40e6d85d580c"", ""tip_home"": 1, ""tip_away"": 1}, {""match_id"": ""9d57fc3e4107922b6121"", ""tip_home"": 1, ""tip_away"": 1}, {""match_id"": ""a2e4db482b70b8d1610c"", ""tip_home"": 1, ""tip_away"": 1}, {""match_id"": ""de61f1567a27f2c17641"", ""tip_home"": 1, ""tip_away"": 1}, {""match_id"": ""96e23f411dd1e2358a48"", ""tip_home"": 1, ""tip_away"": 1}, {""match_id"": ""ac7839d39db2c3cb3cc9"", ""tip_home"": 1, ""tip_away"": 1}]"
2021-01-12,6,8,6,-4.774028158352082,-7.158320526845273,"[{""assumed_opponents"": 100, ""assumed_crowd_concentration"": 1.0, ""simulated_prize_share"": 0.02597796403309433, ""baseline_simulated_prize_share"": 0.020636388982312973, ""paired_difference_standard_error"": 0.0008836414812759317}, {""assumed_opponents"": 1000, ""assumed_crowd_concentration"": 1.0, ""simulated_prize_share"": 0.004683338065345403, ""baseline_simulated_prize_share"": 0.0022127131821757587, ""paired_difference_standard_error"": 0.0003393218519044414}, {""assumed_opponents"": 10000, ""assumed_crowd_concentration"": 1.0, ""simulated_prize_share"": 0.0007080391427108494, ""baseline_simulated_prize_share"": 0.00027476117927739224, ""paired_difference_standard_error"": 0.0001262806853102821}, {""assumed_opponents"": 100, ""assumed_crowd_concentration"": 2.5, ""simulated_prize_share"": 0.03392532365015571, ""baseline_simulated_prize_share"": 0.010341924387534483, ""paired_difference_standard_error"": 0.0008928778367292913}, {""assumed_opponents"": 1000, ""assumed_crowd_concentration"": 2.5, ""simulated_prize_share"": 0.008227012561390596, ""baseline_simulated_prize_share"": 0.0008567943592628056, ""paired_difference_standard_error"": 0.00041294963355224774}, {""assumed_opponents"": 10000, ""assumed_crowd_concentration"": 2.5, ""simulated_prize_share"": 0.0018548136159477788, ""baseline_simulated_prize_share"": 9.265799118023984e-05, ""paired_difference_standard_error"": 0.00018634696325154788}, {""assumed_opponents"": 100, ""assumed_crowd_concentration"": 5.0, ""simulated_prize_share"": 0.050467225495112955, ""baseline_simulated_prize_share"": 0.004986397072582336, ""paired_difference_standard_error"": 0.001050583577274284}, {""assumed_opponents"": 1000, ""assumed_crowd_concentration"": 5.0, ""simulated_prize_share"": 0.017175854145358625, ""baseline_simulated_prize_share"": 0.000284825986284066, ""paired_difference_standard_error"": 0.0006046624109163945}, {""assumed_opponents"": 10000, ""assumed_crowd_concentration"": 5.0, ""simulated_prize_share"": 0.005659540004504126, ""baseline_simulated_prize_share"": 7.16781112565118e-06, ""paired_difference_standard_error"": 0.000348968908245197}]","[{""match_id"": ""4a7596fd114142611658"", ""tip_home"": 1, ""tip_away"": 1}, {""match_id"": ""16ee4eb581ef403c3ea4"", ""tip_home"": 1, ""tip_away"": 1}, {""match_id"": ""6a19a1945ec7542a2bb2"", ""tip_home"": 1, ""tip_away"": 1}, {""match_id"": ""ac563356d498b755b205"", ""tip_home"": 1, ""tip_away"": 2}, {""match_id"": ""c7e956197fb5719717bf"", ""tip_home"": 2, ""tip_away"": 0}, {""match_id"": ""c969c9e7dbe3f916038d"", ""tip_home"": 1, ""tip_away"": 0}, {""match_id"": ""ccd7a56f81e673dbb567"", ""tip_home"": 1, ""tip_away"": 1}, {""match_id"": ""6402a4b1586806e18f5e"", ""tip_home"": 3, ""tip_away"": 0}, {""match_id"": ""ec063d9b057c45c26804"", ""tip_home"": 1, ""tip_away"": 1}]"
2021-01-26,16,13,7,-4.353745001193741,-7.362675691197113,"[{""assumed_opponents"": 100, ""assumed_crowd_concentration"": 1.0, ""simulated_prize_share"": 0.031411209951903725, ""baseline_simulated_prize_share"": 0.02235803117150003, ""paired_difference_standard_error"": 0.0009647955394414073}, {""assumed_opponents"": 1000, ""assumed_crowd_concentration"": 1.0, ""simulated_prize_share"": 0.0066175743417370685, ""baseline_simulated_prize_share"": 0.0022716255144909596, ""paired_difference_standard_error"": 0.00039603970791915}, {""assumed_opponents"": 10000, ""assumed_crowd_concentration"": 1.0, ""simulated_prize_share"": 0.001342722764102335, ""baseline_simulated_prize_share"": 0.00028101336259593336, ""paired_difference_standard_error"": 0.00016525847867644852}, {""assumed_opponents"": 100, ""assumed_crowd_concentration"": 2.5, ""simulated_prize_share"": 0.04227619306983352, ""baseline_simulated_prize_share"": 0.009749909740198579, ""paired_difference_standard_error"": 0.0009861913910830307}, {""assumed_opponents"": 1000, ""assumed_crowd_concentration"": 2.5, ""simulated_prize_share"": 0.01173653765844651, ""baseline_simulated_prize_share"": 0.00063183721349517, ""paired_difference_standard_error"": 0.0004914443742742436}, {""assumed_opponents"": 10000, ""assumed_crowd_concentration"": 2.5, ""simulated_prize_share"": 0.003117167576216891, ""baseline_simulated_prize_share"": 4.2215905598481094e-05, ""paired_difference_standard_error"": 0.00025034612664853246}, {""assumed_opponents"": 100, ""assumed_crowd_concentration"": 5.0, ""simulated_prize_share"": 0.07014279932018483, ""baseline_simulated_prize_share"": 0.004899828759862666, ""paired_difference_standard_error"": 0.0012488513168521153}, {""assumed_opponents"": 1000, ""assumed_crowd_concentration"": 5.0, ""simulated_prize_share"": 0.029008287586154285, ""baseline_simulated_prize_share"": 0.00017917091319152504, ""paired_difference_standard_error"": 0.0007986069731926801}, {""assumed_opponents"": 10000, ""assumed_crowd_concentration"": 5.0, ""simulated_prize_share"": 0.010941127552666609, ""baseline_simulated_prize_share"": 5.11502304152604e-06, ""paired_difference_standard_error"": 0.0004887048422019066}]","[{""match_id"": ""10e9c8b385667308c56a"", ""tip_home"": 1, ""tip_away"": 1}, {""match_id"": ""0e547f730ace2a657a94"", ""tip_home"": 1, ""tip_away"": 1}, {""match_id"": ""1eb16aab7543dc04ac79"", ""tip_home"": 2, ""tip_away"": 1}, {""match_id"": ""53ce89b9a57a105c42e9"", ""tip_home"": 1, ""tip_away"": 1}, {""match_id"": ""75aae8320fc848bd4430"", ""tip_home"": 1, ""tip_away"": 1}, {""match_id"": ""8c70a613b92eaa1a9fdc"", ""tip_home"": 3, ""tip_away"": 0}, {""match_id"": ""f0eac2a3884378737a27"", ""tip_home"": 1, ""tip_away"": 1}, {""match_id"": ""22f2cc1115be943eff9d"", ""tip_home"": 0, ""tip_away"": 0}, {""match_id"": ""b26111f35db264465153"", ""tip_home"": 1, ""tip_away"": 1}]"
2021-02-09,4,14,6,-4.467933876446189,-6.98181199797622,"[{""assumed_opponents"": 100, ""assumed_crowd_concentration"": 1.0, ""simulated_prize_share"": 0.02420323919631921, ""baseline_simulated_prize_share"": 0.022967874619272945, ""paired_difference_standard_error"": 0.000902623203500579}, {""assumed_opponents"": 1000, ""assumed_crowd_concentration"": 1.0, ""simulated_prize_share"": 0.0058421046568239215, ""baseline_simulated_prize_share"": 0.002220281922724614, ""paired_difference_standard_error"": 0.00038237915654996735}, {""assumed_opponents"": 10000, ""assumed_crowd_concentration"": 1.0, ""simulated_prize_share"": 0.0012986824374395995, ""baseline_simulated_prize_share"": 0.00022027777670733447, ""paired_difference_standard_error"": 0.00016100176004912704}, {""assumed_opponents"": 100, ""assumed_crowd_concentration"": 2.5, ""simulated_prize_share"": 0.03577449156214565, ""baseline_simulated_prize_share"": 0.013756346781003195, ""paired_difference_standard_error"": 0.0009708064343349653}, {""assumed_opponents"": 1000, ""assumed_crowd_concentration"": 2.5, ""simulated_prize_share"": 0.0117411898927213, ""baseline_simulated_prize_share"": 0.0009571672457841579, ""paired_difference_standard_error"": 0.0005158183114256966}, {""assumed_opponents"": 10000, ""assumed_crowd_concentration"": 2.5, ""simulated_prize_share"": 0.004092379264782681, ""baseline_simulated_prize_share"": 6.048521414067887e-05, ""paired_difference_standard_error"": 0.00029710408953895326}, {""assumed_opponents"": 100, ""assumed_crowd_concentration"": 5.0, ""simulated_prize_share"": 0.049737230265813295, ""baseline_simulated_prize_share"": 0.008936261452002207, ""paired_difference_standard_error"": 0.0011069501984862585}, {""assumed_opponents"": 1000, ""assumed_crowd_concentration"": 5.0, ""simulated_prize_share"": 0.021884192385649516, ""baseline_simulated_prize_share"": 0.0004940981513183008, ""paired_difference_standard_error"": 0.0007146932928311455}, {""assumed_opponents"": 10000, ""assumed_crowd_concentration"": 5.0, ""simulated_prize_share"": 0.010008969729804008, ""baseline_simulated_prize_share"": 1.2999579432997021e-05, ""paired_difference_standard_error"": 0.00048815114970771555}]","[{""match_id"": ""fe9c536524323cb8ac30"", ""tip_home"": 2, ""tip_away"": 0}, {""match_id"": ""2a7706907f591a1ccf17"", ""tip_home"": 1, ""tip_away"": 1}, {""match_id"": ""3f8d1c4f608f7ebd49f7"", ""tip_home"": 1, ""tip_away"": 2}, {""match_id"": ""df3057cb06d0b768a009"", ""tip_home"": 1, ""tip_away"": 2}, {""match_id"": ""f02dfe7eb2b4a699f095"", ""tip_home"": 1, ""tip_away"": 1}, {""match_id"": ""f298fc50e233811612c8"", ""tip_home"": 1, ""tip_away"": 1}, {""match_id"": ""05d790c7963e289c0f92"", ""tip_home"": 1, ""tip_away"": 1}, {""match_id"": ""e9b916d633f0fef009ca"", ""tip_home"": 1, ""tip_away"": 1}, {""match_id"": ""0f105cf507a4e3f77592"", ""tip_home"": 2, ""tip_away"": 0}]"
2021-02-16,11,6,7,-4.241842389206494,-7.122081160282467,"[{""assumed_opponents"": 100, ""assumed_crowd_concentration"": 1.0, ""simulated_prize_share"": 0.0284113248441158, ""baseline_simulated_prize_share"": 0.02506546347983559, ""paired_difference_standard_error"": 0.0009660051292238975}, {""assumed_opponents"": 1000, ""assumed_crowd_concentration"": 1.0, ""simulated_prize_share"": 0.006438347066988085, ""baseline_simulated_prize_share"": 0.0025608295367573405, ""paired_difference_standard_error"": 0.00039930273914472436}, {""assumed_opponents"": 10000, ""assumed_crowd_concentration"": 1.0, ""simulated_prize_share"": 0.0015042882545699874, ""baseline_simulated_prize_share"": 0.00020087973111600362, ""paired_difference_standard_error"": 0.000174137925324998}, {""assumed_opponents"": 100, ""assumed_crowd_concentration"": 2.5, ""simulated_prize_share"": 0.042905718623284864, ""baseline_simulated_prize_share"": 0.012429295338827057, ""paired_difference_standard_error"": 0.0010313965722987398}, {""assumed_opponents"": 1000, ""assumed_crowd_concentration"": 2.5, ""simulated_prize_share"": 0.013826805743404174, ""baseline_simulated_prize_share"": 0.0007657696460050722, ""paired_difference_standard_error"": 0.0005452180593396236}, {""assumed_opponents"": 10000, ""assumed_crowd_concentration"": 2.5, ""simulated_prize_share"": 0.004185803007890282, ""baseline_simulated_prize_share"": 4.140131027533478e-05, ""paired_difference_standard_error"": 0.0002963630648638458}, {""assumed_opponents"": 100, ""assumed_crowd_concentration"": 5.0, ""simulated_prize_share"": 0.0722977792786307, ""baseline_simulated_prize_share"": 0.008322918109977259, ""paired_difference_standard_error"": 0.0013111264830502555}, {""assumed_opponents"": 1000, ""assumed_crowd_concentration"": 5.0, ""simulated_prize_share"": 0.034041336624769394, ""baseline_simulated_prize_share"": 0.000351694205358992, ""paired_difference_standard_error"": 0.0008863611732368472}, {""assumed_opponents"": 10000, ""assumed_crowd_concentration"": 5.0, ""simulated_prize_share"": 0.015645051307476798, ""baseline_simulated_prize_share"": 9.769739145236315e-06, ""paired_difference_standard_error"": 0.0006046414522096384}]","[{""match_id"": ""48890da9419ff23f1736"", ""tip_home"": 0, ""tip_away"": 0}, {""match_id"": ""689d7894f0800e484ea4"", ""tip_home"": 1, ""tip_away"": 1}, {""match_id"": ""a88c371f14ecab03ea65"", ""tip_home"": 1, ""tip_away"": 1}, {""match_id"": ""a93968c7d4dad850809d"", ""tip_home"": 1, ""tip_away"": 1}, {""match_id"": ""c2e9caa0cef8fc4ee163"", ""tip_home"": 1, ""tip_away"": 1}, {""match_id"": ""e5caf1a8b47ace1f3c99"", ""tip_home"": 0, ""tip_away"": 2}, {""match_id"": ""048560645247fe64ec15"", ""tip_home"": 1, ""tip_away"": 1}, {""match_id"": ""3f8f2160da3574937efb"", ""tip_home"": 1, ""tip_away"": 1}, {""match_id"": ""d5a3766a8d71be7bf4cc"", ""tip_home"": 1, ""tip_away"": 1}]"
2021-02-23,11,8,7,-4.244429652358205,-7.716006863532534,"[{""assumed_opponents"": 100, ""assumed_crowd_concentration"": 1.0, ""simulated_prize_share"": 0.029193935997205114, ""baseline_simulated_prize_share"": 0.02176873725979379, ""paired_difference_standard_error"": 0.000940056222790041}, {""assumed_opponents"": 1000, ""assumed_crowd_concentration"": 1.0, ""simulated_prize_share"": 0.006574342046772465, ""baseline_simulated_prize_share"": 0.001973215326104262, ""paired_difference_standard_error"": 0.0003890379531054413}, {""assumed_opponents"": 10000, ""assumed_crowd_concentration"": 1.0, ""simulated_prize_share"": 0.001394340864176934, ""baseline_simulated_prize_share"": 0.000133671168752675, ""paired_difference_standard_error"": 0.0001636029473095585}, {""assumed_opponents"": 100, ""assumed_crowd_concentration"": 2.5, ""simulated_prize_share"": 0.043913479725371726, ""baseline_simulated_prize_share"": 0.00969560585348525, ""paired_difference_standard_error"": 0.0010163110599841615}, {""assumed_opponents"": 1000, ""assumed_crowd_concentration"": 2.5, ""simulated_prize_share"": 0.013888490078290393, ""baseline_simulated_prize_share"": 0.0005038794338010716, ""paired_difference_standard_error"": 0.0005422129900947263}, {""assumed_opponents"": 10000, ""assumed_crowd_concentration"": 2.5, ""simulated_prize_share"": 0.004303413479796318, ""baseline_simulated_prize_share"": 1.3797289097121224e-05, ""paired_difference_standard_error"": 0.00029785806561205075}, {""assumed_opponents"": 100, ""assumed_crowd_concentration"": 5.0, ""simulated_prize_share"": 0.07351084519663993, ""baseline_simulated_prize_share"": 0.005820102799647512, ""paired_difference_standard_error"": 0.0012992931489564216}, {""assumed_opponents"": 1000, ""assumed_crowd_concentration"": 5.0, ""simulated_prize_share"": 0.0334506025363545, ""baseline_simulated_prize_share"": 0.00022347771207893315, ""paired_difference_standard_error"": 0.0008717430300066097}, {""assumed_opponents"": 10000, ""assumed_crowd_concentration"": 5.0, ""simulated_prize_share"": 0.014882414069995471, ""baseline_simulated_prize_share"": 1.376960516788785e-06, ""paired_difference_standard_error"": 0.0005876588584811136}]","[{""match_id"": ""e5ad5963472ea5556492"", ""tip_home"": 1, ""tip_away"": 1}, {""match_id"": ""1f7d4721b85f98be2309"", ""tip_home"": 2, ""tip_away"": 0}, {""match_id"": ""5e88e6101ae8b193661c"", ""tip_home"": 1, ""tip_away"": 1}, {""match_id"": ""8f170ee73e3d398b5be1"", ""tip_home"": 1, ""tip_away"": 1}, {""match_id"": ""ecc81b94a2c5a682924d"", ""tip_home"": 1, ""tip_away"": 1}, {""match_id"": ""f8f4d56ac527040cabd4"", ""tip_home"": 2, ""tip_away"": 0}, {""match_id"": ""02230fa4da7b030eddca"", ""tip_home"": 1, ""tip_away"": 1}, {""match_id"": ""401517184eff0dcf7b8a"", ""tip_home"": 1, ""tip_away"": 1}, {""match_id"": ""444aa0338b36ff2b102a"", ""tip_home"": 1, ""tip_away"": 1}]"
2021-03-02,12,14,8,-4.532781110125552,-6.8652400073505,"[{""assumed_opponents"": 100, ""assumed_crowd_concentration"": 1.0, ""simulated_prize_share"": 0.029856458120146572, ""baseline_simulated_prize_share"": 0.02499197201608184, ""paired_difference_standard_error"": 0.0009807596877304864}, {""assumed_opponents"": 1000, ""assumed_crowd_concentration"": 1.0, ""simulated_prize_share"": 0.006240597274629159, ""baseline_simulated_prize_share"": 0.003106091567900362, ""paired_difference_standard_error"": 0.0004058722477434267}, {""assumed_opponents"": 10000, ""assumed_crowd_concentration"": 1.0, ""simulated_prize_share"": 0.0011490099930461426, ""baseline_simulated_prize_share"": 0.0003787863562837146, ""paired_difference_standard_error"": 0.00016748352496056575}, {""assumed_opponents"": 100, ""assumed_crowd_concentration"": 2.5, ""simulated_prize_share"": 0.03829782903053511, ""baseline_simulated_prize_share"": 0.013631399037241436, ""paired_difference_standard_error"": 0.0009798596749698632}, {""assumed_opponents"": 1000, ""assumed_crowd_concentration"": 2.5, ""simulated_prize_share"": 0.010197183157036311, ""baseline_simulated_prize_share"": 0.001108652814550077, ""paired_difference_standard_error"": 0.0004636664300455602}, {""assumed_opponents"": 10000, ""assumed_crowd_concentration"": 2.5, ""simulated_prize_share"": 0.002431107055218858, ""baseline_simulated_prize_share"": 9.710082944746622e-05, ""paired_difference_standard_error"": 0.00021821165014072235}, {""assumed_opponents"": 100, ""assumed_crowd_concentration"": 5.0, ""simulated_prize_share"": 0.057841431064903824, ""baseline_simulated_prize_share"": 0.007442186038445145, ""paired_difference_standard_error"": 0.0011486453032811018}, {""assumed_opponents"": 1000, ""assumed_crowd_concentration"": 5.0, ""simulated_prize_share"": 0.02165651562272572, ""baseline_simulated_prize_share"": 0.0004015911204493125, ""paired_difference_standard_error"": 0.0006874725006342296}, {""assumed_opponents"": 10000, ""assumed_crowd_concentration"": 5.0, ""simulated_prize_share"": 0.00753475724545018, ""baseline_simulated_prize_share"": 1.1369062763887216e-05, ""paired_difference_standard_error"": 0.00040224883905581795}]","[{""match_id"": ""444d0f1f18996dca3416"", ""tip_home"": 1, ""tip_away"": 1}, {""match_id"": ""3a3868dc1f07d9f0ee1a"", ""tip_home"": 1, ""tip_away"": 1}, {""match_id"": ""a351c4f741810932e396"", ""tip_home"": 1, ""tip_away"": 1}, {""match_id"": ""a4c155a06af2cb5c1b1a"", ""tip_home"": 1, ""tip_away"": 1}, {""match_id"": ""b8081c1470f9f752536d"", ""tip_home"": 1, ""tip_away"": 1}, {""match_id"": ""d3f0586790e025d59304"", ""tip_home"": 1, ""tip_away"": 1}, {""match_id"": ""f9ee0792fcc906fd874b"", ""tip_home"": 1, ""tip_away"": 1}, {""match_id"": ""60087b89e51c536dba16"", ""tip_home"": 1, ""tip_away"": 1}, {""match_id"": ""67aeb1fe5057b48eef28"", ""tip_home"": 1, ""tip_away"": 1}]"
2021-03-16,16,9,6,-4.3479199966544675,-7.939004058688487,"[{""assumed_opponents"": 100, ""assumed_crowd_concentration"": 1.0, ""simulated_prize_share"": 0.02995352300463408, ""baseline_simulated_prize_share"": 0.021970997887567817, ""paired_difference_standard_error"": 0.000942949084156401}, {""assumed_opponents"": 1000, ""assumed_crowd_concentration"": 1.0, ""simulated_prize_share"": 0.006265280660126077, ""baseline_simulated_prize_share"": 0.0018155081299742533, ""paired_difference_standard_error"": 0.0003719607379621063}, {""assumed_opponents"": 10000, ""assumed_crowd_concentration"": 1.0, ""simulated_prize_share"": 0.0010245337434546258, ""baseline_simulated_prize_share"": 0.00014782928414554754, ""paired_difference_standard_error"": 0.0001332374215276479}, {""assumed_opponents"": 100, ""assumed_crowd_concentration"": 2.5, ""simulated_prize_share"": 0.04243844209677175, ""baseline_simulated_prize_share"": 0.009244490282258936, ""paired_difference_standard_error"": 0.0009888880015019009}, {""assumed_opponents"": 1000, ""assumed_crowd_concentration"": 2.5, ""simulated_prize_share"": 0.012427588196230677, ""baseline_simulated_prize_share"": 0.0004600232244145304, ""paired_difference_standard_error"": 0.0005064441083347719}, {""assumed_opponents"": 10000, ""assumed_crowd_concentration"": 2.5, ""simulated_prize_share"": 0.003385449085165851, ""baseline_simulated_prize_share"": 1.084282781792022e-05, ""paired_difference_standard_error"": 0.0002541009997699867}, {""assumed_opponents"": 100, ""assumed_crowd_concentration"": 5.0, ""simulated_prize_share"": 0.07362496163196874, ""baseline_simulated_prize_share"": 0.005210635259938932, ""paired_difference_standard_error"": 0.0012815883181220196}, {""assumed_opponents"": 1000, ""assumed_crowd_concentration"": 5.0, ""simulated_prize_share"": 0.031453142058754505, ""baseline_simulated_prize_share"": 0.00014864129418846336, ""paired_difference_standard_error"": 0.000836760912437915}, {""assumed_opponents"": 10000, ""assumed_crowd_concentration"": 5.0, ""simulated_prize_share"": 0.012738979576629316, ""baseline_simulated_prize_share"": 4.423491672590092e-07, ""paired_difference_standard_error"": 0.0005361434932495283}]","[{""match_id"": ""7176ff0bcfd18e192239"", ""tip_home"": 0, ""tip_away"": 2}, {""match_id"": ""067610da90f004b388d6"", ""tip_home"": 1, ""tip_away"": 1}, {""match_id"": ""4d651343b07b29acc04f"", ""tip_home"": 3, ""tip_away"": 1}, {""match_id"": ""63811d08ecc857aa14f4"", ""tip_home"": 1, ""tip_away"": 1}, {""match_id"": ""a58dd381501352bccaf6"", ""tip_home"": 0, ""tip_away"": 2}, {""match_id"": ""f016950ad52cbd735c23"", ""tip_home"": 1, ""tip_away"": 1}, {""match_id"": ""555617432307c77f6d31"", ""tip_home"": 1, ""tip_away"": 1}, {""match_id"": ""942188eea832682a3999"", ""tip_home"": 1, ""tip_away"": 1}, {""match_id"": ""f4ecd808de8b00147604"", ""tip_home"": 1, ""tip_away"": 1}]"
2021-03-30,19,9,7,-4.42879894488646,-6.640873446177214,"[{""assumed_opponents"": 100, ""assumed_crowd_concentration"": 1.0, ""simulated_prize_share"": 0.027866250334036165, ""baseline_simulated_prize_share"": 0.026980973732505048, ""paired_difference_standard_error"": 0.0009725399693813167}, {""assumed_opponents"": 1000, ""assumed_crowd_concentration"": 1.0, ""simulated_prize_share"": 0.0058170639422912805, ""baseline_simulated_prize_share"": 0.0030190885285968846, ""paired_difference_standard_error"": 0.00039478262754685627}, {""assumed_opponents"": 10000, ""assumed_crowd_concentration"": 1.0, ""simulated_prize_share"": 0.0010429879739867485, ""baseline_simulated_prize_share"": 0.00040761674400020695, ""paired_difference_standard_error"": 0.00015749522490642176}, {""assumed_opponents"": 100, ""assumed_crowd_concentration"": 2.5, ""simulated_prize_share"": 0.0402633816484189, ""baseline_simulated_prize_share"": 0.01423320357730386, ""paired_difference_standard_error"": 0.0010068842829561925}, {""assumed_opponents"": 1000, ""assumed_crowd_concentration"": 2.5, ""simulated_prize_share"": 0.011453031256447758, ""baseline_simulated_prize_share"": 0.0011155378435997547, ""paired_difference_standard_error"": 0.0004960796511553566}, {""assumed_opponents"": 10000, ""assumed_crowd_concentration"": 2.5, ""simulated_prize_share"": 0.0029810228294236216, ""baseline_simulated_prize_share"": 0.00011606633162340855, ""paired_difference_standard_error"": 0.00024360885842554902}, {""assumed_opponents"": 100, ""assumed_crowd_concentration"": 5.0, ""simulated_prize_share"": 0.06700308248026247, ""baseline_simulated_prize_share"": 0.0093681862735279, ""paired_difference_standard_error"": 0.0012552643403480142}, {""assumed_opponents"": 1000, ""assumed_crowd_concentration"": 5.0, ""simulated_prize_share"": 0.02806550149428006, ""baseline_simulated_prize_share"": 0.0004999487398502211, ""paired_difference_standard_error"": 0.0007941825587172215}, {""assumed_opponents"": 10000, ""assumed_crowd_concentration"": 5.0, ""simulated_prize_share"": 0.011190468079523527, ""baseline_simulated_prize_share"": 3.853790129676773e-05, ""paired_difference_standard_error"": 0.0005001345063024902}]","[{""match_id"": ""3dd3d328c8e525b4f5e0"", ""tip_home"": 0, ""tip_away"": 0}, {""match_id"": ""5eb80a511a4cfe6eb611"", ""tip_home"": 1, ""tip_away"": 1}, {""match_id"": ""60bb93acaf93974904b3"", ""tip_home"": 2, ""tip_away"": 0}, {""match_id"": ""6ce41cadac67bfe4e4e9"", ""tip_home"": 1, ""tip_away"": 1}, {""match_id"": ""a367825c135e08c327d8"", ""tip_home"": 1, ""tip_away"": 1}, {""match_id"": ""d33f26cebfc874994ab4"", ""tip_home"": 1, ""tip_away"": 1}, {""match_id"": ""e4e94d125473bc942726"", ""tip_home"": 1, ""tip_away"": 1}, {""match_id"": ""365c36cb63bdd07cd782"", ""tip_home"": 1, ""tip_away"": 1}, {""match_id"": ""403c7712b767eceba024"", ""tip_home"": 1, ""tip_away"": 1}]"
2021-04-06,11,14,9,-4.775258364593801,-6.909182507793211,"[{""assumed_opponents"": 100, ""assumed_crowd_concentration"": 1.0, ""simulated_prize_share"": 0.023839138733911858, ""baseline_simulated_prize_share"": 0.02155899664463908, ""paired_difference_standard_error"": 0.0008922242500837613}, {""assumed_opponents"": 1000, ""assumed_crowd_concentration"": 1.0, ""simulated_prize_share"": 0.0052925180680399656, ""baseline_simulated_prize_share"": 0.0025058539714745277, ""paired_difference_standard_error"": 0.00037012009727130634}, {""assumed_opponents"": 10000, ""assumed_crowd_concentration"": 1.0, ""simulated_prize_share"": 0.0010832845277996576, ""baseline_simulated_prize_share"": 0.00024965456036457763, ""paired_difference_standard_error"": 0.00016177724414052216}, {""assumed_opponents"": 100, ""assumed_crowd_concentration"": 2.5, ""simulated_prize_share"": 0.03058088870294829, ""baseline_simulated_prize_share"": 0.013300875102538127, ""paired_difference_standard_error"": 0.000901547352550363}, {""assumed_opponents"": 1000, ""assumed_crowd_concentration"": 2.5, ""simulated_prize_share"": 0.00856622829591184, ""baseline_simulated_prize_share"": 0.0011144365942646057, ""paired_difference_standard_error"": 0.00043559339336694846}, {""assumed_opponents"": 10000, ""assumed_crowd_concentration"": 2.5, ""simulated_prize_share"": 0.002263024181148541, ""baseline_simulated_prize_share"": 0.00010128520109943881, ""paired_difference_standard_error"": 0.00021508734174153346}, {""assumed_opponents"": 100, ""assumed_crowd_concentration"": 5.0, ""simulated_prize_share"": 0.03961357514388755, ""baseline_simulated_prize_share"": 0.007362173546520253, ""paired_difference_standard_error"": 0.0009645199613228189}, {""assumed_opponents"": 1000, ""assumed_crowd_concentration"": 5.0, ""simulated_prize_share"": 0.013687750240344111, ""baseline_simulated_prize_share"": 0.00039903407587937737, ""paired_difference_standard_error"": 0.0005526501561106745}, {""assumed_opponents"": 10000, ""assumed_crowd_concentration"": 5.0, ""simulated_prize_share"": 0.0049247510329216496, ""baseline_simulated_prize_share"": 1.659587078407542e-05, ""paired_difference_standard_error"": 0.00032438377603562674}]","[{""match_id"": ""0544d93d3b1258c980b4"", ""tip_home"": 1, ""tip_away"": 0}, {""match_id"": ""2bd16b8e6728a31451b4"", ""tip_home"": 1, ""tip_away"": 1}, {""match_id"": ""4a776adbcf1e41b1deaa"", ""tip_home"": 1, ""tip_away"": 1}, {""match_id"": ""52ec1ee77ab0fbbac3de"", ""tip_home"": 0, ""tip_away"": 1}, {""match_id"": ""76521e513988509ed31f"", ""tip_home"": 1, ""tip_away"": 1}, {""match_id"": ""eca2b2dea43ba3d4e91f"", ""tip_home"": 1, ""tip_away"": 1}, {""match_id"": ""987377f6f5ed98970266"", ""tip_home"": 1, ""tip_away"": 1}, {""match_id"": ""c530ba3a18f97da3d716"", ""tip_home"": 1, ""tip_away"": 1}, {""match_id"": ""4db3b8e625771801234d"", ""tip_home"": 1, ""tip_away"": 1}]"
2021-05-18,18,8,7,-4.701856939827757,-7.031704989191143,"[{""assumed_opponents"": 100, ""assumed_crowd_concentration"": 1.0, ""simulated_prize_share"": 0.01997965762418989, ""baseline_simulated_prize_share"": 0.02291285198106096, ""paired_difference_standard_error"": 0.0008554986530077079}, {""assumed_opponents"": 1000, ""assumed_crowd_concentration"": 1.0, ""simulated_prize_share"": 0.004502229835667184, ""baseline_simulated_prize_share"": 0.0024289074513289266, ""paired_difference_standard_error"": 0.00034845010777977587}, {""assumed_opponents"": 10000, ""assumed_crowd_concentration"": 1.0, ""simulated_prize_share"": 0.0008650299073147327, ""baseline_simulated_prize_share"": 0.00024699488688453093, ""paired_difference_standard_error"": 0.00013254916555614077}, {""assumed_opponents"": 100, ""assumed_crowd_concentration"": 2.5, ""simulated_prize_share"": 0.029856762289068736, ""baseline_simulated_prize_share"": 0.013017829666350395, ""paired_difference_standard_error"": 0.0008975532501219872}, {""assumed_opponents"": 1000, ""assumed_crowd_concentration"": 2.5, ""simulated_prize_share"": 0.00934032004782984, ""baseline_simulated_prize_share"": 0.0010195865652892165, ""paired_difference_standard_error"": 0.00045896302271073407}, {""assumed_opponents"": 10000, ""assumed_crowd_concentration"": 2.5, ""simulated_prize_share"": 0.0028333707002493056, ""baseline_simulated_prize_share"": 5.771825139885343e-05, ""paired_difference_standard_error"": 0.00024247529421656227}, {""assumed_opponents"": 100, ""assumed_crowd_concentration"": 5.0, ""simulated_prize_share"": 0.04528465486132366, ""baseline_simulated_prize_share"": 0.008228117939790027, ""paired_difference_standard_error"": 0.0010533448608743825}, {""assumed_opponents"": 1000, ""assumed_crowd_concentration"": 5.0, ""simulated_prize_share"": 0.018934026810917715, ""baseline_simulated_prize_share"": 0.0004511787293984565, ""paired_difference_standard_error"": 0.0006597112831618898}, {""assumed_opponents"": 10000, ""assumed_crowd_concentration"": 5.0, ""simulated_prize_share"": 0.007945780143805358, ""baseline_simulated_prize_share"": 8.383413050586136e-06, ""paired_difference_standard_error"": 0.000428793308994425}]","[{""match_id"": ""033706d9af14b6d3bfe0"", ""tip_home"": 1, ""tip_away"": 2}, {""match_id"": ""036fd9697e4c3875b818"", ""tip_home"": 1, ""tip_away"": 1}, {""match_id"": ""1064c09c6df2956ddd81"", ""tip_home"": 2, ""tip_away"": 0}, {""match_id"": ""61acce5095d1430d7c8d"", ""tip_home"": 1, ""tip_away"": 1}, {""match_id"": ""71d2ca190cc1b6b2069c"", ""tip_home"": 1, ""tip_away"": 1}, {""match_id"": ""8522a52ae5f5125e7138"", ""tip_home"": 1, ""tip_away"": 1}, {""match_id"": ""93cd85484dceeb5b420a"", ""tip_home"": 1, ""tip_away"": 1}, {""match_id"": ""a0942ecb36c208532a75"", ""tip_home"": 0, ""tip_away"": 0}, {""match_id"": ""ae78630306a5f312c535"", ""tip_home"": 2, ""tip_away"": 1}]"
2021-08-10,11,10,7,-4.659081063647682,-6.993884672972239,"[{""assumed_opponents"": 100, ""assumed_crowd_concentration"": 1.0, ""simulated_prize_share"": 0.028741033209376442, ""baseline_simulated_prize_share"": 0.021763724270654608, ""paired_difference_standard_error"": 0.0009316555806986033}, {""assumed_opponents"": 1000, ""assumed_crowd_concentration"": 1.0, ""simulated_prize_share"": 0.005590251550661687, ""baseline_simulated_prize_share"": 0.002125306743458121, ""paired_difference_standard_error"": 0.0003575260382250131}, {""assumed_opponents"": 10000, ""assumed_crowd_concentration"": 1.0, ""simulated_prize_share"": 0.0009324030785242302, ""baseline_simulated_prize_share"": 0.0001780267690725701, ""paired_difference_standard_error"": 0.00013698317956853382}, {""assumed_opponents"": 100, ""assumed_crowd_concentration"": 2.5, ""simulated_prize_share"": 0.03658901978095693, ""baseline_simulated_prize_share"": 0.013165194220680345, ""paired_difference_standard_error"": 0.0009539844508980313}, {""assumed_opponents"": 1000, ""assumed_crowd_concentration"": 2.5, ""simulated_prize_share"": 0.009321807255145769, ""baseline_simulated_prize_share"": 0.0009589371353345357, ""paired_difference_standard_error"": 0.00043889010625444317}, {""assumed_opponents"": 10000, ""assumed_crowd_concentration"": 2.5, ""simulated_prize_share"": 0.002109562839543445, ""baseline_simulated_prize_share"": 5.826636251892712e-05, ""paired_difference_standard_error"": 0.00019817334858958832}, {""assumed_opponents"": 100, ""assumed_crowd_concentration"": 5.0, ""simulated_prize_share"": 0.050448959720418435, ""baseline_simulated_prize_share"": 0.009132714113217266, ""paired_difference_standard_error"": 0.0010923352312665641}, {""assumed_opponents"": 1000, ""assumed_crowd_concentration"": 5.0, ""simulated_prize_share"": 0.018039748202967377, ""baseline_simulated_prize_share"": 0.0005143828663731745, ""paired_difference_standard_error"": 0.0006255291988213593}, {""assumed_opponents"": 10000, ""assumed_crowd_concentration"": 5.0, ""simulated_prize_share"": 0.006275058178390991, ""baseline_simulated_prize_share"": 1.618782491110054e-05, ""paired_difference_standard_error"": 0.00036730486900586227}]","[{""match_id"": ""1955114efd784a44f934"", ""tip_home"": 1, ""tip_away"": 1}, {""match_id"": ""671024c8fe45b8c9e960"", ""tip_home"": 1, ""tip_away"": 1}, {""match_id"": ""92dc0aac25b8595bea28"", ""tip_home"": 1, ""tip_away"": 1}, {""match_id"": ""97c8cf4f245cd24ddd87"", ""tip_home"": 1, ""tip_away"": 1}, {""match_id"": ""b3c591109134d351fabb"", ""tip_home"": 1, ""tip_away"": 0}, {""match_id"": ""e1dd7365fa05d025b066"", ""tip_home"": 2, ""tip_away"": 1}, {""match_id"": ""e8507008b589a2225808"", ""tip_home"": 1, ""tip_away"": 1}, {""match_id"": ""26007fc153fa2525c60d"", ""tip_home"": 1, ""tip_away"": 1}, {""match_id"": ""dbde590ed6e9f8f89441"", ""tip_home"": 0, ""tip_away"": 1}]"
2021-08-17,12,8,7,-4.801703352284429,-6.921205971231673,"[{""assumed_opponents"": 100, ""assumed_crowd_concentration"": 1.0, ""simulated_prize_share"": 0.0227577619566168, ""baseline_simulated_prize_share"": 0.024528271924523143, ""paired_difference_standard_error"": 0.0008991822335369327}, {""assumed_opponents"": 1000, ""assumed_crowd_concentration"": 1.0, ""simulated_prize_share"": 0.004755963749004506, ""baseline_simulated_prize_share"": 0.0026780509499531374, ""paired_difference_standard_error"": 0.00036501996263942614}, {""assumed_opponents"": 10000, ""assumed_crowd_concentration"": 1.0, ""simulated_prize_share"": 0.0010387912906464054, ""baseline_simulated_prize_share"": 0.0003542212456823892, ""paired_difference_standard_error"": 0.0001581530346895141}, {""assumed_opponents"": 100, ""assumed_crowd_concentration"": 2.5, ""simulated_prize_share"": 0.02971979935348748, ""baseline_simulated_prize_share"": 0.013274902822126015, ""paired_difference_standard_error"": 0.0008849983536750448}, {""assumed_opponents"": 1000, ""assumed_crowd_concentration"": 2.5, ""simulated_prize_share"": 0.007957922750394069, ""baseline_simulated_prize_share"": 0.0010676840495025132, ""paired_difference_standard_error"": 0.0004231926766001047}, {""assumed_opponents"": 10000, ""assumed_crowd_concentration"": 2.5, ""simulated_prize_share"": 0.002407905259659761, ""baseline_simulated_prize_share"": 0.0001049737554361892, ""paired_difference_standard_error"": 0.00022768652708793352}, {""assumed_opponents"": 100, ""assumed_crowd_concentration"": 5.0, ""simulated_prize_share"": 0.03914132477400745, ""baseline_simulated_prize_share"": 0.005925378002655394, ""paired_difference_standard_error"": 0.0009500576365765399}, {""assumed_opponents"": 1000, ""assumed_crowd_concentration"": 5.0, ""simulated_prize_share"": 0.01343956677136293, ""baseline_simulated_prize_share"": 0.0003275863736361266, ""paired_difference_standard_error"": 0.0005435149202172027}, {""assumed_opponents"": 10000, ""assumed_crowd_concentration"": 5.0, ""simulated_prize_share"": 0.005063122207064806, ""baseline_simulated_prize_share"": 1.318465665981934e-05, ""paired_difference_standard_error"": 0.0003417935982604838}]","[{""match_id"": ""8a4138ce928b9fa9dd22"", ""tip_home"": 1, ""tip_away"": 1}, {""match_id"": ""0e316854d8750ad5d693"", ""tip_home"": 1, ""tip_away"": 1}, {""match_id"": ""13f1ad95a3a5a4e3cb68"", ""tip_home"": 1, ""tip_away"": 1}, {""match_id"": ""1c39a16ce63f90ea8dfd"", ""tip_home"": 1, ""tip_away"": 1}, {""match_id"": ""2c721f04f4063eb693f2"", ""tip_home"": 1, ""tip_away"": 1}, {""match_id"": ""69a6302f2ec9c7dd8fda"", ""tip_home"": 0, ""tip_away"": 0}, {""match_id"": ""9b42bfbe70ce62296c03"", ""tip_home"": 0, ""tip_away"": 0}, {""match_id"": ""04e03dfb780c2e6281fe"", ""tip_home"": 2, ""tip_away"": 1}, {""match_id"": ""9b19157b8f158e542a1c"", ""tip_home"": 5, ""tip_away"": 0}]"
2021-08-24,17,12,6,-4.503479144351121,-7.219708487157299,"[{""assumed_opponents"": 100, ""assumed_crowd_concentration"": 1.0, ""simulated_prize_share"": 0.028812936102556627, ""baseline_simulated_prize_share"": 0.023153102842539807, ""paired_difference_standard_error"": 0.000943434010242866}, {""assumed_opponents"": 1000, ""assumed_crowd_concentration"": 1.0, ""simulated_prize_share"": 0.0059095915994094896, ""baseline_simulated_prize_share"": 0.0023665563317994197, ""paired_difference_standard_error"": 0.00037511193217899444}, {""assumed_opponents"": 10000, ""assumed_crowd_concentration"": 1.0, ""simulated_prize_share"": 0.0010669576344443151, ""baseline_simulated_prize_share"": 0.00020258092723313107, ""paired_difference_standard_error"": 0.00015006745218363592}, {""assumed_opponents"": 100, ""assumed_crowd_concentration"": 2.5, ""simulated_prize_share"": 0.03845197040253159, ""baseline_simulated_prize_share"": 0.010916848825169318, ""paired_difference_standard_error"": 0.0009518785641723069}, {""assumed_opponents"": 1000, ""assumed_crowd_concentration"": 2.5, ""simulated_prize_share"": 0.01025159371394921, ""baseline_simulated_prize_share"": 0.0007225133552122846, ""paired_difference_standard_error"": 0.0004593879683124638}, {""assumed_opponents"": 10000, ""assumed_crowd_concentration"": 2.5, ""simulated_prize_share"": 0.0024602692660287617, ""baseline_simulated_prize_share"": 5.547331062470056e-05, ""paired_difference_standard_error"": 0.00021807106825367752}, {""assumed_opponents"": 100, ""assumed_crowd_concentration"": 5.0, ""simulated_prize_share"": 0.06364779914028051, ""baseline_simulated_prize_share"": 0.005828481378111514, ""paired_difference_standard_error"": 0.0011879489563330799}, {""assumed_opponents"": 1000, ""assumed_crowd_concentration"": 5.0, ""simulated_prize_share"": 0.0244206775926857, ""baseline_simulated_prize_share"": 0.00023685503157516488, ""paired_difference_standard_error"": 0.0007315474250919296}, {""assumed_opponents"": 10000, ""assumed_crowd_concentration"": 5.0, ""simulated_prize_share"": 0.009119034029278444, ""baseline_simulated_prize_share"": 9.001069122021894e-06, ""paired_difference_standard_error"": 0.0004464420956775917}]","[{""match_id"": ""bf6f02f291bca24d2c05"", ""tip_home"": 2, ""tip_away"": 1}, {""match_id"": ""01be898af77e270647e4"", ""tip_home"": 0, ""tip_away"": 0}, {""match_id"": ""1c0485bed39ec9c507f8"", ""tip_home"": 2, ""tip_away"": 0}, {""match_id"": ""69f946f039d26c380fc7"", ""tip_home"": 1, ""tip_away"": 1}, {""match_id"": ""8d65acf34d6c823aed87"", ""tip_home"": 1, ""tip_away"": 1}, {""match_id"": ""ca0ecb3b695fad83c7c5"", ""tip_home"": 1, ""tip_away"": 1}, {""match_id"": ""df58ba301eeb4666463c"", ""tip_home"": 1, ""tip_away"": 1}, {""match_id"": ""17621bb9911130295ae3"", ""tip_home"": 2, ""tip_away"": 1}, {""match_id"": ""63032ce8662db86e7d90"", ""tip_home"": 1, ""tip_away"": 1}]"
2021-09-07,13,7,9,-4.6226313282016305,-7.165391395248831,"[{""assumed_opponents"": 100, ""assumed_crowd_concentration"": 1.0, ""simulated_prize_share"": 0.021292839324880408, ""baseline_simulated_prize_share"": 0.02120936742291933, ""paired_difference_standard_error"": 0.0008533094574051803}, {""assumed_opponents"": 1000, ""assumed_crowd_concentration"": 1.0, ""simulated_prize_share"": 0.004531592919041085, ""baseline_simulated_prize_share"": 0.0021522137161815473, ""paired_difference_standard_error"": 0.00034328675999196914}, {""assumed_opponents"": 10000, ""assumed_crowd_concentration"": 1.0, ""simulated_prize_share"": 0.0011008871023565061, ""baseline_simulated_prize_share"": 0.00021251121060795656, ""paired_difference_standard_error"": 0.0001600401439985216}, {""assumed_opponents"": 100, ""assumed_crowd_concentration"": 2.5, ""simulated_prize_share"": 0.03193338210344508, ""baseline_simulated_prize_share"": 0.010702763929656248, ""paired_difference_standard_error"": 0.0008950211087949226}, {""assumed_opponents"": 1000, ""assumed_crowd_concentration"": 2.5, ""simulated_prize_share"": 0.009436656176835263, ""baseline_simulated_prize_share"": 0.0006500988177701124, ""paired_difference_standard_error"": 0.00044880149803710903}, {""assumed_opponents"": 10000, ""assumed_crowd_concentration"": 2.5, ""simulated_prize_share"": 0.0028608355669530747, ""baseline_simulated_prize_share"": 7.449782855725283e-05, ""paired_difference_standard_error"": 0.00024934811496454015}, {""assumed_opponents"": 100, ""assumed_crowd_concentration"": 5.0, ""simulated_prize_share"": 0.05166962616377624, ""baseline_simulated_prize_share"": 0.005150640888476879, ""paired_difference_standard_error"": 0.0010862157645235944}, {""assumed_opponents"": 1000, ""assumed_crowd_concentration"": 5.0, ""simulated_prize_share"": 0.0211574289872239, ""baseline_simulated_prize_share"": 0.00018484269913484477, ""paired_difference_standard_error"": 0.0006926563989618565}, {""assumed_opponents"": 10000, ""assumed_crowd_concentration"": 5.0, ""simulated_prize_share"": 0.008536288672119707, ""baseline_simulated_prize_share"": 2.055478988949388e-05, ""paired_difference_standard_error"": 0.0004406797661781027}]","[{""match_id"": ""12fdfd52b2598981d55f"", ""tip_home"": 1, ""tip_away"": 2}, {""match_id"": ""1d4933d9da5c74153b2b"", ""tip_home"": 2, ""tip_away"": 1}, {""match_id"": ""23392073b58da040de69"", ""tip_home"": 1, ""tip_away"": 1}, {""match_id"": ""77a706487b5cd9dd5f17"", ""tip_home"": 1, ""tip_away"": 1}, {""match_id"": ""782d1104b62517aae6ca"", ""tip_home"": 1, ""tip_away"": 1}, {""match_id"": ""9825a2d08430bb99cffc"", ""tip_home"": 2, ""tip_away"": 1}, {""match_id"": ""920771d15e27be036419"", ""tip_home"": 1, ""tip_away"": 1}, {""match_id"": ""c8ec427f8469319b6432"", ""tip_home"": 1, ""tip_away"": 1}, {""match_id"": ""e01903179baa7050b8ba"", ""tip_home"": 1, ""tip_away"": 1}]"
2021-09-14,8,18,7,-4.39424292637161,-7.410110834520278,"[{""assumed_opponents"": 100, ""assumed_crowd_concentration"": 1.0, ""simulated_prize_share"": 0.029909581623848373, ""baseline_simulated_prize_share"": 0.02230357911413565, ""paired_difference_standard_error"": 0.0009543758764833767}, {""assumed_opponents"": 1000, ""assumed_crowd_concentration"": 1.0, ""simulated_prize_share"": 0.006087302535505807, ""baseline_simulated_prize_share"": 0.002411676321501773, ""paired_difference_standard_error"": 0.0003771909817790356}, {""assumed_opponents"": 10000, ""assumed_crowd_concentration"": 1.0, ""simulated_prize_share"": 0.0009880254170429644, ""baseline_simulated_prize_share"": 0.00027277313182778656, ""paired_difference_standard_error"": 0.00014319737503453196}, {""assumed_opponents"": 100, ""assumed_crowd_concentration"": 2.5, ""simulated_prize_share"": 0.0418852542519228, ""baseline_simulated_prize_share"": 0.009423517706652404, ""paired_difference_standard_error"": 0.0009806631074504699}, {""assumed_opponents"": 1000, ""assumed_crowd_concentration"": 2.5, ""simulated_prize_share"": 0.011737663441789658, ""baseline_simulated_prize_share"": 0.0006234276126920057, ""paired_difference_standard_error"": 0.0004887539985524451}, {""assumed_opponents"": 10000, ""assumed_crowd_concentration"": 2.5, ""simulated_prize_share"": 0.0026081929596451256, ""baseline_simulated_prize_share"": 4.413329065937567e-05, ""paired_difference_standard_error"": 0.00022006338734596511}, {""assumed_opponents"": 100, ""assumed_crowd_concentration"": 5.0, ""simulated_prize_share"": 0.07542505728043503, ""baseline_simulated_prize_share"": 0.004707128677967714, ""paired_difference_standard_error"": 0.0012875233005804482}, {""assumed_opponents"": 1000, ""assumed_crowd_concentration"": 5.0, ""simulated_prize_share"": 0.031180351009545734, ""baseline_simulated_prize_share"": 0.00021263418717972374, ""paired_difference_standard_error"": 0.0008307905864275362}, {""assumed_opponents"": 10000, ""assumed_crowd_concentration"": 5.0, ""simulated_prize_share"": 0.012304341811663917, ""baseline_simulated_prize_share"": 2.8563936606870985e-06, ""paired_difference_standard_error"": 0.0005179083525797868}]","[{""match_id"": ""c4e46b5eebbde7b870d5"", ""tip_home"": 1, ""tip_away"": 1}, {""match_id"": ""128877fcbebd5cc87462"", ""tip_home"": 1, ""tip_away"": 1}, {""match_id"": ""32cdf37d14a6ce3aad59"", ""tip_home"": 1, ""tip_away"": 1}, {""match_id"": ""34dc08842d66d86a67a6"", ""tip_home"": 1, ""tip_away"": 1}, {""match_id"": ""8c706c32c8c3ffef52ec"", ""tip_home"": 4, ""tip_away"": 0}, {""match_id"": ""bf368d5936be7e347077"", ""tip_home"": 1, ""tip_away"": 1}, {""match_id"": ""327b9fee3dc3b6a9d697"", ""tip_home"": 1, ""tip_away"": 1}, {""match_id"": ""36070639b3cfb5b86094"", ""tip_home"": 1, ""tip_away"": 1}, {""match_id"": ""4c6c9234054b16284fbb"", ""tip_home"": 2, ""tip_away"": 1}]"
2021-09-21,13,8,8,-4.548500980480599,-7.160626060934508,"[{""assumed_opponents"": 100, ""assumed_crowd_concentration"": 1.0, ""simulated_prize_share"": 0.022867892653311538, ""baseline_simulated_prize_share"": 0.02120264764531174, ""paired_difference_standard_error"": 0.0008672960220681032}, {""assumed_opponents"": 1000, ""assumed_crowd_concentration"": 1.0, ""simulated_prize_share"": 0.004705282527051108, ""baseline_simulated_prize_share"": 0.0022169878327349575, ""paired_difference_standard_error"": 0.00034779112970442447}, {""assumed_opponents"": 10000, ""assumed_crowd_concentration"": 1.0, ""simulated_prize_share"": 0.0009036217351626114, ""baseline_simulated_prize_share"": 0.0002463316942040995, ""paired_difference_standard_error"": 0.00013806617834783984}, {""assumed_opponents"": 100, ""assumed_crowd_concentration"": 2.5, ""simulated_prize_share"": 0.03537745189364523, ""baseline_simulated_prize_share"": 0.010828923254251896, ""paired_difference_standard_error"": 0.0009392031610750012}, {""assumed_opponents"": 1000, ""assumed_crowd_concentration"": 2.5, ""simulated_prize_share"": 0.010580476525190135, ""baseline_simulated_prize_share"": 0.0008415340414270689, ""paired_difference_standard_error"": 0.00047482568125294886}, {""assumed_opponents"": 10000, ""assumed_crowd_concentration"": 2.5, ""simulated_prize_share"": 0.002914751624699388, ""baseline_simulated_prize_share"": 3.614385295625681e-05, ""paired_difference_standard_error"": 0.00024253529338425663}, {""assumed_opponents"": 100, ""assumed_crowd_concentration"": 5.0, ""simulated_prize_share"": 0.0584243010188846, ""baseline_simulated_prize_share"": 0.00694943077043406, ""paired_difference_standard_error"": 0.0011774815452283774}, {""assumed_opponents"": 1000, ""assumed_crowd_concentration"": 5.0, ""simulated_prize_share"": 0.025472741288006195, ""baseline_simulated_prize_share"": 0.00036143016789540953, ""paired_difference_standard_error"": 0.0007625568758805535}, {""assumed_opponents"": 10000, ""assumed_crowd_concentration"": 5.0, ""simulated_prize_share"": 0.010548702638606255, ""baseline_simulated_prize_share"": 1.0722049053149663e-05, ""paired_difference_standard_error"": 0.0004868202878827935}]","[{""match_id"": ""d683248b96997053f24c"", ""tip_home"": 0, ""tip_away"": 5}, {""match_id"": ""1f605893861e353e2eaf"", ""tip_home"": 1, ""tip_away"": 1}, {""match_id"": ""501f94ec40dcf36b2454"", ""tip_home"": 2, ""tip_away"": 1}, {""match_id"": ""751b6d1a344193128156"", ""tip_home"": 1, ""tip_away"": 1}, {""match_id"": ""d1ecf6623ad23f0e8fea"", ""tip_home"": 1, ""tip_away"": 1}, {""match_id"": ""e4737baa8de61d344d1b"", ""tip_home"": 1, ""tip_away"": 1}, {""match_id"": ""e54e6f262b44706ddabb"", ""tip_home"": 0, ""tip_away"": 0}, {""match_id"": ""0c2399c60b43b9305750"", ""tip_home"": 2, ""tip_away"": 1}, {""match_id"": ""d19c9523c9074c53925a"", ""tip_home"": 1, ""tip_away"": 1}]"
2021-09-28,13,11,4,-4.952940294009593,-7.104798964892248,"[{""assumed_opponents"": 100, ""assumed_crowd_concentration"": 1.0, ""simulated_prize_share"": 0.020488205169046647, ""baseline_simulated_prize_share"": 0.022629908005707206, ""paired_difference_standard_error"": 0.0008408632472322302}, {""assumed_opponents"": 1000, ""assumed_crowd_concentration"": 1.0, ""simulated_prize_share"": 0.003578126822973247, ""baseline_simulated_prize_share"": 0.0024336333363488604, ""paired_difference_standard_error"": 0.0003160727410269946}, {""assumed_opponents"": 10000, ""assumed_crowd_concentration"": 1.0, ""simulated_prize_share"": 0.0006061341738571969, ""baseline_simulated_prize_share"": 0.00023731367355207946, ""paired_difference_standard_error"": 0.00011759655985555206}, {""assumed_opponents"": 100, ""assumed_crowd_concentration"": 2.5, ""simulated_prize_share"": 0.02803420475283103, ""baseline_simulated_prize_share"": 0.013189244187266358, ""paired_difference_standard_error"": 0.0008545637397894703}, {""assumed_opponents"": 1000, ""assumed_crowd_concentration"": 2.5, ""simulated_prize_share"": 0.007093767600992859, ""baseline_simulated_prize_share"": 0.0010837087003692809, ""paired_difference_standard_error"": 0.00039150204722768753}, {""assumed_opponents"": 10000, ""assumed_crowd_concentration"": 2.5, ""simulated_prize_share"": 0.0016286241670976408, ""baseline_simulated_prize_share"": 5.51378187709178e-05, ""paired_difference_standard_error"": 0.00017382851941686735}, {""assumed_opponents"": 100, ""assumed_crowd_concentration"": 5.0, ""simulated_prize_share"": 0.04065610208615114, ""baseline_simulated_prize_share"": 0.008086798325787268, ""paired_difference_standard_error"": 0.0009747537547999234}, {""assumed_opponents"": 1000, ""assumed_crowd_concentration"": 5.0, ""simulated_prize_share"": 0.014402906200404747, ""baseline_simulated_prize_share"": 0.0004758782594265203, ""paired_difference_standard_error"": 0.0005644763876586376}, {""assumed_opponents"": 10000, ""assumed_crowd_concentration"": 5.0, ""simulated_prize_share"": 0.005187975216453641, ""baseline_simulated_prize_share"": 4.2826236080056315e-06, ""paired_difference_standard_error"": 0.00033346202964070615}]","[{""match_id"": ""83d8e17490fdd1752aea"", ""tip_home"": 1, ""tip_away"": 1}, {""match_id"": ""082dcab5379254c60b17"", ""tip_home"": 1, ""tip_away"": 1}, {""match_id"": ""1cc56dcf0c9337e557f6"", ""tip_home"": 1, ""tip_away"": 0}, {""match_id"": ""4f0db732d70133ffef62"", ""tip_home"": 3, ""tip_away"": 0}, {""match_id"": ""b7cf6a0641a70eac6f07"", ""tip_home"": 2, ""tip_away"": 1}, {""match_id"": ""f97b4b2b675d379badb1"", ""tip_home"": 1, ""tip_away"": 2}, {""match_id"": ""3097db0e414e9794bc93"", ""tip_home"": 0, ""tip_away"": 1}, {""match_id"": ""7843024213bacd89a78e"", ""tip_home"": 3, ""tip_away"": 0}, {""match_id"": ""7d8abc388ed9993813f5"", ""tip_home"": 1, ""tip_away"": 1}]"
2021-10-12,7,11,7,-4.652884703325615,-7.232319807850597,"[{""assumed_opponents"": 100, ""assumed_crowd_concentration"": 1.0, ""simulated_prize_share"": 0.023900425527015125, ""baseline_simulated_prize_share"": 0.02525564458590707, ""paired_difference_standard_error"": 0.0009099390901291254}, {""assumed_opponents"": 1000, ""assumed_crowd_concentration"": 1.0, ""simulated_prize_share"": 0.0047005855664197654, ""baseline_simulated_prize_share"": 0.0025441344864612354, ""paired_difference_standard_error"": 0.00034767059101715}, {""assumed_opponents"": 10000, ""assumed_crowd_concentration"": 1.0, ""simulated_prize_share"": 0.0008008820203623919, ""baseline_simulated_prize_share"": 0.0002031021039870736, ""paired_difference_standard_error"": 0.00012645918723964582}, {""assumed_opponents"": 100, ""assumed_crowd_concentration"": 2.5, ""simulated_prize_share"": 0.03443814018547465, ""baseline_simulated_prize_share"": 0.013543839352129754, ""paired_difference_standard_error"": 0.0009355155753105816}, {""assumed_opponents"": 1000, ""assumed_crowd_concentration"": 2.5, ""simulated_prize_share"": 0.009529562525255926, ""baseline_simulated_prize_share"": 0.0008476557226312046, ""paired_difference_standard_error"": 0.00044776603128852385}, {""assumed_opponents"": 10000, ""assumed_crowd_concentration"": 2.5, ""simulated_prize_share"": 0.0024735461230212513, ""baseline_simulated_prize_share"": 3.257497283411675e-05, ""paired_difference_standard_error"": 0.00022082542637384876}, {""assumed_opponents"": 100, ""assumed_crowd_concentration"": 5.0, ""simulated_prize_share"": 0.052475841190522295, ""baseline_simulated_prize_share"": 0.007439957902693468, ""paired_difference_standard_error"": 0.0011080031396547257}, {""assumed_opponents"": 1000, ""assumed_crowd_concentration"": 5.0, ""simulated_prize_share"": 0.020930384661223683, ""baseline_simulated_prize_share"": 0.00025647225110607375, ""paired_difference_standard_error"": 0.0006828852917445411}, {""assumed_opponents"": 10000, ""assumed_crowd_concentration"": 5.0, ""simulated_prize_share"": 0.008113443393585613, ""baseline_simulated_prize_share"": 5.785242712123468e-06, ""paired_difference_standard_error"": 0.00042642789644352694}]","[{""match_id"": ""7d031e5740494c7a331f"", ""tip_home"": 1, ""tip_away"": 2}, {""match_id"": ""095761088b269c97ea30"", ""tip_home"": 1, ""tip_away"": 1}, {""match_id"": ""4d5c773decb4af16a0f5"", ""tip_home"": 1, ""tip_away"": 1}, {""match_id"": ""80d01b6fff6780d05ba9"", ""tip_home"": 1, ""tip_away"": 1}, {""match_id"": ""b77be1c11eec5b41671f"", ""tip_home"": 1, ""tip_away"": 1}, {""match_id"": ""d6f484c704e5aae58d63"", ""tip_home"": 2, ""tip_away"": 0}, {""match_id"": ""d8bc55739694b9205cfa"", ""tip_home"": 0, ""tip_away"": 0}, {""match_id"": ""33499e6abb3b59940419"", ""tip_home"": 0, ""tip_away"": 1}, {""match_id"": ""c3a8d456d3fc1a953633"", ""tip_home"": 1, ""tip_away"": 1}]"
2021-10-19,10,8,7,-4.570571889588168,-7.0358153875992535,"[{""assumed_opponents"": 100, ""assumed_crowd_concentration"": 1.0, ""simulated_prize_share"": 0.028227409102713943, ""baseline_simulated_prize_share"": 0.02175273407239626, ""paired_difference_standard_error"": 0.0009282694974490567}, {""assumed_opponents"": 1000, ""assumed_crowd_concentration"": 1.0, ""simulated_prize_share"": 0.0057303626350940565, ""baseline_simulated_prize_share"": 0.002367395086793689, ""paired_difference_standard_error"": 0.0003729979710817961}, {""assumed_opponents"": 10000, ""assumed_crowd_concentration"": 1.0, ""simulated_prize_share"": 0.0010132521989991432, ""baseline_simulated_prize_share"": 0.0002414158738625738, ""paired_difference_standard_error"": 0.00014884579956740771}, {""assumed_opponents"": 100, ""assumed_crowd_concentration"": 2.5, ""simulated_prize_share"": 0.037905959141165915, ""baseline_simulated_prize_share"": 0.011219030976966585, ""paired_difference_standard_error"": 0.0009554372331823722}, {""assumed_opponents"": 1000, ""assumed_crowd_concentration"": 2.5, ""simulated_prize_share"": 0.010202779730525663, ""baseline_simulated_prize_share"": 0.0009049958269417829, ""paired_difference_standard_error"": 0.0004591709381890702}, {""assumed_opponents"": 10000, ""assumed_crowd_concentration"": 2.5, ""simulated_prize_share"": 0.002420863385069712, ""baseline_simulated_prize_share"": 7.58149574206277e-05, ""paired_difference_standard_error"": 0.0002196148280475908}, {""assumed_opponents"": 100, ""assumed_crowd_concentration"": 5.0, ""simulated_prize_share"": 0.05681748366562339, ""baseline_simulated_prize_share"": 0.005958339164712927, ""paired_difference_standard_error"": 0.0011300803835094233}, {""assumed_opponents"": 1000, ""assumed_crowd_concentration"": 5.0, ""simulated_prize_share"": 0.02122782135455892, ""baseline_simulated_prize_share"": 0.00031419252555801706, ""paired_difference_standard_error"": 0.0006792841347519086}, {""assumed_opponents"": 10000, ""assumed_crowd_concentration"": 5.0, ""simulated_prize_share"": 0.007376974146616932, ""baseline_simulated_prize_share"": 1.7629074315789874e-05, ""paired_difference_standard_error"": 0.000395149704790402}]","[{""match_id"": ""24ef9b00e25abd89914a"", ""tip_home"": 1, ""tip_away"": 1}, {""match_id"": ""2e6c7c796a1c7289c632"", ""tip_home"": 1, ""tip_away"": 1}, {""match_id"": ""52e9da7fff2a607511e8"", ""tip_home"": 3, ""tip_away"": 1}, {""match_id"": ""9599c58fa64d967231e2"", ""tip_home"": 1, ""tip_away"": 1}, {""match_id"": ""b46eb7fe198a7c4006e4"", ""tip_home"": 3, ""tip_away"": 0}, {""match_id"": ""cbd561f014f3c45da2eb"", ""tip_home"": 1, ""tip_away"": 1}, {""match_id"": ""12ff3f16c923152dccc0"", ""tip_home"": 1, ""tip_away"": 1}, {""match_id"": ""3721e331f2b557673891"", ""tip_home"": 1, ""tip_away"": 1}, {""match_id"": ""c8fa0cbfbfee8d39b33b"", ""tip_home"": 1, ""tip_away"": 2}]"
2021-10-26,15,10,7,-4.4769165499606265,-7.0687622224803475,"[{""assumed_opponents"": 100, ""assumed_crowd_concentration"": 1.0, ""simulated_prize_share"": 0.023463843103392588, ""baseline_simulated_prize_share"": 0.02319468944546711, ""paired_difference_standard_error"": 0.000890634757955862}, {""assumed_opponents"": 1000, ""assumed_crowd_concentration"": 1.0, ""simulated_prize_share"": 0.00508595871264042, ""baseline_simulated_prize_share"": 0.0021194201606027007, ""paired_difference_standard_error"": 0.0003530446893021999}, {""assumed_opponents"": 10000, ""assumed_crowd_concentration"": 1.0, ""simulated_prize_share"": 0.0009412920825401272, ""baseline_simulated_prize_share"": 0.0002724185641438071, ""paired_difference_standard_error"": 0.00014431459781778024}, {""assumed_opponents"": 100, ""assumed_crowd_concentration"": 2.5, ""simulated_prize_share"": 0.03581193548159968, ""baseline_simulated_prize_share"": 0.011185211863007862, ""paired_difference_standard_error"": 0.0009488333945332911}, {""assumed_opponents"": 1000, ""assumed_crowd_concentration"": 2.5, ""simulated_prize_share"": 0.011779687576987857, ""baseline_simulated_prize_share"": 0.000764599347999091, ""paired_difference_standard_error"": 0.0005068091651614698}, {""assumed_opponents"": 10000, ""assumed_crowd_concentration"": 2.5, ""simulated_prize_share"": 0.0033802810295578776, ""baseline_simulated_prize_share"": 5.6181138189286324e-05, ""paired_difference_standard_error"": 0.00026125795526234767}, {""assumed_opponents"": 100, ""assumed_crowd_concentration"": 5.0, ""simulated_prize_share"": 0.058387725379583116, ""baseline_simulated_prize_share"": 0.007589732530004584, ""paired_difference_standard_error"": 0.001184210962036685}, {""assumed_opponents"": 1000, ""assumed_crowd_concentration"": 5.0, ""simulated_prize_share"": 0.02694407425783736, ""baseline_simulated_prize_share"": 0.0003747266694735885, ""paired_difference_standard_error"": 0.0007948828210937311}, {""assumed_opponents"": 10000, ""assumed_crowd_concentration"": 5.0, ""simulated_prize_share"": 0.012586443730591736, ""baseline_simulated_prize_share"": 1.283004227746455e-05, ""paired_difference_standard_error"": 0.0005416194689968045}]","[{""match_id"": ""3c9a2b2c9aa6857dbfd8"", ""tip_home"": 1, ""tip_away"": 1}, {""match_id"": ""186b1d1e3a043925f1fa"", ""tip_home"": 1, ""tip_away"": 1}, {""match_id"": ""45c2c047e398df4458bb"", ""tip_home"": 1, ""tip_away"": 1}, {""match_id"": ""922fc2f36b32dddee07f"", ""tip_home"": 1, ""tip_away"": 1}, {""match_id"": ""929c6c8fc797d1a48294"", ""tip_home"": 1, ""tip_away"": 3}, {""match_id"": ""9fc9ed37d9209e3979d6"", ""tip_home"": 1, ""tip_away"": 0}, {""match_id"": ""d8e69d8b6173ed2864cd"", ""tip_home"": 1, ""tip_away"": 1}, {""match_id"": ""249ed2bc9287731ed7be"", ""tip_home"": 2, ""tip_away"": 1}, {""match_id"": ""45f758d8c13f9b04b07f"", ""tip_home"": 1, ""tip_away"": 1}]"
2021-11-02,12,17,8,-4.654289126404096,-7.490636269338109,"[{""assumed_opponents"": 100, ""assumed_crowd_concentration"": 1.0, ""simulated_prize_share"": 0.02182088610866679, ""baseline_simulated_prize_share"": 0.022202737854396887, ""paired_difference_standard_error"": 0.0008680483872662326}, {""assumed_opponents"": 1000, ""assumed_crowd_concentration"": 1.0, ""simulated_prize_share"": 0.0045726425077876574, ""baseline_simulated_prize_share"": 0.002305868542203108, ""paired_difference_standard_error"": 0.00033938934603333165}, {""assumed_opponents"": 10000, ""assumed_crowd_concentration"": 1.0, ""simulated_prize_share"": 0.0007598373595713575, ""baseline_simulated_prize_share"": 0.00016720537941615845, ""paired_difference_standard_error"": 0.0001195766409558855}, {""assumed_opponents"": 100, ""assumed_crowd_concentration"": 2.5, ""simulated_prize_share"": 0.0325733820994392, ""baseline_simulated_prize_share"": 0.010735405713463271, ""paired_difference_standard_error"": 0.0008944809538113079}, {""assumed_opponents"": 1000, ""assumed_crowd_concentration"": 2.5, ""simulated_prize_share"": 0.009355302213757416, ""baseline_simulated_prize_share"": 0.0006678366138147243, ""paired_difference_standard_error"": 0.0004427453896541577}, {""assumed_opponents"": 10000, ""assumed_crowd_concentration"": 2.5, ""simulated_prize_share"": 0.002356074134183719, ""baseline_simulated_prize_share"": 2.0792624825061506e-05, ""paired_difference_standard_error"": 0.00021192200244359916}, {""assumed_opponents"": 100, ""assumed_crowd_concentration"": 5.0, ""simulated_prize_share"": 0.057030663365937956, ""baseline_simulated_prize_share"": 0.005970045186025889, ""paired_difference_standard_error"": 0.0011384555648522884}, {""assumed_opponents"": 1000, ""assumed_crowd_concentration"": 5.0, ""simulated_prize_share"": 0.022683653297834755, ""baseline_simulated_prize_share"": 0.00020815586881884859, ""paired_difference_standard_error"": 0.0007143730380175534}, {""assumed_opponents"": 10000, ""assumed_crowd_concentration"": 5.0, ""simulated_prize_share"": 0.009126828950002991, ""baseline_simulated_prize_share"": 3.32251091317925e-06, ""paired_difference_standard_error"": 0.0004507536939682946}]","[{""match_id"": ""577835e2480f56659051"", ""tip_home"": 1, ""tip_away"": 1}, {""match_id"": ""04a30922afb0b684f7a4"", ""tip_home"": 1, ""tip_away"": 2}, {""match_id"": ""662f7ed4b4ce9f5f1f7f"", ""tip_home"": 0, ""tip_away"": 1}, {""match_id"": ""6adfa06e06d507c7dbda"", ""tip_home"": 1, ""tip_away"": 1}, {""match_id"": ""77e1e94a951ea1424a40"", ""tip_home"": 1, ""tip_away"": 1}, {""match_id"": ""c693a99a886f097792ad"", ""tip_home"": 3, ""tip_away"": 0}, {""match_id"": ""3afda41d5f05bb2d4a4b"", ""tip_home"": 1, ""tip_away"": 1}, {""match_id"": ""e20e4c12a438af0be2d8"", ""tip_home"": 1, ""tip_away"": 1}, {""match_id"": ""f2e98c7103d78729203b"", ""tip_home"": 2, ""tip_away"": 1}]"
2021-11-16,10,11,6,-4.448801484364412,-7.097192625062821,"[{""assumed_opponents"": 100, ""assumed_crowd_concentration"": 1.0, ""simulated_prize_share"": 0.02779880260739208, ""baseline_simulated_prize_share"": 0.02232017157985719, ""paired_difference_standard_error"": 0.0009265100998829918}, {""assumed_opponents"": 1000, ""assumed_crowd_concentration"": 1.0, ""simulated_prize_share"": 0.005844229140750101, ""baseline_simulated_prize_share"": 0.002047459036776471, ""paired_difference_standard_error"": 0.0003704427707421052}, {""assumed_opponents"": 10000, ""assumed_crowd_concentration"": 1.0, ""simulated_prize_share"": 0.0010371883220717962, ""baseline_simulated_prize_share"": 0.00026394803548604267, ""paired_difference_standard_error"": 0.00014932059405607382}, {""assumed_opponents"": 100, ""assumed_crowd_concentration"": 2.5, ""simulated_prize_share"": 0.03861269654799179, ""baseline_simulated_prize_share"": 0.009583630816773365, ""paired_difference_standard_error"": 0.0009553539159415797}, {""assumed_opponents"": 1000, ""assumed_crowd_concentration"": 2.5, ""simulated_prize_share"": 0.01144757564285859, ""baseline_simulated_prize_share"": 0.0007111573243284953, ""paired_difference_standard_error"": 0.0004917710814633903}, {""assumed_opponents"": 10000, ""assumed_crowd_concentration"": 2.5, ""simulated_prize_share"": 0.0030514674407456843, ""baseline_simulated_prize_share"": 7.269279476636076e-05, ""paired_difference_standard_error"": 0.00024705962997483016}, {""assumed_opponents"": 100, ""assumed_crowd_concentration"": 5.0, ""simulated_prize_share"": 0.06434712115464197, ""baseline_simulated_prize_share"": 0.005056349269389479, ""paired_difference_standard_error"": 0.0012000120524230755}, {""assumed_opponents"": 1000, ""assumed_crowd_concentration"": 5.0, ""simulated_prize_share"": 0.026419683891450267, ""baseline_simulated_prize_share"": 0.0002899306083683183, ""paired_difference_standard_error"": 0.000769639687574478}, {""assumed_opponents"": 10000, ""assumed_crowd_concentration"": 5.0, ""simulated_prize_share"": 0.010572324920859735, ""baseline_simulated_prize_share"": 2.0749431771074017e-05, ""paired_difference_standard_error"": 0.00048608574719705177}]","[{""match_id"": ""73435080d0b46164ef66"", ""tip_home"": 1, ""tip_away"": 3}, {""match_id"": ""0f349af8a9b9b37b3d4c"", ""tip_home"": 1, ""tip_away"": 1}, {""match_id"": ""7d4c9632f8c98224ba5f"", ""tip_home"": 3, ""tip_away"": 0}, {""match_id"": ""b22ca3cefa1e46555f0b"", ""tip_home"": 1, ""tip_away"": 1}, {""match_id"": ""c0a410cc5f3304619353"", ""tip_home"": 0, ""tip_away"": 0}, {""match_id"": ""cb8fc50ab682dc96b6ad"", ""tip_home"": 2, ""tip_away"": 0}, {""match_id"": ""fb40b0e8da86b30127ea"", ""tip_home"": 1, ""tip_away"": 1}, {""match_id"": ""4d327c4afc7d217dde02"", ""tip_home"": 1, ""tip_away"": 1}, {""match_id"": ""733109b9856edd6b403d"", ""tip_home"": 1, ""tip_away"": 1}]"
2021-11-23,10,9,7,-4.860020440383105,-7.173975592078104,"[{""assumed_opponents"": 100, ""assumed_crowd_concentration"": 1.0, ""simulated_prize_share"": 0.027535837098697453, ""baseline_simulated_prize_share"": 0.020262463277057538, ""paired_difference_standard_error"": 0.0009079944913504786}, {""assumed_opponents"": 1000, ""assumed_crowd_concentration"": 1.0, ""simulated_prize_share"": 0.005276807799773211, ""baseline_simulated_prize_share"": 0.002279648658637592, ""paired_difference_standard_error"": 0.000360947606418371}, {""assumed_opponents"": 10000, ""assumed_crowd_concentration"": 1.0, ""simulated_prize_share"": 0.00096711176116592, ""baseline_simulated_prize_share"": 0.00024779437278105095, ""paired_difference_standard_error"": 0.00014324742753052695}, {""assumed_opponents"": 100, ""assumed_crowd_concentration"": 2.5, ""simulated_prize_share"": 0.03217612758043373, ""baseline_simulated_prize_share"": 0.01201929266223845, ""paired_difference_standard_error"": 0.0008842809877848946}, {""assumed_opponents"": 1000, ""assumed_crowd_concentration"": 2.5, ""simulated_prize_share"": 0.007345263731076063, ""baseline_simulated_prize_share"": 0.0009596994563737239, ""paired_difference_standard_error"": 0.00038871083357321036}, {""assumed_opponents"": 10000, ""assumed_crowd_concentration"": 2.5, ""simulated_prize_share"": 0.0015732202894538753, ""baseline_simulated_prize_share"": 6.921336184294481e-05, ""paired_difference_standard_error"": 0.0001736477764172118}, {""assumed_opponents"": 100, ""assumed_crowd_concentration"": 5.0, ""simulated_prize_share"": 0.04291678366962629, ""baseline_simulated_prize_share"": 0.00632636325274901, ""paired_difference_standard_error"": 0.0009656275519726573}, {""assumed_opponents"": 1000, ""assumed_crowd_concentration"": 5.0, ""simulated_prize_share"": 0.01261916435646688, ""baseline_simulated_prize_share"": 0.00034054583426064444, ""paired_difference_standard_error"": 0.000511896596327737}, {""assumed_opponents"": 10000, ""assumed_crowd_concentration"": 5.0, ""simulated_prize_share"": 0.0035656997554878236, ""baseline_simulated_prize_share"": 4.626499124463073e-06, ""paired_difference_standard_error"": 0.00026899282916595455}]","[{""match_id"": ""d1cf91179b13ae99a2d6"", ""tip_home"": 1, ""tip_away"": 1}, {""match_id"": ""0ff7b5ac6732a93725ec"", ""tip_home"": 1, ""tip_away"": 1}, {""match_id"": ""1161f7f9dc0547dbee46"", ""tip_home"": 2, ""tip_away"": 0}, {""match_id"": ""89d56125a4afa11cc61a"", ""tip_home"": 1, ""tip_away"": 1}, {""match_id"": ""8cf4257fc868ad6c175c"", ""tip_home"": 1, ""tip_away"": 0}, {""match_id"": ""8dbb7fd7bce38765e03c"", ""tip_home"": 1, ""tip_away"": 1}, {""match_id"": ""8f4d3fe7aa913be246a6"", ""tip_home"": 0, ""tip_away"": 1}, {""match_id"": ""2f36ad15e15919605f80"", ""tip_home"": 1, ""tip_away"": 1}, {""match_id"": ""5077a7050014a1a944a5"", ""tip_home"": 1, ""tip_away"": 1}]"
2021-11-30,10,8,7,-4.7979905457776395,-7.191321868553377,"[{""assumed_opponents"": 100, ""assumed_crowd_concentration"": 1.0, ""simulated_prize_share"": 0.02525181277488004, ""baseline_simulated_prize_share"": 0.023038793075161157, ""paired_difference_standard_error"": 0.0009026498833543928}, {""assumed_opponents"": 1000, ""assumed_crowd_concentration"": 1.0, ""simulated_prize_share"": 0.004530404299524321, ""baseline_simulated_prize_share"": 0.00239737601002875, ""paired_difference_standard_error"": 0.0003403567179619455}, {""assumed_opponents"": 10000, ""assumed_crowd_concentration"": 1.0, ""simulated_prize_share"": 0.0007792075339053065, ""baseline_simulated_prize_share"": 0.00027136086105837825, ""paired_difference_standard_error"": 0.00013605092163849748}, {""assumed_opponents"": 100, ""assumed_crowd_concentration"": 2.5, ""simulated_prize_share"": 0.03254161477068407, ""baseline_simulated_prize_share"": 0.011136787771549004, ""paired_difference_standard_error"": 0.0008794029270342479}, {""assumed_opponents"": 1000, ""assumed_crowd_concentration"": 2.5, ""simulated_prize_share"": 0.007454994166158128, ""baseline_simulated_prize_share"": 0.0007332591258919605, ""paired_difference_standard_error"": 0.0003871624769892147}, {""assumed_opponents"": 10000, ""assumed_crowd_concentration"": 2.5, ""simulated_prize_share"": 0.001568752630678326, ""baseline_simulated_prize_share"": 9.915988525493105e-05, ""paired_difference_standard_error"": 0.00017721055044314947}, {""assumed_opponents"": 100, ""assumed_crowd_concentration"": 5.0, ""simulated_prize_share"": 0.052984137434859746, ""baseline_simulated_prize_share"": 0.005026334740852684, ""paired_difference_standard_error"": 0.001073433889440749}, {""assumed_opponents"": 1000, ""assumed_crowd_concentration"": 5.0, ""simulated_prize_share"": 0.01774259804956816, ""baseline_simulated_prize_share"": 0.0002010341333888581, ""paired_difference_standard_error"": 0.000609254384160962}, {""assumed_opponents"": 10000, ""assumed_crowd_concentration"": 5.0, ""simulated_prize_share"": 0.005528992670695888, ""baseline_simulated_prize_share"": 6.353596347389511e-06, ""paired_difference_standard_error"": 0.00033699293328666506}]","[{""match_id"": ""ec4363013ecb0887277c"", ""tip_home"": 1, ""tip_away"": 1}, {""match_id"": ""26ecaa257e5ce44f8748"", ""tip_home"": 1, ""tip_away"": 1}, {""match_id"": ""3cb38404294cbc5c1def"", ""tip_home"": 1, ""tip_away"": 0}, {""match_id"": ""6a3e0d91d63c5e8f605e"", ""tip_home"": 1, ""tip_away"": 1}, {""match_id"": ""726173d161bd87b9554a"", ""tip_home"": 1, ""tip_away"": 1}, {""match_id"": ""a5ebfee633be5e6c27e7"", ""tip_home"": 1, ""tip_away"": 1}, {""match_id"": ""ec608dbaca7a5b7032ee"", ""tip_home"": 4, ""tip_away"": 0}, {""match_id"": ""7086a17211eaefd629f0"", ""tip_home"": 1, ""tip_away"": 1}, {""match_id"": ""ace4d947960f5e4d7947"", ""tip_home"": 1, ""tip_away"": 2}]"
2021-12-07,6,10,8,-4.402696412243394,-7.508014537086199,"[{""assumed_opponents"": 100, ""assumed_crowd_concentration"": 1.0, ""simulated_prize_share"": 0.024946168629782633, ""baseline_simulated_prize_share"": 0.022490601548689152, ""paired_difference_standard_error"": 0.000899723157956479}, {""assumed_opponents"": 1000, ""assumed_crowd_concentration"": 1.0, ""simulated_prize_share"": 0.005299769747566641, ""baseline_simulated_prize_share"": 0.002088891723627142, ""paired_difference_standard_error"": 0.0003563616338436539}, {""assumed_opponents"": 10000, ""assumed_crowd_concentration"": 1.0, ""simulated_prize_share"": 0.001047295294424298, ""baseline_simulated_prize_share"": 0.00019883260879149077, ""paired_difference_standard_error"": 0.00015049338317553278}, {""assumed_opponents"": 100, ""assumed_crowd_concentration"": 2.5, ""simulated_prize_share"": 0.03910617312465482, ""baseline_simulated_prize_share"": 0.00971876246126066, ""paired_difference_standard_error"": 0.0009642228256666189}, {""assumed_opponents"": 1000, ""assumed_crowd_concentration"": 2.5, ""simulated_prize_share"": 0.01204244028264517, ""baseline_simulated_prize_share"": 0.0005780355537466455, ""paired_difference_standard_error"": 0.0005069159227646601}, {""assumed_opponents"": 10000, ""assumed_crowd_concentration"": 2.5, ""simulated_prize_share"": 0.0034166317071798145, ""baseline_simulated_prize_share"": 2.4894835972747395e-05, ""paired_difference_standard_error"": 0.0002622381493433729}, {""assumed_opponents"": 100, ""assumed_crowd_concentration"": 5.0, ""simulated_prize_share"": 0.06739349088265101, ""baseline_simulated_prize_share"": 0.005163921010137056, ""paired_difference_standard_error"": 0.001247430125798447}, {""assumed_opponents"": 1000, ""assumed_crowd_concentration"": 5.0, ""simulated_prize_share"": 0.03058497434533302, ""baseline_simulated_prize_share"": 0.0002093937125567123, ""paired_difference_standard_error"": 0.0008346643141309783}, {""assumed_opponents"": 10000, ""assumed_crowd_concentration"": 5.0, ""simulated_prize_share"": 0.013470543419752398, ""baseline_simulated_prize_share"": 3.1898761468112155e-06, ""paired_difference_standard_error"": 0.00055862047002124}]","[{""match_id"": ""e59e2af1b2476a79b52f"", ""tip_home"": 1, ""tip_away"": 1}, {""match_id"": ""2d423b642844b04f8bd1"", ""tip_home"": 1, ""tip_away"": 1}, {""match_id"": ""3abe56aea239cf692b8c"", ""tip_home"": 3, ""tip_away"": 1}, {""match_id"": ""71c0205cb7c515917a00"", ""tip_home"": 1, ""tip_away"": 1}, {""match_id"": ""7e59ec4f0dcda39ec708"", ""tip_home"": 1, ""tip_away"": 2}, {""match_id"": ""ab51390d0f48e00981cb"", ""tip_home"": 0, ""tip_away"": 0}, {""match_id"": ""ccd91a18f9df3de440e3"", ""tip_home"": 1, ""tip_away"": 1}, {""match_id"": ""63ba18c756e3a9039c7d"", ""tip_home"": 1, ""tip_away"": 1}, {""match_id"": ""9801b1d520792dd37c96"", ""tip_home"": 1, ""tip_away"": 1}]"
2022-01-04,9,11,7,-4.430306909323867,-8.056176319724614,"[{""assumed_opponents"": 100, ""assumed_crowd_concentration"": 1.0, ""simulated_prize_share"": 0.029222878969590513, ""baseline_simulated_prize_share"": 0.023087197043065312, ""paired_difference_standard_error"": 0.0009453294465625697}, {""assumed_opponents"": 1000, ""assumed_crowd_concentration"": 1.0, ""simulated_prize_share"": 0.005983779022507135, ""baseline_simulated_prize_share"": 0.002085396122330014, ""paired_difference_standard_error"": 0.00036812158734761326}, {""assumed_opponents"": 10000, ""assumed_crowd_concentration"": 1.0, ""simulated_prize_share"": 0.0009209824531506913, ""baseline_simulated_prize_share"": 0.00014643348549000186, ""paired_difference_standard_error"": 0.0001275121852159761}, {""assumed_opponents"": 100, ""assumed_crowd_concentration"": 2.5, ""simulated_prize_share"": 0.04066648957438197, ""baseline_simulated_prize_share"": 0.00998568217863183, ""paired_difference_standard_error"": 0.0009724184596889762}, {""assumed_opponents"": 1000, ""assumed_crowd_concentration"": 2.5, ""simulated_prize_share"": 0.011535218770674397, ""baseline_simulated_prize_share"": 0.000475029444484072, ""paired_difference_standard_error"": 0.00048322022231100714}, {""assumed_opponents"": 10000, ""assumed_crowd_concentration"": 2.5, ""simulated_prize_share"": 0.002730750660719358, ""baseline_simulated_prize_share"": 1.417688790693356e-05, ""paired_difference_standard_error"": 0.00022346469489087026}, {""assumed_opponents"": 100, ""assumed_crowd_concentration"": 5.0, ""simulated_prize_share"": 0.06963377456990104, ""baseline_simulated_prize_share"": 0.0053016997696287895, ""paired_difference_standard_error"": 0.0012456716553020627}, {""assumed_opponents"": 1000, ""assumed_crowd_concentration"": 5.0, ""simulated_prize_share"": 0.028888622233716358, ""baseline_simulated_prize_share"": 0.00013383528755234268, ""paired_difference_standard_error"": 0.0008016208688477016}, {""assumed_opponents"": 10000, ""assumed_crowd_concentration"": 5.0, ""simulated_prize_share"": 0.011626210138881396, ""baseline_simulated_prize_share"": 9.646251910792694e-08, ""paired_difference_standard_error"": 0.0005073405911348225}]","[{""match_id"": ""87a926fd685cb356ed01"", ""tip_home"": 4, ""tip_away"": 1}, {""match_id"": ""15c02657eae715112afa"", ""tip_home"": 1, ""tip_away"": 1}, {""match_id"": ""3ff290fb7aed307eefb3"", ""tip_home"": 1, ""tip_away"": 1}, {""match_id"": ""474cfd65bfdd7bb5b899"", ""tip_home"": 2, ""tip_away"": 1}, {""match_id"": ""721203ec8bea101562f9"", ""tip_home"": 1, ""tip_away"": 1}, {""match_id"": ""984911e9ff42ce4f48e1"", ""tip_home"": 1, ""tip_away"": 1}, {""match_id"": ""d6b538976f9ea6937cca"", ""tip_home"": 0, ""tip_away"": 0}, {""match_id"": ""538f127ad99d239f7590"", ""tip_home"": 1, ""tip_away"": 1}, {""match_id"": ""eca487bef37fbcb4519f"", ""tip_home"": 1, ""tip_away"": 1}]"
2022-01-11,14,20,7,-4.6512494259552035,-7.037735565457022,"[{""assumed_opponents"": 100, ""assumed_crowd_concentration"": 1.0, ""simulated_prize_share"": 0.023861317216318553, ""baseline_simulated_prize_share"": 0.02270609537478309, ""paired_difference_standard_error"": 0.0008834744385522825}, {""assumed_opponents"": 1000, ""assumed_crowd_concentration"": 1.0, ""simulated_prize_share"": 0.004329621375914632, ""baseline_simulated_prize_share"": 0.0022892299159573692, ""paired_difference_standard_error"": 0.00033213882524337434}, {""assumed_opponents"": 10000, ""assumed_crowd_concentration"": 1.0, ""simulated_prize_share"": 0.0007014412864782449, ""baseline_simulated_prize_share"": 0.0002231153773459717, ""paired_difference_standard_error"": 0.00012541527656083606}, {""assumed_opponents"": 100, ""assumed_crowd_concentration"": 2.5, ""simulated_prize_share"": 0.03572194191074163, ""baseline_simulated_prize_share"": 0.011749274170841394, ""paired_difference_standard_error"": 0.0009390168093434874}, {""assumed_opponents"": 1000, ""assumed_crowd_concentration"": 2.5, ""simulated_prize_share"": 0.009690652159733634, ""baseline_simulated_prize_share"": 0.0008600875763629625, ""paired_difference_standard_error"": 0.0004507592037206244}, {""assumed_opponents"": 10000, ""assumed_crowd_concentration"": 2.5, ""simulated_prize_share"": 0.002392099843242146, ""baseline_simulated_prize_share"": 6.178872017615397e-05, ""paired_difference_standard_error"": 0.00021443475382356864}, {""assumed_opponents"": 100, ""assumed_crowd_concentration"": 5.0, ""simulated_prize_share"": 0.05618577910915944, ""baseline_simulated_prize_share"": 0.006577930956678134, ""paired_difference_standard_error"": 0.0011414943801851122}, {""assumed_opponents"": 1000, ""assumed_crowd_concentration"": 5.0, ""simulated_prize_share"": 0.022695200510609293, ""baseline_simulated_prize_share"": 0.000335622228027823, ""paired_difference_standard_error"": 0.0007099436062727118}, {""assumed_opponents"": 10000, ""assumed_crowd_concentration"": 5.0, ""simulated_prize_share"": 0.008632347324008804, ""baseline_simulated_prize_share"": 1.941727119355189e-05, ""paired_difference_standard_error"": 0.0004390777257871667}]","[{""match_id"": ""89875d487ddb80e00013"", ""tip_home"": 1, ""tip_away"": 1}, {""match_id"": ""2b9dfad362c214f7c821"", ""tip_home"": 1, ""tip_away"": 1}, {""match_id"": ""2d98426ff2115b802a37"", ""tip_home"": 1, ""tip_away"": 1}, {""match_id"": ""7dd3fd53c624b0c8ec3f"", ""tip_home"": 1, ""tip_away"": 2}, {""match_id"": ""967321d380cbee229cbc"", ""tip_home"": 1, ""tip_away"": 2}, {""match_id"": ""9df2afa782f9240cff63"", ""tip_home"": 1, ""tip_away"": 1}, {""match_id"": ""af738aafc306a0ab22e6"", ""tip_home"": 2, ""tip_away"": 1}, {""match_id"": ""9fbb01a1747637963c8e"", ""tip_home"": 0, ""tip_away"": 0}, {""match_id"": ""b77fdff1e693680bd86c"", ""tip_home"": 1, ""tip_away"": 1}]"
2022-01-18,11,5,8,-4.415200747621343,-8.426774122455084,"[{""assumed_opponents"": 100, ""assumed_crowd_concentration"": 1.0, ""simulated_prize_share"": 0.02549158553791728, ""baseline_simulated_prize_share"": 0.019707671708117415, ""paired_difference_standard_error"": 0.0008797133698899099}, {""assumed_opponents"": 1000, ""assumed_crowd_concentration"": 1.0, ""simulated_prize_share"": 0.0058303559371527, ""baseline_simulated_prize_share"": 0.0016079143809590198, ""paired_difference_standard_error"": 0.00036285157048801753}, {""assumed_opponents"": 10000, ""assumed_crowd_concentration"": 1.0, ""simulated_prize_share"": 0.0012433027008528642, ""baseline_simulated_prize_share"": 0.00013661582309408877, ""paired_difference_standard_error"": 0.0001592772935646553}, {""assumed_opponents"": 100, ""assumed_crowd_concentration"": 2.5, ""simulated_prize_share"": 0.03773982588257119, ""baseline_simulated_prize_share"": 0.008368782969689877, ""paired_difference_standard_error"": 0.0009390083405553265}, {""assumed_opponents"": 1000, ""assumed_crowd_concentration"": 2.5, ""simulated_prize_share"": 0.011837191875712784, ""baseline_simulated_prize_share"": 0.00041725213637654147, ""paired_difference_standard_error"": 0.0005016871085497871}, {""assumed_opponents"": 10000, ""assumed_crowd_concentration"": 2.5, ""simulated_prize_share"": 0.0034860839237398377, ""baseline_simulated_prize_share"": 8.545901564231238e-06, ""paired_difference_standard_error"": 0.00026541550926964443}, {""assumed_opponents"": 100, ""assumed_crowd_concentration"": 5.0, ""simulated_prize_share"": 0.06225015100871066, ""baseline_simulated_prize_share"": 0.003837315241208658, ""paired_difference_standard_error"": 0.001181712644944255}, {""assumed_opponents"": 1000, ""assumed_crowd_concentration"": 5.0, ""simulated_prize_share"": 0.026715102208682437, ""baseline_simulated_prize_share"": 9.86473080963604e-05, ""paired_difference_standard_error"": 0.0007796378984984665}, {""assumed_opponents"": 10000, ""assumed_crowd_concentration"": 5.0, ""simulated_prize_share"": 0.011549725104072957, ""baseline_simulated_prize_share"": 2.3624126855239748e-08, ""paired_difference_standard_error"": 0.0005159726763709795}]","[{""match_id"": ""1ffd76494dcc71f5f6c5"", ""tip_home"": 1, ""tip_away"": 1}, {""match_id"": ""03040742ec2a367585f7"", ""tip_home"": 1, ""tip_away"": 1}, {""match_id"": ""22fa97476478a990f80d"", ""tip_home"": 1, ""tip_away"": 1}, {""match_id"": ""83c8a98ae7aa32d9df57"", ""tip_home"": 1, ""tip_away"": 1}, {""match_id"": ""d82c77a5a188d8655080"", ""tip_home"": 2, ""tip_away"": 1}, {""match_id"": ""eb0d2f13ac72cd25ad1e"", ""tip_home"": 1, ""tip_away"": 1}, {""match_id"": ""fa547e7d7b04dc2fea72"", ""tip_home"": 1, ""tip_away"": 1}, {""match_id"": ""89c21d9a19b545b7f59b"", ""tip_home"": 1, ""tip_away"": 1}, {""match_id"": ""eadb38067deaaa29b66b"", ""tip_home"": 0, ""tip_away"": 2}]"
2022-02-01,10,4,8,-4.6977910086663615,-6.436547968026636,"[{""assumed_opponents"": 100, ""assumed_crowd_concentration"": 1.0, ""simulated_prize_share"": 0.023667639896451993, ""baseline_simulated_prize_share"": 0.025874451478705776, ""paired_difference_standard_error"": 0.0009411293697527566}, {""assumed_opponents"": 1000, ""assumed_crowd_concentration"": 1.0, ""simulated_prize_share"": 0.005537427630170442, ""baseline_simulated_prize_share"": 0.003415828906250352, ""paired_difference_standard_error"": 0.0004045673541335499}, {""assumed_opponents"": 10000, ""assumed_crowd_concentration"": 1.0, ""simulated_prize_share"": 0.0013180565687448435, ""baseline_simulated_prize_share"": 0.0004211113754764711, ""paired_difference_standard_error"": 0.00017913739261199088}, {""assumed_opponents"": 100, ""assumed_crowd_concentration"": 2.5, ""simulated_prize_share"": 0.030390789624278065, ""baseline_simulated_prize_share"": 0.017321248529698338, ""paired_difference_standard_error"": 0.0009432162910281292}, {""assumed_opponents"": 1000, ""assumed_crowd_concentration"": 2.5, ""simulated_prize_share"": 0.008889000384015385, ""baseline_simulated_prize_share"": 0.0017513483022410731, ""paired_difference_standard_error"": 0.00045755284529823436}, {""assumed_opponents"": 10000, ""assumed_crowd_concentration"": 2.5, ""simulated_prize_share"": 0.0026693624264818314, ""baseline_simulated_prize_share"": 0.00015681418556280825, ""paired_difference_standard_error"": 0.00024197262286149458}, {""assumed_opponents"": 100, ""assumed_crowd_concentration"": 5.0, ""simulated_prize_share"": 0.0409542356348003, ""baseline_simulated_prize_share"": 0.011687065469268357, ""paired_difference_standard_error"": 0.0010190405684327056}, {""assumed_opponents"": 1000, ""assumed_crowd_concentration"": 5.0, ""simulated_prize_share"": 0.01488171383009316, ""baseline_simulated_prize_share"": 0.0008290689609205103, ""paired_difference_standard_error"": 0.0005827849921648036}, {""assumed_opponents"": 10000, ""assumed_crowd_concentration"": 5.0, ""simulated_prize_share"": 0.005723033632910652, ""baseline_simulated_prize_share"": 4.0493673962637055e-05, ""paired_difference_standard_error"": 0.00036098618532395485}]","[{""match_id"": ""b9b7dec5dc92f3ccb726"", ""tip_home"": 1, ""tip_away"": 1}, {""match_id"": ""1b1b92b69781a2e1982a"", ""tip_home"": 2, ""tip_away"": 1}, {""match_id"": ""396c92f4e27c3066d10a"", ""tip_home"": 1, ""tip_away"": 1}, {""match_id"": ""627d0dee2c6a9dd0b0f2"", ""tip_home"": 1, ""tip_away"": 2}, {""match_id"": ""824cb3dd4bb2b06dc58b"", ""tip_home"": 1, ""tip_away"": 1}, {""match_id"": ""b03e98cbd8dcea18da8b"", ""tip_home"": 1, ""tip_away"": 1}, {""match_id"": ""e243bac7c48888fa1424"", ""tip_home"": 1, ""tip_away"": 1}, {""match_id"": ""9e31dfa1fb11dfdf6bea"", ""tip_home"": 1, ""tip_away"": 1}, {""match_id"": ""c2ec92b31ca5b7e9f32f"", ""tip_home"": 1, ""tip_away"": 1}]"
2022-02-08,13,11,6,-4.6271717977857545,-7.149753621056261,"[{""assumed_opponents"": 100, ""assumed_crowd_concentration"": 1.0, ""simulated_prize_share"": 0.024445163941397265, ""baseline_simulated_prize_share"": 0.02252338753337918, ""paired_difference_standard_error"": 0.0008883475337039102}, {""assumed_opponents"": 1000, ""assumed_crowd_concentration"": 1.0, ""simulated_prize_share"": 0.004526988275333402, ""baseline_simulated_prize_share"": 0.0023373457736146617, ""paired_difference_standard_error"": 0.00033951454837379826}, {""assumed_opponents"": 10000, ""assumed_crowd_concentration"": 1.0, ""simulated_prize_share"": 0.0008128443670088579, ""baseline_simulated_prize_share"": 0.00023383776687620087, ""paired_difference_standard_error"": 0.0001361548955296155}, {""assumed_opponents"": 100, ""assumed_crowd_concentration"": 2.5, ""simulated_prize_share"": 0.035376825559417034, ""baseline_simulated_prize_share"": 0.01203324428834197, ""paired_difference_standard_error"": 0.000936043564942438}, {""assumed_opponents"": 1000, ""assumed_crowd_concentration"": 2.5, ""simulated_prize_share"": 0.009566983568659152, ""baseline_simulated_prize_share"": 0.0008803356367201845, ""paired_difference_standard_error"": 0.00044828117095472816}, {""assumed_opponents"": 10000, ""assumed_crowd_concentration"": 2.5, ""simulated_prize_share"": 0.002491853824388167, ""baseline_simulated_prize_share"": 4.833758417559327e-05, ""paired_difference_standard_error"": 0.00022279927354231557}, {""assumed_opponents"": 100, ""assumed_crowd_concentration"": 5.0, ""simulated_prize_share"": 0.05578246916082636, ""baseline_simulated_prize_share"": 0.007627252728365813, ""paired_difference_standard_error"": 0.0011402269583550523}, {""assumed_opponents"": 1000, ""assumed_crowd_concentration"": 5.0, ""simulated_prize_share"": 0.022383657897246265, ""baseline_simulated_prize_share"": 0.0003900354705174946, ""paired_difference_standard_error"": 0.0007066111827480512}, {""assumed_opponents"": 10000, ""assumed_crowd_concentration"": 5.0, ""simulated_prize_share"": 0.008660608842473525, ""baseline_simulated_prize_share"": 6.04023132626453e-06, ""paired_difference_standard_error"": 0.00043950142347278523}]","[{""match_id"": ""9139000c84c3edb737ad"", ""tip_home"": 1, ""tip_away"": 1}, {""match_id"": ""1016146416453e346e37"", ""tip_home"": 2, ""tip_away"": 0}, {""match_id"": ""536caaeaa8043172e269"", ""tip_home"": 1, ""tip_away"": 1}, {""match_id"": ""7b857902ca787ece12df"", ""tip_home"": 0, ""tip_away"": 2}, {""match_id"": ""be3e5e5b0a87e8e32b95"", ""tip_home"": 1, ""tip_away"": 1}, {""match_id"": ""d2b4fccfb6a89c61313d"", ""tip_home"": 0, ""tip_away"": 1}, {""match_id"": ""faacb20b7803d27cd90f"", ""tip_home"": 2, ""tip_away"": 1}, {""match_id"": ""0eef3e05bb6ec7adf451"", ""tip_home"": 2, ""tip_away"": 0}, {""match_id"": ""61ca606a37cafe66b583"", ""tip_home"": 1, ""tip_away"": 1}]"
2022-02-15,17,13,8,-4.763249533274307,-6.973350369369778,"[{""assumed_opponents"": 100, ""assumed_crowd_concentration"": 1.0, ""simulated_prize_share"": 0.026099568595986843, ""baseline_simulated_prize_share"": 0.023491621822500842, ""paired_difference_standard_error"": 0.0009288890109379303}, {""assumed_opponents"": 1000, ""assumed_crowd_concentration"": 1.0, ""simulated_prize_share"": 0.005157750234877299, ""baseline_simulated_prize_share"": 0.0026610021814095154, ""paired_difference_standard_error"": 0.00036124329096730355}, {""assumed_opponents"": 10000, ""assumed_crowd_concentration"": 1.0, ""simulated_prize_share"": 0.0009262629113411125, ""baseline_simulated_prize_share"": 0.0002602473665673333, ""paired_difference_standard_error"": 0.00014772902682603774}, {""assumed_opponents"": 100, ""assumed_crowd_concentration"": 2.5, ""simulated_prize_share"": 0.03321318406429777, ""baseline_simulated_prize_share"": 0.01317789718842274, ""paired_difference_standard_error"": 0.0009192909624012209}, {""assumed_opponents"": 1000, ""assumed_crowd_concentration"": 2.5, ""simulated_prize_share"": 0.008500545188536103, ""baseline_simulated_prize_share"": 0.0009617804801981373, ""paired_difference_standard_error"": 0.0004188639250346584}, {""assumed_opponents"": 10000, ""assumed_crowd_concentration"": 2.5, ""simulated_prize_share"": 0.0018810498160462632, ""baseline_simulated_prize_share"": 9.067685017548746e-05, ""paired_difference_standard_error"": 0.00019522123966125382}, {""assumed_opponents"": 100, ""assumed_crowd_concentration"": 5.0, ""simulated_prize_share"": 0.046229637334258195, ""baseline_simulated_prize_share"": 0.006257769662373774, ""paired_difference_standard_error"": 0.0010168779172190833}, {""assumed_opponents"": 1000, ""assumed_crowd_concentration"": 5.0, ""simulated_prize_share"": 0.015620381759649131, ""baseline_simulated_prize_share"": 0.00023177249977284262, ""paired_difference_standard_error"": 0.000578155554278374}, {""assumed_opponents"": 10000, ""assumed_crowd_concentration"": 5.0, ""simulated_prize_share"": 0.005041101881779706, ""baseline_simulated_prize_share"": 2.0434648667534798e-05, ""paired_difference_standard_error"": 0.00032380066525572373}]","[{""match_id"": ""3c36fd58e9c6f8ab6cc1"", ""tip_home"": 2, ""tip_away"": 1}, {""match_id"": ""08d13e265316249beeb3"", ""tip_home"": 1, ""tip_away"": 1}, {""match_id"": ""272f88af6ad671f210f7"", ""tip_home"": 1, ""tip_away"": 1}, {""match_id"": ""2a2850c0c7da379c8b46"", ""tip_home"": 1, ""tip_away"": 1}, {""match_id"": ""5eeef8339d59143d25aa"", ""tip_home"": 1, ""tip_away"": 1}, {""match_id"": ""67e7679e9f5fcf002642"", ""tip_home"": 1, ""tip_away"": 0}, {""match_id"": ""6a1c39d45e659099e7d8"", ""tip_home"": 1, ""tip_away"": 1}, {""match_id"": ""db64a8705ad5a0b08108"", ""tip_home"": 1, ""tip_away"": 1}, {""match_id"": ""dbc5abcf8052d12340e8"", ""tip_home"": 5, ""tip_away"": 0}]"
2022-02-22,15,14,6,-4.558648222228844,-6.898059340297864,"[{""assumed_opponents"": 100, ""assumed_crowd_concentration"": 1.0, ""simulated_prize_share"": 0.024431091275537144, ""baseline_simulated_prize_share"": 0.026633795684291063, ""paired_difference_standard_error"": 0.0009283919152965879}, {""assumed_opponents"": 1000, ""assumed_crowd_concentration"": 1.0, ""simulated_prize_share"": 0.004595356527294181, ""baseline_simulated_prize_share"": 0.0027196152815538283, ""paired_difference_standard_error"": 0.00034733417822105736}, {""assumed_opponents"": 10000, ""assumed_crowd_concentration"": 1.0, ""simulated_prize_share"": 0.0008036895378246195, ""baseline_simulated_prize_share"": 0.00021976381419573025, ""paired_difference_standard_error"": 0.00013118367110649437}, {""assumed_opponents"": 100, ""assumed_crowd_concentration"": 2.5, ""simulated_prize_share"": 0.036532658384248275, ""baseline_simulated_prize_share"": 0.014247457532523874, ""paired_difference_standard_error"": 0.0009713745364304314}, {""assumed_opponents"": 1000, ""assumed_crowd_concentration"": 2.5, ""simulated_prize_share"": 0.010653753080379249, ""baseline_simulated_prize_share"": 0.0008709062003672364, ""paired_difference_standard_error"": 0.0004735555406933906}, {""assumed_opponents"": 10000, ""assumed_crowd_concentration"": 2.5, ""simulated_prize_share"": 0.002857563071081764, ""baseline_simulated_prize_share"": 5.05899993891914e-05, ""paired_difference_standard_error"": 0.000237620217281916}, {""assumed_opponents"": 100, ""assumed_crowd_concentration"": 5.0, ""simulated_prize_share"": 0.057713585635697444, ""baseline_simulated_prize_share"": 0.00997224379043355, ""paired_difference_standard_error"": 0.0011842484452747504}, {""assumed_opponents"": 1000, ""assumed_crowd_concentration"": 5.0, ""simulated_prize_share"": 0.024881361264390483, ""baseline_simulated_prize_share"": 0.00048664636568242046, ""paired_difference_standard_error"": 0.0007537127942898715}, {""assumed_opponents"": 10000, ""assumed_crowd_concentration"": 5.0, ""simulated_prize_share"": 0.010547651575237967, ""baseline_simulated_prize_share"": 2.2502020397807557e-05, ""paired_difference_standard_error"": 0.0004927997897122238}]","[{""match_id"": ""8e8acfbe49e12eceb11e"", ""tip_home"": 3, ""tip_away"": 1}, {""match_id"": ""3a2507e5fa00334be4a0"", ""tip_home"": 1, ""tip_away"": 2}, {""match_id"": ""41c32f87fc7f1133ace2"", ""tip_home"": 1, ""tip_away"": 1}, {""match_id"": ""786c8612b5369de529cc"", ""tip_home"": 1, ""tip_away"": 1}, {""match_id"": ""9afda8093136ddb33c27"", ""tip_home"": 1, ""tip_away"": 1}, {""match_id"": ""c0a08e27f9ce0fe08e43"", ""tip_home"": 1, ""tip_away"": 0}, {""match_id"": ""c4b2881874a98072a16b"", ""tip_home"": 1, ""tip_away"": 1}, {""match_id"": ""77afae31bd2f3c49d908"", ""tip_home"": 1, ""tip_away"": 1}, {""match_id"": ""ba829e699655bab5c4ac"", ""tip_home"": 1, ""tip_away"": 2}]"
2022-03-29,8,13,8,-4.680701072869635,-7.24098552118598,"[{""assumed_opponents"": 100, ""assumed_crowd_concentration"": 1.0, ""simulated_prize_share"": 0.025241594950978684, ""baseline_simulated_prize_share"": 0.021121476862198146, ""paired_difference_standard_error"": 0.0009001583438889243}, {""assumed_opponents"": 1000, ""assumed_crowd_concentration"": 1.0, ""simulated_prize_share"": 0.0054528294963905955, ""baseline_simulated_prize_share"": 0.0021905836852152433, ""paired_difference_standard_error"": 0.0003655438900821679}, {""assumed_opponents"": 10000, ""assumed_crowd_concentration"": 1.0, ""simulated_prize_share"": 0.0012177014810351202, ""baseline_simulated_prize_share"": 0.00013466687033508756, ""paired_difference_standard_error"": 0.0001566551586175657}, {""assumed_opponents"": 100, ""assumed_crowd_concentration"": 2.5, ""simulated_prize_share"": 0.03320009179993014, ""baseline_simulated_prize_share"": 0.012714536417495363, ""paired_difference_standard_error"": 0.000926749697272496}, {""assumed_opponents"": 1000, ""assumed_crowd_concentration"": 2.5, ""simulated_prize_share"": 0.009311271286083247, ""baseline_simulated_prize_share"": 0.0008614960158030463, ""paired_difference_standard_error"": 0.000446260638528959}, {""assumed_opponents"": 10000, ""assumed_crowd_concentration"": 2.5, ""simulated_prize_share"": 0.00275703002530846, ""baseline_simulated_prize_share"": 4.882587397860301e-05, ""paired_difference_standard_error"": 0.0002415933474973926}, {""assumed_opponents"": 100, ""assumed_crowd_concentration"": 5.0, ""simulated_prize_share"": 0.04193294079718135, ""baseline_simulated_prize_share"": 0.006984396258988661, ""paired_difference_standard_error"": 0.0009900999271403273}, {""assumed_opponents"": 1000, ""assumed_crowd_concentration"": 5.0, ""simulated_prize_share"": 0.014973478312770204, ""baseline_simulated_prize_share"": 0.00031584636908000196, ""paired_difference_standard_error"": 0.0005737288335685468}, {""assumed_opponents"": 10000, ""assumed_crowd_concentration"": 5.0, ""simulated_prize_share"": 0.005649745027070181, ""baseline_simulated_prize_share"": 6.77900594335072e-06, ""paired_difference_standard_error"": 0.0003612151026179044}]","[{""match_id"": ""e1673cfe621b9e28d7c7"", ""tip_home"": 1, ""tip_away"": 1}, {""match_id"": ""53c7e64feecc7067d3e4"", ""tip_home"": 2, ""tip_away"": 0}, {""match_id"": ""6f8cc146f85a4551d777"", ""tip_home"": 1, ""tip_away"": 1}, {""match_id"": ""7d135be07dd100869375"", ""tip_home"": 1, ""tip_away"": 1}, {""match_id"": ""83af7ad704fd36809cde"", ""tip_home"": 1, ""tip_away"": 1}, {""match_id"": ""c0ab183b9cb7516b23d7"", ""tip_home"": 1, ""tip_away"": 1}, {""match_id"": ""ef0186eb320b1f1a3f9f"", ""tip_home"": 1, ""tip_away"": 1}, {""match_id"": ""0ae7512c721e5db81605"", ""tip_home"": 1, ""tip_away"": 1}, {""match_id"": ""ca588b3f7332f8ff1642"", ""tip_home"": 1, ""tip_away"": 1}]"
2022-04-12,11,5,7,-4.328718510844171,-7.503747103552848,"[{""assumed_opponents"": 100, ""assumed_crowd_concentration"": 1.0, ""simulated_prize_share"": 0.030796770368219588, ""baseline_simulated_prize_share"": 0.02372956278065501, ""paired_difference_standard_error"": 0.0009793174994425086}, {""assumed_opponents"": 1000, ""assumed_crowd_concentration"": 1.0, ""simulated_prize_share"": 0.006934765795953686, ""baseline_simulated_prize_share"": 0.002551077480464023, ""paired_difference_standard_error"": 0.00040666961223896283}, {""assumed_opponents"": 10000, ""assumed_crowd_concentration"": 1.0, ""simulated_prize_share"": 0.0011998000982268576, ""baseline_simulated_prize_share"": 0.00026992984102538613, ""paired_difference_standard_error"": 0.00015464720319645966}, {""assumed_opponents"": 100, ""assumed_crowd_concentration"": 2.5, ""simulated_prize_share"": 0.0429927519071233, ""baseline_simulated_prize_share"": 0.01094980461716051, ""paired_difference_standard_error"": 0.0010141031856522912}, {""assumed_opponents"": 1000, ""assumed_crowd_concentration"": 2.5, ""simulated_prize_share"": 0.01293317729995871, ""baseline_simulated_prize_share"": 0.0007292050592787453, ""paired_difference_standard_error"": 0.0005208346928820936}, {""assumed_opponents"": 10000, ""assumed_crowd_concentration"": 2.5, ""simulated_prize_share"": 0.003402796654180786, ""baseline_simulated_prize_share"": 3.501260907137866e-05, ""paired_difference_standard_error"": 0.00025507467617466985}, {""assumed_opponents"": 100, ""assumed_crowd_concentration"": 5.0, ""simulated_prize_share"": 0.0696398987320791, ""baseline_simulated_prize_share"": 0.005270579153472029, ""paired_difference_standard_error"": 0.001251282452025482}, {""assumed_opponents"": 1000, ""assumed_crowd_concentration"": 5.0, ""simulated_prize_share"": 0.029513797136202023, ""baseline_simulated_prize_share"": 0.0001733607083151949, ""paired_difference_standard_error"": 0.0008135758101628404}, {""assumed_opponents"": 10000, ""assumed_crowd_concentration"": 5.0, ""simulated_prize_share"": 0.012080568578607464, ""baseline_simulated_prize_share"": 1.1218183485816817e-06, ""paired_difference_standard_error"": 0.0005158689777417952}]","[{""match_id"": ""0e18286a69f5481bf233"", ""tip_home"": 1, ""tip_away"": 1}, {""match_id"": ""1ee918847c924592c877"", ""tip_home"": 1, ""tip_away"": 1}, {""match_id"": ""3a639416ca7f60c14ca6"", ""tip_home"": 1, ""tip_away"": 1}, {""match_id"": ""a7aae898fe3a35f29e1e"", ""tip_home"": 1, ""tip_away"": 1}, {""match_id"": ""ac10e8b8ca0b9ea8cd30"", ""tip_home"": 1, ""tip_away"": 1}, {""match_id"": ""00bc26311601a7daed28"", ""tip_home"": 2, ""tip_away"": 0}, {""match_id"": ""7346eca035343f133187"", ""tip_home"": 1, ""tip_away"": 1}, {""match_id"": ""c564d0afca3ade749298"", ""tip_home"": 0, ""tip_away"": 2}, {""match_id"": ""f28576e50093d00b1eda"", ""tip_home"": 1, ""tip_away"": 1}]"
2022-04-19,10,5,7,-4.691353021661289,-6.959006889329726,"[{""assumed_opponents"": 100, ""assumed_crowd_concentration"": 1.0, ""simulated_prize_share"": 0.025641966030031434, ""baseline_simulated_prize_share"": 0.022627856288618832, ""paired_difference_standard_error"": 0.0009058232184628216}, {""assumed_opponents"": 1000, ""assumed_crowd_concentration"": 1.0, ""simulated_prize_share"": 0.0051962467906836, ""baseline_simulated_prize_share"": 0.002120846184987457, ""paired_difference_standard_error"": 0.0003510705224591437}, {""assumed_opponents"": 10000, ""assumed_crowd_concentration"": 1.0, ""simulated_prize_share"": 0.0009318635829406077, ""baseline_simulated_prize_share"": 0.00019023254651758184, ""paired_difference_standard_error"": 0.00014035166475331556}, {""assumed_opponents"": 100, ""assumed_crowd_concentration"": 2.5, ""simulated_prize_share"": 0.033261716222518306, ""baseline_simulated_prize_share"": 0.012734062139042393, ""paired_difference_standard_error"": 0.0009233297910486553}, {""assumed_opponents"": 1000, ""assumed_crowd_concentration"": 2.5, ""simulated_prize_share"": 0.009609954957593796, ""baseline_simulated_prize_share"": 0.0008729334167720862, ""paired_difference_standard_error"": 0.0004542919078028451}, {""assumed_opponents"": 10000, ""assumed_crowd_concentration"": 2.5, ""simulated_prize_share"": 0.00248347314894518, ""baseline_simulated_prize_share"": 7.334306781248122e-05, ""paired_difference_standard_error"": 0.0002209876267496783}, {""assumed_opponents"": 100, ""assumed_crowd_concentration"": 5.0, ""simulated_prize_share"": 0.04317497256392934, ""baseline_simulated_prize_share"": 0.007466209082556765, ""paired_difference_standard_error"": 0.0010127466381145583}, {""assumed_opponents"": 1000, ""assumed_crowd_concentration"": 5.0, ""simulated_prize_share"": 0.016384598193236476, ""baseline_simulated_prize_share"": 0.0003928171129127596, ""paired_difference_standard_error"": 0.0006094995214542967}, {""assumed_opponents"": 10000, ""assumed_crowd_concentration"": 5.0, ""simulated_prize_share"": 0.006603203169079655, ""baseline_simulated_prize_share"": 2.8882864814816265e-05, ""paired_difference_standard_error"": 0.00038672229555188786}]","[{""match_id"": ""728c2095fda9f5a1e2cc"", ""tip_home"": 1, ""tip_away"": 1}, {""match_id"": ""0649638c3453a13adcc3"", ""tip_home"": 1, ""tip_away"": 1}, {""match_id"": ""3a65dd7a0ae51fb0fd5c"", ""tip_home"": 1, ""tip_away"": 1}, {""match_id"": ""3f98842c2b240e984538"", ""tip_home"": 2, ""tip_away"": 1}, {""match_id"": ""40b3da16426db3a2d0de"", ""tip_home"": 2, ""tip_away"": 1}, {""match_id"": ""9e274745242e4f95c051"", ""tip_home"": 1, ""tip_away"": 1}, {""match_id"": ""c58557ff238f99c32ed3"", ""tip_home"": 1, ""tip_away"": 1}, {""match_id"": ""2d2a6fa2ad061adfe380"", ""tip_home"": 1, ""tip_away"": 1}, {""match_id"": ""392dc6a3d3fd9110d1ef"", ""tip_home"": 0, ""tip_away"": 0}]"
2022-04-26,4,14,6,-4.8280570932725695,-6.612266555808611,"[{""assumed_opponents"": 100, ""assumed_crowd_concentration"": 1.0, ""simulated_prize_share"": 0.02246079276101543, ""baseline_simulated_prize_share"": 0.025582120331807706, ""paired_difference_standard_error"": 0.0008983438753750933}, {""assumed_opponents"": 1000, ""assumed_crowd_concentration"": 1.0, ""simulated_prize_share"": 0.004322151833626681, ""baseline_simulated_prize_share"": 0.002852488556992109, ""paired_difference_standard_error"": 0.00034963695960820834}, {""assumed_opponents"": 10000, ""assumed_crowd_concentration"": 1.0, ""simulated_prize_share"": 0.0007449621413117423, ""baseline_simulated_prize_share"": 0.0003001501764176234, ""paired_difference_standard_error"": 0.00012513825938994023}, {""assumed_opponents"": 100, ""assumed_crowd_concentration"": 2.5, ""simulated_prize_share"": 0.030411216749556567, ""baseline_simulated_prize_share"": 0.015752523235203285, ""paired_difference_standard_error"": 0.000914826452115503}, {""assumed_opponents"": 1000, ""assumed_crowd_concentration"": 2.5, ""simulated_prize_share"": 0.008091565290319696, ""baseline_simulated_prize_share"": 0.0013433353594768489, ""paired_difference_standard_error"": 0.00042290875020855006}, {""assumed_opponents"": 10000, ""assumed_crowd_concentration"": 2.5, ""simulated_prize_share"": 0.002136584903001863, ""baseline_simulated_prize_share"": 0.00011004755998388237, ""paired_difference_standard_error"": 0.00021033350513804497}, {""assumed_opponents"": 100, ""assumed_crowd_concentration"": 5.0, ""simulated_prize_share"": 0.04153155349811974, ""baseline_simulated_prize_share"": 0.01030449773308504, ""paired_difference_standard_error"": 0.0010120261767051094}, {""assumed_opponents"": 1000, ""assumed_crowd_concentration"": 5.0, ""simulated_prize_share"": 0.015199388819004891, ""baseline_simulated_prize_share"": 0.0006837057373383399, ""paired_difference_standard_error"": 0.0005844019114812402}, {""assumed_opponents"": 10000, ""assumed_crowd_concentration"": 5.0, ""simulated_prize_share"": 0.005604836086179553, ""baseline_simulated_prize_share"": 3.976051498806281e-05, ""paired_difference_standard_error"": 0.00035156655075101027}]","[{""match_id"": ""6bdc604dfa612cc8bac7"", ""tip_home"": 2, ""tip_away"": 0}, {""match_id"": ""279be235ae7a83307c82"", ""tip_home"": 1, ""tip_away"": 1}, {""match_id"": ""37a16ef0357a7ad3b871"", ""tip_home"": 0, ""tip_away"": 1}, {""match_id"": ""a46168a894884d2573e0"", ""tip_home"": 1, ""tip_away"": 2}, {""match_id"": ""af0f3664ee3f615dfa3e"", ""tip_home"": 1, ""tip_away"": 1}, {""match_id"": ""b7439f2012f84bf18f5e"", ""tip_home"": 1, ""tip_away"": 1}, {""match_id"": ""ed510e9259145f68cd10"", ""tip_home"": 0, ""tip_away"": 0}, {""match_id"": ""53d27d45bf321ce63b86"", ""tip_home"": 1, ""tip_away"": 1}, {""match_id"": ""e19bb3b98f72fa7dab36"", ""tip_home"": 2, ""tip_away"": 1}]"
2022-05-03,10,10,6,-4.622017471673759,-6.950757232293659,"[{""assumed_opponents"": 100, ""assumed_crowd_concentration"": 1.0, ""simulated_prize_share"": 0.02848877964844637, ""baseline_simulated_prize_share"": 0.02467823037114458, ""paired_difference_standard_error"": 0.0009501001663819235}, {""assumed_opponents"": 1000, ""assumed_crowd_concentration"": 1.0, ""simulated_prize_share"": 0.005228797932825871, ""baseline_simulated_prize_share"": 0.0025135279324744273, ""paired_difference_standard_error"": 0.0003600467860060591}, {""assumed_opponents"": 10000, ""assumed_crowd_concentration"": 1.0, ""simulated_prize_share"": 0.0009070400123982211, ""baseline_simulated_prize_share"": 0.0002694005195721536, ""paired_difference_standard_error"": 0.00014121747586167552}, {""assumed_opponents"": 100, ""assumed_crowd_concentration"": 2.5, ""simulated_prize_share"": 0.03723077211781933, ""baseline_simulated_prize_share"": 0.012451173679991899, ""paired_difference_standard_error"": 0.0009516090804696102}, {""assumed_opponents"": 1000, ""assumed_crowd_concentration"": 2.5, ""simulated_prize_share"": 0.009425351631684759, ""baseline_simulated_prize_share"": 0.0008597792615099638, ""paired_difference_standard_error"": 0.0004363722265576427}, {""assumed_opponents"": 10000, ""assumed_crowd_concentration"": 2.5, ""simulated_prize_share"": 0.0021762799269551157, ""baseline_simulated_prize_share"": 8.514903410134719e-05, ""paired_difference_standard_error"": 0.00020569906685253978}, {""assumed_opponents"": 100, ""assumed_crowd_concentration"": 5.0, ""simulated_prize_share"": 0.057560568743472464, ""baseline_simulated_prize_share"": 0.006085217268556935, ""paired_difference_standard_error"": 0.00112775745414316}, {""assumed_opponents"": 1000, ""assumed_crowd_concentration"": 5.0, ""simulated_prize_share"": 0.02082989133412408, ""baseline_simulated_prize_share"": 0.00022676708639345953, ""paired_difference_standard_error"": 0.0006670752560256308}, {""assumed_opponents"": 10000, ""assumed_crowd_concentration"": 5.0, ""simulated_prize_share"": 0.006945783769568021, ""baseline_simulated_prize_share"": 3.2306592248439905e-05, ""paired_difference_standard_error"": 0.00038396594389771514}]","[{""match_id"": ""60d312c2d6828b2878d3"", ""tip_home"": 0, ""tip_away"": 1}, {""match_id"": ""11df66df3a7ba7223f3e"", ""tip_home"": 1, ""tip_away"": 1}, {""match_id"": ""1355626011f8411d882a"", ""tip_home"": 1, ""tip_away"": 1}, {""match_id"": ""6b599d12d9c8908738e4"", ""tip_home"": 1, ""tip_away"": 1}, {""match_id"": ""72c87803105e9870cb35"", ""tip_home"": 1, ""tip_away"": 3}, {""match_id"": ""ed1c493943cfbf95e480"", ""tip_home"": 1, ""tip_away"": 1}, {""match_id"": ""41f2fedca833b9f0cdc1"", ""tip_home"": 1, ""tip_away"": 1}, {""match_id"": ""9306d6089a7646107d5a"", ""tip_home"": 2, ""tip_away"": 0}, {""match_id"": ""a486c63a6758229fe30e"", ""tip_home"": 3, ""tip_away"": 0}]"
2022-05-10,14,5,5,-4.5136368252005745,-7.309033548057355,"[{""assumed_opponents"": 100, ""assumed_crowd_concentration"": 1.0, ""simulated_prize_share"": 0.02448176352325259, ""baseline_simulated_prize_share"": 0.026642796724127997, ""paired_difference_standard_error"": 0.000925291298828933}, {""assumed_opponents"": 1000, ""assumed_crowd_concentration"": 1.0, ""simulated_prize_share"": 0.005006145492004041, ""baseline_simulated_prize_share"": 0.0026335167051624365, ""paired_difference_standard_error"": 0.00035352945647035056}, {""assumed_opponents"": 10000, ""assumed_crowd_concentration"": 1.0, ""simulated_prize_share"": 0.0008287710812499302, ""baseline_simulated_prize_share"": 0.00013989267593357565, ""paired_difference_standard_error"": 0.00012515675151037283}, {""assumed_opponents"": 100, ""assumed_crowd_concentration"": 2.5, ""simulated_prize_share"": 0.03693999163225193, ""baseline_simulated_prize_share"": 0.01451187359157944, ""paired_difference_standard_error"": 0.0009739900020769539}, {""assumed_opponents"": 1000, ""assumed_crowd_concentration"": 2.5, ""simulated_prize_share"": 0.01129926794631142, ""baseline_simulated_prize_share"": 0.000781754084112449, ""paired_difference_standard_error"": 0.00048799901803593253}, {""assumed_opponents"": 10000, ""assumed_crowd_concentration"": 2.5, ""simulated_prize_share"": 0.003147412280720864, ""baseline_simulated_prize_share"": 2.0100463978689196e-05, ""paired_difference_standard_error"": 0.00024938434553744947}, {""assumed_opponents"": 100, ""assumed_crowd_concentration"": 5.0, ""simulated_prize_share"": 0.05852399115643059, ""baseline_simulated_prize_share"": 0.009694830612207994, ""paired_difference_standard_error"": 0.0011829474088931769}, {""assumed_opponents"": 1000, ""assumed_crowd_concentration"": 5.0, ""simulated_prize_share"": 0.025583486813664895, ""baseline_simulated_prize_share"": 0.00036767863130184253, ""paired_difference_standard_error"": 0.0007683347966536015}, {""assumed_opponents"": 10000, ""assumed_crowd_concentration"": 5.0, ""simulated_prize_share"": 0.011407664523478071, ""baseline_simulated_prize_share"": 3.3855119268188775e-06, ""paired_difference_standard_error"": 0.0005138299536062654}]","[{""match_id"": ""01e2e2d587a16c84156a"", ""tip_home"": 1, ""tip_away"": 2}, {""match_id"": ""18b8ccfa9804b7d3d009"", ""tip_home"": 1, ""tip_away"": 1}, {""match_id"": ""1d4044fa30376e432abe"", ""tip_home"": 1, ""tip_away"": 1}, {""match_id"": ""2e8d8096f9b5fc3d8474"", ""tip_home"": 2, ""tip_away"": 0}, {""match_id"": ""79dbf8ff724d315aa814"", ""tip_home"": 1, ""tip_away"": 2}, {""match_id"": ""98078280c99ec93b8713"", ""tip_home"": 1, ""tip_away"": 1}, {""match_id"": ""99b1dabbd9662758934b"", ""tip_home"": 0, ""tip_away"": 1}, {""match_id"": ""bb36daa175d5297c355f"", ""tip_home"": 1, ""tip_away"": 1}, {""match_id"": ""cd5466fb76bc7959f810"", ""tip_home"": 1, ""tip_away"": 1}]"
