as_of,baseline_points,contest_points,changed_tendencies,evaluation_log_objective,baseline_evaluation_log_objective,scenarios,tips
2018-08-21,8,9,6,-5.0113617082146575,-6.629975317241484,"[{""assumed_opponents"": 100, ""assumed_crowd_concentration"": 1.0, ""simulated_prize_share"": 0.028178673176205205, ""baseline_simulated_prize_share"": 0.023900986326655084, ""paired_difference_standard_error"": 0.0009429230139546798}, {""assumed_opponents"": 1000, ""assumed_crowd_concentration"": 1.0, ""simulated_prize_share"": 0.005015648805394561, ""baseline_simulated_prize_share"": 0.0028514166959039, ""paired_difference_standard_error"": 0.0003598330769179626}, {""assumed_opponents"": 10000, ""assumed_crowd_concentration"": 1.0, ""simulated_prize_share"": 0.0007085790279740627, ""baseline_simulated_prize_share"": 0.00038390403090164205, ""paired_difference_standard_error"": 0.0001354739513145585}, {""assumed_opponents"": 100, ""assumed_crowd_concentration"": 2.5, ""simulated_prize_share"": 0.030935419673263388, ""baseline_simulated_prize_share"": 0.014375327090587933, ""paired_difference_standard_error"": 0.0008855428577591258}, {""assumed_opponents"": 1000, ""assumed_crowd_concentration"": 2.5, ""simulated_prize_share"": 0.0063644762890211985, ""baseline_simulated_prize_share"": 0.0012280238658149366, ""paired_difference_standard_error"": 0.00036344986618477447}, {""assumed_opponents"": 10000, ""assumed_crowd_concentration"": 2.5, ""simulated_prize_share"": 0.0010715519535766328, ""baseline_simulated_prize_share"": 0.00017361232148569515, ""paired_difference_standard_error"": 0.00014427960517810512}, {""assumed_opponents"": 100, ""assumed_crowd_concentration"": 5.0, ""simulated_prize_share"": 0.041075383630471, ""baseline_simulated_prize_share"": 0.0078018161952187574, ""paired_difference_standard_error"": 0.0009488570680988687}, {""assumed_opponents"": 1000, ""assumed_crowd_concentration"": 5.0, ""simulated_prize_share"": 0.011076738870295987, ""baseline_simulated_prize_share"": 0.00045953839380538056, ""paired_difference_standard_error"": 0.0004742829891861167}, {""assumed_opponents"": 10000, ""assumed_crowd_concentration"": 5.0, ""simulated_prize_share"": 0.0026883013653418416, ""baseline_simulated_prize_share"": 4.237629216806122e-05, ""paired_difference_standard_error"": 0.00022477928833794554}]","[{""match_id"": ""35fc76a1b06760e2e5b2"", ""tip_home"": 3, ""tip_away"": 0}, {""match_id"": ""038ac7fd41b836403dee"", ""tip_home"": 1, ""tip_away"": 1}, {""match_id"": ""0920a815284a576ce6b7"", ""tip_home"": 1, ""tip_away"": 1}, {""match_id"": ""0cce9e444a8f12743abd"", ""tip_home"": 0, ""tip_away"": 1}, {""match_id"": ""d1bb9ddf240825f00c65"", ""tip_home"": 2, ""tip_away"": 1}, {""match_id"": ""e7647a2c12861f96c104"", ""tip_home"": 1, ""tip_away"": 1}, {""match_id"": ""ee2f24fd98941e501458"", ""tip_home"": 1, ""tip_away"": 1}, {""match_id"": ""9c496fe22ede1b0ee6e5"", ""tip_home"": 1, ""tip_away"": 1}, {""match_id"": ""c609a26d8c0f396b3c6c"", ""tip_home"": 1, ""tip_away"": 1}]"
2018-08-28,5,16,6,-4.569600418906969,-7.1497377508985664,"[{""assumed_opponents"": 100, ""assumed_crowd_concentration"": 1.0, ""simulated_prize_share"": 0.02870557441357087, ""baseline_simulated_prize_share"": 0.021422739028894258, ""paired_difference_standard_error"": 0.0009220085895743958}, {""assumed_opponents"": 1000, ""assumed_crowd_concentration"": 1.0, ""simulated_prize_share"": 0.005513234802896682, ""baseline_simulated_prize_share"": 0.002051648504675538, ""paired_difference_standard_error"": 0.00035947766763471116}, {""assumed_opponents"": 10000, ""assumed_crowd_concentration"": 1.0, ""simulated_prize_share"": 0.0010020673161479608, ""baseline_simulated_prize_share"": 0.00015758205953149347, ""paired_difference_standard_error"": 0.0001388443220276803}, {""assumed_opponents"": 100, ""assumed_crowd_concentration"": 2.5, ""simulated_prize_share"": 0.037722898814373504, ""baseline_simulated_prize_share"": 0.012893565404037459, ""paired_difference_standard_error"": 0.000963590227520882}, {""assumed_opponents"": 1000, ""assumed_crowd_concentration"": 2.5, ""simulated_prize_share"": 0.010090545480769163, ""baseline_simulated_prize_share"": 0.0009459620493054206, ""paired_difference_standard_error"": 0.0004602005095300643}, {""assumed_opponents"": 10000, ""assumed_crowd_concentration"": 2.5, ""simulated_prize_share"": 0.002474241291064387, ""baseline_simulated_prize_share"": 2.2380708514581893e-05, ""paired_difference_standard_error"": 0.0002189285859085861}, {""assumed_opponents"": 100, ""assumed_crowd_concentration"": 5.0, ""simulated_prize_share"": 0.054776915223047895, ""baseline_simulated_prize_share"": 0.009671545275793324, ""paired_difference_standard_error"": 0.0011408232003664522}, {""assumed_opponents"": 1000, ""assumed_crowd_concentration"": 5.0, ""simulated_prize_share"": 0.02088045935100383, ""baseline_simulated_prize_share"": 0.0005880913290649154, ""paired_difference_standard_error"": 0.0006831671115458293}, {""assumed_opponents"": 10000, ""assumed_crowd_concentration"": 5.0, ""simulated_prize_share"": 0.008062333914264471, ""baseline_simulated_prize_share"": 1.0534870092058359e-05, ""paired_difference_standard_error"": 0.0004216097425427093}]","[{""match_id"": ""ff3d6cc615c40c3ff9ef"", ""tip_home"": 1, ""tip_away"": 1}, {""match_id"": ""092480c387f8d34a3a94"", ""tip_home"": 1, ""tip_away"": 1}, {""match_id"": ""1e60604264661163f97b"", ""tip_home"": 0, ""tip_away"": 1}, {""match_id"": ""3380dac2c886530e1a56"", ""tip_home"": 2, ""tip_away"": 1}, {""match_id"": ""43c648bed9d78a88b7c2"", ""tip_home"": 1, ""tip_away"": 1}, {""match_id"": ""aba9a55845f11158e6ab"", ""tip_home"": 1, ""tip_away"": 1}, {""match_id"": ""d035022a7663f381e09a"", ""tip_home"": 0, ""tip_away"": 1}, {""match_id"": ""8b5d00d9317b238b00dc"", ""tip_home"": 2, ""tip_away"": 0}, {""match_id"": ""c9271e736f9a82b5d6e5"", ""tip_home"": 1, ""tip_away"": 1}]"
2018-09-11,15,16,7,-4.738328014180343,-6.638043527892827,"[{""assumed_opponents"": 100, ""assumed_crowd_concentration"": 1.0, ""simulated_prize_share"": 0.022730926611266397, ""baseline_simulated_prize_share"": 0.0263800672929284, ""paired_difference_standard_error"": 0.0009203019728224361}, {""assumed_opponents"": 1000, ""assumed_crowd_concentration"": 1.0, ""simulated_prize_share"": 0.004552306060597587, ""baseline_simulated_prize_share"": 0.002870536180711312, ""paired_difference_standard_error"": 0.00035405384220748155}, {""assumed_opponents"": 10000, ""assumed_crowd_concentration"": 1.0, ""simulated_prize_share"": 0.0008976157005047734, ""baseline_simulated_prize_share"": 0.00030772087344722925, ""paired_difference_standard_error"": 0.0001484310202161435}, {""assumed_opponents"": 100, ""assumed_crowd_concentration"": 2.5, ""simulated_prize_share"": 0.031388193826658375, ""baseline_simulated_prize_share"": 0.015759455249858494, ""paired_difference_standard_error"": 0.000934346958605603}, {""assumed_opponents"": 1000, ""assumed_crowd_concentration"": 2.5, ""simulated_prize_share"": 0.008962220702337589, ""baseline_simulated_prize_share"": 0.0012938620763724594, ""paired_difference_standard_error"": 0.00044476410393151655}, {""assumed_opponents"": 10000, ""assumed_crowd_concentration"": 2.5, ""simulated_prize_share"": 0.0024080334480221983, ""baseline_simulated_prize_share"": 0.00011007810046055699, ""paired_difference_standard_error"": 0.00022141700291078341}, {""assumed_opponents"": 100, ""assumed_crowd_concentration"": 5.0, ""simulated_prize_share"": 0.04282554829758818, ""baseline_simulated_prize_share"": 0.00964720573462833, ""paired_difference_standard_error"": 0.0010337853473823674}, {""assumed_opponents"": 1000, ""assumed_crowd_concentration"": 5.0, ""simulated_prize_share"": 0.016943858679968067, ""baseline_simulated_prize_share"": 0.0006484998229064061, ""paired_difference_standard_error"": 0.000621066144593827}, {""assumed_opponents"": 10000, ""assumed_crowd_concentration"": 5.0, ""simulated_prize_share"": 0.00660744944555982, ""baseline_simulated_prize_share"": 3.4623545030520685e-05, ""paired_difference_standard_error"": 0.00038752039160304196}]","[{""match_id"": ""71f9262fc2de6585223e"", ""tip_home"": 1, ""tip_away"": 1}, {""match_id"": ""03fd2a490811170cd122"", ""tip_home"": 4, ""tip_away"": 1}, {""match_id"": ""2eed56c07a8cba8ca163"", ""tip_home"": 1, ""tip_away"": 2}, {""match_id"": ""6a5cf0d4ce8de2c39e5d"", ""tip_home"": 2, ""tip_away"": 1}, {""match_id"": ""6b88eb5b9ea4d87de7f4"", ""tip_home"": 1, ""tip_away"": 1}, {""match_id"": ""b9f3c27cb29338cb6a2b"", ""tip_home"": 1, ""tip_away"": 1}, {""match_id"": ""d35c7cff2daacd1cb137"", ""tip_home"": 1, ""tip_away"": 1}, {""match_id"": ""24648be436510cf90da0"", ""tip_home"": 1, ""tip_away"": 1}, {""match_id"": ""6733d25ff0a3084087b1"", ""tip_home"": 1, ""tip_away"": 1}]"
2018-09-18,9,11,9,-4.594639669136486,-6.80525690333452,"[{""assumed_opponents"": 100, ""assumed_crowd_concentration"": 1.0, ""simulated_prize_share"": 0.02526641346616157, ""baseline_simulated_prize_share"": 0.021186980687069888, ""paired_difference_standard_error"": 0.0009064226136410678}, {""assumed_opponents"": 1000, ""assumed_crowd_concentration"": 1.0, ""simulated_prize_share"": 0.005865984784397495, ""baseline_simulated_prize_share"": 0.0022214847164042754, ""paired_difference_standard_error"": 0.00037851744900371434}, {""assumed_opponents"": 10000, ""assumed_crowd_concentration"": 1.0, ""simulated_prize_share"": 0.0011916534794493895, ""baseline_simulated_prize_share"": 0.00028003196214761, ""paired_difference_standard_error"": 0.0001621450507836883}, {""assumed_opponents"": 100, ""assumed_crowd_concentration"": 2.5, ""simulated_prize_share"": 0.03401395848400362, ""baseline_simulated_prize_share"": 0.012806129214348278, ""paired_difference_standard_error"": 0.000940293545785585}, {""assumed_opponents"": 1000, ""assumed_crowd_concentration"": 2.5, ""simulated_prize_share"": 0.010398117678902852, ""baseline_simulated_prize_share"": 0.0010527431674813926, ""paired_difference_standard_error"": 0.00048184153748996985}, {""assumed_opponents"": 10000, ""assumed_crowd_concentration"": 2.5, ""simulated_prize_share"": 0.0028940369622027133, ""baseline_simulated_prize_share"": 0.0001051230588189384, ""paired_difference_standard_error"": 0.00024361494554825958}, {""assumed_opponents"": 100, ""assumed_crowd_concentration"": 5.0, ""simulated_prize_share"": 0.04568791535627549, ""baseline_simulated_prize_share"": 0.007564743798203546, ""paired_difference_standard_error"": 0.0010419015765216484}, {""assumed_opponents"": 1000, ""assumed_crowd_concentration"": 5.0, ""simulated_prize_share"": 0.01791998763858249, ""baseline_simulated_prize_share"": 0.0005568590697843366, ""paired_difference_standard_error"": 0.0006439670018873889}, {""assumed_opponents"": 10000, ""assumed_crowd_concentration"": 5.0, ""simulated_prize_share"": 0.007427977244017004, ""baseline_simulated_prize_share"": 3.1969252724535735e-05, ""paired_difference_standard_error"": 0.000407219887817454}]","[{""match_id"": ""a9d98162ef55d45d40fc"", ""tip_home"": 1, ""tip_away"": 1}, {""match_id"": ""145679ece2241d28c1bf"", ""tip_home"": 1, ""tip_away"": 1}, {""match_id"": ""524cbd0fd1f76d1b0bf6"", ""tip_home"": 1, ""tip_away"": 2}, {""match_id"": ""8a5c8b3706adf0d74241"", ""tip_home"": 1, ""tip_away"": 1}, {""match_id"": ""a4a7420ba2b8f9159d6b"", ""tip_home"": 1, ""tip_away"": 1}, {""match_id"": ""c02e80b470c21a590620"", ""tip_home"": 1, ""tip_away"": 1}, {""match_id"": ""f7de94dab43533f62cbe"", ""tip_home"": 1, ""tip_away"": 1}, {""match_id"": ""20bc2c28389446d6307f"", ""tip_home"": 1, ""tip_away"": 1}, {""match_id"": ""b7c4d43b613a24505f3c"", ""tip_home"": 1, ""tip_away"": 1}]"
2018-10-02,10,5,7,-4.759787785945722,-7.185502909904252,"[{""assumed_opponents"": 100, ""assumed_crowd_concentration"": 1.0, ""simulated_prize_share"": 0.023167917945270122, ""baseline_simulated_prize_share"": 0.021706405786777842, ""paired_difference_standard_error"": 0.0008685669821434822}, {""assumed_opponents"": 1000, ""assumed_crowd_concentration"": 1.0, ""simulated_prize_share"": 0.00455927546495985, ""baseline_simulated_prize_share"": 0.0022097878401000593, ""paired_difference_standard_error"": 0.000342519472101014}, {""assumed_opponents"": 10000, ""assumed_crowd_concentration"": 1.0, ""simulated_prize_share"": 0.0008243151535361685, ""baseline_simulated_prize_share"": 0.00028436220837913765, ""paired_difference_standard_error"": 0.00013632226795276745}, {""assumed_opponents"": 100, ""assumed_crowd_concentration"": 2.5, ""simulated_prize_share"": 0.031176891438228396, ""baseline_simulated_prize_share"": 0.011987582909458996, ""paired_difference_standard_error"": 0.00088351228678047}, {""assumed_opponents"": 1000, ""assumed_crowd_concentration"": 2.5, ""simulated_prize_share"": 0.008352317554311022, ""baseline_simulated_prize_share"": 0.0009453886192005536, ""paired_difference_standard_error"": 0.0004248808710876453}, {""assumed_opponents"": 10000, ""assumed_crowd_concentration"": 2.5, ""simulated_prize_share"": 0.0021133079926377194, ""baseline_simulated_prize_share"": 4.6185327875914426e-05, ""paired_difference_standard_error"": 0.0002011604502452344}, {""assumed_opponents"": 100, ""assumed_crowd_concentration"": 5.0, ""simulated_prize_share"": 0.046937620437755144, ""baseline_simulated_prize_share"": 0.007098312052538921, ""paired_difference_standard_error"": 0.001036952676558563}, {""assumed_opponents"": 1000, ""assumed_crowd_concentration"": 5.0, ""simulated_prize_share"": 0.016997221171374234, ""baseline_simulated_prize_share"": 0.00037427747287981073, ""paired_difference_standard_error"": 0.0006159905532114925}, {""assumed_opponents"": 10000, ""assumed_crowd_concentration"": 5.0, ""simulated_prize_share"": 0.0065054320502166245, ""baseline_simulated_prize_share"": 4.3288890249999285e-06, ""paired_difference_standard_error"": 0.00037863547904730253}]","[{""match_id"": ""567e9624bea2a86131ba"", ""tip_home"": 1, ""tip_away"": 2}, {""match_id"": ""11f8111417710d5f5a62"", ""tip_home"": 1, ""tip_away"": 1}, {""match_id"": ""32667b0cf11f3201fcd8"", ""tip_home"": 1, ""tip_away"": 1}, {""match_id"": ""9dffc2a42e8df0564912"", ""tip_home"": 3, ""tip_away"": 0}, {""match_id"": ""d1dbf961abbb0163a1bd"", ""tip_home"": 3, ""tip_away"": 0}, {""match_id"": ""eb380b9c7a4f588017cc"", ""tip_home"": 1, ""tip_away"": 1}, {""match_id"": ""192d4cc7826de21f3467"", ""tip_home"": 1, ""tip_away"": 1}, {""match_id"": ""c3f93d16c6dea3b71a1f"", ""tip_home"": 1, ""tip_away"": 1}, {""match_id"": ""c9b6c30cfe414b950b54"", ""tip_home"": 2, ""tip_away"": 1}]"
2018-10-16,11,15,7,-4.347599326140645,-7.3101894831553125,"[{""assumed_opponents"": 100, ""assumed_crowd_concentration"": 1.0, ""simulated_prize_share"": 0.028192446970130042, ""baseline_simulated_prize_share"": 0.02108263673415585, ""paired_difference_standard_error"": 0.0009183962574552451}, {""assumed_opponents"": 1000, ""assumed_crowd_concentration"": 1.0, ""simulated_prize_share"": 0.005588557899534293, ""baseline_simulated_prize_share"": 0.001919750257177039, ""paired_difference_standard_error"": 0.0003567205229874415}, {""assumed_opponents"": 10000, ""assumed_crowd_concentration"": 1.0, ""simulated_prize_share"": 0.00109361260068644, ""baseline_simulated_prize_share"": 0.00023281544405235997, ""paired_difference_standard_error"": 0.00015671401173620534}, {""assumed_opponents"": 100, ""assumed_crowd_concentration"": 2.5, ""simulated_prize_share"": 0.042588537324782, ""baseline_simulated_prize_share"": 0.008968681475147962, ""paired_difference_standard_error"": 0.0009913124253852507}, {""assumed_opponents"": 1000, ""assumed_crowd_concentration"": 2.5, ""simulated_prize_share"": 0.012701962342650936, ""baseline_simulated_prize_share"": 0.0005138964434341668, ""paired_difference_standard_error"": 0.0005121005750111803}, {""assumed_opponents"": 10000, ""assumed_crowd_concentration"": 2.5, ""simulated_prize_share"": 0.00326948493708233, ""baseline_simulated_prize_share"": 5.026037761315316e-05, ""paired_difference_standard_error"": 0.00025477035629827634}, {""assumed_opponents"": 100, ""assumed_crowd_concentration"": 5.0, ""simulated_prize_share"": 0.07250829946782265, ""baseline_simulated_prize_share"": 0.00516888418689657, ""paired_difference_standard_error"": 0.0012840755123948542}, {""assumed_opponents"": 1000, ""assumed_crowd_concentration"": 5.0, ""simulated_prize_share"": 0.03257707210686793, ""baseline_simulated_prize_share"": 0.0001944082519705354, ""paired_difference_standard_error"": 0.0008591812014793203}, {""assumed_opponents"": 10000, ""assumed_crowd_concentration"": 5.0, ""simulated_prize_share"": 0.014109633735893913, ""baseline_simulated_prize_share"": 1.218715990531911e-05, ""paired_difference_standard_error"": 0.0005668934525546913}]","[{""match_id"": ""7701fb2c73dfee9c591a"", ""tip_home"": 1, ""tip_away"": 1}, {""match_id"": ""46a28f88def6fe29d5ce"", ""tip_home"": 1, ""tip_away"": 1}, {""match_id"": ""99a42c19b22856400888"", ""tip_home"": 1, ""tip_away"": 2}, {""match_id"": ""ab3cf5a3861e3dd8d81b"", ""tip_home"": 0, ""tip_away"": 2}, {""match_id"": ""c49d240ea9601f96a91c"", ""tip_home"": 1, ""tip_away"": 1}, {""match_id"": ""d8a8d1b4febe464f9109"", ""tip_home"": 1, ""tip_away"": 1}, {""match_id"": ""f35593ad64b77482c827"", ""tip_home"": 1, ""tip_away"": 1}, {""match_id"": ""3ab0df2810f6316def70"", ""tip_home"": 1, ""tip_away"": 1}, {""match_id"": ""a0f3bac6d26e175f088f"", ""tip_home"": 1, ""tip_away"": 1}]"
2018-10-23,6,13,7,-4.675770276721675,-7.323037038080772,"[{""assumed_opponents"": 100, ""assumed_crowd_concentration"": 1.0, ""simulated_prize_share"": 0.02686459225069479, ""baseline_simulated_prize_share"": 0.020196792554849467, ""paired_difference_standard_error"": 0.0008984793505346271}, {""assumed_opponents"": 1000, ""assumed_crowd_concentration"": 1.0, ""simulated_prize_share"": 0.00531536373362302, ""baseline_simulated_prize_share"": 0.001883209549062282, ""paired_difference_standard_error"": 0.00034808972601308856}, {""assumed_opponents"": 10000, ""assumed_crowd_concentration"": 1.0, ""simulated_prize_share"": 0.0009631696230259359, ""baseline_simulated_prize_share"": 0.00011436866343229104, ""paired_difference_standard_error"": 0.00013834252840806856}, {""assumed_opponents"": 100, ""assumed_crowd_concentration"": 2.5, ""simulated_prize_share"": 0.03523391818963863, ""baseline_simulated_prize_share"": 0.011239428240892534, ""paired_difference_standard_error"": 0.0009233200240599261}, {""assumed_opponents"": 1000, ""assumed_crowd_concentration"": 2.5, ""simulated_prize_share"": 0.009302726440429683, ""baseline_simulated_prize_share"": 0.0006478908926748735, ""paired_difference_standard_error"": 0.0004335340643541655}, {""assumed_opponents"": 10000, ""assumed_crowd_concentration"": 2.5, ""simulated_prize_share"": 0.002284564085143934, ""baseline_simulated_prize_share"": 3.3134230227425135e-05, ""paired_difference_standard_error"": 0.0002141004688364266}, {""assumed_opponents"": 100, ""assumed_crowd_concentration"": 5.0, ""simulated_prize_share"": 0.049726605222717914, ""baseline_simulated_prize_share"": 0.006332594290493698, ""paired_difference_standard_error"": 0.0010602498290381232}, {""assumed_opponents"": 1000, ""assumed_crowd_concentration"": 5.0, ""simulated_prize_share"": 0.017570753018228177, ""baseline_simulated_prize_share"": 0.000205826285159715, ""paired_difference_standard_error"": 0.0006140863745813012}, {""assumed_opponents"": 10000, ""assumed_crowd_concentration"": 5.0, ""simulated_prize_share"": 0.005886798760994013, ""baseline_simulated_prize_share"": 1.740665147417179e-05, ""paired_difference_standard_error"": 0.00035622802786229027}]","[{""match_id"": ""976859444ed331a8b331"", ""tip_home"": 1, ""tip_away"": 1}, {""match_id"": ""20c32b785190e3b35b11"", ""tip_home"": 0, ""tip_away"": 1}, {""match_id"": ""33c2ca60b1876d60cbe9"", ""tip_home"": 1, ""tip_away"": 1}, {""match_id"": ""823497e503d881abc590"", ""tip_home"": 1, ""tip_away"": 1}, {""match_id"": ""92b55c3edaadf8325597"", ""tip_home"": 1, ""tip_away"": 1}, {""match_id"": ""93e38aefb0bab2a6ada5"", ""tip_home"": 1, ""tip_away"": 0}, {""match_id"": ""079c395fd3c55eb4e55f"", ""tip_home"": 1, ""tip_away"": 1}, {""match_id"": ""19d6bdd133fc308597e6"", ""tip_home"": 1, ""tip_away"": 1}, {""match_id"": ""296dab0310d6d8a38f99"", ""tip_home"": 1, ""tip_away"": 1}]"
2018-10-30,11,9,6,-4.666930674841859,-7.188111450321736,"[{""assumed_opponents"": 100, ""assumed_crowd_concentration"": 1.0, ""simulated_prize_share"": 0.02730084533757764, ""baseline_simulated_prize_share"": 0.022197672576538797, ""paired_difference_standard_error"": 0.0009140932329316561}, {""assumed_opponents"": 1000, ""assumed_crowd_concentration"": 1.0, ""simulated_prize_share"": 0.004919656737939178, ""baseline_simulated_prize_share"": 0.0024991163423387364, ""paired_difference_standard_error"": 0.0003568803015844183}, {""assumed_opponents"": 10000, ""assumed_crowd_concentration"": 1.0, ""simulated_prize_share"": 0.0009326426537830754, ""baseline_simulated_prize_share"": 0.00024077334035280777, ""paired_difference_standard_error"": 0.00014113071156006136}, {""assumed_opponents"": 100, ""assumed_crowd_concentration"": 2.5, ""simulated_prize_share"": 0.03644862606222324, ""baseline_simulated_prize_share"": 0.011666664277954573, ""paired_difference_standard_error"": 0.0009284810755364779}, {""assumed_opponents"": 1000, ""assumed_crowd_concentration"": 2.5, ""simulated_prize_share"": 0.008588153081583078, ""baseline_simulated_prize_share"": 0.0009737283227384109, ""paired_difference_standard_error"": 0.00042433340288464984}, {""assumed_opponents"": 10000, ""assumed_crowd_concentration"": 2.5, ""simulated_prize_share"": 0.0020726778085620114, ""baseline_simulated_prize_share"": 6.106365661920128e-05, ""paired_difference_standard_error"": 0.00019989442503566432}, {""assumed_opponents"": 100, ""assumed_crowd_concentration"": 5.0, ""simulated_prize_share"": 0.056382152815121774, ""baseline_simulated_prize_share"": 0.005901719482355487, ""paired_difference_standard_error"": 0.0011145144907831932}, {""assumed_opponents"": 1000, ""assumed_crowd_concentration"": 5.0, ""simulated_prize_share"": 0.019244177466079114, ""baseline_simulated_prize_share"": 0.0003460492908474857, ""paired_difference_standard_error"": 0.0006386804054225303}, {""assumed_opponents"": 10000, ""assumed_crowd_concentration"": 5.0, ""simulated_prize_share"": 0.006504590045533188, ""baseline_simulated_prize_share"": 4.238377211467022e-06, ""paired_difference_standard_error"": 0.0003764275519309815}]","[{""match_id"": ""d58cb5cc3e14d2a8e479"", ""tip_home"": 1, ""tip_away"": 1}, {""match_id"": ""0d276215c4823e04d10e"", ""tip_home"": 1, ""tip_away"": 2}, {""match_id"": ""8e2e70e212aaa423c897"", ""tip_home"": 1, ""tip_away"": 1}, {""match_id"": ""9407b624ddd885392e9d"", ""tip_home"": 1, ""tip_away"": 1}, {""match_id"": ""b0a587d1e15584617d48"", ""tip_home"": 1, ""tip_away"": 1}, {""match_id"": ""b7e6437faa3216aa3da7"", ""tip_home"": 1, ""tip_away"": 1}, {""match_id"": ""cfcfb3450dace55df797"", ""tip_home"": 4, ""tip_away"": 0}, {""match_id"": ""04c86fb9bc27df9ce60a"", ""tip_home"": 1, ""tip_away"": 2}, {""match_id"": ""e1e64af43ef8abf98bcd"", ""tip_home"": 3, ""tip_away"": 0}]"
2018-11-06,8,2,9,-4.750097091609039,-7.269694689143317,"[{""assumed_opponents"": 100, ""assumed_crowd_concentration"": 1.0, ""simulated_prize_share"": 0.028937888465418504, ""baseline_simulated_prize_share"": 0.021531153605872592, ""paired_difference_standard_error"": 0.0009374668359264325}, {""assumed_opponents"": 1000, ""assumed_crowd_concentration"": 1.0, ""simulated_prize_share"": 0.005578717722073868, ""baseline_simulated_prize_share"": 0.002422496991798126, ""paired_difference_standard_error"": 0.00036543934574887333}, {""assumed_opponents"": 10000, ""assumed_crowd_concentration"": 1.0, ""simulated_prize_share"": 0.0008463941151080386, ""baseline_simulated_prize_share"": 0.00022446394618000657, ""paired_difference_standard_error"": 0.00013166786209066535}, {""assumed_opponents"": 100, ""assumed_crowd_concentration"": 2.5, ""simulated_prize_share"": 0.03550876198661565, ""baseline_simulated_prize_share"": 0.011496483537489938, ""paired_difference_standard_error"": 0.0009213959528833748}, {""assumed_opponents"": 1000, ""assumed_crowd_concentration"": 2.5, ""simulated_prize_share"": 0.008416375166764117, ""baseline_simulated_prize_share"": 0.0008331761675173575, ""paired_difference_standard_error"": 0.00041059399084038495}, {""assumed_opponents"": 10000, ""assumed_crowd_concentration"": 2.5, ""simulated_prize_share"": 0.0016342705976825139, ""baseline_simulated_prize_share"": 7.125188482961961e-05, ""paired_difference_standard_error"": 0.00017155554737490833}, {""assumed_opponents"": 100, ""assumed_crowd_concentration"": 5.0, ""simulated_prize_share"": 0.05115290817529365, ""baseline_simulated_prize_share"": 0.0047925191194613664, ""paired_difference_standard_error"": 0.0010479873771779768}, {""assumed_opponents"": 1000, ""assumed_crowd_concentration"": 5.0, ""simulated_prize_share"": 0.016419906489241933, ""baseline_simulated_prize_share"": 0.0001959223790417323, ""paired_difference_standard_error"": 0.0005846310107598489}, {""assumed_opponents"": 10000, ""assumed_crowd_concentration"": 5.0, ""simulated_prize_share"": 0.004840965052042295, ""baseline_simulated_prize_share"": 5.1295839928159845e-06, ""paired_difference_standard_error"": 0.0003108687352508712}]","[{""match_id"": ""50a777ce26adcb186223"", ""tip_home"": 1, ""tip_away"": 1}, {""match_id"": ""1d87bed88fe461fb9195"", ""tip_home"": 1, ""tip_away"": 0}, {""match_id"": ""1dcb25f03151102e2e7b"", ""tip_home"": 1, ""tip_away"": 1}, {""match_id"": ""456491f984bd7f3a1c6b"", ""tip_home"": 1, ""tip_away"": 1}, {""match_id"": ""c613189534e351dbe553"", ""tip_home"": 1, ""tip_away"": 1}, {""match_id"": ""e2b71c922b0d3f2fd170"", ""tip_home"": 1, ""tip_away"": 1}, {""match_id"": ""f109f207a612958a41fb"", ""tip_home"": 1, ""tip_away"": 1}, {""match_id"": ""ca7c279d5a205d70d8b8"", ""tip_home"": 1, ""tip_away"": 1}, {""match_id"": ""ec724b612aabf5f95c6a"", ""tip_home"": 1, ""tip_away"": 1}]"
2018-11-20,12,6,6,-4.510303871193569,-6.653447666584741,"[{""assumed_opponents"": 100, ""assumed_crowd_concentration"": 1.0, ""simulated_prize_share"": 0.026781218808160017, ""baseline_simulated_prize_share"": 0.023685712851478406, ""paired_difference_standard_error"": 0.0009392231494078896}, {""assumed_opponents"": 1000, ""assumed_crowd_concentration"": 1.0, ""simulated_prize_share"": 0.005701432769398983, ""baseline_simulated_prize_share"": 0.00265037624131692, ""paired_difference_standard_error"": 0.00038058223199618325}, {""assumed_opponents"": 10000, ""assumed_crowd_concentration"": 1.0, ""simulated_prize_share"": 0.001031547486678325, ""baseline_simulated_prize_share"": 0.0003331732805872349, ""paired_difference_standard_error"": 0.0001521000935903743}, {""assumed_opponents"": 100, ""assumed_crowd_concentration"": 2.5, ""simulated_prize_share"": 0.0376288305593974, ""baseline_simulated_prize_share"": 0.013888996490588763, ""paired_difference_standard_error"": 0.0009876466654481443}, {""assumed_opponents"": 1000, ""assumed_crowd_concentration"": 2.5, ""simulated_prize_share"": 0.01121136331801846, ""baseline_simulated_prize_share"": 0.0012047327904393169, ""paired_difference_standard_error"": 0.0004963093556879713}, {""assumed_opponents"": 10000, ""assumed_crowd_concentration"": 2.5, ""simulated_prize_share"": 0.003120788953311196, ""baseline_simulated_prize_share"": 0.00012690708277248786, ""paired_difference_standard_error"": 0.0002502700463782206}, {""assumed_opponents"": 100, ""assumed_crowd_concentration"": 5.0, ""simulated_prize_share"": 0.054316096862612157, ""baseline_simulated_prize_share"": 0.009387510067615294, ""paired_difference_standard_error"": 0.0011488169680370385}, {""assumed_opponents"": 1000, ""assumed_crowd_concentration"": 5.0, ""simulated_prize_share"": 0.0225645473504816, ""baseline_simulated_prize_share"": 0.0006386104628382647, ""paired_difference_standard_error"": 0.000716681062907856}, {""assumed_opponents"": 10000, ""assumed_crowd_concentration"": 5.0, ""simulated_prize_share"": 0.009240531559236594, ""baseline_simulated_prize_share"": 3.7042601057707304e-05, ""paired_difference_standard_error"": 0.0004600199316082524}]","[{""match_id"": ""20ae0c933f8ae8434578"", ""tip_home"": 1, ""tip_away"": 1}, {""match_id"": ""1e7b81b2df4f5b5d93fd"", ""tip_home"": 1, ""tip_away"": 1}, {""match_id"": ""427786aa12ccc51a0104"", ""tip_home"": 1, ""tip_away"": 1}, {""match_id"": ""ccc44f60e926b6387399"", ""tip_home"": 5, ""tip_away"": 0}, {""match_id"": ""e45d55384a968191e6e9"", ""tip_home"": 1, ""tip_away"": 1}, {""match_id"": ""f732c2859c2c01c590cf"", ""tip_home"": 1, ""tip_away"": 1}, {""match_id"": ""f9257080bc2fda4c5256"", ""tip_home"": 1, ""tip_away"": 1}, {""match_id"": ""16f12d2451f1ac358312"", ""tip_home"": 3, ""tip_away"": 0}, {""match_id"": ""81a8009d6c6b444a6c2b"", ""tip_home"": 1, ""tip_away"": 2}]"
2018-11-27,16,8,6,-4.8074021702944725,-6.782938533173253,"[{""assumed_opponents"": 100, ""assumed_crowd_concentration"": 1.0, ""simulated_prize_share"": 0.029043197617377187, ""baseline_simulated_prize_share"": 0.02158233779002957, ""paired_difference_standard_error"": 0.0009299309782844885}, {""assumed_opponents"": 1000, ""assumed_crowd_concentration"": 1.0, ""simulated_prize_share"": 0.005366436695045422, ""baseline_simulated_prize_share"": 0.0024900436362550005, ""paired_difference_standard_error"": 0.00036690942400637543}, {""assumed_opponents"": 10000, ""assumed_crowd_concentration"": 1.0, ""simulated_prize_share"": 0.0008899989887221346, ""baseline_simulated_prize_share"": 0.0002864056214260265, ""paired_difference_standard_error"": 0.0001394771307653393}, {""assumed_opponents"": 100, ""assumed_crowd_concentration"": 2.5, ""simulated_prize_share"": 0.0341022710156082, ""baseline_simulated_prize_share"": 0.013888045059786906, ""paired_difference_standard_error"": 0.0009201604191252066}, {""assumed_opponents"": 1000, ""assumed_crowd_concentration"": 2.5, ""simulated_prize_share"": 0.0074132733202414945, ""baseline_simulated_prize_share"": 0.0011885244060940547, ""paired_difference_standard_error"": 0.00039140557956733976}, {""assumed_opponents"": 10000, ""assumed_crowd_concentration"": 2.5, ""simulated_prize_share"": 0.0014083545211632555, ""baseline_simulated_prize_share"": 7.823849073595421e-05, ""paired_difference_standard_error"": 0.00015884304601089148}, {""assumed_opponents"": 100, ""assumed_crowd_concentration"": 5.0, ""simulated_prize_share"": 0.04988329597590765, ""baseline_simulated_prize_share"": 0.011623520632770066, ""paired_difference_standard_error"": 0.0010837300251103864}, {""assumed_opponents"": 1000, ""assumed_crowd_concentration"": 5.0, ""simulated_prize_share"": 0.015267258807994313, ""baseline_simulated_prize_share"": 0.0007526681759657632, ""paired_difference_standard_error"": 0.0005670822774500988}, {""assumed_opponents"": 10000, ""assumed_crowd_concentration"": 5.0, ""simulated_prize_share"": 0.004307293022155795, ""baseline_simulated_prize_share"": 1.7683454304413092e-05, ""paired_difference_standard_error"": 0.0002897947957405664}]","[{""match_id"": ""b2d25fd20323acbf94d6"", ""tip_home"": 1, ""tip_away"": 1}, {""match_id"": ""06b53084b0812809f440"", ""tip_home"": 1, ""tip_away"": 1}, {""match_id"": ""477c9565e20d16c37a50"", ""tip_home"": 2, ""tip_away"": 1}, {""match_id"": ""6e47e3d492940360364f"", ""tip_home"": 2, ""tip_away"": 1}, {""match_id"": ""97d0262ed297dcc5988f"", ""tip_home"": 3, ""tip_away"": 0}, {""match_id"": ""aa0c662452a5f2566ff1"", ""tip_home"": 0, ""tip_away"": 2}, {""match_id"": ""4a43588ce3a4f5d72ff0"", ""tip_home"": 1, ""tip_away"": 1}, {""match_id"": ""b6baed82162eb3c50356"", ""tip_home"": 1, ""tip_away"": 1}, {""match_id"": ""d62c2ad1f2aa8c88756c"", ""tip_home"": 1, ""tip_away"": 1}]"
2018-12-04,16,6,7,-4.467655170389737,-6.887716482913136,"[{""assumed_opponents"": 100, ""assumed_crowd_concentration"": 1.0, ""simulated_prize_share"": 0.02617630678131898, ""baseline_simulated_prize_share"": 0.021588505850820443, ""paired_difference_standard_error"": 0.0009072868655797444}, {""assumed_opponents"": 1000, ""assumed_crowd_concentration"": 1.0, ""simulated_prize_share"": 0.006019937421043321, ""baseline_simulated_prize_share"": 0.002197314895610661, ""paired_difference_standard_error"": 0.000392595319302736}, {""assumed_opponents"": 10000, ""assumed_crowd_concentration"": 1.0, ""simulated_prize_share"": 0.0014362686339793995, ""baseline_simulated_prize_share"": 0.000322217647099765, ""paired_difference_standard_error"": 0.00017502104714052836}, {""assumed_opponents"": 100, ""assumed_crowd_concentration"": 2.5, ""simulated_prize_share"": 0.03628103027181799, ""baseline_simulated_prize_share"": 0.011085639891165922, ""paired_difference_standard_error"": 0.0009413202514445809}, {""assumed_opponents"": 1000, ""assumed_crowd_concentration"": 2.5, ""simulated_prize_share"": 0.010734652685450624, ""baseline_simulated_prize_share"": 0.0009164708198003711, ""paired_difference_standard_error"": 0.00048563298225101604}, {""assumed_opponents"": 10000, ""assumed_crowd_concentration"": 2.5, ""simulated_prize_share"": 0.0032487474352807704, ""baseline_simulated_prize_share"": 8.333282986270795e-05, ""paired_difference_standard_error"": 0.000264976991893024}, {""assumed_opponents"": 100, ""assumed_crowd_concentration"": 5.0, ""simulated_prize_share"": 0.05646935477428551, ""baseline_simulated_prize_share"": 0.006950408378895203, ""paired_difference_standard_error"": 0.0011436790703868171}, {""assumed_opponents"": 1000, ""assumed_crowd_concentration"": 5.0, ""simulated_prize_share"": 0.02270634681533862, ""baseline_simulated_prize_share"": 0.0004092024874072761, ""paired_difference_standard_error"": 0.0007182402633140459}, {""assumed_opponents"": 10000, ""assumed_crowd_concentration"": 5.0, ""simulated_prize_share"": 0.009388980485940066, ""baseline_simulated_prize_share"": 3.253990743649704e-05, ""paired_difference_standard_error"": 0.0004619682050677896}]","[{""match_id"": ""a9d5c2d99eea9a7084bb"", ""tip_home"": 1, ""tip_away"": 1}, {""match_id"": ""04e943f1c0e4acaafa3f"", ""tip_home"": 1, ""tip_away"": 1}, {""match_id"": ""1599399bbb70f68f4ded"", ""tip_home"": 2, ""tip_away"": 1}, {""match_id"": ""279abd0853ae432eafea"", ""tip_home"": 1, ""tip_away"": 1}, {""match_id"": ""284c2ea9611165c067dd"", ""tip_home"": 4, ""tip_away"": 0}, {""match_id"": ""5c1ff395fe0fa472c1d7"", ""tip_home"": 0, ""tip_away"": 2}, {""match_id"": ""92d42269373a1375c58f"", ""tip_home"": 1, ""tip_away"": 1}, {""match_id"": ""16128c7b010dfab4e7cc"", ""tip_home"": 1, ""tip_away"": 1}, {""match_id"": ""ee73f7cf7ecf3ce20534"", ""tip_home"": 1, ""tip_away"": 1}]"
2018-12-11,14,13,7,-4.945383888672489,-6.564372924574551,"[{""assumed_opponents"": 100, ""assumed_crowd_concentration"": 1.0, ""simulated_prize_share"": 0.02161665986322458, ""baseline_simulated_prize_share"": 0.02213911529495377, ""paired_difference_standard_error"": 0.0008668720320799278}, {""assumed_opponents"": 1000, ""assumed_crowd_concentration"": 1.0, ""simulated_prize_share"": 0.004421016006048618, ""baseline_simulated_prize_share"": 0.0024296717349723733, ""paired_difference_standard_error"": 0.00034227512586621167}, {""assumed_opponents"": 10000, ""assumed_crowd_concentration"": 1.0, ""simulated_prize_share"": 0.0007674888993418219, ""baseline_simulated_prize_share"": 0.000332761399665179, ""paired_difference_standard_error"": 0.00013242751552416666}, {""assumed_opponents"": 100, ""assumed_crowd_concentration"": 2.5, ""simulated_prize_share"": 0.027159911867081, ""baseline_simulated_prize_share"": 0.014582082552525407, ""paired_difference_standard_error"": 0.0008705900645453044}, {""assumed_opponents"": 1000, ""assumed_crowd_concentration"": 2.5, ""simulated_prize_share"": 0.007498792960732114, ""baseline_simulated_prize_share"": 0.001299702242266783, ""paired_difference_standard_error"": 0.00041383502039090244}, {""assumed_opponents"": 10000, ""assumed_crowd_concentration"": 2.5, ""simulated_prize_share"": 0.0019492579696507556, ""baseline_simulated_prize_share"": 0.00017543264486925532, ""paired_difference_standard_error"": 0.00020119447633761245}, {""assumed_opponents"": 100, ""assumed_crowd_concentration"": 5.0, ""simulated_prize_share"": 0.03363558536368509, ""baseline_simulated_prize_share"": 0.009750194187932444, ""paired_difference_standard_error"": 0.0009118732622275978}, {""assumed_opponents"": 1000, ""assumed_crowd_concentration"": 5.0, ""simulated_prize_share"": 0.011503653821786744, ""baseline_simulated_prize_share"": 0.0006946635743916051, ""paired_difference_standard_error"": 0.0005134147340879069}, {""assumed_opponents"": 10000, ""assumed_crowd_concentration"": 5.0, ""simulated_prize_share"": 0.004153526495481974, ""baseline_simulated_prize_share"": 5.4545524955986166e-05, ""paired_difference_standard_error"": 0.00030087438055161064}]","[{""match_id"": ""bc168ab6829110408a31"", ""tip_home"": 2, ""tip_away"": 1}, {""match_id"": ""2171ffac018563acf375"", ""tip_home"": 1, ""tip_away"": 1}, {""match_id"": ""8abf958a7f44821fb2e4"", ""tip_home"": 0, ""tip_away"": 2}, {""match_id"": ""a198aed052c6945a5e9d"", ""tip_home"": 1, ""tip_away"": 1}, {""match_id"": ""aebfb5dfe80f47142d80"", ""tip_home"": 1, ""tip_away"": 1}, {""match_id"": ""af64bd752142ef1ce2f7"", ""tip_home"": 1, ""tip_away"": 1}, {""match_id"": ""eda9307e4e0a2148072b"", ""tip_home"": 1, ""tip_away"": 1}, {""match_id"": ""213c5bb2669089ffac41"", ""tip_home"": 1, ""tip_away"": 1}, {""match_id"": ""d4fab7de098d1ecb6f89"", ""tip_home"": 2, ""tip_away"": 1}]"
2019-01-15,12,3,8,-4.673924634075642,-7.3323689449924165,"[{""assumed_opponents"": 100, ""assumed_crowd_concentration"": 1.0, ""simulated_prize_share"": 0.025843721796790804, ""baseline_simulated_prize_share"": 0.0222160441548153, ""paired_difference_standard_error"": 0.0009092851696947633}, {""assumed_opponents"": 1000, ""assumed_crowd_concentration"": 1.0, ""simulated_prize_share"": 0.005227519357855795, ""baseline_simulated_prize_share"": 0.0022820196426903165, ""paired_difference_standard_error"": 0.0003631954754797853}, {""assumed_opponents"": 10000, ""assumed_crowd_concentration"": 1.0, ""simulated_prize_share"": 0.0010881753280741627, ""baseline_simulated_prize_share"": 0.0002126633877810769, ""paired_difference_standard_error"": 0.00014770843161549712}, {""assumed_opponents"": 100, ""assumed_crowd_concentration"": 2.5, ""simulated_prize_share"": 0.03374999360716801, ""baseline_simulated_prize_share"": 0.011550893980309559, ""paired_difference_standard_error"": 0.0009087359720998793}, {""assumed_opponents"": 1000, ""assumed_crowd_concentration"": 2.5, ""simulated_prize_share"": 0.008854379425750715, ""baseline_simulated_prize_share"": 0.0008194385189902385, ""paired_difference_standard_error"": 0.00043135933434696193}, {""assumed_opponents"": 10000, ""assumed_crowd_concentration"": 2.5, ""simulated_prize_share"": 0.0023203794742686513, ""baseline_simulated_prize_share"": 3.332868851776041e-05, ""paired_difference_standard_error"": 0.00021401389929795423}, {""assumed_opponents"": 100, ""assumed_crowd_concentration"": 5.0, ""simulated_prize_share"": 0.04931351850789664, ""baseline_simulated_prize_share"": 0.005404414336137809, ""paired_difference_standard_error"": 0.0010486603733549063}, {""assumed_opponents"": 1000, ""assumed_crowd_concentration"": 5.0, ""simulated_prize_share"": 0.01748892363586274, ""baseline_simulated_prize_share"": 0.0002384702995154076, ""paired_difference_standard_error"": 0.0006156729119570307}, {""assumed_opponents"": 10000, ""assumed_crowd_concentration"": 5.0, ""simulated_prize_share"": 0.0061262315988338985, ""baseline_simulated_prize_share"": 4.994841177576631e-06, ""paired_difference_standard_error"": 0.00036534138091038454}]","[{""match_id"": ""e02c89c78e4abcf083bd"", ""tip_home"": 1, ""tip_away"": 1}, {""match_id"": ""350c267786fbf79940cd"", ""tip_home"": 1, ""tip_away"": 0}, {""match_id"": ""81027ba3af4bf90648b5"", ""tip_home"": 1, ""tip_away"": 2}, {""match_id"": ""88d4a746a92521170309"", ""tip_home"": 1, ""tip_away"": 1}, {""match_id"": ""9218f6ec366da600da32"", ""tip_home"": 1, ""tip_away"": 1}, {""match_id"": ""e24455ac7f9b729d1160"", ""tip_home"": 1, ""tip_away"": 1}, {""match_id"": ""ed6fe518f10a5c223acf"", ""tip_home"": 1, ""tip_away"": 1}, {""match_id"": ""202d6cc90ff8c3163fd8"", ""tip_home"": 1, ""tip_away"": 1}, {""match_id"": ""8f50e02e7a0cf888d5d7"", ""tip_home"": 1, ""tip_away"": 1}]"
2019-01-22,18,9,6,-4.698334990033739,-6.368663491692558,"[{""assumed_opponents"": 100, ""assumed_crowd_concentration"": 1.0, ""simulated_prize_share"": 0.029123237645008772, ""baseline_simulated_prize_share"": 0.025458560202065356, ""paired_difference_standard_error"": 0.0009691390765887612}, {""assumed_opponents"": 1000, ""assumed_crowd_concentration"": 1.0, ""simulated_prize_share"": 0.0055191684076504235, ""baseline_simulated_prize_share"": 0.0026995688090196684, ""paired_difference_standard_error"": 0.0003735226289358086}, {""assumed_opponents"": 10000, ""assumed_crowd_concentration"": 1.0, ""simulated_prize_share"": 0.0010148609067253326, ""baseline_simulated_prize_share"": 0.0003584050429902467, ""paired_difference_standard_error"": 0.00015868278781256401}, {""assumed_opponents"": 100, ""assumed_crowd_concentration"": 2.5, ""simulated_prize_share"": 0.03618937064852495, ""baseline_simulated_prize_share"": 0.016437660303487207, ""paired_difference_standard_error"": 0.0009685593476825114}, {""assumed_opponents"": 1000, ""assumed_crowd_concentration"": 2.5, ""simulated_prize_share"": 0.008545541179772062, ""baseline_simulated_prize_share"": 0.0013612301885945234, ""paired_difference_standard_error"": 0.000429573747479027}, {""assumed_opponents"": 10000, ""assumed_crowd_concentration"": 2.5, ""simulated_prize_share"": 0.0018303693419965343, ""baseline_simulated_prize_share"": 0.00019014270258496365, ""paired_difference_standard_error"": 0.00019053129443338826}, {""assumed_opponents"": 100, ""assumed_crowd_concentration"": 5.0, ""simulated_prize_share"": 0.051595503909810374, ""baseline_simulated_prize_share"": 0.012308281715927384, ""paired_difference_standard_error"": 0.0011115092309099677}, {""assumed_opponents"": 1000, ""assumed_crowd_concentration"": 5.0, ""simulated_prize_share"": 0.016816187867843193, ""baseline_simulated_prize_share"": 0.0008981518483470584, ""paired_difference_standard_error"": 0.0006039139650346272}, {""assumed_opponents"": 10000, ""assumed_crowd_concentration"": 5.0, ""simulated_prize_share"": 0.005396756086596571, ""baseline_simulated_prize_share"": 0.00011046393564397822, ""paired_difference_standard_error"": 0.0003364816349010789}]","[{""match_id"": ""c68a1bdc16723a8095a7"", ""tip_home"": 1, ""tip_away"": 0}, {""match_id"": ""6ef0b0966eaac11ba0bb"", ""tip_home"": 3, ""tip_away"": 0}, {""match_id"": ""844138611258c484cedc"", ""tip_home"": 1, ""tip_away"": 2}, {""match_id"": ""a47c28a8e9af66bd5738"", ""tip_home"": 1, ""tip_away"": 1}, {""match_id"": ""beb8e10939ce234df8d7"", ""tip_home"": 1, ""tip_away"": 1}, {""match_id"": ""de71404115c4a93cd6bc"", ""tip_home"": 1, ""tip_away"": 1}, {""match_id"": ""f54f18ac92e3a1a140b9"", ""tip_home"": 1, ""tip_away"": 1}, {""match_id"": ""0a4f4a57fcc53374699f"", ""tip_home"": 1, ""tip_away"": 1}, {""match_id"": ""18cf758222b08272c7ee"", ""tip_home"": 4, ""tip_away"": 0}]"
2019-01-29,4,15,8,-4.691050219222497,-7.447419751569295,"[{""assumed_opponents"": 100, ""assumed_crowd_concentration"": 1.0, ""simulated_prize_share"": 0.026181912889231468, ""baseline_simulated_prize_share"": 0.0217220469527493, ""paired_difference_standard_error"": 0.0009067199094145767}, {""assumed_opponents"": 1000, ""assumed_crowd_concentration"": 1.0, ""simulated_prize_share"": 0.005514285208690009, ""baseline_simulated_prize_share"": 0.0021166246858094714, ""paired_difference_standard_error"": 0.0003664033866145321}, {""assumed_opponents"": 10000, ""assumed_crowd_concentration"": 1.0, ""simulated_prize_share"": 0.0010286348528322977, ""baseline_simulated_prize_share"": 0.00017974342085716116, ""paired_difference_standard_error"": 0.00014017286507198403}, {""assumed_opponents"": 100, ""assumed_crowd_concentration"": 2.5, ""simulated_prize_share"": 0.03335340296710407, ""baseline_simulated_prize_share"": 0.01076245320778924, ""paired_difference_standard_error"": 0.0008953421671505769}, {""assumed_opponents"": 1000, ""assumed_crowd_concentration"": 2.5, ""simulated_prize_share"": 0.008846850329073406, ""baseline_simulated_prize_share"": 0.0006889709635581258, ""paired_difference_standard_error"": 0.000430422205513269}, {""assumed_opponents"": 10000, ""assumed_crowd_concentration"": 2.5, ""simulated_prize_share"": 0.0022639607180483666, ""baseline_simulated_prize_share"": 2.6755033917358197e-05, ""paired_difference_standard_error"": 0.0002108795653387488}, {""assumed_opponents"": 100, ""assumed_crowd_concentration"": 5.0, ""simulated_prize_share"": 0.04818392317084725, ""baseline_simulated_prize_share"": 0.004735290246058121, ""paired_difference_standard_error"": 0.001026769399290098}, {""assumed_opponents"": 1000, ""assumed_crowd_concentration"": 5.0, ""simulated_prize_share"": 0.016626082108080746, ""baseline_simulated_prize_share"": 0.00016125341725357645, ""paired_difference_standard_error"": 0.0005995842272558164}, {""assumed_opponents"": 10000, ""assumed_crowd_concentration"": 5.0, ""simulated_prize_share"": 0.005808758877733866, ""baseline_simulated_prize_share"": 6.209683100566157e-06, ""paired_difference_standard_error"": 0.00035187485151075905}]","[{""match_id"": ""08e6a0f1d8347039847b"", ""tip_home"": 1, ""tip_away"": 1}, {""match_id"": ""698a96b72298b3398707"", ""tip_home"": 1, ""tip_away"": 1}, {""match_id"": ""743fd8fb82f5d8c69ad6"", ""tip_home"": 0, ""tip_away"": 1}, {""match_id"": ""9ef5e7b4d5b46483bed0"", ""tip_home"": 1, ""tip_away"": 1}, {""match_id"": ""d2aa63a49b72461cf1e7"", ""tip_home"": 1, ""tip_away"": 1}, {""match_id"": ""e266e8bd6f72b36a4669"", ""tip_home"": 1, ""tip_away"": 1}, {""match_id"": ""e55a1a7df7bbb96fe08d"", ""tip_home"": 1, ""tip_away"": 1}, {""match_id"": ""1e0cb02fc858f7b51012"", ""tip_home"": 1, ""tip_away"": 1}, {""match_id"": ""594addd0cb7ae5581574"", ""tip_home"": 1, ""tip_away"": 1}]"
2019-02-05,11,11,8,-4.432341013870052,-7.051168002753976,"[{""assumed_opponents"": 100, ""assumed_crowd_concentration"": 1.0, ""simulated_prize_share"": 0.0278956585449672, ""baseline_simulated_prize_share"": 0.02202310313123585, ""paired_difference_standard_error"": 0.0009277439280617601}, {""assumed_opponents"": 1000, ""assumed_crowd_concentration"": 1.0, ""simulated_prize_share"": 0.00592210138096706, ""baseline_simulated_prize_share"": 0.002275274934744312, ""paired_difference_standard_error"": 0.0003774173135663676}, {""assumed_opponents"": 10000, ""assumed_crowd_concentration"": 1.0, ""simulated_prize_share"": 0.0010898983956721797, ""baseline_simulated_prize_share"": 0.00026775585583215097, ""paired_difference_standard_error"": 0.00015205016702613268}, {""assumed_opponents"": 100, ""assumed_crowd_concentration"": 2.5, ""simulated_prize_share"": 0.039710689382103564, ""baseline_simulated_prize_share"": 0.010807968910058939, ""paired_difference_standard_error"": 0.0009709584064734846}, {""assumed_opponents"": 1000, ""assumed_crowd_concentration"": 2.5, ""simulated_prize_share"": 0.01145381765079188, ""baseline_simulated_prize_share"": 0.0007328357324948454, ""paired_difference_standard_error"": 0.0004939138950215654}, {""assumed_opponents"": 10000, ""assumed_crowd_concentration"": 2.5, ""simulated_prize_share"": 0.0030761966109181986, ""baseline_simulated_prize_share"": 7.461779451097496e-05, ""paired_difference_standard_error"": 0.00024685642819085386}, {""assumed_opponents"": 100, ""assumed_crowd_concentration"": 5.0, ""simulated_prize_share"": 0.06403743379930034, ""baseline_simulated_prize_share"": 0.006858810995058142, ""paired_difference_standard_error"": 0.0012141760809686773}, {""assumed_opponents"": 1000, ""assumed_crowd_concentration"": 5.0, ""simulated_prize_share"": 0.026556271645952298, ""baseline_simulated_prize_share"": 0.000333659171732039, ""paired_difference_standard_error"": 0.000773224507764938}, {""assumed_opponents"": 10000, ""assumed_crowd_concentration"": 5.0, ""simulated_prize_share"": 0.01105751480047067, ""baseline_simulated_prize_share"": 1.5158401334363391e-05, ""paired_difference_standard_error"": 0.000501814699986302}]","[{""match_id"": ""cfa706b65c045bcdb033"", ""tip_home"": 1, ""tip_away"": 1}, {""match_id"": ""923f2884726e1913006a"", ""tip_home"": 1, ""tip_away"": 1}, {""match_id"": ""93e0d9860ba031e43d9c"", ""tip_home"": 1, ""tip_away"": 1}, {""match_id"": ""aecacf8bf1aca6d9cd21"", ""tip_home"": 1, ""tip_away"": 0}, {""match_id"": ""b13ab0143b385496fdb1"", ""tip_home"": 1, ""tip_away"": 1}, {""match_id"": ""c83b0a68ca520542ec0c"", ""tip_home"": 1, ""tip_away"": 1}, {""match_id"": ""d64ab7ced16be19c353c"", ""tip_home"": 1, ""tip_away"": 1}, {""match_id"": ""7123f8b18e0561d44de5"", ""tip_home"": 1, ""tip_away"": 1}, {""match_id"": ""ca3fc4134dddb3156331"", ""tip_home"": 1, ""tip_away"": 1}]"
2019-02-12,10,10,6,-4.428903963689126,-7.237085360827231,"[{""assumed_opponents"": 100, ""assumed_crowd_concentration"": 1.0, ""simulated_prize_share"": 0.024323266682041107, ""baseline_simulated_prize_share"": 0.022063069807717262, ""paired_difference_standard_error"": 0.0008906696248734963}, {""assumed_opponents"": 1000, ""assumed_crowd_concentration"": 1.0, ""simulated_prize_share"": 0.005140379140693426, ""baseline_simulated_prize_share"": 0.00224433543196476, ""paired_difference_standard_error"": 0.00035291171876944465}, {""assumed_opponents"": 10000, ""assumed_crowd_concentration"": 1.0, ""simulated_prize_share"": 0.0007721006404507391, ""baseline_simulated_prize_share"": 0.00026007416536169927, ""paired_difference_standard_error"": 0.00012870112929824144}, {""assumed_opponents"": 100, ""assumed_crowd_concentration"": 2.5, ""simulated_prize_share"": 0.03897438442487353, ""baseline_simulated_prize_share"": 0.011561149603991972, ""paired_difference_standard_error"": 0.000992895628622114}, {""assumed_opponents"": 1000, ""assumed_crowd_concentration"": 2.5, ""simulated_prize_share"": 0.013208556488756996, ""baseline_simulated_prize_share"": 0.0008411534804777079, ""paired_difference_standard_error"": 0.0005368942497352867}, {""assumed_opponents"": 10000, ""assumed_crowd_concentration"": 2.5, ""simulated_prize_share"": 0.0038643260390250978, ""baseline_simulated_prize_share"": 3.864464086435052e-05, ""paired_difference_standard_error"": 0.0002729820224618402}, {""assumed_opponents"": 100, ""assumed_crowd_concentration"": 5.0, ""simulated_prize_share"": 0.060530409592657666, ""baseline_simulated_prize_share"": 0.00792031498462398, ""paired_difference_standard_error"": 0.0012147055658032944}, {""assumed_opponents"": 1000, ""assumed_crowd_concentration"": 5.0, ""simulated_prize_share"": 0.02942191772489744, ""baseline_simulated_prize_share"": 0.0004068364268290425, ""paired_difference_standard_error"": 0.0008340082386336654}, {""assumed_opponents"": 10000, ""assumed_crowd_concentration"": 5.0, ""simulated_prize_share"": 0.014286277751108401, ""baseline_simulated_prize_share"": 3.309673239119827e-06, ""paired_difference_standard_error"": 0.00058036856591428}]","[{""match_id"": ""a12e7443c3db785042c6"", ""tip_home"": 0, ""tip_away"": 2}, {""match_id"": ""12f51cf114107738c60b"", ""tip_home"": 1, ""tip_away"": 1}, {""match_id"": ""2a958cd2cdef3a299ba0"", ""tip_home"": 1, ""tip_away"": 1}, {""match_id"": ""3a106c0d71e473112a4c"", ""tip_home"": 1, ""tip_away"": 2}, {""match_id"": ""630b579925e82aab15b7"", ""tip_home"": 2, ""tip_away"": 1}, {""match_id"": ""bf3b4557f34a282b01de"", ""tip_home"": 1, ""tip_away"": 1}, {""match_id"": ""118f72ca373ab243fa0f"", ""tip_home"": 1, ""tip_away"": 1}, {""match_id"": ""ab101e7190c1ee5005c2"", ""tip_home"": 2, ""tip_away"": 1}, {""match_id"": ""11b744a0ae4ad50c9427"", ""tip_home"": 1, ""tip_away"": 1}]"
2019-02-19,12,10,8,-4.3321899146116785,-7.68173755030357,"[{""assumed_opponents"": 100, ""assumed_crowd_concentration"": 1.0, ""simulated_prize_share"": 0.02582656685019035, ""baseline_simulated_prize_share"": 0.020677524895628206, ""paired_difference_standard_error"": 0.0008965481480332889}, {""assumed_opponents"": 1000, ""assumed_crowd_concentration"": 1.0, ""simulated_prize_share"": 0.005714281674033469, ""baseline_simulated_prize_share"": 0.001807538168870173, ""paired_difference_standard_error"": 0.00036254677983825956}, {""assumed_opponents"": 10000, ""assumed_crowd_concentration"": 1.0, ""simulated_prize_share"": 0.0011232059923053815, ""baseline_simulated_prize_share"": 0.0001376755112432653, ""paired_difference_standard_error"": 0.00014760358449343727}, {""assumed_opponents"": 100, ""assumed_crowd_concentration"": 2.5, ""simulated_prize_share"": 0.040455868195696416, ""baseline_simulated_prize_share"": 0.009567107457896785, ""paired_difference_standard_error"": 0.0009788928094376541}, {""assumed_opponents"": 1000, ""assumed_crowd_concentration"": 2.5, ""simulated_prize_share"": 0.012840906686430127, ""baseline_simulated_prize_share"": 0.0004978038940340985, ""paired_difference_standard_error"": 0.0005242251874992537}, {""assumed_opponents"": 10000, ""assumed_crowd_concentration"": 2.5, ""simulated_prize_share"": 0.003841002380905829, ""baseline_simulated_prize_share"": 1.6628337146811138e-05, ""paired_difference_standard_error"": 0.0002761730815207011}, {""assumed_opponents"": 100, ""assumed_crowd_concentration"": 5.0, ""simulated_prize_share"": 0.07061920186686069, ""baseline_simulated_prize_share"": 0.006289441829474546, ""paired_difference_standard_error"": 0.0012814538246578497}, {""assumed_opponents"": 1000, ""assumed_crowd_concentration"": 5.0, ""simulated_prize_share"": 0.032994851028309555, ""baseline_simulated_prize_share"": 0.00021564663112578906, ""paired_difference_standard_error"": 0.0008716217411713692}, {""assumed_opponents"": 10000, ""assumed_crowd_concentration"": 5.0, ""simulated_prize_share"": 0.015139304567762957, ""baseline_simulated_prize_share"": 1.7072167441587315e-06, ""paired_difference_standard_error"": 0.0005954430461523789}]","[{""match_id"": ""02af14eea6c00d0c934d"", ""tip_home"": 1, ""tip_away"": 1}, {""match_id"": ""094a87fcf63b17cfa93e"", ""tip_home"": 2, ""tip_away"": 0}, {""match_id"": ""b06541123b0f26f10499"", ""tip_home"": 1, ""tip_away"": 1}, {""match_id"": ""d2a4eba0e0288046d3e6"", ""tip_home"": 1, ""tip_away"": 1}, {""match_id"": ""e5702c1e67b3606e9295"", ""tip_home"": 1, ""tip_away"": 1}, {""match_id"": ""f05acb923beebfa9156c"", ""tip_home"": 1, ""tip_away"": 2}, {""match_id"": ""210893b8131f592147e7"", ""tip_home"": 1, ""tip_away"": 1}, {""match_id"": ""ac9124fb2743352004e5"", ""tip_home"": 1, ""tip_away"": 1}, {""match_id"": ""4e6e2c7232bd98715ed1"", ""tip_home"": 1, ""tip_away"": 1}]"
2019-02-26,14,8,7,-4.293920128913996,-7.299692997355976,"[{""assumed_opponents"": 100, ""assumed_crowd_concentration"": 1.0, ""simulated_prize_share"": 0.028054384348313442, ""baseline_simulated_prize_share"": 0.02206316286018813, ""paired_difference_standard_error"": 0.0009263571681794177}, {""assumed_opponents"": 1000, ""assumed_crowd_concentration"": 1.0, ""simulated_prize_share"": 0.005985116189191387, ""baseline_simulated_prize_share"": 0.001934512463947207, ""paired_difference_standard_error"": 0.00037257072574189824}, {""assumed_opponents"": 10000, ""assumed_crowd_concentration"": 1.0, ""simulated_prize_share"": 0.0011871928445063259, ""baseline_simulated_prize_share"": 0.00020219561736892905, ""paired_difference_standard_error"": 0.00015736015409524326}, {""assumed_opponents"": 100, ""assumed_crowd_concentration"": 2.5, ""simulated_prize_share"": 0.04287492771532577, ""baseline_simulated_prize_share"": 0.009515350646556486, ""paired_difference_standard_error"": 0.0010029027397163955}, {""assumed_opponents"": 1000, ""assumed_crowd_concentration"": 2.5, ""simulated_prize_share"": 0.01349341872023838, ""baseline_simulated_prize_share"": 0.0005153613990678111, ""paired_difference_standard_error"": 0.0005338682798453748}, {""assumed_opponents"": 10000, ""assumed_crowd_concentration"": 2.5, ""simulated_prize_share"": 0.0038257844627724, ""baseline_simulated_prize_share"": 4.991740993095496e-05, ""paired_difference_standard_error"": 0.0002776773375863415}, {""assumed_opponents"": 100, ""assumed_crowd_concentration"": 5.0, ""simulated_prize_share"": 0.07216473174066829, ""baseline_simulated_prize_share"": 0.005572543316525063, ""paired_difference_standard_error"": 0.0012923997143898022}, {""assumed_opponents"": 1000, ""assumed_crowd_concentration"": 5.0, ""simulated_prize_share"": 0.03383352594158273, ""baseline_simulated_prize_share"": 0.00026506904083334543, ""paired_difference_standard_error"": 0.0008813251872323048}, {""assumed_opponents"": 10000, ""assumed_crowd_concentration"": 5.0, ""simulated_prize_share"": 0.015284628345131768, ""baseline_simulated_prize_share"": 9.41543258311437e-06, ""paired_difference_standard_error"": 0.0005953245746988094}]","[{""match_id"": ""57998bc424117db6aa45"", ""tip_home"": 1, ""tip_away"": 1}, {""match_id"": ""1dcb798d54ace5c596be"", ""tip_home"": 1, ""tip_away"": 1}, {""match_id"": ""241248ea197d81620b1f"", ""tip_home"": 1, ""tip_away"": 1}, {""match_id"": ""6a6408eeacf87e2b6247"", ""tip_home"": 1, ""tip_away"": 0}, {""match_id"": ""7cdb06441e4d5bd9300c"", ""tip_home"": 1, ""tip_away"": 1}, {""match_id"": ""988ca643846b1636de12"", ""tip_home"": 1, ""tip_away"": 1}, {""match_id"": ""af7149d8a0529ffeaecf"", ""tip_home"": 0, ""tip_away"": 1}, {""match_id"": ""4532cada1aa2d84f2c45"", ""tip_home"": 1, ""tip_away"": 1}, {""match_id"": ""abd08005be347c07e8b1"", ""tip_home"": 1, ""tip_away"": 1}]"
2019-03-05,17,2,7,-4.7666758699943745,-6.603361274902041,"[{""assumed_opponents"": 100, ""assumed_crowd_concentration"": 1.0, ""simulated_prize_share"": 0.02025570411177817, ""baseline_simulated_prize_share"": 0.026694709497294175, ""paired_difference_standard_error"": 0.0008986732111549982}, {""assumed_opponents"": 1000, ""assumed_crowd_concentration"": 1.0, ""simulated_prize_share"": 0.004819931131476629, ""baseline_simulated_prize_share"": 0.0027530419197989435, ""paired_difference_standard_error"": 0.0003651784072431483}, {""assumed_opponents"": 10000, ""assumed_crowd_concentration"": 1.0, ""simulated_prize_share"": 0.0009932573298002288, ""baseline_simulated_prize_share"": 0.0002621743914472637, ""paired_difference_standard_error"": 0.00014528896660668828}, {""assumed_opponents"": 100, ""assumed_crowd_concentration"": 2.5, ""simulated_prize_share"": 0.027330575069742513, ""baseline_simulated_prize_share"": 0.017169224525517286, ""paired_difference_standard_error"": 0.0009144172421180819}, {""assumed_opponents"": 1000, ""assumed_crowd_concentration"": 2.5, ""simulated_prize_share"": 0.009347757227813312, ""baseline_simulated_prize_share"": 0.0014405831667530823, ""paired_difference_standard_error"": 0.0004734174375533361}, {""assumed_opponents"": 10000, ""assumed_crowd_concentration"": 2.5, ""simulated_prize_share"": 0.0032364800117051836, ""baseline_simulated_prize_share"": 9.782927474102897e-05, ""paired_difference_standard_error"": 0.00026444298065787797}, {""assumed_opponents"": 100, ""assumed_crowd_concentration"": 5.0, ""simulated_prize_share"": 0.03379858009527155, ""baseline_simulated_prize_share"": 0.01094148299180088, ""paired_difference_standard_error"": 0.0009457134139767235}, {""assumed_opponents"": 1000, ""assumed_crowd_concentration"": 5.0, ""simulated_prize_share"": 0.01368763664093978, ""baseline_simulated_prize_share"": 0.0006882175834787264, ""paired_difference_standard_error"": 0.0005726853369282762}, {""assumed_opponents"": 10000, ""assumed_crowd_concentration"": 5.0, ""simulated_prize_share"": 0.006301221565694955, ""baseline_simulated_prize_share"": 4.409421659922974e-05, ""paired_difference_standard_error"": 0.00038768585359821265}]","[{""match_id"": ""aebd56432784cdec6dd7"", ""tip_home"": 1, ""tip_away"": 1}, {""match_id"": ""3244abdd754304a46b96"", ""tip_home"": 2, ""tip_away"": 0}, {""match_id"": ""5552c8c710de87da7397"", ""tip_home"": 1, ""tip_away"": 1}, {""match_id"": ""6d40a090a0539e07b4a8"", ""tip_home"": 2, ""tip_away"": 1}, {""match_id"": ""91f7c25d73415423c3df"", ""tip_home"": 1, ""tip_away"": 1}, {""match_id"": ""fe38dfecbe6496cfd0f1"", ""tip_home"": 0, ""tip_away"": 1}, {""match_id"": ""d268e49ff33a18ce1134"", ""tip_home"": 1, ""tip_away"": 1}, {""match_id"": ""f5c8f468df7a07a865f5"", ""tip_home"": 1, ""tip_away"": 1}, {""match_id"": ""ab0a3052d5de3bd29411"", ""tip_home"": 1, ""tip_away"": 1}]"
2019-03-12,15,15,6,-4.217798219314494,-7.59066151980301,"[{""assumed_opponents"": 100, ""assumed_crowd_concentration"": 1.0, ""simulated_prize_share"": 0.028683170691904878, ""baseline_simulated_prize_share"": 0.023046510877819965, ""paired_difference_standard_error"": 0.0009347267837945588}, {""assumed_opponents"": 1000, ""assumed_crowd_concentration"": 1.0, ""simulated_prize_share"": 0.006020598794635219, ""baseline_simulated_prize_share"": 0.0019513985646461682, ""paired_difference_standard_error"": 0.00037119470889229814}, {""assumed_opponents"": 10000, ""assumed_crowd_concentration"": 1.0, ""simulated_prize_share"": 0.0010942102938476727, ""baseline_simulated_prize_share"": 0.0001606629029194889, ""paired_difference_standard_error"": 0.0001408626395957028}, {""assumed_opponents"": 100, ""assumed_crowd_concentration"": 2.5, ""simulated_prize_share"": 0.0458192844873654, ""baseline_simulated_prize_share"": 0.009698852286006006, ""paired_difference_standard_error"": 0.0010360107879026756}, {""assumed_opponents"": 1000, ""assumed_crowd_concentration"": 2.5, ""simulated_prize_share"": 0.014649482764931835, ""baseline_simulated_prize_share"": 0.0005284211151191589, ""paired_difference_standard_error"": 0.0005541315179480916}, {""assumed_opponents"": 10000, ""assumed_crowd_concentration"": 2.5, ""simulated_prize_share"": 0.004169838915758212, ""baseline_simulated_prize_share"": 1.792222291555927e-05, ""paired_difference_standard_error"": 0.0002879555945094568}, {""assumed_opponents"": 100, ""assumed_crowd_concentration"": 5.0, ""simulated_prize_share"": 0.08164410748727717, ""baseline_simulated_prize_share"": 0.007046942478407148, ""paired_difference_standard_error"": 0.0013788472975532597}, {""assumed_opponents"": 1000, ""assumed_crowd_concentration"": 5.0, ""simulated_prize_share"": 0.04023042011223053, ""baseline_simulated_prize_share"": 0.0002776570693988615, ""paired_difference_standard_error"": 0.0009622144897177905}, {""assumed_opponents"": 10000, ""assumed_crowd_concentration"": 5.0, ""simulated_prize_share"": 0.018804623453026532, ""baseline_simulated_prize_share"": 1.649262069132189e-06, ""paired_difference_standard_error"": 0.0006629542143653986}]","[{""match_id"": ""b5b7482ed9a34fc8a9aa"", ""tip_home"": 1, ""tip_away"": 1}, {""match_id"": ""997678df2a77aac17943"", ""tip_home"": 1, ""tip_away"": 2}, {""match_id"": ""a393e771e816785ec7ac"", ""tip_home"": 1, ""tip_away"": 1}, {""match_id"": ""ace6488c2e3bf29ab11d"", ""tip_home"": 1, ""tip_away"": 1}, {""match_id"": ""e09d30dd4f60711173ac"", ""tip_home"": 1, ""tip_away"": 1}, {""match_id"": ""e200b0a7f4a06b5e5fba"", ""tip_home"": 1, ""tip_away"": 1}, {""match_id"": ""69a41ef9c78a2453cb06"", ""tip_home"": 3, ""tip_away"": 0}, {""match_id"": ""75a41b05f975b4469cc5"", ""tip_home"": 2, ""tip_away"": 0}, {""match_id"": ""cbab15fb96c4696e41f6"", ""tip_home"": 1, ""tip_away"": 1}]"
2019-03-26,14,4,7,-4.541451331741986,-7.065734122926437,"[{""assumed_opponents"": 100, ""assumed_crowd_concentration"": 1.0, ""simulated_prize_share"": 0.024296829610280794, ""baseline_simulated_prize_share"": 0.020963171044893356, ""paired_difference_standard_error"": 0.00088436288356099}, {""assumed_opponents"": 1000, ""assumed_crowd_concentration"": 1.0, ""simulated_prize_share"": 0.00530279630109396, ""baseline_simulated_prize_share"": 0.0021265256938047196, ""paired_difference_standard_error"": 0.000359426035345014}, {""assumed_opponents"": 10000, ""assumed_crowd_concentration"": 1.0, ""simulated_prize_share"": 0.0011000484666579859, ""baseline_simulated_prize_share"": 0.00012113890555358976, ""paired_difference_standard_error"": 0.0001449735426244867}, {""assumed_opponents"": 100, ""assumed_crowd_concentration"": 2.5, ""simulated_prize_share"": 0.03516280346474583, ""baseline_simulated_prize_share"": 0.012563814505523194, ""paired_difference_standard_error"": 0.0009552777676410624}, {""assumed_opponents"": 1000, ""assumed_crowd_concentration"": 2.5, ""simulated_prize_share"": 0.010958997767903177, ""baseline_simulated_prize_share"": 0.0008951423959700335, ""paired_difference_standard_error"": 0.0004889892713639049}, {""assumed_opponents"": 10000, ""assumed_crowd_concentration"": 2.5, ""simulated_prize_share"": 0.003382690025339464, ""baseline_simulated_prize_share"": 3.7886908836456975e-05, ""paired_difference_standard_error"": 0.00026632694293493526}, {""assumed_opponents"": 100, ""assumed_crowd_concentration"": 5.0, ""simulated_prize_share"": 0.04854089466912298, ""baseline_simulated_prize_share"": 0.009292624896974107, ""paired_difference_standard_error"": 0.0011023534489977291}, {""assumed_opponents"": 1000, ""assumed_crowd_concentration"": 5.0, ""simulated_prize_share"": 0.021332969322216636, ""baseline_simulated_prize_share"": 0.0005965991135691109, ""paired_difference_standard_error"": 0.0007024817612882941}, {""assumed_opponents"": 10000, ""assumed_crowd_concentration"": 5.0, ""simulated_prize_share"": 0.009274974587370213, ""baseline_simulated_prize_share"": 1.8913889793024648e-05, ""paired_difference_standard_error"": 0.00046557696318474625}]","[{""match_id"": ""a2330d48fc3bd3478580"", ""tip_home"": 1, ""tip_away"": 1}, {""match_id"": ""2955f10fc793f25b8b96"", ""tip_home"": 1, ""tip_away"": 1}, {""match_id"": ""2d684a383da384f9dc50"", ""tip_home"": 1, ""tip_away"": 1}, {""match_id"": ""6af629e6e9ef23322a93"", ""tip_home"": 0, ""tip_away"": 2}, {""match_id"": ""7558c9fd2ef3af693ecb"", ""tip_home"": 1, ""tip_away"": 1}, {""match_id"": ""7eb2b76cda2ead7cbaaa"", ""tip_home"": 1, ""tip_away"": 1}, {""match_id"": ""ac4c66a24540cd1f05f7"", ""tip_home"": 0, ""tip_away"": 0}, {""match_id"": ""00fae813a40a388cbc5f"", ""tip_home"": 1, ""tip_away"": 1}, {""match_id"": ""03f8ff9cb47d21e82560"", ""tip_home"": 0, ""tip_away"": 1}]"
2019-04-02,11,12,7,-4.52267378146011,-7.355379653595743,"[{""assumed_opponents"": 100, ""assumed_crowd_concentration"": 1.0, ""simulated_prize_share"": 0.027793575385679753, ""baseline_simulated_prize_share"": 0.023008995784639438, ""paired_difference_standard_error"": 0.0009327377513450119}, {""assumed_opponents"": 1000, ""assumed_crowd_concentration"": 1.0, ""simulated_prize_share"": 0.005744813119879938, ""baseline_simulated_prize_share"": 0.0022667086597286164, ""paired_difference_standard_error"": 0.00037251736298764845}, {""assumed_opponents"": 10000, ""assumed_crowd_concentration"": 1.0, ""simulated_prize_share"": 0.0010371024961142307, ""baseline_simulated_prize_share"": 0.00023433846989162643, ""paired_difference_standard_error"": 0.00014530859786346061}, {""assumed_opponents"": 100, ""assumed_crowd_concentration"": 2.5, ""simulated_prize_share"": 0.03751422234574905, ""baseline_simulated_prize_share"": 0.009750514910336633, ""paired_difference_standard_error"": 0.0009333104825792313}, {""assumed_opponents"": 1000, ""assumed_crowd_concentration"": 2.5, ""simulated_prize_share"": 0.01028315012354572, ""baseline_simulated_prize_share"": 0.0005671718968857545, ""paired_difference_standard_error"": 0.00045794486374220797}, {""assumed_opponents"": 10000, ""assumed_crowd_concentration"": 2.5, ""simulated_prize_share"": 0.0024896671229060596, ""baseline_simulated_prize_share"": 5.224093282235017e-05, ""paired_difference_standard_error"": 0.0002200081491463464}, {""assumed_opponents"": 100, ""assumed_crowd_concentration"": 5.0, ""simulated_prize_share"": 0.061259030500005474, ""baseline_simulated_prize_share"": 0.003873281738040876, ""paired_difference_standard_error"": 0.0011577025332765944}, {""assumed_opponents"": 1000, ""assumed_crowd_concentration"": 5.0, ""simulated_prize_share"": 0.023806657310188342, ""baseline_simulated_prize_share"": 0.0001375182599626, ""paired_difference_standard_error"": 0.0007247329259327289}, {""assumed_opponents"": 10000, ""assumed_crowd_concentration"": 5.0, ""simulated_prize_share"": 0.00905890379876792, ""baseline_simulated_prize_share"": 9.46374968576138e-06, ""paired_difference_standard_error"": 0.00044360026218059537}]","[{""match_id"": ""2c9173fc314b9b3b3127"", ""tip_home"": 2, ""tip_away"": 1}, {""match_id"": ""1dfd6faf2eaf6fdb03aa"", ""tip_home"": 1, ""tip_away"": 1}, {""match_id"": ""1ff45388c23afd065859"", ""tip_home"": 1, ""tip_away"": 1}, {""match_id"": ""66659425027717640a3a"", ""tip_home"": 1, ""tip_away"": 1}, {""match_id"": ""90d4b637deaa8d5c9ee8"", ""tip_home"": 1, ""tip_away"": 1}, {""match_id"": ""c65d182a753b51ce33ae"", ""tip_home"": 2, ""tip_away"": 1}, {""match_id"": ""e1cc83feedd8fff6bdfd"", ""tip_home"": 1, ""tip_away"": 1}, {""match_id"": ""632d62b1a0125777fbf8"", ""tip_home"": 1, ""tip_away"": 1}, {""match_id"": ""eeee6ec9a315e0dc5e67"", ""tip_home"": 1, ""tip_away"": 1}]"
2019-04-09,18,13,6,-4.251215317419677,-7.312816132317,"[{""assumed_opponents"": 100, ""assumed_crowd_concentration"": 1.0, ""simulated_prize_share"": 0.025887928986046, ""baseline_simulated_prize_share"": 0.022731253967946896, ""paired_difference_standard_error"": 0.0009106204752897665}, {""assumed_opponents"": 1000, ""assumed_crowd_concentration"": 1.0, ""simulated_prize_share"": 0.005563805480305025, ""baseline_simulated_prize_share"": 0.001883106790085869, ""paired_difference_standard_error"": 0.0003574396008584885}, {""assumed_opponents"": 10000, ""assumed_crowd_concentration"": 1.0, ""simulated_prize_share"": 0.001138033332041008, ""baseline_simulated_prize_share"": 0.00013805700087351212, ""paired_difference_standard_error"": 0.00015392294518637518}, {""assumed_opponents"": 100, ""assumed_crowd_concentration"": 2.5, ""simulated_prize_share"": 0.04309506102389178, ""baseline_simulated_prize_share"": 0.010991772055069914, ""paired_difference_standard_error"": 0.0010313799473528067}, {""assumed_opponents"": 1000, ""assumed_crowd_concentration"": 2.5, ""simulated_prize_share"": 0.015098431234170706, ""baseline_simulated_prize_share"": 0.0006486623127780745, ""paired_difference_standard_error"": 0.0005707011692039786}, {""assumed_opponents"": 10000, ""assumed_crowd_concentration"": 2.5, ""simulated_prize_share"": 0.00475252868058545, ""baseline_simulated_prize_share"": 1.591228883867955e-05, ""paired_difference_standard_error"": 0.00031506591378299497}, {""assumed_opponents"": 100, ""assumed_crowd_concentration"": 5.0, ""simulated_prize_share"": 0.07068992491085, ""baseline_simulated_prize_share"": 0.008928152488556561, ""paired_difference_standard_error"": 0.001322211451664227}, {""assumed_opponents"": 1000, ""assumed_crowd_concentration"": 5.0, ""simulated_prize_share"": 0.036721739058960076, ""baseline_simulated_prize_share"": 0.000457108629804594, ""paired_difference_standard_error"": 0.0009325192187273433}, {""assumed_opponents"": 10000, ""assumed_crowd_concentration"": 5.0, ""simulated_prize_share"": 0.01837793685952977, ""baseline_simulated_prize_share"": 9.54117646089286e-06, ""paired_difference_standard_error"": 0.0006620534636117696}]","[{""match_id"": ""a41326e72b309bf41ee9"", ""tip_home"": 0, ""tip_away"": 0}, {""match_id"": ""b45987e37de3d6e6228c"", ""tip_home"": 0, ""tip_away"": 1}, {""match_id"": ""b671f2dc4b7e56f6aee8"", ""tip_home"": 1, ""tip_away"": 1}, {""match_id"": ""c774e9557fadf6d6ad91"", ""tip_home"": 1, ""tip_away"": 1}, {""match_id"": ""cc6f0bb0ff1b68fa2827"", ""tip_home"": 1, ""tip_away"": 1}, {""match_id"": ""f95f6fecd7eb38b8c742"", ""tip_home"": 2, ""tip_away"": 1}, {""match_id"": ""845d91f0c88acbe69671"", ""tip_home"": 1, ""tip_away"": 1}, {""match_id"": ""c1d977bd37b31fd76a5b"", ""tip_home"": 1, ""tip_away"": 1}, {""match_id"": ""d97e564752a04677e362"", ""tip_home"": 1, ""tip_away"": 2}]"
2019-04-16,18,13,7,-4.564052991739544,-7.438629429395306,"[{""assumed_opponents"": 100, ""assumed_crowd_concentration"": 1.0, ""simulated_prize_share"": 0.02606641863780254, ""baseline_simulated_prize_share"": 0.022063583091413156, ""paired_difference_standard_error"": 0.0009054713783646166}, {""assumed_opponents"": 1000, ""assumed_crowd_concentration"": 1.0, ""simulated_prize_share"": 0.005144357788808026, ""baseline_simulated_prize_share"": 0.002087474307052163, ""paired_difference_standard_error"": 0.00034469083579374886}, {""assumed_opponents"": 10000, ""assumed_crowd_concentration"": 1.0, ""simulated_prize_share"": 0.0008985283539806007, ""baseline_simulated_prize_share"": 0.00014108893357243712, ""paired_difference_standard_error"": 0.00013144944317094117}, {""assumed_opponents"": 100, ""assumed_crowd_concentration"": 2.5, ""simulated_prize_share"": 0.03712413830781132, ""baseline_simulated_prize_share"": 0.011788395481100446, ""paired_difference_standard_error"": 0.0009557389722446691}, {""assumed_opponents"": 1000, ""assumed_crowd_concentration"": 2.5, ""simulated_prize_share"": 0.010503049090844459, ""baseline_simulated_prize_share"": 0.0007245253344472298, ""paired_difference_standard_error"": 0.0004674263154222702}, {""assumed_opponents"": 10000, ""assumed_crowd_concentration"": 2.5, ""simulated_prize_share"": 0.002651548332216031, ""baseline_simulated_prize_share"": 2.71674742013596e-05, ""paired_difference_standard_error"": 0.0002267134426927727}, {""assumed_opponents"": 100, ""assumed_crowd_concentration"": 5.0, ""simulated_prize_share"": 0.05666977806062179, ""baseline_simulated_prize_share"": 0.007038023464404934, ""paired_difference_standard_error"": 0.001148779053407734}, {""assumed_opponents"": 1000, ""assumed_crowd_concentration"": 5.0, ""simulated_prize_share"": 0.022804111242459943, ""baseline_simulated_prize_share"": 0.0002742289226265939, ""paired_difference_standard_error"": 0.0007116436267780784}, {""assumed_opponents"": 10000, ""assumed_crowd_concentration"": 5.0, ""simulated_prize_share"": 0.00899357641536653, ""baseline_simulated_prize_share"": 2.8912585913578502e-06, ""paired_difference_standard_error"": 0.0004473589659635279}]","[{""match_id"": ""2c0011bd6651e26c0d93"", ""tip_home"": 1, ""tip_away"": 1}, {""match_id"": ""33b1651aec20dffa2845"", ""tip_home"": 3, ""tip_away"": 0}, {""match_id"": ""46cc57d3f67d57de3495"", ""tip_home"": 0, ""tip_away"": 1}, {""match_id"": ""a6db9cbf310f02b5dc22"", ""tip_home"": 1, ""tip_away"": 1}, {""match_id"": ""ead880cd961446d584d2"", ""tip_home"": 2, ""tip_away"": 0}, {""match_id"": ""ecc380a43dbf87795cda"", ""tip_home"": 1, ""tip_away"": 1}, {""match_id"": ""0396715fbe15b358af43"", ""tip_home"": 1, ""tip_away"": 1}, {""match_id"": ""aa2fa52072c66fcbab00"", ""tip_home"": 1, ""tip_away"": 1}, {""match_id"": ""1082623b0ca32ee59db4"", ""tip_home"": 1, ""tip_away"": 1}]"
2019-04-23,4,0,6,-4.6365872280735525,-6.9564833362113,"[{""assumed_opponents"": 100, ""assumed_crowd_concentration"": 1.0, ""simulated_prize_share"": 0.022092533995610706, ""baseline_simulated_prize_share"": 0.025272577699023538, ""paired_difference_standard_error"": 0.0008998913413976612}, {""assumed_opponents"": 1000, ""assumed_crowd_concentration"": 1.0, ""simulated_prize_share"": 0.004852415127446247, ""baseline_simulated_prize_share"": 0.002633939952991933, ""paired_difference_standard_error"": 0.00035694860129331825}, {""assumed_opponents"": 10000, ""assumed_crowd_concentration"": 1.0, ""simulated_prize_share"": 0.0009014621343871123, ""baseline_simulated_prize_share"": 0.00027293749765794264, ""paired_difference_standard_error"": 0.00014182931405331086}, {""assumed_opponents"": 100, ""assumed_crowd_concentration"": 2.5, ""simulated_prize_share"": 0.03167474526347126, ""baseline_simulated_prize_share"": 0.01365970198066038, ""paired_difference_standard_error"": 0.0009284728442438582}, {""assumed_opponents"": 1000, ""assumed_crowd_concentration"": 2.5, ""simulated_prize_share"": 0.010103339288650684, ""baseline_simulated_prize_share"": 0.0011153505326284732, ""paired_difference_standard_error"": 0.00047575929692251443}, {""assumed_opponents"": 10000, ""assumed_crowd_concentration"": 2.5, ""simulated_prize_share"": 0.003183968826806239, ""baseline_simulated_prize_share"": 6.082073478483415e-05, ""paired_difference_standard_error"": 0.0002609455397299265}, {""assumed_opponents"": 100, ""assumed_crowd_concentration"": 5.0, ""simulated_prize_share"": 0.046270168082716105, ""baseline_simulated_prize_share"": 0.007989699605569419, ""paired_difference_standard_error"": 0.0010630925099067473}, {""assumed_opponents"": 1000, ""assumed_crowd_concentration"": 5.0, ""simulated_prize_share"": 0.019530752023992962, ""baseline_simulated_prize_share"": 0.00048604441593988424, ""paired_difference_standard_error"": 0.0006720003928811999}, {""assumed_opponents"": 10000, ""assumed_crowd_concentration"": 5.0, ""simulated_prize_share"": 0.008470009164779645, ""baseline_simulated_prize_share"": 9.865288079494793e-06, ""paired_difference_standard_error"": 0.00044295256740389485}]","[{""match_id"": ""793598c4e578495536c9"", ""tip_home"": 1, ""tip_away"": 1}, {""match_id"": ""1cead9a880b6914f28b2"", ""tip_home"": 2, ""tip_away"": 0}, {""match_id"": ""5a4e0e3dfe777463ce99"", ""tip_home"": 3, ""tip_away"": 1}, {""match_id"": ""a989e25d3b26fd3fcc99"", ""tip_home"": 1, ""tip_away"": 1}, {""match_id"": ""baa76ebbeda8f13336fb"", ""tip_home"": 1, ""tip_away"": 1}, {""match_id"": ""f6422efe146979186cee"", ""tip_home"": 1, ""tip_away"": 1}, {""match_id"": ""feabcabd913e6d957e96"", ""tip_home"": 1, ""tip_away"": 1}, {""match_id"": ""245debff2c8da13e5f7d"", ""tip_home"": 0, ""tip_away"": 1}, {""match_id"": ""abd4b410f3bcc49e59a3"", ""tip_home"": 1, ""tip_away"": 1}]"
2019-04-30,8,15,7,-4.510378751411423,-7.59152507740806,"[{""assumed_opponents"": 100, ""assumed_crowd_concentration"": 1.0, ""simulated_prize_share"": 0.026523665502065336, ""baseline_simulated_prize_share"": 0.022292905597092634, ""paired_difference_standard_error"": 0.0009123423284653174}, {""assumed_opponents"": 1000, ""assumed_crowd_concentration"": 1.0, ""simulated_prize_share"": 0.005470809881513102, ""baseline_simulated_prize_share"": 0.002082176316154926, ""paired_difference_standard_error"": 0.00035934259172607847}, {""assumed_opponents"": 10000, ""assumed_crowd_concentration"": 1.0, ""simulated_prize_share"": 0.001040666347084707, ""baseline_simulated_prize_share"": 0.00016460827455355942, ""paired_difference_standard_error"": 0.0001449902048124267}, {""assumed_opponents"": 100, ""assumed_crowd_concentration"": 2.5, ""simulated_prize_share"": 0.03789301465096047, ""baseline_simulated_prize_share"": 0.010505532574509808, ""paired_difference_standard_error"": 0.0009500835637896189}, {""assumed_opponents"": 1000, ""assumed_crowd_concentration"": 2.5, ""simulated_prize_share"": 0.010610300189375092, ""baseline_simulated_prize_share"": 0.0006569553632433746, ""paired_difference_standard_error"": 0.00046888762937518866}, {""assumed_opponents"": 10000, ""assumed_crowd_concentration"": 2.5, ""simulated_prize_share"": 0.0027586705865188543, ""baseline_simulated_prize_share"": 2.1722133778558855e-05, ""paired_difference_standard_error"": 0.0002337189717485668}, {""assumed_opponents"": 100, ""assumed_crowd_concentration"": 5.0, ""simulated_prize_share"": 0.06000931264602105, ""baseline_simulated_prize_share"": 0.005310469334175917, ""paired_difference_standard_error"": 0.0011700115470764242}, {""assumed_opponents"": 1000, ""assumed_crowd_concentration"": 5.0, ""simulated_prize_share"": 0.024621159273978573, ""baseline_simulated_prize_share"": 0.0002340078873484722, ""paired_difference_standard_error"": 0.0007380776856658944}, {""assumed_opponents"": 10000, ""assumed_crowd_concentration"": 5.0, ""simulated_prize_share"": 0.009484098892761833, ""baseline_simulated_prize_share"": 1.4928881946716172e-06, ""paired_difference_standard_error"": 0.0004581690157215882}]","[{""match_id"": ""a91f1d644095114d9a86"", ""tip_home"": 1, ""tip_away"": 1}, {""match_id"": ""104188fcd88e0d6fd12f"", ""tip_home"": 1, ""tip_away"": 1}, {""match_id"": ""8cf62ef3def484a665f6"", ""tip_home"": 1, ""tip_away"": 1}, {""match_id"": ""baa0abe38a6ac6e6f59b"", ""tip_home"": 1, ""tip_away"": 1}, {""match_id"": ""c7c6b68fe5ec15a7011b"", ""tip_home"": 1, ""tip_away"": 1}, {""match_id"": ""d108e7b8cb41ff0e864d"", ""tip_home"": 3, ""tip_away"": 0}, {""match_id"": ""5a5ec9ab05f69368f1a1"", ""tip_home"": 1, ""tip_away"": 1}, {""match_id"": ""7c1bffb4b842cbd21104"", ""tip_home"": 2, ""tip_away"": 1}, {""match_id"": ""c960842bb188e82a8bc0"", ""tip_home"": 1, ""tip_away"": 1}]"
2019-05-07,4,8,7,-4.526457495440272,-6.9944278091352805,"[{""assumed_opponents"": 100, ""assumed_crowd_concentration"": 1.0, ""simulated_prize_share"": 0.02400602286951882, ""baseline_simulated_prize_share"": 0.023956450285654983, ""paired_difference_standard_error"": 0.0008977844117557245}, {""assumed_opponents"": 1000, ""assumed_crowd_concentration"": 1.0, ""simulated_prize_share"": 0.005184630515491527, ""baseline_simulated_prize_share"": 0.002218334377954544, ""paired_difference_standard_error"": 0.00035840225596916076}, {""assumed_opponents"": 10000, ""assumed_crowd_concentration"": 1.0, ""simulated_prize_share"": 0.0009496768784465306, ""baseline_simulated_prize_share"": 0.00020441178069387298, ""paired_difference_standard_error"": 0.00013762481484997779}, {""assumed_opponents"": 100, ""assumed_crowd_concentration"": 2.5, ""simulated_prize_share"": 0.03533184040349699, ""baseline_simulated_prize_share"": 0.012122939844178924, ""paired_difference_standard_error"": 0.0009451206123790773}, {""assumed_opponents"": 1000, ""assumed_crowd_concentration"": 2.5, ""simulated_prize_share"": 0.011208139926091251, ""baseline_simulated_prize_share"": 0.000783812035306291, ""paired_difference_standard_error"": 0.0004968358413094608}, {""assumed_opponents"": 10000, ""assumed_crowd_concentration"": 2.5, ""simulated_prize_share"": 0.0032935784738369906, ""baseline_simulated_prize_share"": 7.371085557635264e-05, ""paired_difference_standard_error"": 0.00025948139538369946}, {""assumed_opponents"": 100, ""assumed_crowd_concentration"": 5.0, ""simulated_prize_share"": 0.0536580919441364, ""baseline_simulated_prize_share"": 0.0067458876932175735, ""paired_difference_standard_error"": 0.0011260199700989}, {""assumed_opponents"": 1000, ""assumed_crowd_concentration"": 5.0, ""simulated_prize_share"": 0.02317751310729215, ""baseline_simulated_prize_share"": 0.0003518630680547967, ""paired_difference_standard_error"": 0.000733457706938496}, {""assumed_opponents"": 10000, ""assumed_crowd_concentration"": 5.0, ""simulated_prize_share"": 0.01059196683818534, ""baseline_simulated_prize_share"": 2.5380949516685158e-05, ""paired_difference_standard_error"": 0.0004965715135953631}]","[{""match_id"": ""19e2152d0158b35bc75c"", ""tip_home"": 1, ""tip_away"": 1}, {""match_id"": ""2fb1655015efa9149f7c"", ""tip_home"": 0, ""tip_away"": 0}, {""match_id"": ""5b1a31f920a2903a115a"", ""tip_home"": 1, ""tip_away"": 1}, {""match_id"": ""6ae802a9e32d3ad4050a"", ""tip_home"": 1, ""tip_away"": 2}, {""match_id"": ""82642e32691e0a5168ec"", ""tip_home"": 2, ""tip_away"": 1}, {""match_id"": ""90e6dd07695543677324"", ""tip_home"": 3, ""tip_away"": 0}, {""match_id"": ""bd7b4bf769233073d05e"", ""tip_home"": 1, ""tip_away"": 1}, {""match_id"": ""f853d31aaa78326cffa3"", ""tip_home"": 1, ""tip_away"": 1}, {""match_id"": ""f55659a746ea89171f45"", ""tip_home"": 1, ""tip_away"": 1}]"
2019-05-14,18,9,5,-4.417598969528409,-6.816659113761992,"[{""assumed_opponents"": 100, ""assumed_crowd_concentration"": 1.0, ""simulated_prize_share"": 0.028522077769695335, ""baseline_simulated_prize_share"": 0.028529526082804596, ""paired_difference_standard_error"": 0.0009787496554091012}, {""assumed_opponents"": 1000, ""assumed_crowd_concentration"": 1.0, ""simulated_prize_share"": 0.0056849184248718085, ""baseline_simulated_prize_share"": 0.0028441616521346857, ""paired_difference_standard_error"": 0.000377773878900319}, {""assumed_opponents"": 10000, ""assumed_crowd_concentration"": 1.0, ""simulated_prize_share"": 0.0009680160838985044, ""baseline_simulated_prize_share"": 0.0002879649297876701, ""paired_difference_standard_error"": 0.0001475783212999113}, {""assumed_opponents"": 100, ""assumed_crowd_concentration"": 2.5, ""simulated_prize_share"": 0.04164376441833785, ""baseline_simulated_prize_share"": 0.015258703056226926, ""paired_difference_standard_error"": 0.0010223071687003728}, {""assumed_opponents"": 1000, ""assumed_crowd_concentration"": 2.5, ""simulated_prize_share"": 0.011843890881322025, ""baseline_simulated_prize_share"": 0.0009918236264160774, ""paired_difference_standard_error"": 0.0004983532296171435}, {""assumed_opponents"": 10000, ""assumed_crowd_concentration"": 2.5, ""simulated_prize_share"": 0.002938251799510821, ""baseline_simulated_prize_share"": 7.45856852582989e-05, ""paired_difference_standard_error"": 0.00023831554069418627}, {""assumed_opponents"": 100, ""assumed_crowd_concentration"": 5.0, ""simulated_prize_share"": 0.06727627446799236, ""baseline_simulated_prize_share"": 0.010897113103548985, ""paired_difference_standard_error"": 0.0012697313271492292}, {""assumed_opponents"": 1000, ""assumed_crowd_concentration"": 5.0, ""simulated_prize_share"": 0.02916319023703711, ""baseline_simulated_prize_share"": 0.0005458117694000817, ""paired_difference_standard_error"": 0.0008133416795644627}, {""assumed_opponents"": 10000, ""assumed_crowd_concentration"": 5.0, ""simulated_prize_share"": 0.01212081923380923, ""baseline_simulated_prize_share"": 1.4471472152663044e-05, ""paired_difference_standard_error"": 0.0005202003208781847}]","[{""match_id"": ""0b812c10f6b2de460836"", ""tip_home"": 1, ""tip_away"": 1}, {""match_id"": ""1dfce4cfb9b0cd489b06"", ""tip_home"": 1, ""tip_away"": 1}, {""match_id"": ""25d18a6920031378763d"", ""tip_home"": 2, ""tip_away"": 1}, {""match_id"": ""297017ea1b3736394d97"", ""tip_home"": 1, ""tip_away"": 1}, {""match_id"": ""377ea8bb0ed844389ff4"", ""tip_home"": 2, ""tip_away"": 1}, {""match_id"": ""895dd6f154ea531c93fa"", ""tip_home"": 1, ""tip_away"": 2}, {""match_id"": ""a4d227e73da8190434d0"", ""tip_home"": 1, ""tip_away"": 2}, {""match_id"": ""d46b998e3f52d256ad09"", ""tip_home"": 3, ""tip_away"": 0}, {""match_id"": ""febb896038bd3c3e4d13"", ""tip_home"": 1, ""tip_away"": 1}]"
2019-08-13,15,8,6,-4.481571588450574,-7.3087681370768065,"[{""assumed_opponents"": 100, ""assumed_crowd_concentration"": 1.0, ""simulated_prize_share"": 0.02646415284878689, ""baseline_simulated_prize_share"": 0.02209997042134405, ""paired_difference_standard_error"": 0.0009126735592614217}, {""assumed_opponents"": 1000, ""assumed_crowd_concentration"": 1.0, ""simulated_prize_share"": 0.005806534070165499, ""baseline_simulated_prize_share"": 0.0020206535365376328, ""paired_difference_standard_error"": 0.00037285544561085167}, {""assumed_opponents"": 10000, ""assumed_crowd_concentration"": 1.0, ""simulated_prize_share"": 0.0013110244971450242, ""baseline_simulated_prize_share"": 0.00020486390279218292, ""paired_difference_standard_error"": 0.00016826518460751996}, {""assumed_opponents"": 100, ""assumed_crowd_concentration"": 2.5, ""simulated_prize_share"": 0.036482455988766996, ""baseline_simulated_prize_share"": 0.010308914198080759, ""paired_difference_standard_error"": 0.0009344305408144218}, {""assumed_opponents"": 1000, ""assumed_crowd_concentration"": 2.5, ""simulated_prize_share"": 0.010743783614324457, ""baseline_simulated_prize_share"": 0.0006770144769362506, ""paired_difference_standard_error"": 0.00047936031979375687}, {""assumed_opponents"": 10000, ""assumed_crowd_concentration"": 2.5, ""simulated_prize_share"": 0.003080839876694774, ""baseline_simulated_prize_share"": 5.377538670400114e-05, ""paired_difference_standard_error"": 0.0002552628547948709}, {""assumed_opponents"": 100, ""assumed_crowd_concentration"": 5.0, ""simulated_prize_share"": 0.0580886166770358, ""baseline_simulated_prize_share"": 0.005526935692238114, ""paired_difference_standard_error"": 0.001146376577329077}, {""assumed_opponents"": 1000, ""assumed_crowd_concentration"": 5.0, ""simulated_prize_share"": 0.02326233459426992, ""baseline_simulated_prize_share"": 0.00029102210596579196, ""paired_difference_standard_error"": 0.0007209784608377046}, {""assumed_opponents"": 10000, ""assumed_crowd_concentration"": 5.0, ""simulated_prize_share"": 0.009252586180827898, ""baseline_simulated_prize_share"": 4.902607824837437e-06, ""paired_difference_standard_error"": 0.0004564357390003089}]","[{""match_id"": ""ffcf10d7c6a88fa57969"", ""tip_home"": 3, ""tip_away"": 0}, {""match_id"": ""2911255cda453e8b3249"", ""tip_home"": 3, ""tip_away"": 1}, {""match_id"": ""460be51beccc87e4e53f"", ""tip_home"": 1, ""tip_away"": 1}, {""match_id"": ""88b52bc6244cf730c0a7"", ""tip_home"": 1, ""tip_away"": 1}, {""match_id"": ""966b1de14dc1f9640eb9"", ""tip_home"": 1, ""tip_away"": 1}, {""match_id"": ""e73827ab9b38708fb4c8"", ""tip_home"": 1, ""tip_away"": 1}, {""match_id"": ""f9a8f691d69becb46f46"", ""tip_home"": 1, ""tip_away"": 1}, {""match_id"": ""a65d226a20ddb4afa401"", ""tip_home"": 1, ""tip_away"": 1}, {""match_id"": ""d9559104a3731c7b1931"", ""tip_home"": 2, ""tip_away"": 1}]"
2019-08-20,15,7,7,-4.680665442682269,-7.1679720931000395,"[{""assumed_opponents"": 100, ""assumed_crowd_concentration"": 1.0, ""simulated_prize_share"": 0.0246028586471498, ""baseline_simulated_prize_share"": 0.022008653712861682, ""paired_difference_standard_error"": 0.0008911318386846734}, {""assumed_opponents"": 1000, ""assumed_crowd_concentration"": 1.0, ""simulated_prize_share"": 0.004972147273014238, ""baseline_simulated_prize_share"": 0.0022377183890146825, ""paired_difference_standard_error"": 0.00035188360889279967}, {""assumed_opponents"": 10000, ""assumed_crowd_concentration"": 1.0, ""simulated_prize_share"": 0.0008499124991259114, ""baseline_simulated_prize_share"": 0.0002654493263647968, ""paired_difference_standard_error"": 0.00013697403902880863}, {""assumed_opponents"": 100, ""assumed_crowd_concentration"": 2.5, ""simulated_prize_share"": 0.03416340552701653, ""baseline_simulated_prize_share"": 0.011897523868307069, ""paired_difference_standard_error"": 0.0009236926869855565}, {""assumed_opponents"": 1000, ""assumed_crowd_concentration"": 2.5, ""simulated_prize_share"": 0.009501141145267582, ""baseline_simulated_prize_share"": 0.0008907414721006807, ""paired_difference_standard_error"": 0.0004488182667081482}, {""assumed_opponents"": 10000, ""assumed_crowd_concentration"": 2.5, ""simulated_prize_share"": 0.0024157545602411603, ""baseline_simulated_prize_share"": 5.484496872439692e-05, ""paired_difference_standard_error"": 0.00021827957454821655}, {""assumed_opponents"": 100, ""assumed_crowd_concentration"": 5.0, ""simulated_prize_share"": 0.04828997342116076, ""baseline_simulated_prize_share"": 0.0066645746379849664, ""paired_difference_standard_error"": 0.0010618134447902083}, {""assumed_opponents"": 1000, ""assumed_crowd_concentration"": 5.0, ""simulated_prize_share"": 0.018576173342429607, ""baseline_simulated_prize_share"": 0.00037923830170034917, ""paired_difference_standard_error"": 0.0006428684928334396}, {""assumed_opponents"": 10000, ""assumed_crowd_concentration"": 5.0, ""simulated_prize_share"": 0.006931204501329068, ""baseline_simulated_prize_share"": 5.0060276727419835e-06, ""paired_difference_standard_error"": 0.0003906878759539523}]","[{""match_id"": ""da4fee7c2213a3e6272a"", ""tip_home"": 1, ""tip_away"": 1}, {""match_id"": ""3a384d22d929e40e5ad3"", ""tip_home"": 1, ""tip_away"": 1}, {""match_id"": ""930af2ec5e3e3d16a29d"", ""tip_home"": 1, ""tip_away"": 1}, {""match_id"": ""b15561bf6fbe4f2664e4"", ""tip_home"": 1, ""tip_away"": 2}, {""match_id"": ""b5df2b792723c05cf4d4"", ""tip_home"": 0, ""tip_away"": 0}, {""match_id"": ""c3220176bc7d095ab391"", ""tip_home"": 1, ""tip_away"": 1}, {""match_id"": ""dc691189c1d99d3c7441"", ""tip_home"": 0, ""tip_away"": 1}, {""match_id"": ""29b6e9d25e86e00aac00"", ""tip_home"": 1, ""tip_away"": 1}, {""match_id"": ""4fa4c6add662fcb1e3cb"", ""tip_home"": 1, ""tip_away"": 1}]"
2019-08-27,13,10,6,-4.522138819956474,-7.303249909070606,"[{""assumed_opponents"": 100, ""assumed_crowd_concentration"": 1.0, ""simulated_prize_share"": 0.025498540840378888, ""baseline_simulated_prize_share"": 0.022119367611840707, ""paired_difference_standard_error"": 0.0009063852402334643}, {""assumed_opponents"": 1000, ""assumed_crowd_concentration"": 1.0, ""simulated_prize_share"": 0.005435425342686624, ""baseline_simulated_prize_share"": 0.002043098948785682, ""paired_difference_standard_error"": 0.0003569814153503298}, {""assumed_opponents"": 10000, ""assumed_crowd_concentration"": 1.0, ""simulated_prize_share"": 0.0011010199777144142, ""baseline_simulated_prize_share"": 0.00011582442099620232, ""paired_difference_standard_error"": 0.00014568098578301796}, {""assumed_opponents"": 100, ""assumed_crowd_concentration"": 2.5, ""simulated_prize_share"": 0.035631703129368225, ""baseline_simulated_prize_share"": 0.01178564340618453, ""paired_difference_standard_error"": 0.000948751364830059}, {""assumed_opponents"": 1000, ""assumed_crowd_concentration"": 2.5, ""simulated_prize_share"": 0.010997915787440481, ""baseline_simulated_prize_share"": 0.0007986863804946081, ""paired_difference_standard_error"": 0.000485051340551412}, {""assumed_opponents"": 10000, ""assumed_crowd_concentration"": 2.5, ""simulated_prize_share"": 0.0030959245688216043, ""baseline_simulated_prize_share"": 1.8897152369768325e-05, ""paired_difference_standard_error"": 0.00024942305332173096}, {""assumed_opponents"": 100, ""assumed_crowd_concentration"": 5.0, ""simulated_prize_share"": 0.05365965199830233, ""baseline_simulated_prize_share"": 0.008300940291811623, ""paired_difference_standard_error"": 0.0011311581211231457}, {""assumed_opponents"": 1000, ""assumed_crowd_concentration"": 5.0, ""simulated_prize_share"": 0.02230019741935353, ""baseline_simulated_prize_share"": 0.0004896238898209825, ""paired_difference_standard_error"": 0.0007154804697714777}, {""assumed_opponents"": 10000, ""assumed_crowd_concentration"": 5.0, ""simulated_prize_share"": 0.009530213118831713, ""baseline_simulated_prize_share"": 7.5192012025239575e-06, ""paired_difference_standard_error"": 0.000466399064720163}]","[{""match_id"": ""81dac56e86f1569b42ea"", ""tip_home"": 1, ""tip_away"": 1}, {""match_id"": ""6d5dbd7cd13bd6a89953"", ""tip_home"": 1, ""tip_away"": 1}, {""match_id"": ""c21952dbe6fb673be8f5"", ""tip_home"": 4, ""tip_away"": 0}, {""match_id"": ""df61522acfda2a388176"", ""tip_home"": 2, ""tip_away"": 1}, {""match_id"": ""e392c67e6ffdacec99ea"", ""tip_home"": 1, ""tip_away"": 1}, {""match_id"": ""fae61c9447218d3fa2a3"", ""tip_home"": 1, ""tip_away"": 1}, {""match_id"": ""fb0cf5c49a7137658b66"", ""tip_home"": 1, ""tip_away"": 1}, {""match_id"": ""28d78c8209f78effcf9e"", ""tip_home"": 1, ""tip_away"": 1}, {""match_id"": ""a849f07a48cfcd2c5959"", ""tip_home"": 2, ""tip_away"": 1}]"
2019-09-10,12,12,8,-4.770956330119043,-6.956177385065495,"[{""assumed_opponents"": 100, ""assumed_crowd_concentration"": 1.0, ""simulated_prize_share"": 0.02516419084496871, ""baseline_simulated_prize_share"": 0.021675747786505245, ""paired_difference_standard_error"": 0.0008940543769042535}, {""assumed_opponents"": 1000, ""assumed_crowd_concentration"": 1.0, ""simulated_prize_share"": 0.004793785314164406, ""baseline_simulated_prize_share"": 0.0023904813289673875, ""paired_difference_standard_error"": 0.0003509571647703307}, {""assumed_opponents"": 10000, ""assumed_crowd_concentration"": 1.0, ""simulated_prize_share"": 0.0008043856792605563, ""baseline_simulated_prize_share"": 0.0002989380558041984, ""paired_difference_standard_error"": 0.00013478449582111435}, {""assumed_opponents"": 100, ""assumed_crowd_concentration"": 2.5, ""simulated_prize_share"": 0.033399254430473396, ""baseline_simulated_prize_share"": 0.012102131250410465, ""paired_difference_standard_error"": 0.0009030459043785351}, {""assumed_opponents"": 1000, ""assumed_crowd_concentration"": 2.5, ""simulated_prize_share"": 0.008021374570006559, ""baseline_simulated_prize_share"": 0.0009244296340958037, ""paired_difference_standard_error"": 0.0004076506375556139}, {""assumed_opponents"": 10000, ""assumed_crowd_concentration"": 2.5, ""simulated_prize_share"": 0.0017594329628268187, ""baseline_simulated_prize_share"": 8.496245072240081e-05, ""paired_difference_standard_error"": 0.0001850357616162375}, {""assumed_opponents"": 100, ""assumed_crowd_concentration"": 5.0, ""simulated_prize_share"": 0.051088358211474325, ""baseline_simulated_prize_share"": 0.006302075139408283, ""paired_difference_standard_error"": 0.0010663249249844545}, {""assumed_opponents"": 1000, ""assumed_crowd_concentration"": 5.0, ""simulated_prize_share"": 0.01737191894484618, ""baseline_simulated_prize_share"": 0.00030288575625533285, ""paired_difference_standard_error"": 0.0006081122208555801}, {""assumed_opponents"": 10000, ""assumed_crowd_concentration"": 5.0, ""simulated_prize_share"": 0.005540462465929563, ""baseline_simulated_prize_share"": 2.3012780337717535e-05, ""paired_difference_standard_error"": 0.0003409232502376869}]","[{""match_id"": ""373f784571a769ad1c07"", ""tip_home"": 1, ""tip_away"": 1}, {""match_id"": ""2e41f07e3d5947001d26"", ""tip_home"": 1, ""tip_away"": 1}, {""match_id"": ""3221a750598e3d9e8960"", ""tip_home"": 0, ""tip_away"": 1}, {""match_id"": ""3ad886609ad08dd0cdac"", ""tip_home"": 1, ""tip_away"": 2}, {""match_id"": ""4cc258de5ff99592038f"", ""tip_home"": 1, ""tip_away"": 1}, {""match_id"": ""798a15e6ddb1b8883f64"", ""tip_home"": 1, ""tip_away"": 1}, {""match_id"": ""b6e2dcba4d0e31cd7190"", ""tip_home"": 1, ""tip_away"": 1}, {""match_id"": ""c70c67067ff8236f8b53"", ""tip_home"": 1, ""tip_away"": 1}, {""match_id"": ""fefa63ccb90ef2aae2b9"", ""tip_home"": 1, ""tip_away"": 1}]"
2019-09-17,18,19,6,-4.1675424383951345,-7.299848218664867,"[{""assumed_opponents"": 100, ""assumed_crowd_concentration"": 1.0, ""simulated_prize_share"": 0.028822408192837958, ""baseline_simulated_prize_share"": 0.023733383307597878, ""paired_difference_standard_error"": 0.0009446073011861093}, {""assumed_opponents"": 1000, ""assumed_crowd_concentration"": 1.0, ""simulated_prize_share"": 0.00633441141085435, ""baseline_simulated_prize_share"": 0.0019433321940024923, ""paired_difference_standard_error"": 0.0003798577808536468}, {""assumed_opponents"": 10000, ""assumed_crowd_concentration"": 1.0, ""simulated_prize_share"": 0.001308773865991476, ""baseline_simulated_prize_share"": 0.0001951876634241883, ""paired_difference_standard_error"": 0.0001629418278560564}, {""assumed_opponents"": 100, ""assumed_crowd_concentration"": 2.5, ""simulated_prize_share"": 0.04575678801347817, ""baseline_simulated_prize_share"": 0.009073399568843498, ""paired_difference_standard_error"": 0.0010272646909826333}, {""assumed_opponents"": 1000, ""assumed_crowd_concentration"": 2.5, ""simulated_prize_share"": 0.014772262053373182, ""baseline_simulated_prize_share"": 0.0004553169437403279, ""paired_difference_standard_error"": 0.0005573779390991756}, {""assumed_opponents"": 10000, ""assumed_crowd_concentration"": 2.5, ""simulated_prize_share"": 0.004361316138558441, ""baseline_simulated_prize_share"": 3.2372721929709285e-05, ""paired_difference_standard_error"": 0.00030240611072450933}, {""assumed_opponents"": 100, ""assumed_crowd_concentration"": 5.0, ""simulated_prize_share"": 0.0862031246794584, ""baseline_simulated_prize_share"": 0.0067393954900556614, ""paired_difference_standard_error"": 0.001408664292606204}, {""assumed_opponents"": 1000, ""assumed_crowd_concentration"": 5.0, ""simulated_prize_share"": 0.04239658636905447, ""baseline_simulated_prize_share"": 0.0002210521351189651, ""paired_difference_standard_error"": 0.0009877874433749949}, {""assumed_opponents"": 10000, ""assumed_crowd_concentration"": 5.0, ""simulated_prize_share"": 0.019946132364846908, ""baseline_simulated_prize_share"": 1.63571641769819e-05, ""paired_difference_standard_error"": 0.0006788528341472173}]","[{""match_id"": ""df2ac68821c4191481c1"", ""tip_home"": 1, ""tip_away"": 1}, {""match_id"": ""1355390f7654f9290a51"", ""tip_home"": 1, ""tip_away"": 1}, {""match_id"": ""2ef106fb7fd809ebff6c"", ""tip_home"": 1, ""tip_away"": 1}, {""match_id"": ""5934ec42ea9e09d75b75"", ""tip_home"": 2, ""tip_away"": 1}, {""match_id"": ""e9806d1a8b7cb877dab5"", ""tip_home"": 2, ""tip_away"": 0}, {""match_id"": ""f86bb32199948c3a6d47"", ""tip_home"": 1, ""tip_away"": 1}, {""match_id"": ""a0e1a023771f58de6edd"", ""tip_home"": 1, ""tip_away"": 1}, {""match_id"": ""ea83c52cfeba7d4f5e61"", ""tip_home"": 2, ""tip_away"": 1}, {""match_id"": ""71ce30e04a38810d188b"", ""tip_home"": 1, ""tip_away"": 1}]"
2019-09-24,11,2,7,-4.615631992212439,-7.3319953194805505,"[{""assumed_opponents"": 100, ""assumed_crowd_concentration"": 1.0, ""simulated_prize_share"": 0.028953068058390923, ""baseline_simulated_prize_share"": 0.02267568557202695, ""paired_difference_standard_error"": 0.000948381951486373}, {""assumed_opponents"": 1000, ""assumed_crowd_concentration"": 1.0, ""simulated_prize_share"": 0.006203235263786263, ""baseline_simulated_prize_share"": 0.002318485316409459, ""paired_difference_standard_error"": 0.0003870382938556266}, {""assumed_opponents"": 10000, ""assumed_crowd_concentration"": 1.0, ""simulated_prize_share"": 0.001247712762495099, ""baseline_simulated_prize_share"": 0.00019712370799421605, ""paired_difference_standard_error"": 0.00016094440362618385}, {""assumed_opponents"": 100, ""assumed_crowd_concentration"": 2.5, ""simulated_prize_share"": 0.03618886895811696, ""baseline_simulated_prize_share"": 0.01332546206323437, ""paired_difference_standard_error"": 0.0009550757460240911}, {""assumed_opponents"": 1000, ""assumed_crowd_concentration"": 2.5, ""simulated_prize_share"": 0.009828557395564286, ""baseline_simulated_prize_share"": 0.0010034628411570536, ""paired_difference_standard_error"": 0.00045792053156072735}, {""assumed_opponents"": 10000, ""assumed_crowd_concentration"": 2.5, ""simulated_prize_share"": 0.0024868019456593593, ""baseline_simulated_prize_share"": 2.362238391715259e-05, ""paired_difference_standard_error"": 0.0002209615415465068}, {""assumed_opponents"": 100, ""assumed_crowd_concentration"": 5.0, ""simulated_prize_share"": 0.0480001963850486, ""baseline_simulated_prize_share"": 0.007059690170648199, ""paired_difference_standard_error"": 0.001044586931655233}, {""assumed_opponents"": 1000, ""assumed_crowd_concentration"": 5.0, ""simulated_prize_share"": 0.016683721645599184, ""baseline_simulated_prize_share"": 0.00034358689041994795, ""paired_difference_standard_error"": 0.0006011929696275143}, {""assumed_opponents"": 10000, ""assumed_crowd_concentration"": 5.0, ""simulated_prize_share"": 0.005733754054975863, ""baseline_simulated_prize_share"": 2.7666923207686487e-06, ""paired_difference_standard_error"": 0.00035056960441810396}]","[{""match_id"": ""f656736bb52bf112e956"", ""tip_home"": 1, ""tip_away"": 1}, {""match_id"": ""075f3cefe78207f2ba20"", ""tip_home"": 1, ""tip_away"": 1}, {""match_id"": ""2bf9a330806a90190d58"", ""tip_home"": 1, ""tip_away"": 1}, {""match_id"": ""4c5b29671c958bcd5c2f"", ""tip_home"": 1, ""tip_away"": 1}, {""match_id"": ""63b9c530aaed1263ca35"", ""tip_home"": 1, ""tip_away"": 1}, {""match_id"": ""6cf9cc8e4b7d1613e1bb"", ""tip_home"": 2, ""tip_away"": 1}, {""match_id"": ""e88f00d39a9cdfec9295"", ""tip_home"": 0, ""tip_away"": 4}, {""match_id"": ""6b8d52c81898cc0ef920"", ""tip_home"": 1, ""tip_away"": 1}, {""match_id"": ""f2d131f138f18c522e85"", ""tip_home"": 1, ""tip_away"": 1}]"
2019-10-01,8,11,6,-4.402639084900811,-6.897489076403971,"[{""assumed_opponents"": 100, ""assumed_crowd_concentration"": 1.0, ""simulated_prize_share"": 0.02502278376304995, ""baseline_simulated_prize_share"": 0.02357507492477954, ""paired_difference_standard_error"": 0.0009101796305014505}, {""assumed_opponents"": 1000, ""assumed_crowd_concentration"": 1.0, ""simulated_prize_share"": 0.005420638377383659, ""baseline_simulated_prize_share"": 0.0025181235354612757, ""paired_difference_standard_error"": 0.0003776030854147106}, {""assumed_opponents"": 10000, ""assumed_crowd_concentration"": 1.0, ""simulated_prize_share"": 0.0011967393796742652, ""baseline_simulated_prize_share"": 0.00030093224779185535, ""paired_difference_standard_error"": 0.0001640272921642316}, {""assumed_opponents"": 100, ""assumed_crowd_concentration"": 2.5, ""simulated_prize_share"": 0.03897487818370232, ""baseline_simulated_prize_share"": 0.012485092533984674, ""paired_difference_standard_error"": 0.0009902525637357613}, {""assumed_opponents"": 1000, ""assumed_crowd_concentration"": 2.5, ""simulated_prize_share"": 0.01220091231805628, ""baseline_simulated_prize_share"": 0.0009530061894939665, ""paired_difference_standard_error"": 0.0005148504131748458}, {""assumed_opponents"": 10000, ""assumed_crowd_concentration"": 2.5, ""simulated_prize_share"": 0.0038088871673519096, ""baseline_simulated_prize_share"": 6.566017250954081e-05, ""paired_difference_standard_error"": 0.0002867173667818324}, {""assumed_opponents"": 100, ""assumed_crowd_concentration"": 5.0, ""simulated_prize_share"": 0.06037288368806758, ""baseline_simulated_prize_share"": 0.008046274161556531, ""paired_difference_standard_error"": 0.001201948641727264}, {""assumed_opponents"": 1000, ""assumed_crowd_concentration"": 5.0, ""simulated_prize_share"": 0.0279782852988688, ""baseline_simulated_prize_share"": 0.0004707033800976103, ""paired_difference_standard_error"": 0.0008057003013062331}, {""assumed_opponents"": 10000, ""assumed_crowd_concentration"": 5.0, ""simulated_prize_share"": 0.012462334997793555, ""baseline_simulated_prize_share"": 2.0748968142948373e-05, ""paired_difference_standard_error"": 0.00053857462462827}]","[{""match_id"": ""57b75b3488bf61a982ec"", ""tip_home"": 1, ""tip_away"": 1}, {""match_id"": ""16729a19ad2aee0d33f0"", ""tip_home"": 2, ""tip_away"": 1}, {""match_id"": ""203782e18c86eca476df"", ""tip_home"": 1, ""tip_away"": 1}, {""match_id"": ""6d87d56cdac565b0cf2d"", ""tip_home"": 2, ""tip_away"": 0}, {""match_id"": ""c1bbe6699f1b4b750dc5"", ""tip_home"": 1, ""tip_away"": 1}, {""match_id"": ""e776f43b698d1abfb24d"", ""tip_home"": 1, ""tip_away"": 1}, {""match_id"": ""0214c212dce3ba5b4d71"", ""tip_home"": 1, ""tip_away"": 1}, {""match_id"": ""3de0b39acab7138db990"", ""tip_home"": 2, ""tip_away"": 1}, {""match_id"": ""8cf82a4c0d62823b6855"", ""tip_home"": 1, ""tip_away"": 1}]"
2019-10-15,7,7,8,-4.763021696503836,-6.66544887069474,"[{""assumed_opponents"": 100, ""assumed_crowd_concentration"": 1.0, ""simulated_prize_share"": 0.022080264344230334, ""baseline_simulated_prize_share"": 0.023898632257065275, ""paired_difference_standard_error"": 0.0008900244117708376}, {""assumed_opponents"": 1000, ""assumed_crowd_concentration"": 1.0, ""simulated_prize_share"": 0.0046563980494825664, ""baseline_simulated_prize_share"": 0.00294808404865274, ""paired_difference_standard_error"": 0.000368140977048212}, {""assumed_opponents"": 10000, ""assumed_crowd_concentration"": 1.0, ""simulated_prize_share"": 0.0009893188704434713, ""baseline_simulated_prize_share"": 0.0003160998011383758, ""paired_difference_standard_error"": 0.0001495889084180724}, {""assumed_opponents"": 100, ""assumed_crowd_concentration"": 2.5, ""simulated_prize_share"": 0.03076476201908125, ""baseline_simulated_prize_share"": 0.015192803099988753, ""paired_difference_standard_error"": 0.0009185920814603022}, {""assumed_opponents"": 1000, ""assumed_crowd_concentration"": 2.5, ""simulated_prize_share"": 0.008621587180167617, ""baseline_simulated_prize_share"": 0.0015052761725168548, ""paired_difference_standard_error"": 0.00044550694268982196}, {""assumed_opponents"": 10000, ""assumed_crowd_concentration"": 2.5, ""simulated_prize_share"": 0.002465819840467245, ""baseline_simulated_prize_share"": 9.763563777918169e-05, ""paired_difference_standard_error"": 0.00022560607369496077}, {""assumed_opponents"": 100, ""assumed_crowd_concentration"": 5.0, ""simulated_prize_share"": 0.04183363454139672, ""baseline_simulated_prize_share"": 0.009598824558847075, ""paired_difference_standard_error"": 0.001010880016193121}, {""assumed_opponents"": 1000, ""assumed_crowd_concentration"": 5.0, ""simulated_prize_share"": 0.014938342372026967, ""baseline_simulated_prize_share"": 0.0006887425160398204, ""paired_difference_standard_error"": 0.0005847541717733495}, {""assumed_opponents"": 10000, ""assumed_crowd_concentration"": 5.0, ""simulated_prize_share"": 0.005810223606510815, ""baseline_simulated_prize_share"": 2.6928767926632142e-05, ""paired_difference_standard_error"": 0.0003620693940928364}]","[{""match_id"": ""b3e8358e9373256976c5"", ""tip_home"": 1, ""tip_away"": 1}, {""match_id"": ""0303d9e15110be4d887b"", ""tip_home"": 1, ""tip_away"": 1}, {""match_id"": ""0fa453a3436b4e592961"", ""tip_home"": 1, ""tip_away"": 1}, {""match_id"": ""4d7e144efa3795749e01"", ""tip_home"": 1, ""tip_away"": 2}, {""match_id"": ""8e6576a59c5df245ab35"", ""tip_home"": 1, ""tip_away"": 1}, {""match_id"": ""973656e4a94ac92da697"", ""tip_home"": 0, ""tip_away"": 3}, {""match_id"": ""b7066a973018c0424e3a"", ""tip_home"": 2, ""tip_away"": 1}, {""match_id"": ""5acc58f7f4035b7897d2"", ""tip_home"": 1, ""tip_away"": 1}, {""match_id"": ""5ff0390550cb4d22a1e1"", ""tip_home"": 1, ""tip_away"": 1}]"
2019-10-22,8,11,8,-4.37586256601162,-7.16676574443587,"[{""assumed_opponents"": 100, ""assumed_crowd_concentration"": 1.0, ""simulated_prize_share"": 0.029451224512759295, ""baseline_simulated_prize_share"": 0.0238884191654192, ""paired_difference_standard_error"": 0.000969931611395896}, {""assumed_opponents"": 1000, ""assumed_crowd_concentration"": 1.0, ""simulated_prize_share"": 0.00665784825629309, ""baseline_simulated_prize_share"": 0.00257000107378059, ""paired_difference_standard_error"": 0.0004070313727851075}, {""assumed_opponents"": 10000, ""assumed_crowd_concentration"": 1.0, ""simulated_prize_share"": 0.001518632214498742, ""baseline_simulated_prize_share"": 0.00019395679648569121, ""paired_difference_standard_error"": 0.00017341795749409476}, {""assumed_opponents"": 100, ""assumed_crowd_concentration"": 2.5, ""simulated_prize_share"": 0.04040440554507459, ""baseline_simulated_prize_share"": 0.012784203593027739, ""paired_difference_standard_error"": 0.0010007870815462328}, {""assumed_opponents"": 1000, ""assumed_crowd_concentration"": 2.5, ""simulated_prize_share"": 0.011748910749348241, ""baseline_simulated_prize_share"": 0.0008480564000841362, ""paired_difference_standard_error"": 0.0005023211524659796}, {""assumed_opponents"": 10000, ""assumed_crowd_concentration"": 2.5, ""simulated_prize_share"": 0.0035761663219882646, ""baseline_simulated_prize_share"": 4.151657646882848e-05, ""paired_difference_standard_error"": 0.0002729533647260434}, {""assumed_opponents"": 100, ""assumed_crowd_concentration"": 5.0, ""simulated_prize_share"": 0.061873142089991666, ""baseline_simulated_prize_share"": 0.007205995029921006, ""paired_difference_standard_error"": 0.001196321959322769}, {""assumed_opponents"": 1000, ""assumed_crowd_concentration"": 5.0, ""simulated_prize_share"": 0.025284393616223533, ""baseline_simulated_prize_share"": 0.00030205231151197087, ""paired_difference_standard_error"": 0.0007502648277293461}, {""assumed_opponents"": 10000, ""assumed_crowd_concentration"": 5.0, ""simulated_prize_share"": 0.009958517703044269, ""baseline_simulated_prize_share"": 8.330994906588138e-06, ""paired_difference_standard_error"": 0.00047493820239720864}]","[{""match_id"": ""6624a39a52dafba6494f"", ""tip_home"": 1, ""tip_away"": 1}, {""match_id"": ""06e930cdbabd32b6f590"", ""tip_home"": 1, ""tip_away"": 1}, {""match_id"": ""070166f42f4d70c709de"", ""tip_home"": 1, ""tip_away"": 1}, {""match_id"": ""684aa44530793fb33053"", ""tip_home"": 1, ""tip_away"": 1}, {""match_id"": ""7791c88dc3e66b48d7c7"", ""tip_home"": 1, ""tip_away"": 1}, {""match_id"": ""8df4ad5368be37b51d28"", ""tip_home"": 1, ""tip_away"": 1}, {""match_id"": ""f9d67859a48af62643c9"", ""tip_home"": 2, ""tip_away"": 0}, {""match_id"": ""328048d7f98be81e6736"", ""tip_home"": 1, ""tip_away"": 1}, {""match_id"": ""5cafe7982f738c5ce7d7"", ""tip_home"": 1, ""tip_away"": 1}]"
2019-10-29,9,12,6,-4.621511462564576,-6.888430689739568,"[{""assumed_opponents"": 100, ""assumed_crowd_concentration"": 1.0, ""simulated_prize_share"": 0.022336576833569106, ""baseline_simulated_prize_share"": 0.023642596197191213, ""paired_difference_standard_error"": 0.0008807355517886936}, {""assumed_opponents"": 1000, ""assumed_crowd_concentration"": 1.0, ""simulated_prize_share"": 0.004744167326564446, ""baseline_simulated_prize_share"": 0.002266189020547934, ""paired_difference_standard_error"": 0.0003487722331192494}, {""assumed_opponents"": 10000, ""assumed_crowd_concentration"": 1.0, ""simulated_prize_share"": 0.0010561882233236254, ""baseline_simulated_prize_share"": 0.00023206584523832808, ""paired_difference_standard_error"": 0.0001575043790593115}, {""assumed_opponents"": 100, ""assumed_crowd_concentration"": 2.5, ""simulated_prize_share"": 0.03218261968785154, ""baseline_simulated_prize_share"": 0.012149335527065935, ""paired_difference_standard_error"": 0.0009069716148209879}, {""assumed_opponents"": 1000, ""assumed_crowd_concentration"": 2.5, ""simulated_prize_share"": 0.00992432055567746, ""baseline_simulated_prize_share"": 0.0007855960702957826, ""paired_difference_standard_error"": 0.0004649709935077499}, {""assumed_opponents"": 10000, ""assumed_crowd_concentration"": 2.5, ""simulated_prize_share"": 0.0029046683018003824, ""baseline_simulated_prize_share"": 8.445884424720328e-05, ""paired_difference_standard_error"": 0.00025008310261180985}, {""assumed_opponents"": 100, ""assumed_crowd_concentration"": 5.0, ""simulated_prize_share"": 0.04772396970554588, ""baseline_simulated_prize_share"": 0.007165411475942338, ""paired_difference_standard_error"": 0.0010618870054135612}, {""assumed_opponents"": 1000, ""assumed_crowd_concentration"": 5.0, ""simulated_prize_share"": 0.020074756922767202, ""baseline_simulated_prize_share"": 0.0003412987814124733, ""paired_difference_standard_error"": 0.0006828225434734401}, {""assumed_opponents"": 10000, ""assumed_crowd_concentration"": 5.0, ""simulated_prize_share"": 0.008677690365429078, ""baseline_simulated_prize_share"": 4.8546475366650285e-05, ""paired_difference_standard_error"": 0.00044559726847106666}]","[{""match_id"": ""3891635c737069d14f28"", ""tip_home"": 1, ""tip_away"": 1}, {""match_id"": ""0cf4ab980274c6094eb8"", ""tip_home"": 1, ""tip_away"": 1}, {""match_id"": ""55da36cab7be3aff6d29"", ""tip_home"": 1, ""tip_away"": 1}, {""match_id"": ""619367ff4d465b2e82b2"", ""tip_home"": 2, ""tip_away"": 0}, {""match_id"": ""986d7411cc3d147eded9"", ""tip_home"": 1, ""tip_away"": 2}, {""match_id"": ""fa3fb43f01486610c4ec"", ""tip_home"": 1, ""tip_away"": 1}, {""match_id"": ""fc0852d0564fdc1bedb1"", ""tip_home"": 1, ""tip_away"": 1}, {""match_id"": ""1dd5fe82f595909fd88b"", ""tip_home"": 1, ""tip_away"": 2}, {""match_id"": ""571b7d102f3540bd028b"", ""tip_home"": 1, ""tip_away"": 2}]"
2019-11-05,8,6,8,-4.742794598961598,-6.6638823735106,"[{""assumed_opponents"": 100, ""assumed_crowd_concentration"": 1.0, ""simulated_prize_share"": 0.023887473810278788, ""baseline_simulated_prize_share"": 0.02375872532340235, ""paired_difference_standard_error"": 0.0009014307404300006}, {""assumed_opponents"": 1000, ""assumed_crowd_concentration"": 1.0, ""simulated_prize_share"": 0.004638837886044915, ""baseline_simulated_prize_share"": 0.0027713499641363404, ""paired_difference_standard_error"": 0.00035864316753491}, {""assumed_opponents"": 10000, ""assumed_crowd_concentration"": 1.0, ""simulated_prize_share"": 0.0008147623344104797, ""baseline_simulated_prize_share"": 0.000423867658818811, ""paired_difference_standard_error"": 0.000147140230947456}, {""assumed_opponents"": 100, ""assumed_crowd_concentration"": 2.5, ""simulated_prize_share"": 0.03315234161656823, ""baseline_simulated_prize_share"": 0.014094865917641143, ""paired_difference_standard_error"": 0.0009265534359503238}, {""assumed_opponents"": 1000, ""assumed_crowd_concentration"": 2.5, ""simulated_prize_share"": 0.008730135629518144, ""baseline_simulated_prize_share"": 0.0012607783444510154, ""paired_difference_standard_error"": 0.0004411842896759985}, {""assumed_opponents"": 10000, ""assumed_crowd_concentration"": 2.5, ""simulated_prize_share"": 0.002197329677876364, ""baseline_simulated_prize_share"": 0.00014207926010582276, ""paired_difference_standard_error"": 0.00020884027909095292}, {""assumed_opponents"": 100, ""assumed_crowd_concentration"": 5.0, ""simulated_prize_share"": 0.04729469156219114, ""baseline_simulated_prize_share"": 0.008267305048991255, ""paired_difference_standard_error"": 0.0010541662719554146}, {""assumed_opponents"": 1000, ""assumed_crowd_concentration"": 5.0, ""simulated_prize_share"": 0.016991344707876985, ""baseline_simulated_prize_share"": 0.00053386452054437, ""paired_difference_standard_error"": 0.0006149391382923796}, {""assumed_opponents"": 10000, ""assumed_crowd_concentration"": 5.0, ""simulated_prize_share"": 0.0062804875531733625, ""baseline_simulated_prize_share"": 2.8869796748849077e-05, ""paired_difference_standard_error"": 0.00037341956425216626}]","[{""match_id"": ""54f1c49a9545029b02ea"", ""tip_home"": 1, ""tip_away"": 1}, {""match_id"": ""0535d602d5bac2b4b6e6"", ""tip_home"": 1, ""tip_away"": 2}, {""match_id"": ""67c291b5db3e3c97bf1e"", ""tip_home"": 1, ""tip_away"": 1}, {""match_id"": ""8548d73d534ee17fecf7"", ""tip_home"": 1, ""tip_away"": 1}, {""match_id"": ""9b87597ea3481097f71b"", ""tip_home"": 1, ""tip_away"": 1}, {""match_id"": ""b2736080ee97b136c61e"", ""tip_home"": 1, ""tip_away"": 1}, {""match_id"": ""1b09dcbf86b2f351894b"", ""tip_home"": 1, ""tip_away"": 1}, {""match_id"": ""3261a259c9821f92ba57"", ""tip_home"": 1, ""tip_away"": 2}, {""match_id"": ""b8864c79172877db76b3"", ""tip_home"": 1, ""tip_away"": 1}]"
2019-11-19,4,10,5,-4.7253098440107575,-7.1789726145720385,"[{""assumed_opponents"": 100, ""assumed_crowd_concentration"": 1.0, ""simulated_prize_share"": 0.026938991277833647, ""baseline_simulated_prize_share"": 0.021695753500653343, ""paired_difference_standard_error"": 0.0009035042464422791}, {""assumed_opponents"": 1000, ""assumed_crowd_concentration"": 1.0, ""simulated_prize_share"": 0.005156888560880805, ""baseline_simulated_prize_share"": 0.0021189629246735255, ""paired_difference_standard_error"": 0.0003489346398531869}, {""assumed_opponents"": 10000, ""assumed_crowd_concentration"": 1.0, ""simulated_prize_share"": 0.0008848152730235656, ""baseline_simulated_prize_share"": 0.0001533469089236282, ""paired_difference_standard_error"": 0.0001316436286199869}, {""assumed_opponents"": 100, ""assumed_crowd_concentration"": 2.5, ""simulated_prize_share"": 0.03402333672227418, ""baseline_simulated_prize_share"": 0.012611077219024033, ""paired_difference_standard_error"": 0.0009140380708315545}, {""assumed_opponents"": 1000, ""assumed_crowd_concentration"": 2.5, ""simulated_prize_share"": 0.008561396099323836, ""baseline_simulated_prize_share"": 0.0008963226720364318, ""paired_difference_standard_error"": 0.0004247251139396278}, {""assumed_opponents"": 10000, ""assumed_crowd_concentration"": 2.5, ""simulated_prize_share"": 0.0020400881672056983, ""baseline_simulated_prize_share"": 3.612024719399897e-05, ""paired_difference_standard_error"": 0.00019448427868907218}, {""assumed_opponents"": 100, ""assumed_crowd_concentration"": 5.0, ""simulated_prize_share"": 0.04855039447590451, ""baseline_simulated_prize_share"": 0.008650517233516682, ""paired_difference_standard_error"": 0.0010579846594699007}, {""assumed_opponents"": 1000, ""assumed_crowd_concentration"": 5.0, ""simulated_prize_share"": 0.016439968526063324, ""baseline_simulated_prize_share"": 0.00043581658509608595, ""paired_difference_standard_error"": 0.000595449882598975}, {""assumed_opponents"": 10000, ""assumed_crowd_concentration"": 5.0, ""simulated_prize_share"": 0.005817417367362315, ""baseline_simulated_prize_share"": 8.024538003093381e-06, ""paired_difference_standard_error"": 0.00035379044942466793}]","[{""match_id"": ""dba97fede5dd604ea2f3"", ""tip_home"": 3, ""tip_away"": 0}, {""match_id"": ""16829ca2b4d7da9917bc"", ""tip_home"": 1, ""tip_away"": 1}, {""match_id"": ""1fe3b876bb081cb27d71"", ""tip_home"": 2, ""tip_away"": 0}, {""match_id"": ""3f179c308f5b62688dfc"", ""tip_home"": 1, ""tip_away"": 1}, {""match_id"": ""5c6eec6095594172c93e"", ""tip_home"": 1, ""tip_away"": 1}, {""match_id"": ""928fc0595276c30edae6"", ""tip_home"": 2, ""tip_away"": 1}, {""match_id"": ""cf98d0383bcb7f25a01f"", ""tip_home"": 1, ""tip_away"": 2}, {""match_id"": ""a172b47bdad2aa4ebfbf"", ""tip_home"": 2, ""tip_away"": 1}, {""match_id"": ""f1886156b9a8db7a5ea9"", ""tip_home"": 1, ""tip_away"": 1}]"
2019-11-26,11,13,6,-4.445909005692363,-7.123266118611633,"[{""assumed_opponents"": 100, ""assumed_crowd_concentration"": 1.0, ""simulated_prize_share"": 0.02945935721526201, ""baseline_simulated_prize_share"": 0.02264623031514234, ""paired_difference_standard_error"": 0.0009396416814122389}, {""assumed_opponents"": 1000, ""assumed_crowd_concentration"": 1.0, ""simulated_prize_share"": 0.005679869686601519, ""baseline_simulated_prize_share"": 0.0021575640827214073, ""paired_difference_standard_error"": 0.00036011323692222144}, {""assumed_opponents"": 10000, ""assumed_crowd_concentration"": 1.0, ""simulated_prize_share"": 0.0009245837290144119, ""baseline_simulated_prize_share"": 0.00021312607649596777, ""paired_difference_standard_error"": 0.000138835528459204}, {""assumed_opponents"": 100, ""assumed_crowd_concentration"": 2.5, ""simulated_prize_share"": 0.04106848535593195, ""baseline_simulated_prize_share"": 0.01042345030462332, ""paired_difference_standard_error"": 0.0009773854307215824}, {""assumed_opponents"": 1000, ""assumed_crowd_concentration"": 2.5, ""simulated_prize_share"": 0.01122803890771329, ""baseline_simulated_prize_share"": 0.000606235649245041, ""paired_difference_standard_error"": 0.000476673817192493}, {""assumed_opponents"": 10000, ""assumed_crowd_concentration"": 2.5, ""simulated_prize_share"": 0.0027263033976147786, ""baseline_simulated_prize_share"": 5.9745882207637283e-05, ""paired_difference_standard_error"": 0.00023042804101169453}, {""assumed_opponents"": 100, ""assumed_crowd_concentration"": 5.0, ""simulated_prize_share"": 0.06881237163248544, ""baseline_simulated_prize_share"": 0.006424905145205415, ""paired_difference_standard_error"": 0.0012453670710791298}, {""assumed_opponents"": 1000, ""assumed_crowd_concentration"": 5.0, ""simulated_prize_share"": 0.028326564276660735, ""baseline_simulated_prize_share"": 0.00029588891673025563, ""paired_difference_standard_error"": 0.0007939585049395472}, {""assumed_opponents"": 10000, ""assumed_crowd_concentration"": 5.0, ""simulated_prize_share"": 0.011059644652574963, ""baseline_simulated_prize_share"": 1.9234942956954476e-05, ""paired_difference_standard_error"": 0.000493232365295159}]","[{""match_id"": ""bdbfc07cec9235c29751"", ""tip_home"": 1, ""tip_away"": 0}, {""match_id"": ""827976da85fcc96bb85c"", ""tip_home"": 0, ""tip_away"": 3}, {""match_id"": ""975d5ace11a80b070e4a"", ""tip_home"": 2, ""tip_away"": 0}, {""match_id"": ""b90e105d149f56e487c0"", ""tip_home"": 1, ""tip_away"": 1}, {""match_id"": ""cc635fc4dba6f798943f"", ""tip_home"": 1, ""tip_away"": 1}, {""match_id"": ""e668d22c0f8594daa9d6"", ""tip_home"": 1, ""tip_away"": 1}, {""match_id"": ""c629d8b66a9b76bbf53a"", ""tip_home"": 1, ""tip_away"": 1}, {""match_id"": ""f022d999e00ee197bb76"", ""tip_home"": 1, ""tip_away"": 1}, {""match_id"": ""d7a8c074f705cdc012d6"", ""tip_home"": 1, ""tip_away"": 1}]"
2019-12-03,14,7,6,-4.521374202278408,-7.066158295464721,"[{""assumed_opponents"": 100, ""assumed_crowd_concentration"": 1.0, ""simulated_prize_share"": 0.032021063430569735, ""baseline_simulated_prize_share"": 0.021549963484652754, ""paired_difference_standard_error"": 0.0009576862129561158}, {""assumed_opponents"": 1000, ""assumed_crowd_concentration"": 1.0, ""simulated_prize_share"": 0.006224002486945925, ""baseline_simulated_prize_share"": 0.002059802647917523, ""paired_difference_standard_error"": 0.0003762035571544536}, {""assumed_opponents"": 10000, ""assumed_crowd_concentration"": 1.0, ""simulated_prize_share"": 0.0012224029673770917, ""baseline_simulated_prize_share"": 0.00020150334589877006, ""paired_difference_standard_error"": 0.0001633139240733903}, {""assumed_opponents"": 100, ""assumed_crowd_concentration"": 2.5, ""simulated_prize_share"": 0.039817010205684726, ""baseline_simulated_prize_share"": 0.01084102415121454, ""paired_difference_standard_error"": 0.0009621927959298237}, {""assumed_opponents"": 1000, ""assumed_crowd_concentration"": 2.5, ""simulated_prize_share"": 0.010044786409052577, ""baseline_simulated_prize_share"": 0.0006984354446889374, ""paired_difference_standard_error"": 0.00044987859878627454}, {""assumed_opponents"": 10000, ""assumed_crowd_concentration"": 2.5, ""simulated_prize_share"": 0.0024385339446822973, ""baseline_simulated_prize_share"": 6.892650148853909e-05, ""paired_difference_standard_error"": 0.00022095463809164412}, {""assumed_opponents"": 100, ""assumed_crowd_concentration"": 5.0, ""simulated_prize_share"": 0.059386380644893974, ""baseline_simulated_prize_share"": 0.0060847346221929235, ""paired_difference_standard_error"": 0.0011454750104279501}, {""assumed_opponents"": 1000, ""assumed_crowd_concentration"": 5.0, ""simulated_prize_share"": 0.021225388474538667, ""baseline_simulated_prize_share"": 0.00033045252991241317, ""paired_difference_standard_error"": 0.0006736879064294117}, {""assumed_opponents"": 10000, ""assumed_crowd_concentration"": 5.0, ""simulated_prize_share"": 0.007097879671749399, ""baseline_simulated_prize_share"": 2.560766868120231e-05, ""paired_difference_standard_error"": 0.00038958596530165536}]","[{""match_id"": ""1d6feff3b5cad51ae2c8"", ""tip_home"": 1, ""tip_away"": 1}, {""match_id"": ""018a847e1af4f9b18eab"", ""tip_home"": 1, ""tip_away"": 1}, {""match_id"": ""20c116133fcf9ddbf5f3"", ""tip_home"": 1, ""tip_away"": 1}, {""match_id"": ""3d281d54fdee7fd3fef6"", ""tip_home"": 1, ""tip_away"": 1}, {""match_id"": ""5fb6369173221b90d5df"", ""tip_home"": 2, ""tip_away"": 1}, {""match_id"": ""6812a3d9ab158da1ed75"", ""tip_home"": 1, ""tip_away"": 2}, {""match_id"": ""b7bc4bb1cfca216e5dd9"", ""tip_home"": 2, ""tip_away"": 0}, {""match_id"": ""638f5512b586ba182810"", ""tip_home"": 1, ""tip_away"": 1}, {""match_id"": ""8acacc794c095aceb026"", ""tip_home"": 1, ""tip_away"": 1}]"
2019-12-10,16,8,7,-4.437250167838018,-7.132596143107651,"[{""assumed_opponents"": 100, ""assumed_crowd_concentration"": 1.0, ""simulated_prize_share"": 0.030597443448137123, ""baseline_simulated_prize_share"": 0.020250736491899218, ""paired_difference_standard_error"": 0.0009384005071807773}, {""assumed_opponents"": 1000, ""assumed_crowd_concentration"": 1.0, ""simulated_prize_share"": 0.006404341219438489, ""baseline_simulated_prize_share"": 0.0018043304977202745, ""paired_difference_standard_error"": 0.00037327912824927986}, {""assumed_opponents"": 10000, ""assumed_crowd_concentration"": 1.0, ""simulated_prize_share"": 0.0011459455778883593, ""baseline_simulated_prize_share"": 0.0001513067090864193, ""paired_difference_standard_error"": 0.0001493931870072992}, {""assumed_opponents"": 100, ""assumed_crowd_concentration"": 2.5, ""simulated_prize_share"": 0.040785702223275024, ""baseline_simulated_prize_share"": 0.010424828859023483, ""paired_difference_standard_error"": 0.000976571931221764}, {""assumed_opponents"": 1000, ""assumed_crowd_concentration"": 2.5, ""simulated_prize_share"": 0.011271936304647902, ""baseline_simulated_prize_share"": 0.0006252427277188891, ""paired_difference_standard_error"": 0.000478730587495085}, {""assumed_opponents"": 10000, ""assumed_crowd_concentration"": 2.5, ""simulated_prize_share"": 0.002722804642174152, ""baseline_simulated_prize_share"": 5.552662863106813e-05, ""paired_difference_standard_error"": 0.00023047494557012143}, {""assumed_opponents"": 100, ""assumed_crowd_concentration"": 5.0, ""simulated_prize_share"": 0.06506686150764524, ""baseline_simulated_prize_share"": 0.007125799560914279, ""paired_difference_standard_error"": 0.0012173749229409652}, {""assumed_opponents"": 1000, ""assumed_crowd_concentration"": 5.0, ""simulated_prize_share"": 0.025880679224127595, ""baseline_simulated_prize_share"": 0.00031670099445500223, ""paired_difference_standard_error"": 0.0007537942000894843}, {""assumed_opponents"": 10000, ""assumed_crowd_concentration"": 5.0, ""simulated_prize_share"": 0.009575435988455807, ""baseline_simulated_prize_share"": 2.927242250497284e-05, ""paired_difference_standard_error"": 0.00045818417160416804}]","[{""match_id"": ""5309b4e2253bbe72bf32"", ""tip_home"": 1, ""tip_away"": 1}, {""match_id"": ""146b7e561522291183a4"", ""tip_home"": 1, ""tip_away"": 1}, {""match_id"": ""554418820f6fa8292532"", ""tip_home"": 1, ""tip_away"": 1}, {""match_id"": ""6146bbf2937367a678da"", ""tip_home"": 2, ""tip_away"": 0}, {""match_id"": ""7c4abbc004a6654da4ee"", ""tip_home"": 1, ""tip_away"": 1}, {""match_id"": ""acb0f47a540f1799fdf0"", ""tip_home"": 1, ""tip_away"": 1}, {""match_id"": ""cdcaf603e202b0fae49b"", ""tip_home"": 0, ""tip_away"": 2}, {""match_id"": ""4cca95df039d39a0994f"", ""tip_home"": 1, ""tip_away"": 1}, {""match_id"": ""88f9ecae144a8b1f1836"", ""tip_home"": 1, ""tip_away"": 1}]"
2020-01-14,12,3,7,-4.761690545782242,-6.612133835913504,"[{""assumed_opponents"": 100, ""assumed_crowd_concentration"": 1.0, ""simulated_prize_share"": 0.024191729384052202, ""baseline_simulated_prize_share"": 0.02274046101080572, ""paired_difference_standard_error"": 0.0009056052702261421}, {""assumed_opponents"": 1000, ""assumed_crowd_concentration"": 1.0, ""simulated_prize_share"": 0.005248226085376682, ""baseline_simulated_prize_share"": 0.0026694154608749967, ""paired_difference_standard_error"": 0.0003727382826262278}, {""assumed_opponents"": 10000, ""assumed_crowd_concentration"": 1.0, ""simulated_prize_share"": 0.001024567323455541, ""baseline_simulated_prize_share"": 0.0002759340991261668, ""paired_difference_standard_error"": 0.00015089719850822965}, {""assumed_opponents"": 100, ""assumed_crowd_concentration"": 2.5, ""simulated_prize_share"": 0.03128693033728486, ""baseline_simulated_prize_share"": 0.01518110593453547, ""paired_difference_standard_error"": 0.0009285734748838278}, {""assumed_opponents"": 1000, ""assumed_crowd_concentration"": 2.5, ""simulated_prize_share"": 0.008844850494173183, ""baseline_simulated_prize_share"": 0.0014711972821118925, ""paired_difference_standard_error"": 0.0004482764535553089}, {""assumed_opponents"": 10000, ""assumed_crowd_concentration"": 2.5, ""simulated_prize_share"": 0.0024147005700799347, ""baseline_simulated_prize_share"": 9.909153642099426e-05, ""paired_difference_standard_error"": 0.0002212041500970822}, {""assumed_opponents"": 100, ""assumed_crowd_concentration"": 5.0, ""simulated_prize_share"": 0.039214461692691924, ""baseline_simulated_prize_share"": 0.010138787199656114, ""paired_difference_standard_error"": 0.0009873080753126577}, {""assumed_opponents"": 1000, ""assumed_crowd_concentration"": 5.0, ""simulated_prize_share"": 0.01390154928696367, ""baseline_simulated_prize_share"": 0.0007277168470241368, ""paired_difference_standard_error"": 0.0005609566259874902}, {""assumed_opponents"": 10000, ""assumed_crowd_concentration"": 5.0, ""simulated_prize_share"": 0.005159058983863292, ""baseline_simulated_prize_share"": 5.2299883349563766e-05, ""paired_difference_standard_error"": 0.00033885375811888285}]","[{""match_id"": ""889c90e14c971bd95883"", ""tip_home"": 1, ""tip_away"": 1}, {""match_id"": ""27f8fcf15700b08f2fc4"", ""tip_home"": 1, ""tip_away"": 1}, {""match_id"": ""332753b6b833999d1e64"", ""tip_home"": 1, ""tip_away"": 1}, {""match_id"": ""384ca22bf960ebe47ebf"", ""tip_home"": 2, ""tip_away"": 0}, {""match_id"": ""6007efd3dfffc9b6342d"", ""tip_home"": 1, ""tip_away"": 1}, {""match_id"": ""ae735a917c1da6ea50a0"", ""tip_home"": 1, ""tip_away"": 1}, {""match_id"": ""bc7859be1e6450778ec1"", ""tip_home"": 0, ""tip_away"": 1}, {""match_id"": ""b645b3b84fd086522f6b"", ""tip_home"": 1, ""tip_away"": 1}, {""match_id"": ""e2ddd7cf96315c349b78"", ""tip_home"": 1, ""tip_away"": 1}]"
2020-01-21,10,6,5,-4.38283220193841,-6.956460243493998,"[{""assumed_opponents"": 100, ""assumed_crowd_concentration"": 1.0, ""simulated_prize_share"": 0.028183846376494924, ""baseline_simulated_prize_share"": 0.02269311702498883, ""paired_difference_standard_error"": 0.0009255608072697053}, {""assumed_opponents"": 1000, ""assumed_crowd_concentration"": 1.0, ""simulated_prize_share"": 0.005858013926252514, ""baseline_simulated_prize_share"": 0.002163970507399712, ""paired_difference_standard_error"": 0.0003743409636271019}, {""assumed_opponents"": 10000, ""assumed_crowd_concentration"": 1.0, ""simulated_prize_share"": 0.001056332130210472, ""baseline_simulated_prize_share"": 0.0002783306646835811, ""paired_difference_standard_error"": 0.0001544195550959327}, {""assumed_opponents"": 100, ""assumed_crowd_concentration"": 2.5, ""simulated_prize_share"": 0.04131796922996808, ""baseline_simulated_prize_share"": 0.011189016187979541, ""paired_difference_standard_error"": 0.0009888220988084411}, {""assumed_opponents"": 1000, ""assumed_crowd_concentration"": 2.5, ""simulated_prize_share"": 0.012045540802273973, ""baseline_simulated_prize_share"": 0.0007219569918222368, ""paired_difference_standard_error"": 0.00050477204501035}, {""assumed_opponents"": 10000, ""assumed_crowd_concentration"": 2.5, ""simulated_prize_share"": 0.0034007549368671344, ""baseline_simulated_prize_share"": 8.484864580363125e-05, ""paired_difference_standard_error"": 0.0002593627464483809}, {""assumed_opponents"": 100, ""assumed_crowd_concentration"": 5.0, ""simulated_prize_share"": 0.06854113405335842, ""baseline_simulated_prize_share"": 0.007599418827216423, ""paired_difference_standard_error"": 0.0012548038605666586}, {""assumed_opponents"": 1000, ""assumed_crowd_concentration"": 5.0, ""simulated_prize_share"": 0.0296648540564668, ""baseline_simulated_prize_share"": 0.0003575105798047447, ""paired_difference_standard_error"": 0.0008195054767443974}, {""assumed_opponents"": 10000, ""assumed_crowd_concentration"": 5.0, ""simulated_prize_share"": 0.012324127245989766, ""baseline_simulated_prize_share"": 2.5345762090349545e-05, ""paired_difference_standard_error"": 0.0005267423306390282}]","[{""match_id"": ""8e3160cd63b7e607919f"", ""tip_home"": 2, ""tip_away"": 1}, {""match_id"": ""0d5c79aaa29753e9094c"", ""tip_home"": 2, ""tip_away"": 0}, {""match_id"": ""255d0c065898bc8b2043"", ""tip_home"": 1, ""tip_away"": 1}, {""match_id"": ""33b297077be38a298e69"", ""tip_home"": 1, ""tip_away"": 1}, {""match_id"": ""bcebd445d48825c2a811"", ""tip_home"": 1, ""tip_away"": 1}, {""match_id"": ""c3cf5f6539a38cfc6457"", ""tip_home"": 1, ""tip_away"": 1}, {""match_id"": ""d25509a050afa332ff1a"", ""tip_home"": 1, ""tip_away"": 1}, {""match_id"": ""023892b3f44edd53f59f"", ""tip_home"": 2, ""tip_away"": 1}, {""match_id"": ""647a938f1892e5e25600"", ""tip_home"": 2, ""tip_away"": 0}]"
2020-01-28,13,15,6,-4.542749332026987,-7.084645450432709,"[{""assumed_opponents"": 100, ""assumed_crowd_concentration"": 1.0, ""simulated_prize_share"": 0.03097899649889398, ""baseline_simulated_prize_share"": 0.024232638197249363, ""paired_difference_standard_error"": 0.0009782925630132371}, {""assumed_opponents"": 1000, ""assumed_crowd_concentration"": 1.0, ""simulated_prize_share"": 0.006368835217049104, ""baseline_simulated_prize_share"": 0.002577497386313552, ""paired_difference_standard_error"": 0.0003919726111916048}, {""assumed_opponents"": 10000, ""assumed_crowd_concentration"": 1.0, ""simulated_prize_share"": 0.0010936785440304512, ""baseline_simulated_prize_share"": 0.0003127307160773063, ""paired_difference_standard_error"": 0.00015354883536427945}, {""assumed_opponents"": 100, ""assumed_crowd_concentration"": 2.5, ""simulated_prize_share"": 0.03847774565155655, ""baseline_simulated_prize_share"": 0.011938961805491033, ""paired_difference_standard_error"": 0.0009623984624599203}, {""assumed_opponents"": 1000, ""assumed_crowd_concentration"": 2.5, ""simulated_prize_share"": 0.01011442648828165, ""baseline_simulated_prize_share"": 0.0009263984215290908, ""paired_difference_standard_error"": 0.0004572942346868456}, {""assumed_opponents"": 10000, ""assumed_crowd_concentration"": 2.5, ""simulated_prize_share"": 0.0022715074659120853, ""baseline_simulated_prize_share"": 7.000616518689653e-05, ""paired_difference_standard_error"": 0.00020687660667036525}, {""assumed_opponents"": 100, ""assumed_crowd_concentration"": 5.0, ""simulated_prize_share"": 0.058662261656402606, ""baseline_simulated_prize_share"": 0.006495423936409596, ""paired_difference_standard_error"": 0.0011424457916707315}, {""assumed_opponents"": 1000, ""assumed_crowd_concentration"": 5.0, ""simulated_prize_share"": 0.02146469685010009, ""baseline_simulated_prize_share"": 0.00030307346585499743, ""paired_difference_standard_error"": 0.0006816356831377317}, {""assumed_opponents"": 10000, ""assumed_crowd_concentration"": 5.0, ""simulated_prize_share"": 0.007301559514796582, ""baseline_simulated_prize_share"": 6.835536807423135e-06, ""paired_difference_standard_error"": 0.00039066299237316336}]","[{""match_id"": ""b9750fcfeab758ad8c2a"", ""tip_home"": 1, ""tip_away"": 1}, {""match_id"": ""2a2ab4dfafb0e94d732b"", ""tip_home"": 2, ""tip_away"": 1}, {""match_id"": ""56b5b42d62971cee8a1d"", ""tip_home"": 1, ""tip_away"": 1}, {""match_id"": ""8dee37f09d7243dc53c6"", ""tip_home"": 1, ""tip_away"": 1}, {""match_id"": ""c8f03921d73482b3112e"", ""tip_home"": 1, ""tip_away"": 2}, {""match_id"": ""d092b8c85891beb9c0ed"", ""tip_home"": 1, ""tip_away"": 1}, {""match_id"": ""f511e726c4ba34b19323"", ""tip_home"": 0, ""tip_away"": 2}, {""match_id"": ""52fd61a814385c905809"", ""tip_home"": 1, ""tip_away"": 1}, {""match_id"": ""e2f0c6017f1ebadeb644"", ""tip_home"": 1, ""tip_away"": 1}]"
2020-02-11,15,9,8,-4.763870055346361,-6.847310340666378,"[{""assumed_opponents"": 100, ""assumed_crowd_concentration"": 1.0, ""simulated_prize_share"": 0.02200170726667869, ""baseline_simulated_prize_share"": 0.02158916634986511, ""paired_difference_standard_error"": 0.0008716752620812935}, {""assumed_opponents"": 1000, ""assumed_crowd_concentration"": 1.0, ""simulated_prize_share"": 0.005038499558397472, ""baseline_simulated_prize_share"": 0.002251544262667666, ""paired_difference_standard_error"": 0.00035583200120894174}, {""assumed_opponents"": 10000, ""assumed_crowd_concentration"": 1.0, ""simulated_prize_share"": 0.0009301661308803002, ""baseline_simulated_prize_share"": 0.00025104161773430937, ""paired_difference_standard_error"": 0.00014392893303159337}, {""assumed_opponents"": 100, ""assumed_crowd_concentration"": 2.5, ""simulated_prize_share"": 0.028897297973480826, ""baseline_simulated_prize_share"": 0.012395424771878306, ""paired_difference_standard_error"": 0.0008784212604342122}, {""assumed_opponents"": 1000, ""assumed_crowd_concentration"": 2.5, ""simulated_prize_share"": 0.008779008699530069, ""baseline_simulated_prize_share"": 0.0009948386083045969, ""paired_difference_standard_error"": 0.0004431706556553489}, {""assumed_opponents"": 10000, ""assumed_crowd_concentration"": 2.5, ""simulated_prize_share"": 0.0024991385447256068, ""baseline_simulated_prize_share"": 0.00010390092545097064, ""paired_difference_standard_error"": 0.00022422784342212765}, {""assumed_opponents"": 100, ""assumed_crowd_concentration"": 5.0, ""simulated_prize_share"": 0.040298844223885605, ""baseline_simulated_prize_share"": 0.00783833343609562, ""paired_difference_standard_error"": 0.0009857053430746283}, {""assumed_opponents"": 1000, ""assumed_crowd_concentration"": 5.0, ""simulated_prize_share"": 0.01526311941996366, ""baseline_simulated_prize_share"": 0.0004466491429941671, ""paired_difference_standard_error"": 0.0005888011557028649}, {""assumed_opponents"": 10000, ""assumed_crowd_concentration"": 5.0, ""simulated_prize_share"": 0.0059614325152670955, ""baseline_simulated_prize_share"": 3.1475478541076786e-05, ""paired_difference_standard_error"": 0.00036628514022332497}]","[{""match_id"": ""b091e1f96d8942c95057"", ""tip_home"": 2, ""tip_away"": 2}, {""match_id"": ""392fee388ff2e73325d2"", ""tip_home"": 1, ""tip_away"": 1}, {""match_id"": ""60e6aa82b0787cce15c7"", ""tip_home"": 1, ""tip_away"": 1}, {""match_id"": ""69c9c0b2e337e067e793"", ""tip_home"": 1, ""tip_away"": 1}, {""match_id"": ""77288c8d54ac071ffa8e"", ""tip_home"": 1, ""tip_away"": 1}, {""match_id"": ""979e9219b2638c58e7ee"", ""tip_home"": 1, ""tip_away"": 1}, {""match_id"": ""d2a3e07c077951abd0ea"", ""tip_home"": 1, ""tip_away"": 1}, {""match_id"": ""24a501c5d5f9f9647252"", ""tip_home"": 1, ""tip_away"": 2}, {""match_id"": ""f9f182eef0483528d56f"", ""tip_home"": 1, ""tip_away"": 1}]"
2020-02-18,10,10,7,-4.238777462074012,-7.4209932520164035,"[{""assumed_opponents"": 100, ""assumed_crowd_concentration"": 1.0, ""simulated_prize_share"": 0.02843981571514923, ""baseline_simulated_prize_share"": 0.02120534666463812, ""paired_difference_standard_error"": 0.0009278991103269151}, {""assumed_opponents"": 1000, ""assumed_crowd_concentration"": 1.0, ""simulated_prize_share"": 0.006667435886372497, ""baseline_simulated_prize_share"": 0.0018724336504107766, ""paired_difference_standard_error"": 0.0003894815816487485}, {""assumed_opponents"": 10000, ""assumed_crowd_concentration"": 1.0, ""simulated_prize_share"": 0.001320133192668067, ""baseline_simulated_prize_share"": 0.00017895589505608557, ""paired_difference_standard_error"": 0.00016482562590302514}, {""assumed_opponents"": 100, ""assumed_crowd_concentration"": 2.5, ""simulated_prize_share"": 0.04321321766623912, ""baseline_simulated_prize_share"": 0.009752753911899455, ""paired_difference_standard_error"": 0.001013017927960672}, {""assumed_opponents"": 1000, ""assumed_crowd_concentration"": 2.5, ""simulated_prize_share"": 0.014256291834282148, ""baseline_simulated_prize_share"": 0.0005390915355727428, ""paired_difference_standard_error"": 0.0005535351953786694}, {""assumed_opponents"": 10000, ""assumed_crowd_concentration"": 2.5, ""simulated_prize_share"": 0.004337003251421648, ""baseline_simulated_prize_share"": 2.8351542991313293e-05, ""paired_difference_standard_error"": 0.00029633615979261546}, {""assumed_opponents"": 100, ""assumed_crowd_concentration"": 5.0, ""simulated_prize_share"": 0.07338278820354897, ""baseline_simulated_prize_share"": 0.007141399161934627, ""paired_difference_standard_error"": 0.0013099829906995104}, {""assumed_opponents"": 1000, ""assumed_crowd_concentration"": 5.0, ""simulated_prize_share"": 0.034428670349530836, ""baseline_simulated_prize_share"": 0.0002628669810538032, ""paired_difference_standard_error"": 0.0008928723897216167}, {""assumed_opponents"": 10000, ""assumed_crowd_concentration"": 5.0, ""simulated_prize_share"": 0.016005538029173982, ""baseline_simulated_prize_share"": 4.95962198049257e-06, ""paired_difference_standard_error"": 0.0006115705782585291}]","[{""match_id"": ""6f07016297de34a2ecff"", ""tip_home"": 4, ""tip_away"": 1}, {""match_id"": ""287de75da00f21d6965f"", ""tip_home"": 1, ""tip_away"": 1}, {""match_id"": ""2de441fbf9bab71476b2"", ""tip_home"": 1, ""tip_away"": 1}, {""match_id"": ""b3fc9513f6cda086aaa5"", ""tip_home"": 0, ""tip_away"": 2}, {""match_id"": ""e5a9a5cac37d05d8e6ba"", ""tip_home"": 1, ""tip_away"": 1}, {""match_id"": ""fcd9e9dae526c927529c"", ""tip_home"": 1, ""tip_away"": 1}, {""match_id"": ""978b60d5774871521015"", ""tip_home"": 1, ""tip_away"": 1}, {""match_id"": ""ef2fd725524a76b97749"", ""tip_home"": 1, ""tip_away"": 1}, {""match_id"": ""f572188a78185d100028"", ""tip_home"": 1, ""tip_away"": 1}]"
2020-03-03,14,16,8,-4.540181486516122,-7.089441332207708,"[{""assumed_opponents"": 100, ""assumed_crowd_concentration"": 1.0, ""simulated_prize_share"": 0.027561014835108005, ""baseline_simulated_prize_share"": 0.023091587061974457, ""paired_difference_standard_error"": 0.0009381288271495978}, {""assumed_opponents"": 1000, ""assumed_crowd_concentration"": 1.0, ""simulated_prize_share"": 0.005690915345769376, ""baseline_simulated_prize_share"": 0.0025631459511153425, ""paired_difference_standard_error"": 0.00038404818122399946}, {""assumed_opponents"": 10000, ""assumed_crowd_concentration"": 1.0, ""simulated_prize_share"": 0.001328960855709529, ""baseline_simulated_prize_share"": 0.0002727424637761992, ""paired_difference_standard_error"": 0.00017325076853096127}, {""assumed_opponents"": 100, ""assumed_crowd_concentration"": 2.5, ""simulated_prize_share"": 0.036563866531838296, ""baseline_simulated_prize_share"": 0.010706539958755375, ""paired_difference_standard_error"": 0.0009300514071534762}, {""assumed_opponents"": 1000, ""assumed_crowd_concentration"": 2.5, ""simulated_prize_share"": 0.00947270853514, ""baseline_simulated_prize_share"": 0.0007017739036721324, ""paired_difference_standard_error"": 0.0004412295717319535}, {""assumed_opponents"": 10000, ""assumed_crowd_concentration"": 2.5, ""simulated_prize_share"": 0.0025123236757889226, ""baseline_simulated_prize_share"": 7.364728252644189e-05, ""paired_difference_standard_error"": 0.0002309628578236494}, {""assumed_opponents"": 100, ""assumed_crowd_concentration"": 5.0, ""simulated_prize_share"": 0.0596005733768835, ""baseline_simulated_prize_share"": 0.004037052194200517, ""paired_difference_standard_error"": 0.0011351669846302321}, {""assumed_opponents"": 1000, ""assumed_crowd_concentration"": 5.0, ""simulated_prize_share"": 0.022007935092517382, ""baseline_simulated_prize_share"": 0.0001424587502904329, ""paired_difference_standard_error"": 0.0006878997192269892}, {""assumed_opponents"": 10000, ""assumed_crowd_concentration"": 5.0, ""simulated_prize_share"": 0.007543918147833813, ""baseline_simulated_prize_share"": 3.794165673088326e-05, ""paired_difference_standard_error"": 0.00040585693627154853}]","[{""match_id"": ""db6b0e748543e0292adb"", ""tip_home"": 2, ""tip_away"": 1}, {""match_id"": ""084e9bd3081627c37d8e"", ""tip_home"": 1, ""tip_away"": 1}, {""match_id"": ""2f27b1530e8a26480b61"", ""tip_home"": 1, ""tip_away"": 1}, {""match_id"": ""480df6f6424dca803dd8"", ""tip_home"": 1, ""tip_away"": 1}, {""match_id"": ""59bce5eb272df6d4385a"", ""tip_home"": 1, ""tip_away"": 1}, {""match_id"": ""615de098a7737384c792"", ""tip_home"": 1, ""tip_away"": 1}, {""match_id"": ""e57487b299999ec56b89"", ""tip_home"": 1, ""tip_away"": 1}, {""match_id"": ""1c179e07015b9d8967bc"", ""tip_home"": 3, ""tip_away"": 0}, {""match_id"": ""9059c2cf9cdc0af97c0e"", ""tip_home"": 1, ""tip_away"": 1}]"
2020-05-12,14,9,7,-4.5667165153711755,-7.232157388871091,"[{""assumed_opponents"": 100, ""assumed_crowd_concentration"": 1.0, ""simulated_prize_share"": 0.026987772648412706, ""baseline_simulated_prize_share"": 0.022121819032080194, ""paired_difference_standard_error"": 0.0009196544198762351}, {""assumed_opponents"": 1000, ""assumed_crowd_concentration"": 1.0, ""simulated_prize_share"": 0.005464691102571879, ""baseline_simulated_prize_share"": 0.0023789104992489258, ""paired_difference_standard_error"": 0.0003633520756614527}, {""assumed_opponents"": 10000, ""assumed_crowd_concentration"": 1.0, ""simulated_prize_share"": 0.0008346829098967105, ""baseline_simulated_prize_share"": 0.00020010135947311417, ""paired_difference_standard_error"": 0.00012626790198389282}, {""assumed_opponents"": 100, ""assumed_crowd_concentration"": 2.5, ""simulated_prize_share"": 0.037574323961899976, ""baseline_simulated_prize_share"": 0.011375830126505592, ""paired_difference_standard_error"": 0.0009525839753962646}, {""assumed_opponents"": 1000, ""assumed_crowd_concentration"": 2.5, ""simulated_prize_share"": 0.010350098184208461, ""baseline_simulated_prize_share"": 0.000871978985665646, ""paired_difference_standard_error"": 0.0004647802263994739}, {""assumed_opponents"": 10000, ""assumed_crowd_concentration"": 2.5, ""simulated_prize_share"": 0.0025209987323263176, ""baseline_simulated_prize_share"": 3.3796672312646926e-05, ""paired_difference_standard_error"": 0.000217261281446061}, {""assumed_opponents"": 100, ""assumed_crowd_concentration"": 5.0, ""simulated_prize_share"": 0.05932606777982288, ""baseline_simulated_prize_share"": 0.006152754960393239, ""paired_difference_standard_error"": 0.0011574615882644721}, {""assumed_opponents"": 1000, ""assumed_crowd_concentration"": 5.0, ""simulated_prize_share"": 0.022944709021526885, ""baseline_simulated_prize_share"": 0.00027160184217260515, ""paired_difference_standard_error"": 0.0007118713447263563}, {""assumed_opponents"": 10000, ""assumed_crowd_concentration"": 5.0, ""simulated_prize_share"": 0.008604217493498606, ""baseline_simulated_prize_share"": 9.14557926183132e-06, ""paired_difference_standard_error"": 0.00043341395128758495}]","[{""match_id"": ""0d2cf43e526fb395d0ba"", ""tip_home"": 1, ""tip_away"": 1}, {""match_id"": ""4d44db500d9eeb954243"", ""tip_home"": 2, ""tip_away"": 0}, {""match_id"": ""6bbb5fb439bd63014231"", ""tip_home"": 1, ""tip_away"": 1}, {""match_id"": ""8d8db56859c546436067"", ""tip_home"": 1, ""tip_away"": 2}, {""match_id"": ""abb063f72af34362eafa"", ""tip_home"": 1, ""tip_away"": 2}, {""match_id"": ""ce0e3058ebbb1c5f0a89"", ""tip_home"": 1, ""tip_away"": 1}, {""match_id"": ""09f666b08cf20278ee0e"", ""tip_home"": 1, ""tip_away"": 1}, {""match_id"": ""35819656af5210679822"", ""tip_home"": 0, ""tip_away"": 2}, {""match_id"": ""ce0d8bc5d16268820428"", ""tip_home"": 1, ""tip_away"": 1}]"
2020-05-19,8,15,8,-4.592592004949818,-7.564119422540156,"[{""assumed_opponents"": 100, ""assumed_crowd_concentration"": 1.0, ""simulated_prize_share"": 0.024906409780550295, ""baseline_simulated_prize_share"": 0.021711225379179765, ""paired_difference_standard_error"": 0.0008991430443825525}, {""assumed_opponents"": 1000, ""assumed_crowd_concentration"": 1.0, ""simulated_prize_share"": 0.005416124794597355, ""baseline_simulated_prize_share"": 0.0022128501828232046, ""paired_difference_standard_error"": 0.00036512780732209945}, {""assumed_opponents"": 10000, ""assumed_crowd_concentration"": 1.0, ""simulated_prize_share"": 0.0010776791865817698, ""baseline_simulated_prize_share"": 0.0001682887060365791, ""paired_difference_standard_error"": 0.00014714722949508218}, {""assumed_opponents"": 100, ""assumed_crowd_concentration"": 2.5, ""simulated_prize_share"": 0.03455684842766916, ""baseline_simulated_prize_share"": 0.010884437246788684, ""paired_difference_standard_error"": 0.0009211490016067378}, {""assumed_opponents"": 1000, ""assumed_crowd_concentration"": 2.5, ""simulated_prize_share"": 0.009700938577726729, ""baseline_simulated_prize_share"": 0.0007556065168223217, ""paired_difference_standard_error"": 0.00045469468509044196}, {""assumed_opponents"": 10000, ""assumed_crowd_concentration"": 2.5, ""simulated_prize_share"": 0.002702338674597375, ""baseline_simulated_prize_share"": 2.127876146033416e-05, ""paired_difference_standard_error"": 0.0002317481567849545}, {""assumed_opponents"": 100, ""assumed_crowd_concentration"": 5.0, ""simulated_prize_share"": 0.053484808768937984, ""baseline_simulated_prize_share"": 0.005303219077673536, ""paired_difference_standard_error"": 0.0011025813266512796}, {""assumed_opponents"": 1000, ""assumed_crowd_concentration"": 5.0, ""simulated_prize_share"": 0.02059964699059781, ""baseline_simulated_prize_share"": 0.0002401746247236476, ""paired_difference_standard_error"": 0.0006704891636497544}, {""assumed_opponents"": 10000, ""assumed_crowd_concentration"": 5.0, ""simulated_prize_share"": 0.007717853658646864, ""baseline_simulated_prize_share"": 1.5090236299655656e-06, ""paired_difference_standard_error"": 0.00041651939358150356}]","[{""match_id"": ""58463d84464e693261d7"", ""tip_home"": 1, ""tip_away"": 1}, {""match_id"": ""3abaaf7b66456da8bbf6"", ""tip_home"": 1, ""tip_away"": 1}, {""match_id"": ""77d8c75fe3c070c65a8d"", ""tip_home"": 1, ""tip_away"": 2}, {""match_id"": ""7daff7ca71a27eb92723"", ""tip_home"": 3, ""tip_away"": 0}, {""match_id"": ""bb12c88ad0f0ed6333ff"", ""tip_home"": 1, ""tip_away"": 1}, {""match_id"": ""e5588c6c826e96f91c1d"", ""tip_home"": 1, ""tip_away"": 2}, {""match_id"": ""6f4c352d6358ade765d4"", ""tip_home"": 1, ""tip_away"": 1}, {""match_id"": ""7b70a6152702b820ddce"", ""tip_home"": 1, ""tip_away"": 1}, {""match_id"": ""85005d977fec720cb2e0"", ""tip_home"": 1, ""tip_away"": 1}]"
2020-06-09,8,15,7,-4.531349315461557,-6.892666614482417,"[{""assumed_opponents"": 100, ""assumed_crowd_concentration"": 1.0, ""simulated_prize_share"": 0.024081059404551394, ""baseline_simulated_prize_share"": 0.023717700058173544, ""paired_difference_standard_error"": 0.0008985309870298909}, {""assumed_opponents"": 1000, ""assumed_crowd_concentration"": 1.0, ""simulated_prize_share"": 0.004875495423821362, ""baseline_simulated_prize_share"": 0.002573631281659862, ""paired_difference_standard_error"": 0.00036444467921018344}, {""assumed_opponents"": 10000, ""assumed_crowd_concentration"": 1.0, ""simulated_prize_share"": 0.0010398615416533441, ""baseline_simulated_prize_share"": 0.00037831951654015587, ""paired_difference_standard_error"": 0.00015910221908022808}, {""assumed_opponents"": 100, ""assumed_crowd_concentration"": 2.5, ""simulated_prize_share"": 0.03607407508614007, ""baseline_simulated_prize_share"": 0.01111579301502831, ""paired_difference_standard_error"": 0.0009423873243879782}, {""assumed_opponents"": 1000, ""assumed_crowd_concentration"": 2.5, ""simulated_prize_share"": 0.010570767941480937, ""baseline_simulated_prize_share"": 0.000875401794123243, ""paired_difference_standard_error"": 0.00047826707000838504}, {""assumed_opponents"": 10000, ""assumed_crowd_concentration"": 2.5, ""simulated_prize_share"": 0.0030142045794249502, ""baseline_simulated_prize_share"": 8.622742736292664e-05, ""paired_difference_standard_error"": 0.00025396544135271423}, {""assumed_opponents"": 100, ""assumed_crowd_concentration"": 5.0, ""simulated_prize_share"": 0.05784448939724718, ""baseline_simulated_prize_share"": 0.005571893426903551, ""paired_difference_standard_error"": 0.0011540937826723273}, {""assumed_opponents"": 1000, ""assumed_crowd_concentration"": 5.0, ""simulated_prize_share"": 0.02403093512815114, ""baseline_simulated_prize_share"": 0.000290682807541688, ""paired_difference_standard_error"": 0.000736458050392204}, {""assumed_opponents"": 10000, ""assumed_crowd_concentration"": 5.0, ""simulated_prize_share"": 0.009962377167214972, ""baseline_simulated_prize_share"": 3.649918848856377e-05, ""paired_difference_standard_error"": 0.00047682379462194347}]","[{""match_id"": ""0bfaaa8c5174dcf5929d"", ""tip_home"": 1, ""tip_away"": 2}, {""match_id"": ""26e8368cbe1c55f585c2"", ""tip_home"": 1, ""tip_away"": 1}, {""match_id"": ""379526fe2f80db0c142d"", ""tip_home"": 1, ""tip_away"": 1}, {""match_id"": ""66d50587e6d83344a501"", ""tip_home"": 1, ""tip_away"": 1}, {""match_id"": ""6dd06cc76f19bdcd91b4"", ""tip_home"": 1, ""tip_away"": 1}, {""match_id"": ""7c149b927bea86779647"", ""tip_home"": 1, ""tip_away"": 0}, {""match_id"": ""c316384f937d910c4d0d"", ""tip_home"": 1, ""tip_away"": 1}, {""match_id"": ""02278a9f4bbc339108ea"", ""tip_home"": 1, ""tip_away"": 2}, {""match_id"": ""317325c1eed90f2ae18c"", ""tip_home"": 1, ""tip_away"": 1}]"
2020-06-23,20,6,5,-4.430668946535437,-6.860781889385174,"[{""assumed_opponents"": 100, ""assumed_crowd_concentration"": 1.0, ""simulated_prize_share"": 0.02188009639554754, ""baseline_simulated_prize_share"": 0.025464812300692894, ""paired_difference_standard_error"": 0.0008846622368154467}, {""assumed_opponents"": 1000, ""assumed_crowd_concentration"": 1.0, ""simulated_prize_share"": 0.004707600637797406, ""baseline_simulated_prize_share"": 0.002620396203315593, ""paired_difference_standard_error"": 0.0003553788749950298}, {""assumed_opponents"": 10000, ""assumed_crowd_concentration"": 1.0, ""simulated_prize_share"": 0.0008616840914628153, ""baseline_simulated_prize_share"": 0.0003323352857090079, ""paired_difference_standard_error"": 0.00014629371568937753}, {""assumed_opponents"": 100, ""assumed_crowd_concentration"": 2.5, ""simulated_prize_share"": 0.03692960028521646, ""baseline_simulated_prize_share"": 0.01097085587048209, ""paired_difference_standard_error"": 0.0009598436869316445}, {""assumed_opponents"": 1000, ""assumed_crowd_concentration"": 2.5, ""simulated_prize_share"": 0.012175133662995097, ""baseline_simulated_prize_share"": 0.0007332333421200237, ""paired_difference_standard_error"": 0.0005184296783646546}, {""assumed_opponents"": 10000, ""assumed_crowd_concentration"": 2.5, ""simulated_prize_share"": 0.003784213295126729, ""baseline_simulated_prize_share"": 6.906115317028815e-05, ""paired_difference_standard_error"": 0.0002793591352133067}, {""assumed_opponents"": 100, ""assumed_crowd_concentration"": 5.0, ""simulated_prize_share"": 0.06422952372313162, ""baseline_simulated_prize_share"": 0.008641027388360045, ""paired_difference_standard_error"": 0.0012536598274920452}, {""assumed_opponents"": 1000, ""assumed_crowd_concentration"": 5.0, ""simulated_prize_share"": 0.03219352064088374, ""baseline_simulated_prize_share"": 0.00039375323161181317, ""paired_difference_standard_error"": 0.0008699705940839267}, {""assumed_opponents"": 10000, ""assumed_crowd_concentration"": 5.0, ""simulated_prize_share"": 0.015400693673721657, ""baseline_simulated_prize_share"": 3.640932317240852e-05, ""paired_difference_standard_error"": 0.0006036708012243625}]","[{""match_id"": ""11c52c8201c012da7ecd"", ""tip_home"": 0, ""tip_away"": 1}, {""match_id"": ""1294921f87669962a68c"", ""tip_home"": 1, ""tip_away"": 1}, {""match_id"": ""1660c063185b7f795647"", ""tip_home"": 2, ""tip_away"": 1}, {""match_id"": ""16f934de26db2b2593b0"", ""tip_home"": 1, ""tip_away"": 1}, {""match_id"": ""173330993887f9e0390b"", ""tip_home"": 2, ""tip_away"": 1}, {""match_id"": ""1d7a0a20e24de8815790"", ""tip_home"": 1, ""tip_away"": 1}, {""match_id"": ""60d1a206e5325c41b372"", ""tip_home"": 1, ""tip_away"": 1}, {""match_id"": ""bac8e454ce0a8f8484b6"", ""tip_home"": 1, ""tip_away"": 0}, {""match_id"": ""c745287d246f7dae076b"", ""tip_home"": 1, ""tip_away"": 1}]"
