as_of,baseline_points,contest_points,changed_tendencies,evaluation_log_objective,baseline_evaluation_log_objective,scenarios,tips
2020-09-15,9,12,7,-4.695856836090171,-6.690785396151499,"[{""assumed_opponents"": 100, ""assumed_crowd_concentration"": 1.0, ""simulated_prize_share"": 0.03122904553064555, ""baseline_simulated_prize_share"": 0.023764179620246934, ""paired_difference_standard_error"": 0.000975343231682395}, {""assumed_opponents"": 1000, ""assumed_crowd_concentration"": 1.0, ""simulated_prize_share"": 0.00608207659014356, ""baseline_simulated_prize_share"": 0.0026250694359210187, ""paired_difference_standard_error"": 0.0003868112012765305}, {""assumed_opponents"": 10000, ""assumed_crowd_concentration"": 1.0, ""simulated_prize_share"": 0.0010847291960245863, ""baseline_simulated_prize_share"": 0.00026111288668272743, ""paired_difference_standard_error"": 0.00014941306543253836}, {""assumed_opponents"": 100, ""assumed_crowd_concentration"": 2.5, ""simulated_prize_share"": 0.03696350994585665, ""baseline_simulated_prize_share"": 0.015228852395008655, ""paired_difference_standard_error"": 0.0009725371200422027}, {""assumed_opponents"": 1000, ""assumed_crowd_concentration"": 2.5, ""simulated_prize_share"": 0.009085158026559364, ""baseline_simulated_prize_share"": 0.0013783197451093946, ""paired_difference_standard_error"": 0.00044179485626607483}, {""assumed_opponents"": 10000, ""assumed_crowd_concentration"": 2.5, ""simulated_prize_share"": 0.002055161978482095, ""baseline_simulated_prize_share"": 0.00011042803040064238, ""paired_difference_standard_error"": 0.00019953997059606938}, {""assumed_opponents"": 100, ""assumed_crowd_concentration"": 5.0, ""simulated_prize_share"": 0.04623519047726252, ""baseline_simulated_prize_share"": 0.009477707884733136, ""paired_difference_standard_error"": 0.0010355701040572248}, {""assumed_opponents"": 1000, ""assumed_crowd_concentration"": 5.0, ""simulated_prize_share"": 0.014622797799127724, ""baseline_simulated_prize_share"": 0.0006697261387712858, ""paired_difference_standard_error"": 0.0005605935168770624}, {""assumed_opponents"": 10000, ""assumed_crowd_concentration"": 5.0, ""simulated_prize_share"": 0.0045988664411425245, ""baseline_simulated_prize_share"": 2.9408334416750663e-05, ""paired_difference_standard_error"": 0.0003082406372932785}]","[{""match_id"": ""e9574cae608420c8d656"", ""tip_home"": 3, ""tip_away"": 0}, {""match_id"": ""39486ae9cd2548c8619d"", ""tip_home"": 1, ""tip_away"": 1}, {""match_id"": ""4b31b178fd9bc8bcd811"", ""tip_home"": 1, ""tip_away"": 1}, {""match_id"": ""65ce0ba12fabe4003aad"", ""tip_home"": 1, ""tip_away"": 1}, {""match_id"": ""735ce7b57a704e954680"", ""tip_home"": 1, ""tip_away"": 1}, {""match_id"": ""9b949e4ae4f369381522"", ""tip_home"": 1, ""tip_away"": 1}, {""match_id"": ""a2625d748b1d8692a879"", ""tip_home"": 1, ""tip_away"": 1}, {""match_id"": ""54baf27606c75ae9ab55"", ""tip_home"": 2, ""tip_away"": 0}, {""match_id"": ""dae8c457023e628e3f3e"", ""tip_home"": 1, ""tip_away"": 1}]"
2020-09-22,0,12,7,-4.8175594329562985,-6.983098450864116,"[{""assumed_opponents"": 100, ""assumed_crowd_concentration"": 1.0, ""simulated_prize_share"": 0.024667102091204034, ""baseline_simulated_prize_share"": 0.021965479562972984, ""paired_difference_standard_error"": 0.0009039332463193035}, {""assumed_opponents"": 1000, ""assumed_crowd_concentration"": 1.0, ""simulated_prize_share"": 0.005393811932606414, ""baseline_simulated_prize_share"": 0.002541500925899257, ""paired_difference_standard_error"": 0.0003791845032588876}, {""assumed_opponents"": 10000, ""assumed_crowd_concentration"": 1.0, ""simulated_prize_share"": 0.001142113562511036, ""baseline_simulated_prize_share"": 0.00029089916742642657, ""paired_difference_standard_error"": 0.00015480713874871737}, {""assumed_opponents"": 100, ""assumed_crowd_concentration"": 2.5, ""simulated_prize_share"": 0.029769545964657376, ""baseline_simulated_prize_share"": 0.013197872686020344, ""paired_difference_standard_error"": 0.0008888188046473307}, {""assumed_opponents"": 1000, ""assumed_crowd_concentration"": 2.5, ""simulated_prize_share"": 0.00825414238730457, ""baseline_simulated_prize_share"": 0.0011395165656474002, ""paired_difference_standard_error"": 0.0004263748579299531}, {""assumed_opponents"": 10000, ""assumed_crowd_concentration"": 2.5, ""simulated_prize_share"": 0.00226545394258584, ""baseline_simulated_prize_share"": 7.65568509859551e-05, ""paired_difference_standard_error"": 0.00021567995171492478}, {""assumed_opponents"": 100, ""assumed_crowd_concentration"": 5.0, ""simulated_prize_share"": 0.03629100406899877, ""baseline_simulated_prize_share"": 0.006259033194900794, ""paired_difference_standard_error"": 0.0009097440622287642}, {""assumed_opponents"": 1000, ""assumed_crowd_concentration"": 5.0, ""simulated_prize_share"": 0.011923777511805877, ""baseline_simulated_prize_share"": 0.00029476679198003805, ""paired_difference_standard_error"": 0.0005093984505645338}, {""assumed_opponents"": 10000, ""assumed_crowd_concentration"": 5.0, ""simulated_prize_share"": 0.004039328985361308, ""baseline_simulated_prize_share"": 1.4714381000360935e-05, ""paired_difference_standard_error"": 0.00029648729368443046}]","[{""match_id"": ""b465d9cd1c89666e2c0f"", ""tip_home"": 1, ""tip_away"": 1}, {""match_id"": ""006520e7ae8781ec455b"", ""tip_home"": 1, ""tip_away"": 1}, {""match_id"": ""1f0ea5bc3ced2afce613"", ""tip_home"": 2, ""tip_away"": 1}, {""match_id"": ""207992bc9dec2b3a8d1e"", ""tip_home"": 1, ""tip_away"": 1}, {""match_id"": ""2de96bd0a87ca8a2bd86"", ""tip_home"": 1, ""tip_away"": 1}, {""match_id"": ""63264b48d030e54d565a"", ""tip_home"": 2, ""tip_away"": 2}, {""match_id"": ""ecc12c194f63fd48de99"", ""tip_home"": 1, ""tip_away"": 1}, {""match_id"": ""53deb31f7a7e82437422"", ""tip_home"": 1, ""tip_away"": 4}, {""match_id"": ""e3804d13ebcf6cc77528"", ""tip_home"": 1, ""tip_away"": 1}]"
2020-09-29,18,11,6,-4.760403094232106,-7.345847066334128,"[{""assumed_opponents"": 100, ""assumed_crowd_concentration"": 1.0, ""simulated_prize_share"": 0.021223718413083875, ""baseline_simulated_prize_share"": 0.02387758036233156, ""paired_difference_standard_error"": 0.0008660889249478956}, {""assumed_opponents"": 1000, ""assumed_crowd_concentration"": 1.0, ""simulated_prize_share"": 0.004082297889158421, ""baseline_simulated_prize_share"": 0.0024483002785726654, ""paired_difference_standard_error"": 0.00033574605043548223}, {""assumed_opponents"": 10000, ""assumed_crowd_concentration"": 1.0, ""simulated_prize_share"": 0.0009043233870898893, ""baseline_simulated_prize_share"": 0.00030761021319001175, ""paired_difference_standard_error"": 0.00015577094010436405}, {""assumed_opponents"": 100, ""assumed_crowd_concentration"": 2.5, ""simulated_prize_share"": 0.02990213407819485, ""baseline_simulated_prize_share"": 0.010573863672467584, ""paired_difference_standard_error"": 0.0008566723028061018}, {""assumed_opponents"": 1000, ""assumed_crowd_concentration"": 2.5, ""simulated_prize_share"": 0.007856836670583858, ""baseline_simulated_prize_share"": 0.0007536418940970766, ""paired_difference_standard_error"": 0.0004101019129507798}, {""assumed_opponents"": 10000, ""assumed_crowd_concentration"": 2.5, ""simulated_prize_share"": 0.0021410064150517083, ""baseline_simulated_prize_share"": 7.229565210456167e-05, ""paired_difference_standard_error"": 0.00021220920605866748}, {""assumed_opponents"": 100, ""assumed_crowd_concentration"": 5.0, ""simulated_prize_share"": 0.0503877141079549, ""baseline_simulated_prize_share"": 0.004655288806688433, ""paired_difference_standard_error"": 0.0010563804531344629}, {""assumed_opponents"": 1000, ""assumed_crowd_concentration"": 5.0, ""simulated_prize_share"": 0.018435347794802864, ""baseline_simulated_prize_share"": 0.00019983694436694348, ""paired_difference_standard_error"": 0.0006347199998440986}, {""assumed_opponents"": 10000, ""assumed_crowd_concentration"": 5.0, ""simulated_prize_share"": 0.006755461777196569, ""baseline_simulated_prize_share"": 2.012163707048866e-06, ""paired_difference_standard_error"": 0.00038493339124956975}]","[{""match_id"": ""a64f7ab789c3d79276da"", ""tip_home"": 1, ""tip_away"": 1}, {""match_id"": ""1ac75c4eeccb9ec5eec3"", ""tip_home"": 2, ""tip_away"": 0}, {""match_id"": ""258587c7bb9a81d44cc4"", ""tip_home"": 0, ""tip_away"": 1}, {""match_id"": ""6bb5f8c311cff3c0b98f"", ""tip_home"": 2, ""tip_away"": 1}, {""match_id"": ""a633111e5ecd90deea5a"", ""tip_home"": 1, ""tip_away"": 1}, {""match_id"": ""c4a26fb54979513b3eab"", ""tip_home"": 1, ""tip_away"": 1}, {""match_id"": ""eb5ee0d32d31a6eabd07"", ""tip_home"": 1, ""tip_away"": 0}, {""match_id"": ""61d101a4ebb46fcf2a60"", ""tip_home"": 1, ""tip_away"": 1}, {""match_id"": ""df8ea8da2933c2f291f0"", ""tip_home"": 4, ""tip_away"": 0}]"
2020-10-13,14,16,7,-4.497558130757,-7.324333143358526,"[{""assumed_opponents"": 100, ""assumed_crowd_concentration"": 1.0, ""simulated_prize_share"": 0.024062078506890256, ""baseline_simulated_prize_share"": 0.027192595174184507, ""paired_difference_standard_error"": 0.0009430085647942958}, {""assumed_opponents"": 1000, ""assumed_crowd_concentration"": 1.0, ""simulated_prize_share"": 0.005478016003838957, ""baseline_simulated_prize_share"": 0.002885019816321578, ""paired_difference_standard_error"": 0.0003752579270094406}, {""assumed_opponents"": 10000, ""assumed_crowd_concentration"": 1.0, ""simulated_prize_share"": 0.0009997984306399097, ""baseline_simulated_prize_share"": 0.00017800583014920617, ""paired_difference_standard_error"": 0.00014153319352685362}, {""assumed_opponents"": 100, ""assumed_crowd_concentration"": 2.5, ""simulated_prize_share"": 0.03528472093032477, ""baseline_simulated_prize_share"": 0.014081931863486143, ""paired_difference_standard_error"": 0.0009637096328912641}, {""assumed_opponents"": 1000, ""assumed_crowd_concentration"": 2.5, ""simulated_prize_share"": 0.011323666298344047, ""baseline_simulated_prize_share"": 0.0008888287790681142, ""paired_difference_standard_error"": 0.000496929565708893}, {""assumed_opponents"": 10000, ""assumed_crowd_concentration"": 2.5, ""simulated_prize_share"": 0.0032620982645894217, ""baseline_simulated_prize_share"": 1.5899162717892452e-05, ""paired_difference_standard_error"": 0.0002524605651599186}, {""assumed_opponents"": 100, ""assumed_crowd_concentration"": 5.0, ""simulated_prize_share"": 0.05665752968765663, ""baseline_simulated_prize_share"": 0.007989612037474456, ""paired_difference_standard_error"": 0.001155708366374427}, {""assumed_opponents"": 1000, ""assumed_crowd_concentration"": 5.0, ""simulated_prize_share"": 0.02452944148914233, ""baseline_simulated_prize_share"": 0.0003017500959063412, ""paired_difference_standard_error"": 0.0007551697724273225}, {""assumed_opponents"": 10000, ""assumed_crowd_concentration"": 5.0, ""simulated_prize_share"": 0.011033998628208773, ""baseline_simulated_prize_share"": 3.5130262638209733e-06, ""paired_difference_standard_error"": 0.0005051414933876987}]","[{""match_id"": ""198373aabbe80ed9ccbb"", ""tip_home"": 1, ""tip_away"": 1}, {""match_id"": ""4768e765cdd7788e80b3"", ""tip_home"": 1, ""tip_away"": 1}, {""match_id"": ""4d07e9a27a4eb82f5728"", ""tip_home"": 1, ""tip_away"": 1}, {""match_id"": ""5a82c582bc1caa8a2ecd"", ""tip_home"": 1, ""tip_away"": 1}, {""match_id"": ""67596e278f6813f56aaf"", ""tip_home"": 0, ""tip_away"": 2}, {""match_id"": ""ac9ec263deb90665e132"", ""tip_home"": 0, ""tip_away"": 1}, {""match_id"": ""f1cc9e05f9b19b0f86f0"", ""tip_home"": 1, ""tip_away"": 1}, {""match_id"": ""56b3ef766ac95e715088"", ""tip_home"": 2, ""tip_away"": 1}, {""match_id"": ""db04b320821d27c83803"", ""tip_home"": 1, ""tip_away"": 1}]"
2020-10-20,14,16,7,-4.371373600631617,-7.920694989928663,"[{""assumed_opponents"": 100, ""assumed_crowd_concentration"": 1.0, ""simulated_prize_share"": 0.02608496259988985, ""baseline_simulated_prize_share"": 0.021521594020722616, ""paired_difference_standard_error"": 0.0008954120131509839}, {""assumed_opponents"": 1000, ""assumed_crowd_concentration"": 1.0, ""simulated_prize_share"": 0.0054422024202626824, ""baseline_simulated_prize_share"": 0.0018486991621492273, ""paired_difference_standard_error"": 0.00035428806745221175}, {""assumed_opponents"": 10000, ""assumed_crowd_concentration"": 1.0, ""simulated_prize_share"": 0.0009477976812929784, ""baseline_simulated_prize_share"": 0.00011165230602854279, ""paired_difference_standard_error"": 0.00013023351022007352}, {""assumed_opponents"": 100, ""assumed_crowd_concentration"": 2.5, ""simulated_prize_share"": 0.041270667192788026, ""baseline_simulated_prize_share"": 0.01011024870720241, ""paired_difference_standard_error"": 0.0009916813198325373}, {""assumed_opponents"": 1000, ""assumed_crowd_concentration"": 2.5, ""simulated_prize_share"": 0.012826325298629006, ""baseline_simulated_prize_share"": 0.0005600422051226548, ""paired_difference_standard_error"": 0.0005218698805694621}, {""assumed_opponents"": 10000, ""assumed_crowd_concentration"": 2.5, ""simulated_prize_share"": 0.003748633488445146, ""baseline_simulated_prize_share"": 8.069873205529217e-06, ""paired_difference_standard_error"": 0.00027287580277976547}, {""assumed_opponents"": 100, ""assumed_crowd_concentration"": 5.0, ""simulated_prize_share"": 0.06797587357222659, ""baseline_simulated_prize_share"": 0.006276428849813687, ""paired_difference_standard_error"": 0.001261639852948892}, {""assumed_opponents"": 1000, ""assumed_crowd_concentration"": 5.0, ""simulated_prize_share"": 0.031524831486322874, ""baseline_simulated_prize_share"": 0.0002345150551998186, ""paired_difference_standard_error"": 0.0008500168640128908}, {""assumed_opponents"": 10000, ""assumed_crowd_concentration"": 5.0, ""simulated_prize_share"": 0.014332576179881682, ""baseline_simulated_prize_share"": 3.676476847522047e-07, ""paired_difference_standard_error"": 0.0005774419900316957}]","[{""match_id"": ""73c4f9d03526876bf3d1"", ""tip_home"": 1, ""tip_away"": 1}, {""match_id"": ""174983d5161f5ed09476"", ""tip_home"": 2, ""tip_away"": 0}, {""match_id"": ""33cf665bf690430a7cb1"", ""tip_home"": 1, ""tip_away"": 1}, {""match_id"": ""84b76ec0bfb1d857ea55"", ""tip_home"": 3, ""tip_away"": 1}, {""match_id"": ""8dbdb7d4f8047dcfef29"", ""tip_home"": 1, ""tip_away"": 1}, {""match_id"": ""a504c483325b4ae4268b"", ""tip_home"": 1, ""tip_away"": 1}, {""match_id"": ""b4194665b5d7923835be"", ""tip_home"": 1, ""tip_away"": 1}, {""match_id"": ""daeef9e32274d34b2c7a"", ""tip_home"": 1, ""tip_away"": 1}, {""match_id"": ""405d2224995b82e11873"", ""tip_home"": 1, ""tip_away"": 1}]"
2020-10-27,8,10,7,-4.614419544320234,-7.225446815902412,"[{""assumed_opponents"": 100, ""assumed_crowd_concentration"": 1.0, ""simulated_prize_share"": 0.02526691447042061, ""baseline_simulated_prize_share"": 0.022032339486532465, ""paired_difference_standard_error"": 0.0009002220427543769}, {""assumed_opponents"": 1000, ""assumed_crowd_concentration"": 1.0, ""simulated_prize_share"": 0.005119256977257275, ""baseline_simulated_prize_share"": 0.0020908394775415633, ""paired_difference_standard_error"": 0.00034811991657371003}, {""assumed_opponents"": 10000, ""assumed_crowd_concentration"": 1.0, ""simulated_prize_share"": 0.0009763837110428348, ""baseline_simulated_prize_share"": 0.00017208858351754514, ""paired_difference_standard_error"": 0.00014291787930153355}, {""assumed_opponents"": 100, ""assumed_crowd_concentration"": 2.5, ""simulated_prize_share"": 0.0349903142436487, ""baseline_simulated_prize_share"": 0.011146930010430036, ""paired_difference_standard_error"": 0.0009238977286968965}, {""assumed_opponents"": 1000, ""assumed_crowd_concentration"": 2.5, ""simulated_prize_share"": 0.009657542308174817, ""baseline_simulated_prize_share"": 0.0006819482812620604, ""paired_difference_standard_error"": 0.00044684655503523753}, {""assumed_opponents"": 10000, ""assumed_crowd_concentration"": 2.5, ""simulated_prize_share"": 0.0024456041562330383, ""baseline_simulated_prize_share"": 5.331372570883142e-05, ""paired_difference_standard_error"": 0.00022490576769585918}, {""assumed_opponents"": 100, ""assumed_crowd_concentration"": 5.0, ""simulated_prize_share"": 0.05456001719430727, ""baseline_simulated_prize_share"": 0.006052085318026194, ""paired_difference_standard_error"": 0.0011133258284390982}, {""assumed_opponents"": 1000, ""assumed_crowd_concentration"": 5.0, ""simulated_prize_share"": 0.02091109043948551, ""baseline_simulated_prize_share"": 0.0002488868333209083, ""paired_difference_standard_error"": 0.0006781236069263836}, {""assumed_opponents"": 10000, ""assumed_crowd_concentration"": 5.0, ""simulated_prize_share"": 0.007727090894757796, ""baseline_simulated_prize_share"": 1.184319255497603e-05, ""paired_difference_standard_error"": 0.00040897854654845824}]","[{""match_id"": ""fb1c52f4220959dc0630"", ""tip_home"": 1, ""tip_away"": 1}, {""match_id"": ""4c0e44f28d1d2fdb07bf"", ""tip_home"": 1, ""tip_away"": 1}, {""match_id"": ""76ef1f26c82c973023a3"", ""tip_home"": 1, ""tip_away"": 1}, {""match_id"": ""79e58ca7be719664a12a"", ""tip_home"": 1, ""tip_away"": 3}, {""match_id"": ""7e98befc507719265887"", ""tip_home"": 1, ""tip_away"": 1}, {""match_id"": ""cddee36e8b97a1a5557b"", ""tip_home"": 1, ""tip_away"": 1}, {""match_id"": ""3db6a13f8e686c3992be"", ""tip_home"": 1, ""tip_away"": 1}, {""match_id"": ""76e55e9fcebbd6fb99c8"", ""tip_home"": 1, ""tip_away"": 0}, {""match_id"": ""d2a08d8c9d6a357be3ab"", ""tip_home"": 1, ""tip_away"": 1}]"
2020-11-03,16,10,9,-4.686474449790165,-6.915802482556586,"[{""assumed_opponents"": 100, ""assumed_crowd_concentration"": 1.0, ""simulated_prize_share"": 0.025570536350770924, ""baseline_simulated_prize_share"": 0.022502489426034222, ""paired_difference_standard_error"": 0.0009163222783166451}, {""assumed_opponents"": 1000, ""assumed_crowd_concentration"": 1.0, ""simulated_prize_share"": 0.005842904144676274, ""baseline_simulated_prize_share"": 0.0024217239436634544, ""paired_difference_standard_error"": 0.0003803508003108823}, {""assumed_opponents"": 10000, ""assumed_crowd_concentration"": 1.0, ""simulated_prize_share"": 0.0010220187769020297, ""baseline_simulated_prize_share"": 0.00023156889113337624, ""paired_difference_standard_error"": 0.00014624160814766054}, {""assumed_opponents"": 100, ""assumed_crowd_concentration"": 2.5, ""simulated_prize_share"": 0.032760389011060084, ""baseline_simulated_prize_share"": 0.012556028397807766, ""paired_difference_standard_error"": 0.0009105351475316223}, {""assumed_opponents"": 1000, ""assumed_crowd_concentration"": 2.5, ""simulated_prize_share"": 0.009157768630610168, ""baseline_simulated_prize_share"": 0.0008908958225700235, ""paired_difference_standard_error"": 0.0004458736333939328}, {""assumed_opponents"": 10000, ""assumed_crowd_concentration"": 2.5, ""simulated_prize_share"": 0.002333559520131139, ""baseline_simulated_prize_share"": 9.031397156987108e-05, ""paired_difference_standard_error"": 0.00021472265762988453}, {""assumed_opponents"": 100, ""assumed_crowd_concentration"": 5.0, ""simulated_prize_share"": 0.046722310359695755, ""baseline_simulated_prize_share"": 0.006175791592740314, ""paired_difference_standard_error"": 0.0010251317052730388}, {""assumed_opponents"": 1000, ""assumed_crowd_concentration"": 5.0, ""simulated_prize_share"": 0.016343941841592696, ""baseline_simulated_prize_share"": 0.0002880804898006111, ""paired_difference_standard_error"": 0.0005998146087762515}, {""assumed_opponents"": 10000, ""assumed_crowd_concentration"": 5.0, ""simulated_prize_share"": 0.005893100804725037, ""baseline_simulated_prize_share"": 4.100815644516888e-05, ""paired_difference_standard_error"": 0.0003570894840314687}]","[{""match_id"": ""eac589e1804bb1e28be3"", ""tip_home"": 1, ""tip_away"": 1}, {""match_id"": ""0333d1b418a9384cf957"", ""tip_home"": 1, ""tip_away"": 1}, {""match_id"": ""34cdf551deb61fe5d9ed"", ""tip_home"": 1, ""tip_away"": 1}, {""match_id"": ""71007f068af6c21f2acd"", ""tip_home"": 1, ""tip_away"": 1}, {""match_id"": ""98fe4d53291411e943d2"", ""tip_home"": 1, ""tip_away"": 1}, {""match_id"": ""b5e2d80dd563b95d38e4"", ""tip_home"": 1, ""tip_away"": 1}, {""match_id"": ""f28d46122ba0b6cf334d"", ""tip_home"": 1, ""tip_away"": 1}, {""match_id"": ""1bc9ec9cb883a9b9f04c"", ""tip_home"": 1, ""tip_away"": 1}, {""match_id"": ""9a21615853d382acc6e3"", ""tip_home"": 1, ""tip_away"": 1}]"
2020-11-17,6,12,7,-4.5699044029356575,-6.857350151935798,"[{""assumed_opponents"": 100, ""assumed_crowd_concentration"": 1.0, ""simulated_prize_share"": 0.024536246293215914, ""baseline_simulated_prize_share"": 0.024058011341477885, ""paired_difference_standard_error"": 0.000916412356871541}, {""assumed_opponents"": 1000, ""assumed_crowd_concentration"": 1.0, ""simulated_prize_share"": 0.004997785970857186, ""baseline_simulated_prize_share"": 0.002720292676843822, ""paired_difference_standard_error"": 0.00036413475463481374}, {""assumed_opponents"": 10000, ""assumed_crowd_concentration"": 1.0, ""simulated_prize_share"": 0.0008939710703079313, ""baseline_simulated_prize_share"": 0.0003029571083881733, ""paired_difference_standard_error"": 0.00014379727236959696}, {""assumed_opponents"": 100, ""assumed_crowd_concentration"": 2.5, ""simulated_prize_share"": 0.035767168319607495, ""baseline_simulated_prize_share"": 0.014183369147093724, ""paired_difference_standard_error"": 0.0009698388893503963}, {""assumed_opponents"": 1000, ""assumed_crowd_concentration"": 2.5, ""simulated_prize_share"": 0.010610753870035317, ""baseline_simulated_prize_share"": 0.0011258794371244796, ""paired_difference_standard_error"": 0.00047898641421236833}, {""assumed_opponents"": 10000, ""assumed_crowd_concentration"": 2.5, ""simulated_prize_share"": 0.00278159687625796, ""baseline_simulated_prize_share"": 7.516625403135085e-05, ""paired_difference_standard_error"": 0.0002338966046227104}, {""assumed_opponents"": 100, ""assumed_crowd_concentration"": 5.0, ""simulated_prize_share"": 0.05473100938649474, ""baseline_simulated_prize_share"": 0.010454255978654878, ""paired_difference_standard_error"": 0.0011583701739695056}, {""assumed_opponents"": 1000, ""assumed_crowd_concentration"": 5.0, ""simulated_prize_share"": 0.022920358496810192, ""baseline_simulated_prize_share"": 0.0005799425719363027, ""paired_difference_standard_error"": 0.0007238469553791125}, {""assumed_opponents"": 10000, ""assumed_crowd_concentration"": 5.0, ""simulated_prize_share"": 0.009461337199836552, ""baseline_simulated_prize_share"": 1.0909056500924536e-05, ""paired_difference_standard_error"": 0.0004608083585452001}]","[{""match_id"": ""1750048f3d7dfb66b82d"", ""tip_home"": 1, ""tip_away"": 1}, {""match_id"": ""48fffde7e129aac2f49f"", ""tip_home"": 2, ""tip_away"": 0}, {""match_id"": ""5872a11212940c2b2d93"", ""tip_home"": 1, ""tip_away"": 1}, {""match_id"": ""665d5fe0806858d61686"", ""tip_home"": 1, ""tip_away"": 2}, {""match_id"": ""a84a91a99b39b2bf1455"", ""tip_home"": 1, ""tip_away"": 1}, {""match_id"": ""ca7bf6a21fc9464896e2"", ""tip_home"": 1, ""tip_away"": 1}, {""match_id"": ""e226b32bd9270173a656"", ""tip_home"": 1, ""tip_away"": 1}, {""match_id"": ""3533b72e9a62beb9d6b9"", ""tip_home"": 2, ""tip_away"": 1}, {""match_id"": ""f654182d466b6495e555"", ""tip_home"": 1, ""tip_away"": 2}]"
2020-11-24,9,19,6,-4.558518619215062,-6.769116262723837,"[{""assumed_opponents"": 100, ""assumed_crowd_concentration"": 1.0, ""simulated_prize_share"": 0.02837539383962759, ""baseline_simulated_prize_share"": 0.02209954232361758, ""paired_difference_standard_error"": 0.000929683986038549}, {""assumed_opponents"": 1000, ""assumed_crowd_concentration"": 1.0, ""simulated_prize_share"": 0.005734861243296243, ""baseline_simulated_prize_share"": 0.0022953439875594284, ""paired_difference_standard_error"": 0.00037906481105038844}, {""assumed_opponents"": 10000, ""assumed_crowd_concentration"": 1.0, ""simulated_prize_share"": 0.0013122233711925636, ""baseline_simulated_prize_share"": 0.00027102518619987674, ""paired_difference_standard_error"": 0.0001731871845761426}, {""assumed_opponents"": 100, ""assumed_crowd_concentration"": 2.5, ""simulated_prize_share"": 0.037182656739996316, ""baseline_simulated_prize_share"": 0.012847772363853982, ""paired_difference_standard_error"": 0.0009599469144010488}, {""assumed_opponents"": 1000, ""assumed_crowd_concentration"": 2.5, ""simulated_prize_share"": 0.009940742455373554, ""baseline_simulated_prize_share"": 0.0011715374849716228, ""paired_difference_standard_error"": 0.00046504078881042616}, {""assumed_opponents"": 10000, ""assumed_crowd_concentration"": 2.5, ""simulated_prize_share"": 0.0027436259893237774, ""baseline_simulated_prize_share"": 9.559935179716355e-05, ""paired_difference_standard_error"": 0.00023888805994368037}, {""assumed_opponents"": 100, ""assumed_crowd_concentration"": 5.0, ""simulated_prize_share"": 0.05398026115671055, ""baseline_simulated_prize_share"": 0.008368183326938755, ""paired_difference_standard_error"": 0.0011136997622292785}, {""assumed_opponents"": 1000, ""assumed_crowd_concentration"": 5.0, ""simulated_prize_share"": 0.0191493711486998, ""baseline_simulated_prize_share"": 0.0005546830214049137, ""paired_difference_standard_error"": 0.0006455282922029231}, {""assumed_opponents"": 10000, ""assumed_crowd_concentration"": 5.0, ""simulated_prize_share"": 0.006798270414785269, ""baseline_simulated_prize_share"": 3.7925882807071904e-05, ""paired_difference_standard_error"": 0.0003867983318053805}]","[{""match_id"": ""a58fc5572698c4db9e8f"", ""tip_home"": 1, ""tip_away"": 1}, {""match_id"": ""123ea825e61e18ea1863"", ""tip_home"": 0, ""tip_away"": 2}, {""match_id"": ""65dffe3f58e63f8161a3"", ""tip_home"": 1, ""tip_away"": 1}, {""match_id"": ""7be0ad7c79d13cd52ccd"", ""tip_home"": 1, ""tip_away"": 1}, {""match_id"": ""a4cb17a6ff5315d4c0a7"", ""tip_home"": 1, ""tip_away"": 1}, {""match_id"": ""dce9d8f2b47916c287ec"", ""tip_home"": 2, ""tip_away"": 0}, {""match_id"": ""e626143a53ab6315a5cb"", ""tip_home"": 2, ""tip_away"": 0}, {""match_id"": ""41838ef8ecb9f973d411"", ""tip_home"": 1, ""tip_away"": 1}, {""match_id"": ""b24c690e2ba576358aa7"", ""tip_home"": 1, ""tip_away"": 1}]"
2020-12-01,10,10,8,-4.65752787818585,-6.969873525710152,"[{""assumed_opponents"": 100, ""assumed_crowd_concentration"": 1.0, ""simulated_prize_share"": 0.02652041653289203, ""baseline_simulated_prize_share"": 0.02212400167354408, ""paired_difference_standard_error"": 0.0009128620460260013}, {""assumed_opponents"": 1000, ""assumed_crowd_concentration"": 1.0, ""simulated_prize_share"": 0.005301825671928086, ""baseline_simulated_prize_share"": 0.0024474116235970378, ""paired_difference_standard_error"": 0.00037086559990108026}, {""assumed_opponents"": 10000, ""assumed_crowd_concentration"": 1.0, ""simulated_prize_share"": 0.0011025305700596826, ""baseline_simulated_prize_share"": 0.00029628594494861195, ""paired_difference_standard_error"": 0.00015530774265028706}, {""assumed_opponents"": 100, ""assumed_crowd_concentration"": 2.5, ""simulated_prize_share"": 0.03475977680809192, ""baseline_simulated_prize_share"": 0.012666282243652289, ""paired_difference_standard_error"": 0.0009272125190565701}, {""assumed_opponents"": 1000, ""assumed_crowd_concentration"": 2.5, ""simulated_prize_share"": 0.008750254762857106, ""baseline_simulated_prize_share"": 0.0010572071958321648, ""paired_difference_standard_error"": 0.0004319760180205083}, {""assumed_opponents"": 10000, ""assumed_crowd_concentration"": 2.5, ""simulated_prize_share"": 0.0022425847820083315, ""baseline_simulated_prize_share"": 6.228324751834827e-05, ""paired_difference_standard_error"": 0.0002147756245522842}, {""assumed_opponents"": 100, ""assumed_crowd_concentration"": 5.0, ""simulated_prize_share"": 0.0524499177973591, ""baseline_simulated_prize_share"": 0.007984474398369376, ""paired_difference_standard_error"": 0.0010962128228000358}, {""assumed_opponents"": 1000, ""assumed_crowd_concentration"": 5.0, ""simulated_prize_share"": 0.01827655373285944, ""baseline_simulated_prize_share"": 0.0004310066712456751, ""paired_difference_standard_error"": 0.0006263676944195593}, {""assumed_opponents"": 10000, ""assumed_crowd_concentration"": 5.0, ""simulated_prize_share"": 0.006158429825426444, ""baseline_simulated_prize_share"": 1.2416777446137705e-05, ""paired_difference_standard_error"": 0.00036555138475842877}]","[{""match_id"": ""0c3200f67c3b4664bc1c"", ""tip_home"": 1, ""tip_away"": 2}, {""match_id"": ""31e763ceb3892ab91824"", ""tip_home"": 1, ""tip_away"": 1}, {""match_id"": ""368d6f83f04a266c05c2"", ""tip_home"": 1, ""tip_away"": 1}, {""match_id"": ""58e366812a5778c240dd"", ""tip_home"": 1, ""tip_away"": 1}, {""match_id"": ""dbb8e934edc043506014"", ""tip_home"": 2, ""tip_away"": 1}, {""match_id"": ""e5b866a8ae3115b80d31"", ""tip_home"": 1, ""tip_away"": 1}, {""match_id"": ""164bb971070e7059751f"", ""tip_home"": 1, ""tip_away"": 1}, {""match_id"": ""8f6e1ab14d259d766af2"", ""tip_home"": 1, ""tip_away"": 1}, {""match_id"": ""1fa096a4d257419d1797"", ""tip_home"": 1, ""tip_away"": 1}]"
2020-12-08,12,12,7,-4.4280018414319855,-7.191523658740924,"[{""assumed_opponents"": 100, ""assumed_crowd_concentration"": 1.0, ""simulated_prize_share"": 0.027554864429131055, ""baseline_simulated_prize_share"": 0.02202209848536426, ""paired_difference_standard_error"": 0.0009218564562486164}, {""assumed_opponents"": 1000, ""assumed_crowd_concentration"": 1.0, ""simulated_prize_share"": 0.005775061219815841, ""baseline_simulated_prize_share"": 0.0019782618578915914, ""paired_difference_standard_error"": 0.00036237466383449676}, {""assumed_opponents"": 10000, ""assumed_crowd_concentration"": 1.0, ""simulated_prize_share"": 0.0010573697421484532, ""baseline_simulated_prize_share"": 0.00019339550092577716, ""paired_difference_standard_error"": 0.000152518364560096}, {""assumed_opponents"": 100, ""assumed_crowd_concentration"": 2.5, ""simulated_prize_share"": 0.03989789983897518, ""baseline_simulated_prize_share"": 0.01089764200541353, ""paired_difference_standard_error"": 0.0009764773917744258}, {""assumed_opponents"": 1000, ""assumed_crowd_concentration"": 2.5, ""simulated_prize_share"": 0.011718482528313414, ""baseline_simulated_prize_share"": 0.0005933967832346036, ""paired_difference_standard_error"": 0.0004923371674539534}, {""assumed_opponents"": 10000, ""assumed_crowd_concentration"": 2.5, ""simulated_prize_share"": 0.0030120056079341335, ""baseline_simulated_prize_share"": 5.7561408646703885e-05, ""paired_difference_standard_error"": 0.0002442499297065806}, {""assumed_opponents"": 100, ""assumed_crowd_concentration"": 5.0, ""simulated_prize_share"": 0.06554404503730382, ""baseline_simulated_prize_share"": 0.006841040022826032, ""paired_difference_standard_error"": 0.0012290851127553697}, {""assumed_opponents"": 1000, ""assumed_crowd_concentration"": 5.0, ""simulated_prize_share"": 0.027903218419615537, ""baseline_simulated_prize_share"": 0.0002614164055914606, ""paired_difference_standard_error"": 0.0007922683740493743}, {""assumed_opponents"": 10000, ""assumed_crowd_concentration"": 5.0, ""simulated_prize_share"": 0.011366915527908823, ""baseline_simulated_prize_share"": 1.3867420147250263e-05, ""paired_difference_standard_error"": 0.0005035683526097542}]","[{""match_id"": ""19353ec6b2d8db948a30"", ""tip_home"": 1, ""tip_away"": 1}, {""match_id"": ""15f8aed6ed9fa97cb545"", ""tip_home"": 1, ""tip_away"": 1}, {""match_id"": ""1781acc5939dd5c5cb6c"", ""tip_home"": 2, ""tip_away"": 1}, {""match_id"": ""1924f6d90bdfc2bbccab"", ""tip_home"": 1, ""tip_away"": 1}, {""match_id"": ""56ddf3a74898c2fbaa6b"", ""tip_home"": 1, ""tip_away"": 3}, {""match_id"": ""a3292961e491d178daf3"", ""tip_home"": 1, ""tip_away"": 2}, {""match_id"": ""e5e62312bdbd064cf6a8"", ""tip_home"": 1, ""tip_away"": 1}, {""match_id"": ""348bf41fe526a5288b9b"", ""tip_home"": 1, ""tip_away"": 1}, {""match_id"": ""c17e648dbe04beda0976"", ""tip_home"": 1, ""tip_away"": 1}]"
2020-12-29,16,5,8,-4.445485544858937,-6.980163037889253,"[{""assumed_opponents"": 100, ""assumed_crowd_concentration"": 1.0, ""simulated_prize_share"": 0.026096030766976544, ""baseline_simulated_prize_share"": 0.022322852513191663, ""paired_difference_standard_error"": 0.0009168702746524295}, {""assumed_opponents"": 1000, ""assumed_crowd_concentration"": 1.0, ""simulated_prize_share"": 0.005666960135861861, ""baseline_simulated_prize_share"": 0.0023300751566861953, ""paired_difference_standard_error"": 0.0003775938706349246}, {""assumed_opponents"": 10000, ""assumed_crowd_concentration"": 1.0, ""simulated_prize_share"": 0.0012556262139264652, ""baseline_simulated_prize_share"": 0.0002700513412603006, ""paired_difference_standard_error"": 0.00016801876825366338}, {""assumed_opponents"": 100, ""assumed_crowd_concentration"": 2.5, ""simulated_prize_share"": 0.03791672705287422, ""baseline_simulated_prize_share"": 0.011224881497185566, ""paired_difference_standard_error"": 0.0009633889692286401}, {""assumed_opponents"": 1000, ""assumed_crowd_concentration"": 2.5, ""simulated_prize_share"": 0.011362976166817413, ""baseline_simulated_prize_share"": 0.0007938155867750355, ""paired_difference_standard_error"": 0.0004924363434976762}, {""assumed_opponents"": 10000, ""assumed_crowd_concentration"": 2.5, ""simulated_prize_share"": 0.003221517709967408, ""baseline_simulated_prize_share"": 6.5054575681578e-05, ""paired_difference_standard_error"": 0.0002616335761604366}, {""assumed_opponents"": 100, ""assumed_crowd_concentration"": 5.0, ""simulated_prize_share"": 0.060093020275840764, ""baseline_simulated_prize_share"": 0.00673528821270789, ""paired_difference_standard_error"": 0.0011829197057187922}, {""assumed_opponents"": 1000, ""assumed_crowd_concentration"": 5.0, ""simulated_prize_share"": 0.02559748541648088, ""baseline_simulated_prize_share"": 0.00032024535727380574, ""paired_difference_standard_error"": 0.0007627971925391297}, {""assumed_opponents"": 10000, ""assumed_crowd_concentration"": 5.0, ""simulated_prize_share"": 0.010616017882344654, ""baseline_simulated_prize_share"": 2.967557676125293e-05, ""paired_difference_standard_error"": 0.0004928902020244282}]","[{""match_id"": ""3ba09f5b25fe3fa69025"", ""tip_home"": 1, ""tip_away"": 1}, {""match_id"": ""4ed23349facd6e8de45e"", ""tip_home"": 1, ""tip_away"": 1}, {""match_id"": ""514269598fdf61426438"", ""tip_home"": 1, ""tip_away"": 1}, {""match_id"": ""a60f38d1b4bd2428a07d"", ""tip_home"": 1, ""tip_away"": 2}, {""match_id"": ""bb297a7f23b44bc20e0b"", ""tip_home"": 1, ""tip_away"": 1}, {""match_id"": ""e0d22fd4b6ef2609e14e"", ""tip_home"": 1, ""tip_away"": 1}, {""match_id"": ""e1dc3c7f6a0a39da0808"", ""tip_home"": 1, ""tip_away"": 1}, {""match_id"": ""1c83705df9702bc4653d"", ""tip_home"": 3, ""tip_away"": 0}, {""match_id"": ""75dd67e05f20181fa413"", ""tip_home"": 1, ""tip_away"": 1}]"
2021-01-05,6,7,9,-4.436787336113209,-7.131927579788282,"[{""assumed_opponents"": 100, ""assumed_crowd_concentration"": 1.0, ""simulated_prize_share"": 0.02599289470977966, ""baseline_simulated_prize_share"": 0.02319209560006704, ""paired_difference_standard_error"": 0.0009291476128879529}, {""assumed_opponents"": 1000, ""assumed_crowd_concentration"": 1.0, ""simulated_prize_share"": 0.005726375081300772, ""baseline_simulated_prize_share"": 0.002484980515561481, ""paired_difference_standard_error"": 0.0003812306590022873}, {""assumed_opponents"": 10000, ""assumed_crowd_concentration"": 1.0, ""simulated_prize_share"": 0.001373038246695316, ""baseline_simulated_prize_share"": 0.00023328320660051844, ""paired_difference_standard_error"": 0.0001800134676598607}, {""assumed_opponents"": 100, ""assumed_crowd_concentration"": 2.5, ""simulated_prize_share"": 0.037396501249156375, ""baseline_simulated_prize_share"": 0.011001845788534982, ""paired_difference_standard_error"": 0.0009600398273563336}, {""assumed_opponents"": 1000, ""assumed_crowd_concentration"": 2.5, ""simulated_prize_share"": 0.01124516102073118, ""baseline_simulated_prize_share"": 0.0007320219476612541, ""paired_difference_standard_error"": 0.0004909670308083997}, {""assumed_opponents"": 10000, ""assumed_crowd_concentration"": 2.5, ""simulated_prize_share"": 0.0033015557371989124, ""baseline_simulated_prize_share"": 7.164378871756812e-05, ""paired_difference_standard_error"": 0.0002662917500486076}, {""assumed_opponents"": 100, ""assumed_crowd_concentration"": 5.0, ""simulated_prize_share"": 0.05997389288845045, ""baseline_simulated_prize_share"": 0.005548589271899608, ""paired_difference_standard_error"": 0.0011738853916282632}, {""assumed_opponents"": 1000, ""assumed_crowd_concentration"": 5.0, ""simulated_prize_share"": 0.025539760087974497, ""baseline_simulated_prize_share"": 0.00027175599279621583, ""paired_difference_standard_error"": 0.0007612670195631503}, {""assumed_opponents"": 10000, ""assumed_crowd_concentration"": 5.0, ""simulated_prize_share"": 0.010472208297476512, ""baseline_simulated_prize_share"": 1.1368744239487504e-05, ""paired_difference_standard_error"": 0.0004890417458588733}]","[{""match_id"": ""9aef2434afa3ee60c073"", ""tip_home"": 1, ""tip_away"": 1}, {""match_id"": ""386622ad4e7da4c26541"", ""tip_home"": 1, ""tip_away"": 1}, {""match_id"": ""4b91a03d846f396c0ce5"", ""tip_home"": 1, ""tip_away"": 1}, {""match_id"": ""5dd43afe40e6d85d580c"", ""tip_home"": 1, ""tip_away"": 1}, {""match_id"": ""9d57fc3e4107922b6121"", ""tip_home"": 1, ""tip_away"": 1}, {""match_id"": ""a2e4db482b70b8d1610c"", ""tip_home"": 1, ""tip_away"": 1}, {""match_id"": ""de61f1567a27f2c17641"", ""tip_home"": 1, ""tip_away"": 1}, {""match_id"": ""96e23f411dd1e2358a48"", ""tip_home"": 1, ""tip_away"": 1}, {""match_id"": ""ac7839d39db2c3cb3cc9"", ""tip_home"": 1, ""tip_away"": 1}]"
2021-01-12,6,8,6,-4.774028158352082,-7.158320526845273,"[{""assumed_opponents"": 100, ""assumed_crowd_concentration"": 1.0, ""simulated_prize_share"": 0.02597796403309433, ""baseline_simulated_prize_share"": 0.020636388982312973, ""paired_difference_standard_error"": 0.0008836414812759317}, {""assumed_opponents"": 1000, ""assumed_crowd_concentration"": 1.0, ""simulated_prize_share"": 0.004683338065345403, ""baseline_simulated_prize_share"": 0.0022127131821757587, ""paired_difference_standard_error"": 0.0003393218519044414}, {""assumed_opponents"": 10000, ""assumed_crowd_concentration"": 1.0, ""simulated_prize_share"": 0.0007080391427108494, ""baseline_simulated_prize_share"": 0.00027476117927739224, ""paired_difference_standard_error"": 0.0001262806853102821}, {""assumed_opponents"": 100, ""assumed_crowd_concentration"": 2.5, ""simulated_prize_share"": 0.03392532365015571, ""baseline_simulated_prize_share"": 0.010341924387534483, ""paired_difference_standard_error"": 0.0008928778367292913}, {""assumed_opponents"": 1000, ""assumed_crowd_concentration"": 2.5, ""simulated_prize_share"": 0.008227012561390596, ""baseline_simulated_prize_share"": 0.0008567943592628056, ""paired_difference_standard_error"": 0.00041294963355224774}, {""assumed_opponents"": 10000, ""assumed_crowd_concentration"": 2.5, ""simulated_prize_share"": 0.0018548136159477788, ""baseline_simulated_prize_share"": 9.265799118023984e-05, ""paired_difference_standard_error"": 0.00018634696325154788}, {""assumed_opponents"": 100, ""assumed_crowd_concentration"": 5.0, ""simulated_prize_share"": 0.050467225495112955, ""baseline_simulated_prize_share"": 0.004986397072582336, ""paired_difference_standard_error"": 0.001050583577274284}, {""assumed_opponents"": 1000, ""assumed_crowd_concentration"": 5.0, ""simulated_prize_share"": 0.017175854145358625, ""baseline_simulated_prize_share"": 0.000284825986284066, ""paired_difference_standard_error"": 0.0006046624109163945}, {""assumed_opponents"": 10000, ""assumed_crowd_concentration"": 5.0, ""simulated_prize_share"": 0.005659540004504126, ""baseline_simulated_prize_share"": 7.16781112565118e-06, ""paired_difference_standard_error"": 0.000348968908245197}]","[{""match_id"": ""4a7596fd114142611658"", ""tip_home"": 1, ""tip_away"": 1}, {""match_id"": ""16ee4eb581ef403c3ea4"", ""tip_home"": 1, ""tip_away"": 1}, {""match_id"": ""6a19a1945ec7542a2bb2"", ""tip_home"": 1, ""tip_away"": 1}, {""match_id"": ""ac563356d498b755b205"", ""tip_home"": 1, ""tip_away"": 2}, {""match_id"": ""c7e956197fb5719717bf"", ""tip_home"": 2, ""tip_away"": 0}, {""match_id"": ""c969c9e7dbe3f916038d"", ""tip_home"": 1, ""tip_away"": 0}, {""match_id"": ""ccd7a56f81e673dbb567"", ""tip_home"": 1, ""tip_away"": 1}, {""match_id"": ""6402a4b1586806e18f5e"", ""tip_home"": 3, ""tip_away"": 0}, {""match_id"": ""ec063d9b057c45c26804"", ""tip_home"": 1, ""tip_away"": 1}]"
2021-01-26,16,13,7,-4.353745001193741,-7.362675691197113,"[{""assumed_opponents"": 100, ""assumed_crowd_concentration"": 1.0, ""simulated_prize_share"": 0.031411209951903725, ""baseline_simulated_prize_share"": 0.02235803117150003, ""paired_difference_standard_error"": 0.0009647955394414073}, {""assumed_opponents"": 1000, ""assumed_crowd_concentration"": 1.0, ""simulated_prize_share"": 0.0066175743417370685, ""baseline_simulated_prize_share"": 0.0022716255144909596, ""paired_difference_standard_error"": 0.00039603970791915}, {""assumed_opponents"": 10000, ""assumed_crowd_concentration"": 1.0, ""simulated_prize_share"": 0.001342722764102335, ""baseline_simulated_prize_share"": 0.00028101336259593336, ""paired_difference_standard_error"": 0.00016525847867644852}, {""assumed_opponents"": 100, ""assumed_crowd_concentration"": 2.5, ""simulated_prize_share"": 0.04227619306983352, ""baseline_simulated_prize_share"": 0.009749909740198579, ""paired_difference_standard_error"": 0.0009861913910830307}, {""assumed_opponents"": 1000, ""assumed_crowd_concentration"": 2.5, ""simulated_prize_share"": 0.01173653765844651, ""baseline_simulated_prize_share"": 0.00063183721349517, ""paired_difference_standard_error"": 0.0004914443742742436}, {""assumed_opponents"": 10000, ""assumed_crowd_concentration"": 2.5, ""simulated_prize_share"": 0.003117167576216891, ""baseline_simulated_prize_share"": 4.2215905598481094e-05, ""paired_difference_standard_error"": 0.00025034612664853246}, {""assumed_opponents"": 100, ""assumed_crowd_concentration"": 5.0, ""simulated_prize_share"": 0.07014279932018483, ""baseline_simulated_prize_share"": 0.004899828759862666, ""paired_difference_standard_error"": 0.0012488513168521153}, {""assumed_opponents"": 1000, ""assumed_crowd_concentration"": 5.0, ""simulated_prize_share"": 0.029008287586154285, ""baseline_simulated_prize_share"": 0.00017917091319152504, ""paired_difference_standard_error"": 0.0007986069731926801}, {""assumed_opponents"": 10000, ""assumed_crowd_concentration"": 5.0, ""simulated_prize_share"": 0.010941127552666609, ""baseline_simulated_prize_share"": 5.11502304152604e-06, ""paired_difference_standard_error"": 0.0004887048422019066}]","[{""match_id"": ""10e9c8b385667308c56a"", ""tip_home"": 1, ""tip_away"": 1}, {""match_id"": ""0e547f730ace2a657a94"", ""tip_home"": 1, ""tip_away"": 1}, {""match_id"": ""1eb16aab7543dc04ac79"", ""tip_home"": 2, ""tip_away"": 1}, {""match_id"": ""53ce89b9a57a105c42e9"", ""tip_home"": 1, ""tip_away"": 1}, {""match_id"": ""75aae8320fc848bd4430"", ""tip_home"": 1, ""tip_away"": 1}, {""match_id"": ""8c70a613b92eaa1a9fdc"", ""tip_home"": 3, ""tip_away"": 0}, {""match_id"": ""f0eac2a3884378737a27"", ""tip_home"": 1, ""tip_away"": 1}, {""match_id"": ""22f2cc1115be943eff9d"", ""tip_home"": 0, ""tip_away"": 0}, {""match_id"": ""b26111f35db264465153"", ""tip_home"": 1, ""tip_away"": 1}]"
2021-02-09,4,14,6,-4.467933876446189,-6.98181199797622,"[{""assumed_opponents"": 100, ""assumed_crowd_concentration"": 1.0, ""simulated_prize_share"": 0.02420323919631921, ""baseline_simulated_prize_share"": 0.022967874619272945, ""paired_difference_standard_error"": 0.000902623203500579}, {""assumed_opponents"": 1000, ""assumed_crowd_concentration"": 1.0, ""simulated_prize_share"": 0.0058421046568239215, ""baseline_simulated_prize_share"": 0.002220281922724614, ""paired_difference_standard_error"": 0.00038237915654996735}, {""assumed_opponents"": 10000, ""assumed_crowd_concentration"": 1.0, ""simulated_prize_share"": 0.0012986824374395995, ""baseline_simulated_prize_share"": 0.00022027777670733447, ""paired_difference_standard_error"": 0.00016100176004912704}, {""assumed_opponents"": 100, ""assumed_crowd_concentration"": 2.5, ""simulated_prize_share"": 0.03577449156214565, ""baseline_simulated_prize_share"": 0.013756346781003195, ""paired_difference_standard_error"": 0.0009708064343349653}, {""assumed_opponents"": 1000, ""assumed_crowd_concentration"": 2.5, ""simulated_prize_share"": 0.0117411898927213, ""baseline_simulated_prize_share"": 0.0009571672457841579, ""paired_difference_standard_error"": 0.0005158183114256966}, {""assumed_opponents"": 10000, ""assumed_crowd_concentration"": 2.5, ""simulated_prize_share"": 0.004092379264782681, ""baseline_simulated_prize_share"": 6.048521414067887e-05, ""paired_difference_standard_error"": 0.00029710408953895326}, {""assumed_opponents"": 100, ""assumed_crowd_concentration"": 5.0, ""simulated_prize_share"": 0.049737230265813295, ""baseline_simulated_prize_share"": 0.008936261452002207, ""paired_difference_standard_error"": 0.0011069501984862585}, {""assumed_opponents"": 1000, ""assumed_crowd_concentration"": 5.0, ""simulated_prize_share"": 0.021884192385649516, ""baseline_simulated_prize_share"": 0.0004940981513183008, ""paired_difference_standard_error"": 0.0007146932928311455}, {""assumed_opponents"": 10000, ""assumed_crowd_concentration"": 5.0, ""simulated_prize_share"": 0.010008969729804008, ""baseline_simulated_prize_share"": 1.2999579432997021e-05, ""paired_difference_standard_error"": 0.00048815114970771555}]","[{""match_id"": ""fe9c536524323cb8ac30"", ""tip_home"": 2, ""tip_away"": 0}, {""match_id"": ""2a7706907f591a1ccf17"", ""tip_home"": 1, ""tip_away"": 1}, {""match_id"": ""3f8d1c4f608f7ebd49f7"", ""tip_home"": 1, ""tip_away"": 2}, {""match_id"": ""df3057cb06d0b768a009"", ""tip_home"": 1, ""tip_away"": 2}, {""match_id"": ""f02dfe7eb2b4a699f095"", ""tip_home"": 1, ""tip_away"": 1}, {""match_id"": ""f298fc50e233811612c8"", ""tip_home"": 1, ""tip_away"": 1}, {""match_id"": ""05d790c7963e289c0f92"", ""tip_home"": 1, ""tip_away"": 1}, {""match_id"": ""e9b916d633f0fef009ca"", ""tip_home"": 1, ""tip_away"": 1}, {""match_id"": ""0f105cf507a4e3f77592"", ""tip_home"": 2, ""tip_away"": 0}]"
2021-02-16,11,6,7,-4.241842389206494,-7.122081160282467,"[{""assumed_opponents"": 100, ""assumed_crowd_concentration"": 1.0, ""simulated_prize_share"": 0.0284113248441158, ""baseline_simulated_prize_share"": 0.02506546347983559, ""paired_difference_standard_error"": 0.0009660051292238975}, {""assumed_opponents"": 1000, ""assumed_crowd_concentration"": 1.0, ""simulated_prize_share"": 0.006438347066988085, ""baseline_simulated_prize_share"": 0.0025608295367573405, ""paired_difference_standard_error"": 0.00039930273914472436}, {""assumed_opponents"": 10000, ""assumed_crowd_concentration"": 1.0, ""simulated_prize_share"": 0.0015042882545699874, ""baseline_simulated_prize_share"": 0.00020087973111600362, ""paired_difference_standard_error"": 0.000174137925324998}, {""assumed_opponents"": 100, ""assumed_crowd_concentration"": 2.5, ""simulated_prize_share"": 0.042905718623284864, ""baseline_simulated_prize_share"": 0.012429295338827057, ""paired_difference_standard_error"": 0.0010313965722987398}, {""assumed_opponents"": 1000, ""assumed_crowd_concentration"": 2.5, ""simulated_prize_share"": 0.013826805743404174, ""baseline_simulated_prize_share"": 0.0007657696460050722, ""paired_difference_standard_error"": 0.0005452180593396236}, {""assumed_opponents"": 10000, ""assumed_crowd_concentration"": 2.5, ""simulated_prize_share"": 0.004185803007890282, ""baseline_simulated_prize_share"": 4.140131027533478e-05, ""paired_difference_standard_error"": 0.0002963630648638458}, {""assumed_opponents"": 100, ""assumed_crowd_concentration"": 5.0, ""simulated_prize_share"": 0.0722977792786307, ""baseline_simulated_prize_share"": 0.008322918109977259, ""paired_difference_standard_error"": 0.0013111264830502555}, {""assumed_opponents"": 1000, ""assumed_crowd_concentration"": 5.0, ""simulated_prize_share"": 0.034041336624769394, ""baseline_simulated_prize_share"": 0.000351694205358992, ""paired_difference_standard_error"": 0.0008863611732368472}, {""assumed_opponents"": 10000, ""assumed_crowd_concentration"": 5.0, ""simulated_prize_share"": 0.015645051307476798, ""baseline_simulated_prize_share"": 9.769739145236315e-06, ""paired_difference_standard_error"": 0.0006046414522096384}]","[{""match_id"": ""48890da9419ff23f1736"", ""tip_home"": 0, ""tip_away"": 0}, {""match_id"": ""689d7894f0800e484ea4"", ""tip_home"": 1, ""tip_away"": 1}, {""match_id"": ""a88c371f14ecab03ea65"", ""tip_home"": 1, ""tip_away"": 1}, {""match_id"": ""a93968c7d4dad850809d"", ""tip_home"": 1, ""tip_away"": 1}, {""match_id"": ""c2e9caa0cef8fc4ee163"", ""tip_home"": 1, ""tip_away"": 1}, {""match_id"": ""e5caf1a8b47ace1f3c99"", ""tip_home"": 0, ""tip_away"": 2}, {""match_id"": ""048560645247fe64ec15"", ""tip_home"": 1, ""tip_away"": 1}, {""match_id"": ""3f8f2160da3574937efb"", ""tip_home"": 1, ""tip_away"": 1}, {""match_id"": ""d5a3766a8d71be7bf4cc"", ""tip_home"": 1, ""tip_away"": 1}]"
2021-02-23,11,8,7,-4.244429652358205,-7.716006863532534,"[{""assumed_opponents"": 100, ""assumed_crowd_concentration"": 1.0, ""simulated_prize_share"": 0.029193935997205114, ""baseline_simulated_prize_share"": 0.02176873725979379, ""paired_difference_standard_error"": 0.000940056222790041}, {""assumed_opponents"": 1000, ""assumed_crowd_concentration"": 1.0, ""simulated_prize_share"": 0.006574342046772465, ""baseline_simulated_prize_share"": 0.001973215326104262, ""paired_difference_standard_error"": 0.0003890379531054413}, {""assumed_opponents"": 10000, ""assumed_crowd_concentration"": 1.0, ""simulated_prize_share"": 0.001394340864176934, ""baseline_simulated_prize_share"": 0.000133671168752675, ""paired_difference_standard_error"": 0.0001636029473095585}, {""assumed_opponents"": 100, ""assumed_crowd_concentration"": 2.5, ""simulated_prize_share"": 0.043913479725371726, ""baseline_simulated_prize_share"": 0.00969560585348525, ""paired_difference_standard_error"": 0.0010163110599841615}, {""assumed_opponents"": 1000, ""assumed_crowd_concentration"": 2.5, ""simulated_prize_share"": 0.013888490078290393, ""baseline_simulated_prize_share"": 0.0005038794338010716, ""paired_difference_standard_error"": 0.0005422129900947263}, {""assumed_opponents"": 10000, ""assumed_crowd_concentration"": 2.5, ""simulated_prize_share"": 0.004303413479796318, ""baseline_simulated_prize_share"": 1.3797289097121224e-05, ""paired_difference_standard_error"": 0.00029785806561205075}, {""assumed_opponents"": 100, ""assumed_crowd_concentration"": 5.0, ""simulated_prize_share"": 0.07351084519663993, ""baseline_simulated_prize_share"": 0.005820102799647512, ""paired_difference_standard_error"": 0.0012992931489564216}, {""assumed_opponents"": 1000, ""assumed_crowd_concentration"": 5.0, ""simulated_prize_share"": 0.0334506025363545, ""baseline_simulated_prize_share"": 0.00022347771207893315, ""paired_difference_standard_error"": 0.0008717430300066097}, {""assumed_opponents"": 10000, ""assumed_crowd_concentration"": 5.0, ""simulated_prize_share"": 0.014882414069995471, ""baseline_simulated_prize_share"": 1.376960516788785e-06, ""paired_difference_standard_error"": 0.0005876588584811136}]","[{""match_id"": ""e5ad5963472ea5556492"", ""tip_home"": 1, ""tip_away"": 1}, {""match_id"": ""1f7d4721b85f98be2309"", ""tip_home"": 2, ""tip_away"": 0}, {""match_id"": ""5e88e6101ae8b193661c"", ""tip_home"": 1, ""tip_away"": 1}, {""match_id"": ""8f170ee73e3d398b5be1"", ""tip_home"": 1, ""tip_away"": 1}, {""match_id"": ""ecc81b94a2c5a682924d"", ""tip_home"": 1, ""tip_away"": 1}, {""match_id"": ""f8f4d56ac527040cabd4"", ""tip_home"": 2, ""tip_away"": 0}, {""match_id"": ""02230fa4da7b030eddca"", ""tip_home"": 1, ""tip_away"": 1}, {""match_id"": ""401517184eff0dcf7b8a"", ""tip_home"": 1, ""tip_away"": 1}, {""match_id"": ""444aa0338b36ff2b102a"", ""tip_home"": 1, ""tip_away"": 1}]"
2021-03-02,12,14,8,-4.532781110125552,-6.8652400073505,"[{""assumed_opponents"": 100, ""assumed_crowd_concentration"": 1.0, ""simulated_prize_share"": 0.029856458120146572, ""baseline_simulated_prize_share"": 0.02499197201608184, ""paired_difference_standard_error"": 0.0009807596877304864}, {""assumed_opponents"": 1000, ""assumed_crowd_concentration"": 1.0, ""simulated_prize_share"": 0.006240597274629159, ""baseline_simulated_prize_share"": 0.003106091567900362, ""paired_difference_standard_error"": 0.0004058722477434267}, {""assumed_opponents"": 10000, ""assumed_crowd_concentration"": 1.0, ""simulated_prize_share"": 0.0011490099930461426, ""baseline_simulated_prize_share"": 0.0003787863562837146, ""paired_difference_standard_error"": 0.00016748352496056575}, {""assumed_opponents"": 100, ""assumed_crowd_concentration"": 2.5, ""simulated_prize_share"": 0.03829782903053511, ""baseline_simulated_prize_share"": 0.013631399037241436, ""paired_difference_standard_error"": 0.0009798596749698632}, {""assumed_opponents"": 1000, ""assumed_crowd_concentration"": 2.5, ""simulated_prize_share"": 0.010197183157036311, ""baseline_simulated_prize_share"": 0.001108652814550077, ""paired_difference_standard_error"": 0.0004636664300455602}, {""assumed_opponents"": 10000, ""assumed_crowd_concentration"": 2.5, ""simulated_prize_share"": 0.002431107055218858, ""baseline_simulated_prize_share"": 9.710082944746622e-05, ""paired_difference_standard_error"": 0.00021821165014072235}, {""assumed_opponents"": 100, ""assumed_crowd_concentration"": 5.0, ""simulated_prize_share"": 0.057841431064903824, ""baseline_simulated_prize_share"": 0.007442186038445145, ""paired_difference_standard_error"": 0.0011486453032811018}, {""assumed_opponents"": 1000, ""assumed_crowd_concentration"": 5.0, ""simulated_prize_share"": 0.02165651562272572, ""baseline_simulated_prize_share"": 0.0004015911204493125, ""paired_difference_standard_error"": 0.0006874725006342296}, {""assumed_opponents"": 10000, ""assumed_crowd_concentration"": 5.0, ""simulated_prize_share"": 0.00753475724545018, ""baseline_simulated_prize_share"": 1.1369062763887216e-05, ""paired_difference_standard_error"": 0.00040224883905581795}]","[{""match_id"": ""444d0f1f18996dca3416"", ""tip_home"": 1, ""tip_away"": 1}, {""match_id"": ""3a3868dc1f07d9f0ee1a"", ""tip_home"": 1, ""tip_away"": 1}, {""match_id"": ""a351c4f741810932e396"", ""tip_home"": 1, ""tip_away"": 1}, {""match_id"": ""a4c155a06af2cb5c1b1a"", ""tip_home"": 1, ""tip_away"": 1}, {""match_id"": ""b8081c1470f9f752536d"", ""tip_home"": 1, ""tip_away"": 1}, {""match_id"": ""d3f0586790e025d59304"", ""tip_home"": 1, ""tip_away"": 1}, {""match_id"": ""f9ee0792fcc906fd874b"", ""tip_home"": 1, ""tip_away"": 1}, {""match_id"": ""60087b89e51c536dba16"", ""tip_home"": 1, ""tip_away"": 1}, {""match_id"": ""67aeb1fe5057b48eef28"", ""tip_home"": 1, ""tip_away"": 1}]"
2021-03-16,16,9,6,-4.3479199966544675,-7.939004058688487,"[{""assumed_opponents"": 100, ""assumed_crowd_concentration"": 1.0, ""simulated_prize_share"": 0.02995352300463408, ""baseline_simulated_prize_share"": 0.021970997887567817, ""paired_difference_standard_error"": 0.000942949084156401}, {""assumed_opponents"": 1000, ""assumed_crowd_concentration"": 1.0, ""simulated_prize_share"": 0.006265280660126077, ""baseline_simulated_prize_share"": 0.0018155081299742533, ""paired_difference_standard_error"": 0.0003719607379621063}, {""assumed_opponents"": 10000, ""assumed_crowd_concentration"": 1.0, ""simulated_prize_share"": 0.0010245337434546258, ""baseline_simulated_prize_share"": 0.00014782928414554754, ""paired_difference_standard_error"": 0.0001332374215276479}, {""assumed_opponents"": 100, ""assumed_crowd_concentration"": 2.5, ""simulated_prize_share"": 0.04243844209677175, ""baseline_simulated_prize_share"": 0.009244490282258936, ""paired_difference_standard_error"": 0.0009888880015019009}, {""assumed_opponents"": 1000, ""assumed_crowd_concentration"": 2.5, ""simulated_prize_share"": 0.012427588196230677, ""baseline_simulated_prize_share"": 0.0004600232244145304, ""paired_difference_standard_error"": 0.0005064441083347719}, {""assumed_opponents"": 10000, ""assumed_crowd_concentration"": 2.5, ""simulated_prize_share"": 0.003385449085165851, ""baseline_simulated_prize_share"": 1.084282781792022e-05, ""paired_difference_standard_error"": 0.0002541009997699867}, {""assumed_opponents"": 100, ""assumed_crowd_concentration"": 5.0, ""simulated_prize_share"": 0.07362496163196874, ""baseline_simulated_prize_share"": 0.005210635259938932, ""paired_difference_standard_error"": 0.0012815883181220196}, {""assumed_opponents"": 1000, ""assumed_crowd_concentration"": 5.0, ""simulated_prize_share"": 0.031453142058754505, ""baseline_simulated_prize_share"": 0.00014864129418846336, ""paired_difference_standard_error"": 0.000836760912437915}, {""assumed_opponents"": 10000, ""assumed_crowd_concentration"": 5.0, ""simulated_prize_share"": 0.012738979576629316, ""baseline_simulated_prize_share"": 4.423491672590092e-07, ""paired_difference_standard_error"": 0.0005361434932495283}]","[{""match_id"": ""7176ff0bcfd18e192239"", ""tip_home"": 0, ""tip_away"": 2}, {""match_id"": ""067610da90f004b388d6"", ""tip_home"": 1, ""tip_away"": 1}, {""match_id"": ""4d651343b07b29acc04f"", ""tip_home"": 3, ""tip_away"": 1}, {""match_id"": ""63811d08ecc857aa14f4"", ""tip_home"": 1, ""tip_away"": 1}, {""match_id"": ""a58dd381501352bccaf6"", ""tip_home"": 0, ""tip_away"": 2}, {""match_id"": ""f016950ad52cbd735c23"", ""tip_home"": 1, ""tip_away"": 1}, {""match_id"": ""555617432307c77f6d31"", ""tip_home"": 1, ""tip_away"": 1}, {""match_id"": ""942188eea832682a3999"", ""tip_home"": 1, ""tip_away"": 1}, {""match_id"": ""f4ecd808de8b00147604"", ""tip_home"": 1, ""tip_away"": 1}]"
2021-03-30,19,9,7,-4.42879894488646,-6.640873446177214,"[{""assumed_opponents"": 100, ""assumed_crowd_concentration"": 1.0, ""simulated_prize_share"": 0.027866250334036165, ""baseline_simulated_prize_share"": 0.026980973732505048, ""paired_difference_standard_error"": 0.0009725399693813167}, {""assumed_opponents"": 1000, ""assumed_crowd_concentration"": 1.0, ""simulated_prize_share"": 0.0058170639422912805, ""baseline_simulated_prize_share"": 0.0030190885285968846, ""paired_difference_standard_error"": 0.00039478262754685627}, {""assumed_opponents"": 10000, ""assumed_crowd_concentration"": 1.0, ""simulated_prize_share"": 0.0010429879739867485, ""baseline_simulated_prize_share"": 0.00040761674400020695, ""paired_difference_standard_error"": 0.00015749522490642176}, {""assumed_opponents"": 100, ""assumed_crowd_concentration"": 2.5, ""simulated_prize_share"": 0.0402633816484189, ""baseline_simulated_prize_share"": 0.01423320357730386, ""paired_difference_standard_error"": 0.0010068842829561925}, {""assumed_opponents"": 1000, ""assumed_crowd_concentration"": 2.5, ""simulated_prize_share"": 0.011453031256447758, ""baseline_simulated_prize_share"": 0.0011155378435997547, ""paired_difference_standard_error"": 0.0004960796511553566}, {""assumed_opponents"": 10000, ""assumed_crowd_concentration"": 2.5, ""simulated_prize_share"": 0.0029810228294236216, ""baseline_simulated_prize_share"": 0.00011606633162340855, ""paired_difference_standard_error"": 0.00024360885842554902}, {""assumed_opponents"": 100, ""assumed_crowd_concentration"": 5.0, ""simulated_prize_share"": 0.06700308248026247, ""baseline_simulated_prize_share"": 0.0093681862735279, ""paired_difference_standard_error"": 0.0012552643403480142}, {""assumed_opponents"": 1000, ""assumed_crowd_concentration"": 5.0, ""simulated_prize_share"": 0.02806550149428006, ""baseline_simulated_prize_share"": 0.0004999487398502211, ""paired_difference_standard_error"": 0.0007941825587172215}, {""assumed_opponents"": 10000, ""assumed_crowd_concentration"": 5.0, ""simulated_prize_share"": 0.011190468079523527, ""baseline_simulated_prize_share"": 3.853790129676773e-05, ""paired_difference_standard_error"": 0.0005001345063024902}]","[{""match_id"": ""3dd3d328c8e525b4f5e0"", ""tip_home"": 0, ""tip_away"": 0}, {""match_id"": ""5eb80a511a4cfe6eb611"", ""tip_home"": 1, ""tip_away"": 1}, {""match_id"": ""60bb93acaf93974904b3"", ""tip_home"": 2, ""tip_away"": 0}, {""match_id"": ""6ce41cadac67bfe4e4e9"", ""tip_home"": 1, ""tip_away"": 1}, {""match_id"": ""a367825c135e08c327d8"", ""tip_home"": 1, ""tip_away"": 1}, {""match_id"": ""d33f26cebfc874994ab4"", ""tip_home"": 1, ""tip_away"": 1}, {""match_id"": ""e4e94d125473bc942726"", ""tip_home"": 1, ""tip_away"": 1}, {""match_id"": ""365c36cb63bdd07cd782"", ""tip_home"": 1, ""tip_away"": 1}, {""match_id"": ""403c7712b767eceba024"", ""tip_home"": 1, ""tip_away"": 1}]"
2021-04-06,11,14,9,-4.775258364593801,-6.909182507793211,"[{""assumed_opponents"": 100, ""assumed_crowd_concentration"": 1.0, ""simulated_prize_share"": 0.023839138733911858, ""baseline_simulated_prize_share"": 0.02155899664463908, ""paired_difference_standard_error"": 0.0008922242500837613}, {""assumed_opponents"": 1000, ""assumed_crowd_concentration"": 1.0, ""simulated_prize_share"": 0.0052925180680399656, ""baseline_simulated_prize_share"": 0.0025058539714745277, ""paired_difference_standard_error"": 0.00037012009727130634}, {""assumed_opponents"": 10000, ""assumed_crowd_concentration"": 1.0, ""simulated_prize_share"": 0.0010832845277996576, ""baseline_simulated_prize_share"": 0.00024965456036457763, ""paired_difference_standard_error"": 0.00016177724414052216}, {""assumed_opponents"": 100, ""assumed_crowd_concentration"": 2.5, ""simulated_prize_share"": 0.03058088870294829, ""baseline_simulated_prize_share"": 0.013300875102538127, ""paired_difference_standard_error"": 0.000901547352550363}, {""assumed_opponents"": 1000, ""assumed_crowd_concentration"": 2.5, ""simulated_prize_share"": 0.00856622829591184, ""baseline_simulated_prize_share"": 0.0011144365942646057, ""paired_difference_standard_error"": 0.00043559339336694846}, {""assumed_opponents"": 10000, ""assumed_crowd_concentration"": 2.5, ""simulated_prize_share"": 0.002263024181148541, ""baseline_simulated_prize_share"": 0.00010128520109943881, ""paired_difference_standard_error"": 0.00021508734174153346}, {""assumed_opponents"": 100, ""assumed_crowd_concentration"": 5.0, ""simulated_prize_share"": 0.03961357514388755, ""baseline_simulated_prize_share"": 0.007362173546520253, ""paired_difference_standard_error"": 0.0009645199613228189}, {""assumed_opponents"": 1000, ""assumed_crowd_concentration"": 5.0, ""simulated_prize_share"": 0.013687750240344111, ""baseline_simulated_prize_share"": 0.00039903407587937737, ""paired_difference_standard_error"": 0.0005526501561106745}, {""assumed_opponents"": 10000, ""assumed_crowd_concentration"": 5.0, ""simulated_prize_share"": 0.0049247510329216496, ""baseline_simulated_prize_share"": 1.659587078407542e-05, ""paired_difference_standard_error"": 0.00032438377603562674}]","[{""match_id"": ""0544d93d3b1258c980b4"", ""tip_home"": 1, ""tip_away"": 0}, {""match_id"": ""2bd16b8e6728a31451b4"", ""tip_home"": 1, ""tip_away"": 1}, {""match_id"": ""4a776adbcf1e41b1deaa"", ""tip_home"": 1, ""tip_away"": 1}, {""match_id"": ""52ec1ee77ab0fbbac3de"", ""tip_home"": 0, ""tip_away"": 1}, {""match_id"": ""76521e513988509ed31f"", ""tip_home"": 1, ""tip_away"": 1}, {""match_id"": ""eca2b2dea43ba3d4e91f"", ""tip_home"": 1, ""tip_away"": 1}, {""match_id"": ""987377f6f5ed98970266"", ""tip_home"": 1, ""tip_away"": 1}, {""match_id"": ""c530ba3a18f97da3d716"", ""tip_home"": 1, ""tip_away"": 1}, {""match_id"": ""4db3b8e625771801234d"", ""tip_home"": 1, ""tip_away"": 1}]"
2021-05-18,18,8,7,-4.701856939827757,-7.031704989191143,"[{""assumed_opponents"": 100, ""assumed_crowd_concentration"": 1.0, ""simulated_prize_share"": 0.01997965762418989, ""baseline_simulated_prize_share"": 0.02291285198106096, ""paired_difference_standard_error"": 0.0008554986530077079}, {""assumed_opponents"": 1000, ""assumed_crowd_concentration"": 1.0, ""simulated_prize_share"": 0.004502229835667184, ""baseline_simulated_prize_share"": 0.0024289074513289266, ""paired_difference_standard_error"": 0.00034845010777977587}, {""assumed_opponents"": 10000, ""assumed_crowd_concentration"": 1.0, ""simulated_prize_share"": 0.0008650299073147327, ""baseline_simulated_prize_share"": 0.00024699488688453093, ""paired_difference_standard_error"": 0.00013254916555614077}, {""assumed_opponents"": 100, ""assumed_crowd_concentration"": 2.5, ""simulated_prize_share"": 0.029856762289068736, ""baseline_simulated_prize_share"": 0.013017829666350395, ""paired_difference_standard_error"": 0.0008975532501219872}, {""assumed_opponents"": 1000, ""assumed_crowd_concentration"": 2.5, ""simulated_prize_share"": 0.00934032004782984, ""baseline_simulated_prize_share"": 0.0010195865652892165, ""paired_difference_standard_error"": 0.00045896302271073407}, {""assumed_opponents"": 10000, ""assumed_crowd_concentration"": 2.5, ""simulated_prize_share"": 0.0028333707002493056, ""baseline_simulated_prize_share"": 5.771825139885343e-05, ""paired_difference_standard_error"": 0.00024247529421656227}, {""assumed_opponents"": 100, ""assumed_crowd_concentration"": 5.0, ""simulated_prize_share"": 0.04528465486132366, ""baseline_simulated_prize_share"": 0.008228117939790027, ""paired_difference_standard_error"": 0.0010533448608743825}, {""assumed_opponents"": 1000, ""assumed_crowd_concentration"": 5.0, ""simulated_prize_share"": 0.018934026810917715, ""baseline_simulated_prize_share"": 0.0004511787293984565, ""paired_difference_standard_error"": 0.0006597112831618898}, {""assumed_opponents"": 10000, ""assumed_crowd_concentration"": 5.0, ""simulated_prize_share"": 0.007945780143805358, ""baseline_simulated_prize_share"": 8.383413050586136e-06, ""paired_difference_standard_error"": 0.000428793308994425}]","[{""match_id"": ""033706d9af14b6d3bfe0"", ""tip_home"": 1, ""tip_away"": 2}, {""match_id"": ""036fd9697e4c3875b818"", ""tip_home"": 1, ""tip_away"": 1}, {""match_id"": ""1064c09c6df2956ddd81"", ""tip_home"": 2, ""tip_away"": 0}, {""match_id"": ""61acce5095d1430d7c8d"", ""tip_home"": 1, ""tip_away"": 1}, {""match_id"": ""71d2ca190cc1b6b2069c"", ""tip_home"": 1, ""tip_away"": 1}, {""match_id"": ""8522a52ae5f5125e7138"", ""tip_home"": 1, ""tip_away"": 1}, {""match_id"": ""93cd85484dceeb5b420a"", ""tip_home"": 1, ""tip_away"": 1}, {""match_id"": ""a0942ecb36c208532a75"", ""tip_home"": 0, ""tip_away"": 0}, {""match_id"": ""ae78630306a5f312c535"", ""tip_home"": 2, ""tip_away"": 1}]"
2021-08-10,11,10,7,-4.659081063647682,-6.993884672972239,"[{""assumed_opponents"": 100, ""assumed_crowd_concentration"": 1.0, ""simulated_prize_share"": 0.028741033209376442, ""baseline_simulated_prize_share"": 0.021763724270654608, ""paired_difference_standard_error"": 0.0009316555806986033}, {""assumed_opponents"": 1000, ""assumed_crowd_concentration"": 1.0, ""simulated_prize_share"": 0.005590251550661687, ""baseline_simulated_prize_share"": 0.002125306743458121, ""paired_difference_standard_error"": 0.0003575260382250131}, {""assumed_opponents"": 10000, ""assumed_crowd_concentration"": 1.0, ""simulated_prize_share"": 0.0009324030785242302, ""baseline_simulated_prize_share"": 0.0001780267690725701, ""paired_difference_standard_error"": 0.00013698317956853382}, {""assumed_opponents"": 100, ""assumed_crowd_concentration"": 2.5, ""simulated_prize_share"": 0.03658901978095693, ""baseline_simulated_prize_share"": 0.013165194220680345, ""paired_difference_standard_error"": 0.0009539844508980313}, {""assumed_opponents"": 1000, ""assumed_crowd_concentration"": 2.5, ""simulated_prize_share"": 0.009321807255145769, ""baseline_simulated_prize_share"": 0.0009589371353345357, ""paired_difference_standard_error"": 0.00043889010625444317}, {""assumed_opponents"": 10000, ""assumed_crowd_concentration"": 2.5, ""simulated_prize_share"": 0.002109562839543445, ""baseline_simulated_prize_share"": 5.826636251892712e-05, ""paired_difference_standard_error"": 0.00019817334858958832}, {""assumed_opponents"": 100, ""assumed_crowd_concentration"": 5.0, ""simulated_prize_share"": 0.050448959720418435, ""baseline_simulated_prize_share"": 0.009132714113217266, ""paired_difference_standard_error"": 0.0010923352312665641}, {""assumed_opponents"": 1000, ""assumed_crowd_concentration"": 5.0, ""simulated_prize_share"": 0.018039748202967377, ""baseline_simulated_prize_share"": 0.0005143828663731745, ""paired_difference_standard_error"": 0.0006255291988213593}, {""assumed_opponents"": 10000, ""assumed_crowd_concentration"": 5.0, ""simulated_prize_share"": 0.006275058178390991, ""baseline_simulated_prize_share"": 1.618782491110054e-05, ""paired_difference_standard_error"": 0.00036730486900586227}]","[{""match_id"": ""1955114efd784a44f934"", ""tip_home"": 1, ""tip_away"": 1}, {""match_id"": ""671024c8fe45b8c9e960"", ""tip_home"": 1, ""tip_away"": 1}, {""match_id"": ""92dc0aac25b8595bea28"", ""tip_home"": 1, ""tip_away"": 1}, {""match_id"": ""97c8cf4f245cd24ddd87"", ""tip_home"": 1, ""tip_away"": 1}, {""match_id"": ""b3c591109134d351fabb"", ""tip_home"": 1, ""tip_away"": 0}, {""match_id"": ""e1dd7365fa05d025b066"", ""tip_home"": 2, ""tip_away"": 1}, {""match_id"": ""e8507008b589a2225808"", ""tip_home"": 1, ""tip_away"": 1}, {""match_id"": ""26007fc153fa2525c60d"", ""tip_home"": 1, ""tip_away"": 1}, {""match_id"": ""dbde590ed6e9f8f89441"", ""tip_home"": 0, ""tip_away"": 1}]"
2021-08-17,12,8,7,-4.801703352284429,-6.921205971231673,"[{""assumed_opponents"": 100, ""assumed_crowd_concentration"": 1.0, ""simulated_prize_share"": 0.0227577619566168, ""baseline_simulated_prize_share"": 0.024528271924523143, ""paired_difference_standard_error"": 0.0008991822335369327}, {""assumed_opponents"": 1000, ""assumed_crowd_concentration"": 1.0, ""simulated_prize_share"": 0.004755963749004506, ""baseline_simulated_prize_share"": 0.0026780509499531374, ""paired_difference_standard_error"": 0.00036501996263942614}, {""assumed_opponents"": 10000, ""assumed_crowd_concentration"": 1.0, ""simulated_prize_share"": 0.0010387912906464054, ""baseline_simulated_prize_share"": 0.0003542212456823892, ""paired_difference_standard_error"": 0.0001581530346895141}, {""assumed_opponents"": 100, ""assumed_crowd_concentration"": 2.5, ""simulated_prize_share"": 0.02971979935348748, ""baseline_simulated_prize_share"": 0.013274902822126015, ""paired_difference_standard_error"": 0.0008849983536750448}, {""assumed_opponents"": 1000, ""assumed_crowd_concentration"": 2.5, ""simulated_prize_share"": 0.007957922750394069, ""baseline_simulated_prize_share"": 0.0010676840495025132, ""paired_difference_standard_error"": 0.0004231926766001047}, {""assumed_opponents"": 10000, ""assumed_crowd_concentration"": 2.5, ""simulated_prize_share"": 0.002407905259659761, ""baseline_simulated_prize_share"": 0.0001049737554361892, ""paired_difference_standard_error"": 0.00022768652708793352}, {""assumed_opponents"": 100, ""assumed_crowd_concentration"": 5.0, ""simulated_prize_share"": 0.03914132477400745, ""baseline_simulated_prize_share"": 0.005925378002655394, ""paired_difference_standard_error"": 0.0009500576365765399}, {""assumed_opponents"": 1000, ""assumed_crowd_concentration"": 5.0, ""simulated_prize_share"": 0.01343956677136293, ""baseline_simulated_prize_share"": 0.0003275863736361266, ""paired_difference_standard_error"": 0.0005435149202172027}, {""assumed_opponents"": 10000, ""assumed_crowd_concentration"": 5.0, ""simulated_prize_share"": 0.005063122207064806, ""baseline_simulated_prize_share"": 1.318465665981934e-05, ""paired_difference_standard_error"": 0.0003417935982604838}]","[{""match_id"": ""8a4138ce928b9fa9dd22"", ""tip_home"": 1, ""tip_away"": 1}, {""match_id"": ""0e316854d8750ad5d693"", ""tip_home"": 1, ""tip_away"": 1}, {""match_id"": ""13f1ad95a3a5a4e3cb68"", ""tip_home"": 1, ""tip_away"": 1}, {""match_id"": ""1c39a16ce63f90ea8dfd"", ""tip_home"": 1, ""tip_away"": 1}, {""match_id"": ""2c721f04f4063eb693f2"", ""tip_home"": 1, ""tip_away"": 1}, {""match_id"": ""69a6302f2ec9c7dd8fda"", ""tip_home"": 0, ""tip_away"": 0}, {""match_id"": ""9b42bfbe70ce62296c03"", ""tip_home"": 0, ""tip_away"": 0}, {""match_id"": ""04e03dfb780c2e6281fe"", ""tip_home"": 2, ""tip_away"": 1}, {""match_id"": ""9b19157b8f158e542a1c"", ""tip_home"": 5, ""tip_away"": 0}]"
2021-08-24,17,12,6,-4.503479144351121,-7.219708487157299,"[{""assumed_opponents"": 100, ""assumed_crowd_concentration"": 1.0, ""simulated_prize_share"": 0.028812936102556627, ""baseline_simulated_prize_share"": 0.023153102842539807, ""paired_difference_standard_error"": 0.000943434010242866}, {""assumed_opponents"": 1000, ""assumed_crowd_concentration"": 1.0, ""simulated_prize_share"": 0.0059095915994094896, ""baseline_simulated_prize_share"": 0.0023665563317994197, ""paired_difference_standard_error"": 0.00037511193217899444}, {""assumed_opponents"": 10000, ""assumed_crowd_concentration"": 1.0, ""simulated_prize_share"": 0.0010669576344443151, ""baseline_simulated_prize_share"": 0.00020258092723313107, ""paired_difference_standard_error"": 0.00015006745218363592}, {""assumed_opponents"": 100, ""assumed_crowd_concentration"": 2.5, ""simulated_prize_share"": 0.03845197040253159, ""baseline_simulated_prize_share"": 0.010916848825169318, ""paired_difference_standard_error"": 0.0009518785641723069}, {""assumed_opponents"": 1000, ""assumed_crowd_concentration"": 2.5, ""simulated_prize_share"": 0.01025159371394921, ""baseline_simulated_prize_share"": 0.0007225133552122846, ""paired_difference_standard_error"": 0.0004593879683124638}, {""assumed_opponents"": 10000, ""assumed_crowd_concentration"": 2.5, ""simulated_prize_share"": 0.0024602692660287617, ""baseline_simulated_prize_share"": 5.547331062470056e-05, ""paired_difference_standard_error"": 0.00021807106825367752}, {""assumed_opponents"": 100, ""assumed_crowd_concentration"": 5.0, ""simulated_prize_share"": 0.06364779914028051, ""baseline_simulated_prize_share"": 0.005828481378111514, ""paired_difference_standard_error"": 0.0011879489563330799}, {""assumed_opponents"": 1000, ""assumed_crowd_concentration"": 5.0, ""simulated_prize_share"": 0.0244206775926857, ""baseline_simulated_prize_share"": 0.00023685503157516488, ""paired_difference_standard_error"": 0.0007315474250919296}, {""assumed_opponents"": 10000, ""assumed_crowd_concentration"": 5.0, ""simulated_prize_share"": 0.009119034029278444, ""baseline_simulated_prize_share"": 9.001069122021894e-06, ""paired_difference_standard_error"": 0.0004464420956775917}]","[{""match_id"": ""bf6f02f291bca24d2c05"", ""tip_home"": 2, ""tip_away"": 1}, {""match_id"": ""01be898af77e270647e4"", ""tip_home"": 0, ""tip_away"": 0}, {""match_id"": ""1c0485bed39ec9c507f8"", ""tip_home"": 2, ""tip_away"": 0}, {""match_id"": ""69f946f039d26c380fc7"", ""tip_home"": 1, ""tip_away"": 1}, {""match_id"": ""8d65acf34d6c823aed87"", ""tip_home"": 1, ""tip_away"": 1}, {""match_id"": ""ca0ecb3b695fad83c7c5"", ""tip_home"": 1, ""tip_away"": 1}, {""match_id"": ""df58ba301eeb4666463c"", ""tip_home"": 1, ""tip_away"": 1}, {""match_id"": ""17621bb9911130295ae3"", ""tip_home"": 2, ""tip_away"": 1}, {""match_id"": ""63032ce8662db86e7d90"", ""tip_home"": 1, ""tip_away"": 1}]"
2021-09-07,13,7,9,-4.6226313282016305,-7.165391395248831,"[{""assumed_opponents"": 100, ""assumed_crowd_concentration"": 1.0, ""simulated_prize_share"": 0.021292839324880408, ""baseline_simulated_prize_share"": 0.02120936742291933, ""paired_difference_standard_error"": 0.0008533094574051803}, {""assumed_opponents"": 1000, ""assumed_crowd_concentration"": 1.0, ""simulated_prize_share"": 0.004531592919041085, ""baseline_simulated_prize_share"": 0.0021522137161815473, ""paired_difference_standard_error"": 0.00034328675999196914}, {""assumed_opponents"": 10000, ""assumed_crowd_concentration"": 1.0, ""simulated_prize_share"": 0.0011008871023565061, ""baseline_simulated_prize_share"": 0.00021251121060795656, ""paired_difference_standard_error"": 0.0001600401439985216}, {""assumed_opponents"": 100, ""assumed_crowd_concentration"": 2.5, ""simulated_prize_share"": 0.03193338210344508, ""baseline_simulated_prize_share"": 0.010702763929656248, ""paired_difference_standard_error"": 0.0008950211087949226}, {""assumed_opponents"": 1000, ""assumed_crowd_concentration"": 2.5, ""simulated_prize_share"": 0.009436656176835263, ""baseline_simulated_prize_share"": 0.0006500988177701124, ""paired_difference_standard_error"": 0.00044880149803710903}, {""assumed_opponents"": 10000, ""assumed_crowd_concentration"": 2.5, ""simulated_prize_share"": 0.0028608355669530747, ""baseline_simulated_prize_share"": 7.449782855725283e-05, ""paired_difference_standard_error"": 0.00024934811496454015}, {""assumed_opponents"": 100, ""assumed_crowd_concentration"": 5.0, ""simulated_prize_share"": 0.05166962616377624, ""baseline_simulated_prize_share"": 0.005150640888476879, ""paired_difference_standard_error"": 0.0010862157645235944}, {""assumed_opponents"": 1000, ""assumed_crowd_concentration"": 5.0, ""simulated_prize_share"": 0.0211574289872239, ""baseline_simulated_prize_share"": 0.00018484269913484477, ""paired_difference_standard_error"": 0.0006926563989618565}, {""assumed_opponents"": 10000, ""assumed_crowd_concentration"": 5.0, ""simulated_prize_share"": 0.008536288672119707, ""baseline_simulated_prize_share"": 2.055478988949388e-05, ""paired_difference_standard_error"": 0.0004406797661781027}]","[{""match_id"": ""12fdfd52b2598981d55f"", ""tip_home"": 1, ""tip_away"": 2}, {""match_id"": ""1d4933d9da5c74153b2b"", ""tip_home"": 2, ""tip_away"": 1}, {""match_id"": ""23392073b58da040de69"", ""tip_home"": 1, ""tip_away"": 1}, {""match_id"": ""77a706487b5cd9dd5f17"", ""tip_home"": 1, ""tip_away"": 1}, {""match_id"": ""782d1104b62517aae6ca"", ""tip_home"": 1, ""tip_away"": 1}, {""match_id"": ""9825a2d08430bb99cffc"", ""tip_home"": 2, ""tip_away"": 1}, {""match_id"": ""920771d15e27be036419"", ""tip_home"": 1, ""tip_away"": 1}, {""match_id"": ""c8ec427f8469319b6432"", ""tip_home"": 1, ""tip_away"": 1}, {""match_id"": ""e01903179baa7050b8ba"", ""tip_home"": 1, ""tip_away"": 1}]"
2021-09-14,8,18,7,-4.39424292637161,-7.410110834520278,"[{""assumed_opponents"": 100, ""assumed_crowd_concentration"": 1.0, ""simulated_prize_share"": 0.029909581623848373, ""baseline_simulated_prize_share"": 0.02230357911413565, ""paired_difference_standard_error"": 0.0009543758764833767}, {""assumed_opponents"": 1000, ""assumed_crowd_concentration"": 1.0, ""simulated_prize_share"": 0.006087302535505807, ""baseline_simulated_prize_share"": 0.002411676321501773, ""paired_difference_standard_error"": 0.0003771909817790356}, {""assumed_opponents"": 10000, ""assumed_crowd_concentration"": 1.0, ""simulated_prize_share"": 0.0009880254170429644, ""baseline_simulated_prize_share"": 0.00027277313182778656, ""paired_difference_standard_error"": 0.00014319737503453196}, {""assumed_opponents"": 100, ""assumed_crowd_concentration"": 2.5, ""simulated_prize_share"": 0.0418852542519228, ""baseline_simulated_prize_share"": 0.009423517706652404, ""paired_difference_standard_error"": 0.0009806631074504699}, {""assumed_opponents"": 1000, ""assumed_crowd_concentration"": 2.5, ""simulated_prize_share"": 0.011737663441789658, ""baseline_simulated_prize_share"": 0.0006234276126920057, ""paired_difference_standard_error"": 0.0004887539985524451}, {""assumed_opponents"": 10000, ""assumed_crowd_concentration"": 2.5, ""simulated_prize_share"": 0.0026081929596451256, ""baseline_simulated_prize_share"": 4.413329065937567e-05, ""paired_difference_standard_error"": 0.00022006338734596511}, {""assumed_opponents"": 100, ""assumed_crowd_concentration"": 5.0, ""simulated_prize_share"": 0.07542505728043503, ""baseline_simulated_prize_share"": 0.004707128677967714, ""paired_difference_standard_error"": 0.0012875233005804482}, {""assumed_opponents"": 1000, ""assumed_crowd_concentration"": 5.0, ""simulated_prize_share"": 0.031180351009545734, ""baseline_simulated_prize_share"": 0.00021263418717972374, ""paired_difference_standard_error"": 0.0008307905864275362}, {""assumed_opponents"": 10000, ""assumed_crowd_concentration"": 5.0, ""simulated_prize_share"": 0.012304341811663917, ""baseline_simulated_prize_share"": 2.8563936606870985e-06, ""paired_difference_standard_error"": 0.0005179083525797868}]","[{""match_id"": ""c4e46b5eebbde7b870d5"", ""tip_home"": 1, ""tip_away"": 1}, {""match_id"": ""128877fcbebd5cc87462"", ""tip_home"": 1, ""tip_away"": 1}, {""match_id"": ""32cdf37d14a6ce3aad59"", ""tip_home"": 1, ""tip_away"": 1}, {""match_id"": ""34dc08842d66d86a67a6"", ""tip_home"": 1, ""tip_away"": 1}, {""match_id"": ""8c706c32c8c3ffef52ec"", ""tip_home"": 4, ""tip_away"": 0}, {""match_id"": ""bf368d5936be7e347077"", ""tip_home"": 1, ""tip_away"": 1}, {""match_id"": ""327b9fee3dc3b6a9d697"", ""tip_home"": 1, ""tip_away"": 1}, {""match_id"": ""36070639b3cfb5b86094"", ""tip_home"": 1, ""tip_away"": 1}, {""match_id"": ""4c6c9234054b16284fbb"", ""tip_home"": 2, ""tip_away"": 1}]"
2021-09-21,13,8,8,-4.548500980480599,-7.160626060934508,"[{""assumed_opponents"": 100, ""assumed_crowd_concentration"": 1.0, ""simulated_prize_share"": 0.022867892653311538, ""baseline_simulated_prize_share"": 0.02120264764531174, ""paired_difference_standard_error"": 0.0008672960220681032}, {""assumed_opponents"": 1000, ""assumed_crowd_concentration"": 1.0, ""simulated_prize_share"": 0.004705282527051108, ""baseline_simulated_prize_share"": 0.0022169878327349575, ""paired_difference_standard_error"": 0.00034779112970442447}, {""assumed_opponents"": 10000, ""assumed_crowd_concentration"": 1.0, ""simulated_prize_share"": 0.0009036217351626114, ""baseline_simulated_prize_share"": 0.0002463316942040995, ""paired_difference_standard_error"": 0.00013806617834783984}, {""assumed_opponents"": 100, ""assumed_crowd_concentration"": 2.5, ""simulated_prize_share"": 0.03537745189364523, ""baseline_simulated_prize_share"": 0.010828923254251896, ""paired_difference_standard_error"": 0.0009392031610750012}, {""assumed_opponents"": 1000, ""assumed_crowd_concentration"": 2.5, ""simulated_prize_share"": 0.010580476525190135, ""baseline_simulated_prize_share"": 0.0008415340414270689, ""paired_difference_standard_error"": 0.00047482568125294886}, {""assumed_opponents"": 10000, ""assumed_crowd_concentration"": 2.5, ""simulated_prize_share"": 0.002914751624699388, ""baseline_simulated_prize_share"": 3.614385295625681e-05, ""paired_difference_standard_error"": 0.00024253529338425663}, {""assumed_opponents"": 100, ""assumed_crowd_concentration"": 5.0, ""simulated_prize_share"": 0.0584243010188846, ""baseline_simulated_prize_share"": 0.00694943077043406, ""paired_difference_standard_error"": 0.0011774815452283774}, {""assumed_opponents"": 1000, ""assumed_crowd_concentration"": 5.0, ""simulated_prize_share"": 0.025472741288006195, ""baseline_simulated_prize_share"": 0.00036143016789540953, ""paired_difference_standard_error"": 0.0007625568758805535}, {""assumed_opponents"": 10000, ""assumed_crowd_concentration"": 5.0, ""simulated_prize_share"": 0.010548702638606255, ""baseline_simulated_prize_share"": 1.0722049053149663e-05, ""paired_difference_standard_error"": 0.0004868202878827935}]","[{""match_id"": ""d683248b96997053f24c"", ""tip_home"": 0, ""tip_away"": 5}, {""match_id"": ""1f605893861e353e2eaf"", ""tip_home"": 1, ""tip_away"": 1}, {""match_id"": ""501f94ec40dcf36b2454"", ""tip_home"": 2, ""tip_away"": 1}, {""match_id"": ""751b6d1a344193128156"", ""tip_home"": 1, ""tip_away"": 1}, {""match_id"": ""d1ecf6623ad23f0e8fea"", ""tip_home"": 1, ""tip_away"": 1}, {""match_id"": ""e4737baa8de61d344d1b"", ""tip_home"": 1, ""tip_away"": 1}, {""match_id"": ""e54e6f262b44706ddabb"", ""tip_home"": 0, ""tip_away"": 0}, {""match_id"": ""0c2399c60b43b9305750"", ""tip_home"": 2, ""tip_away"": 1}, {""match_id"": ""d19c9523c9074c53925a"", ""tip_home"": 1, ""tip_away"": 1}]"
2021-09-28,13,11,4,-4.952940294009593,-7.104798964892248,"[{""assumed_opponents"": 100, ""assumed_crowd_concentration"": 1.0, ""simulated_prize_share"": 0.020488205169046647, ""baseline_simulated_prize_share"": 0.022629908005707206, ""paired_difference_standard_error"": 0.0008408632472322302}, {""assumed_opponents"": 1000, ""assumed_crowd_concentration"": 1.0, ""simulated_prize_share"": 0.003578126822973247, ""baseline_simulated_prize_share"": 0.0024336333363488604, ""paired_difference_standard_error"": 0.0003160727410269946}, {""assumed_opponents"": 10000, ""assumed_crowd_concentration"": 1.0, ""simulated_prize_share"": 0.0006061341738571969, ""baseline_simulated_prize_share"": 0.00023731367355207946, ""paired_difference_standard_error"": 0.00011759655985555206}, {""assumed_opponents"": 100, ""assumed_crowd_concentration"": 2.5, ""simulated_prize_share"": 0.02803420475283103, ""baseline_simulated_prize_share"": 0.013189244187266358, ""paired_difference_standard_error"": 0.0008545637397894703}, {""assumed_opponents"": 1000, ""assumed_crowd_concentration"": 2.5, ""simulated_prize_share"": 0.007093767600992859, ""baseline_simulated_prize_share"": 0.0010837087003692809, ""paired_difference_standard_error"": 0.00039150204722768753}, {""assumed_opponents"": 10000, ""assumed_crowd_concentration"": 2.5, ""simulated_prize_share"": 0.0016286241670976408, ""baseline_simulated_prize_share"": 5.51378187709178e-05, ""paired_difference_standard_error"": 0.00017382851941686735}, {""assumed_opponents"": 100, ""assumed_crowd_concentration"": 5.0, ""simulated_prize_share"": 0.04065610208615114, ""baseline_simulated_prize_share"": 0.008086798325787268, ""paired_difference_standard_error"": 0.0009747537547999234}, {""assumed_opponents"": 1000, ""assumed_crowd_concentration"": 5.0, ""simulated_prize_share"": 0.014402906200404747, ""baseline_simulated_prize_share"": 0.0004758782594265203, ""paired_difference_standard_error"": 0.0005644763876586376}, {""assumed_opponents"": 10000, ""assumed_crowd_concentration"": 5.0, ""simulated_prize_share"": 0.005187975216453641, ""baseline_simulated_prize_share"": 4.2826236080056315e-06, ""paired_difference_standard_error"": 0.00033346202964070615}]","[{""match_id"": ""83d8e17490fdd1752aea"", ""tip_home"": 1, ""tip_away"": 1}, {""match_id"": ""082dcab5379254c60b17"", ""tip_home"": 1, ""tip_away"": 1}, {""match_id"": ""1cc56dcf0c9337e557f6"", ""tip_home"": 1, ""tip_away"": 0}, {""match_id"": ""4f0db732d70133ffef62"", ""tip_home"": 3, ""tip_away"": 0}, {""match_id"": ""b7cf6a0641a70eac6f07"", ""tip_home"": 2, ""tip_away"": 1}, {""match_id"": ""f97b4b2b675d379badb1"", ""tip_home"": 1, ""tip_away"": 2}, {""match_id"": ""3097db0e414e9794bc93"", ""tip_home"": 0, ""tip_away"": 1}, {""match_id"": ""7843024213bacd89a78e"", ""tip_home"": 3, ""tip_away"": 0}, {""match_id"": ""7d8abc388ed9993813f5"", ""tip_home"": 1, ""tip_away"": 1}]"
2021-10-12,7,11,7,-4.652884703325615,-7.2323198078505975,"[{""assumed_opponents"": 100, ""assumed_crowd_concentration"": 1.0, ""simulated_prize_share"": 0.023900425527015125, ""baseline_simulated_prize_share"": 0.02525564458590707, ""paired_difference_standard_error"": 0.0009099390901291254}, {""assumed_opponents"": 1000, ""assumed_crowd_concentration"": 1.0, ""simulated_prize_share"": 0.0047005855664197654, ""baseline_simulated_prize_share"": 0.0025441344864612354, ""paired_difference_standard_error"": 0.00034767059101715}, {""assumed_opponents"": 10000, ""assumed_crowd_concentration"": 1.0, ""simulated_prize_share"": 0.0008008820203623919, ""baseline_simulated_prize_share"": 0.0002031021039870736, ""paired_difference_standard_error"": 0.00012645918723964582}, {""assumed_opponents"": 100, ""assumed_crowd_concentration"": 2.5, ""simulated_prize_share"": 0.03443814018547465, ""baseline_simulated_prize_share"": 0.013543839352129754, ""paired_difference_standard_error"": 0.0009355155753105816}, {""assumed_opponents"": 1000, ""assumed_crowd_concentration"": 2.5, ""simulated_prize_share"": 0.009529562525255926, ""baseline_simulated_prize_share"": 0.0008476557226312046, ""paired_difference_standard_error"": 0.00044776603128852385}, {""assumed_opponents"": 10000, ""assumed_crowd_concentration"": 2.5, ""simulated_prize_share"": 0.0024735461230212513, ""baseline_simulated_prize_share"": 3.257497283411675e-05, ""paired_difference_standard_error"": 0.00022082542637384876}, {""assumed_opponents"": 100, ""assumed_crowd_concentration"": 5.0, ""simulated_prize_share"": 0.052475841190522295, ""baseline_simulated_prize_share"": 0.007439957902693468, ""paired_difference_standard_error"": 0.0011080031396547257}, {""assumed_opponents"": 1000, ""assumed_crowd_concentration"": 5.0, ""simulated_prize_share"": 0.020930384661223683, ""baseline_simulated_prize_share"": 0.00025647225110607375, ""paired_difference_standard_error"": 0.0006828852917445411}, {""assumed_opponents"": 10000, ""assumed_crowd_concentration"": 5.0, ""simulated_prize_share"": 0.008113443393585613, ""baseline_simulated_prize_share"": 5.785242712123468e-06, ""paired_difference_standard_error"": 0.00042642789644352694}]","[{""match_id"": ""7d031e5740494c7a331f"", ""tip_home"": 1, ""tip_away"": 2}, {""match_id"": ""095761088b269c97ea30"", ""tip_home"": 1, ""tip_away"": 1}, {""match_id"": ""4d5c773decb4af16a0f5"", ""tip_home"": 1, ""tip_away"": 1}, {""match_id"": ""80d01b6fff6780d05ba9"", ""tip_home"": 1, ""tip_away"": 1}, {""match_id"": ""b77be1c11eec5b41671f"", ""tip_home"": 1, ""tip_away"": 1}, {""match_id"": ""d6f484c704e5aae58d63"", ""tip_home"": 2, ""tip_away"": 0}, {""match_id"": ""d8bc55739694b9205cfa"", ""tip_home"": 0, ""tip_away"": 0}, {""match_id"": ""33499e6abb3b59940419"", ""tip_home"": 0, ""tip_away"": 1}, {""match_id"": ""c3a8d456d3fc1a953633"", ""tip_home"": 1, ""tip_away"": 1}]"
2021-10-19,10,8,7,-4.570571889588168,-7.0358153875992535,"[{""assumed_opponents"": 100, ""assumed_crowd_concentration"": 1.0, ""simulated_prize_share"": 0.028227409102713943, ""baseline_simulated_prize_share"": 0.02175273407239626, ""paired_difference_standard_error"": 0.0009282694974490567}, {""assumed_opponents"": 1000, ""assumed_crowd_concentration"": 1.0, ""simulated_prize_share"": 0.0057303626350940565, ""baseline_simulated_prize_share"": 0.002367395086793689, ""paired_difference_standard_error"": 0.0003729979710817961}, {""assumed_opponents"": 10000, ""assumed_crowd_concentration"": 1.0, ""simulated_prize_share"": 0.0010132521989991432, ""baseline_simulated_prize_share"": 0.0002414158738625738, ""paired_difference_standard_error"": 0.00014884579956740771}, {""assumed_opponents"": 100, ""assumed_crowd_concentration"": 2.5, ""simulated_prize_share"": 0.037905959141165915, ""baseline_simulated_prize_share"": 0.011219030976966585, ""paired_difference_standard_error"": 0.0009554372331823722}, {""assumed_opponents"": 1000, ""assumed_crowd_concentration"": 2.5, ""simulated_prize_share"": 0.010202779730525663, ""baseline_simulated_prize_share"": 0.0009049958269417829, ""paired_difference_standard_error"": 0.0004591709381890702}, {""assumed_opponents"": 10000, ""assumed_crowd_concentration"": 2.5, ""simulated_prize_share"": 0.002420863385069712, ""baseline_simulated_prize_share"": 7.58149574206277e-05, ""paired_difference_standard_error"": 0.0002196148280475908}, {""assumed_opponents"": 100, ""assumed_crowd_concentration"": 5.0, ""simulated_prize_share"": 0.05681748366562339, ""baseline_simulated_prize_share"": 0.005958339164712927, ""paired_difference_standard_error"": 0.0011300803835094233}, {""assumed_opponents"": 1000, ""assumed_crowd_concentration"": 5.0, ""simulated_prize_share"": 0.02122782135455892, ""baseline_simulated_prize_share"": 0.00031419252555801706, ""paired_difference_standard_error"": 0.0006792841347519086}, {""assumed_opponents"": 10000, ""assumed_crowd_concentration"": 5.0, ""simulated_prize_share"": 0.007376974146616932, ""baseline_simulated_prize_share"": 1.7629074315789874e-05, ""paired_difference_standard_error"": 0.000395149704790402}]","[{""match_id"": ""24ef9b00e25abd89914a"", ""tip_home"": 1, ""tip_away"": 1}, {""match_id"": ""2e6c7c796a1c7289c632"", ""tip_home"": 1, ""tip_away"": 1}, {""match_id"": ""52e9da7fff2a607511e8"", ""tip_home"": 3, ""tip_away"": 1}, {""match_id"": ""9599c58fa64d967231e2"", ""tip_home"": 1, ""tip_away"": 1}, {""match_id"": ""b46eb7fe198a7c4006e4"", ""tip_home"": 3, ""tip_away"": 0}, {""match_id"": ""cbd561f014f3c45da2eb"", ""tip_home"": 1, ""tip_away"": 1}, {""match_id"": ""12ff3f16c923152dccc0"", ""tip_home"": 1, ""tip_away"": 1}, {""match_id"": ""3721e331f2b557673891"", ""tip_home"": 1, ""tip_away"": 1}, {""match_id"": ""c8fa0cbfbfee8d39b33b"", ""tip_home"": 1, ""tip_away"": 2}]"
2021-10-26,15,10,7,-4.4769165499606265,-7.0687622224803475,"[{""assumed_opponents"": 100, ""assumed_crowd_concentration"": 1.0, ""simulated_prize_share"": 0.023463843103392588, ""baseline_simulated_prize_share"": 0.02319468944546711, ""paired_difference_standard_error"": 0.000890634757955862}, {""assumed_opponents"": 1000, ""assumed_crowd_concentration"": 1.0, ""simulated_prize_share"": 0.00508595871264042, ""baseline_simulated_prize_share"": 0.0021194201606027007, ""paired_difference_standard_error"": 0.0003530446893021999}, {""assumed_opponents"": 10000, ""assumed_crowd_concentration"": 1.0, ""simulated_prize_share"": 0.0009412920825401272, ""baseline_simulated_prize_share"": 0.0002724185641438071, ""paired_difference_standard_error"": 0.00014431459781778024}, {""assumed_opponents"": 100, ""assumed_crowd_concentration"": 2.5, ""simulated_prize_share"": 0.03581193548159968, ""baseline_simulated_prize_share"": 0.011185211863007862, ""paired_difference_standard_error"": 0.0009488333945332911}, {""assumed_opponents"": 1000, ""assumed_crowd_concentration"": 2.5, ""simulated_prize_share"": 0.011779687576987857, ""baseline_simulated_prize_share"": 0.000764599347999091, ""paired_difference_standard_error"": 0.0005068091651614698}, {""assumed_opponents"": 10000, ""assumed_crowd_concentration"": 2.5, ""simulated_prize_share"": 0.0033802810295578776, ""baseline_simulated_prize_share"": 5.6181138189286324e-05, ""paired_difference_standard_error"": 0.00026125795526234767}, {""assumed_opponents"": 100, ""assumed_crowd_concentration"": 5.0, ""simulated_prize_share"": 0.058387725379583116, ""baseline_simulated_prize_share"": 0.007589732530004584, ""paired_difference_standard_error"": 0.001184210962036685}, {""assumed_opponents"": 1000, ""assumed_crowd_concentration"": 5.0, ""simulated_prize_share"": 0.02694407425783736, ""baseline_simulated_prize_share"": 0.0003747266694735885, ""paired_difference_standard_error"": 0.0007948828210937311}, {""assumed_opponents"": 10000, ""assumed_crowd_concentration"": 5.0, ""simulated_prize_share"": 0.012586443730591736, ""baseline_simulated_prize_share"": 1.283004227746455e-05, ""paired_difference_standard_error"": 0.0005416194689968045}]","[{""match_id"": ""3c9a2b2c9aa6857dbfd8"", ""tip_home"": 1, ""tip_away"": 1}, {""match_id"": ""186b1d1e3a043925f1fa"", ""tip_home"": 1, ""tip_away"": 1}, {""match_id"": ""45c2c047e398df4458bb"", ""tip_home"": 1, ""tip_away"": 1}, {""match_id"": ""922fc2f36b32dddee07f"", ""tip_home"": 1, ""tip_away"": 1}, {""match_id"": ""929c6c8fc797d1a48294"", ""tip_home"": 1, ""tip_away"": 3}, {""match_id"": ""9fc9ed37d9209e3979d6"", ""tip_home"": 1, ""tip_away"": 0}, {""match_id"": ""d8e69d8b6173ed2864cd"", ""tip_home"": 1, ""tip_away"": 1}, {""match_id"": ""249ed2bc9287731ed7be"", ""tip_home"": 2, ""tip_away"": 1}, {""match_id"": ""45f758d8c13f9b04b07f"", ""tip_home"": 1, ""tip_away"": 1}]"
2021-11-02,12,17,8,-4.654289126404096,-7.490636269338109,"[{""assumed_opponents"": 100, ""assumed_crowd_concentration"": 1.0, ""simulated_prize_share"": 0.02182088610866679, ""baseline_simulated_prize_share"": 0.022202737854396887, ""paired_difference_standard_error"": 0.0008680483872662326}, {""assumed_opponents"": 1000, ""assumed_crowd_concentration"": 1.0, ""simulated_prize_share"": 0.0045726425077876574, ""baseline_simulated_prize_share"": 0.002305868542203108, ""paired_difference_standard_error"": 0.00033938934603333165}, {""assumed_opponents"": 10000, ""assumed_crowd_concentration"": 1.0, ""simulated_prize_share"": 0.0007598373595713575, ""baseline_simulated_prize_share"": 0.00016720537941615845, ""paired_difference_standard_error"": 0.0001195766409558855}, {""assumed_opponents"": 100, ""assumed_crowd_concentration"": 2.5, ""simulated_prize_share"": 0.0325733820994392, ""baseline_simulated_prize_share"": 0.010735405713463271, ""paired_difference_standard_error"": 0.0008944809538113079}, {""assumed_opponents"": 1000, ""assumed_crowd_concentration"": 2.5, ""simulated_prize_share"": 0.009355302213757416, ""baseline_simulated_prize_share"": 0.0006678366138147243, ""paired_difference_standard_error"": 0.0004427453896541577}, {""assumed_opponents"": 10000, ""assumed_crowd_concentration"": 2.5, ""simulated_prize_share"": 0.002356074134183719, ""baseline_simulated_prize_share"": 2.0792624825061506e-05, ""paired_difference_standard_error"": 0.00021192200244359916}, {""assumed_opponents"": 100, ""assumed_crowd_concentration"": 5.0, ""simulated_prize_share"": 0.057030663365937956, ""baseline_simulated_prize_share"": 0.005970045186025889, ""paired_difference_standard_error"": 0.0011384555648522884}, {""assumed_opponents"": 1000, ""assumed_crowd_concentration"": 5.0, ""simulated_prize_share"": 0.022683653297834755, ""baseline_simulated_prize_share"": 0.00020815586881884859, ""paired_difference_standard_error"": 0.0007143730380175534}, {""assumed_opponents"": 10000, ""assumed_crowd_concentration"": 5.0, ""simulated_prize_share"": 0.009126828950002991, ""baseline_simulated_prize_share"": 3.32251091317925e-06, ""paired_difference_standard_error"": 0.0004507536939682946}]","[{""match_id"": ""577835e2480f56659051"", ""tip_home"": 1, ""tip_away"": 1}, {""match_id"": ""04a30922afb0b684f7a4"", ""tip_home"": 1, ""tip_away"": 2}, {""match_id"": ""662f7ed4b4ce9f5f1f7f"", ""tip_home"": 0, ""tip_away"": 1}, {""match_id"": ""6adfa06e06d507c7dbda"", ""tip_home"": 1, ""tip_away"": 1}, {""match_id"": ""77e1e94a951ea1424a40"", ""tip_home"": 1, ""tip_away"": 1}, {""match_id"": ""c693a99a886f097792ad"", ""tip_home"": 3, ""tip_away"": 0}, {""match_id"": ""3afda41d5f05bb2d4a4b"", ""tip_home"": 1, ""tip_away"": 1}, {""match_id"": ""e20e4c12a438af0be2d8"", ""tip_home"": 1, ""tip_away"": 1}, {""match_id"": ""f2e98c7103d78729203b"", ""tip_home"": 2, ""tip_away"": 1}]"
2021-11-16,10,11,6,-4.448801484364412,-7.097192625062821,"[{""assumed_opponents"": 100, ""assumed_crowd_concentration"": 1.0, ""simulated_prize_share"": 0.02779880260739208, ""baseline_simulated_prize_share"": 0.02232017157985719, ""paired_difference_standard_error"": 0.0009265100998829918}, {""assumed_opponents"": 1000, ""assumed_crowd_concentration"": 1.0, ""simulated_prize_share"": 0.005844229140750101, ""baseline_simulated_prize_share"": 0.002047459036776471, ""paired_difference_standard_error"": 0.0003704427707421052}, {""assumed_opponents"": 10000, ""assumed_crowd_concentration"": 1.0, ""simulated_prize_share"": 0.0010371883220717962, ""baseline_simulated_prize_share"": 0.00026394803548604267, ""paired_difference_standard_error"": 0.00014932059405607382}, {""assumed_opponents"": 100, ""assumed_crowd_concentration"": 2.5, ""simulated_prize_share"": 0.03861269654799179, ""baseline_simulated_prize_share"": 0.009583630816773365, ""paired_difference_standard_error"": 0.0009553539159415797}, {""assumed_opponents"": 1000, ""assumed_crowd_concentration"": 2.5, ""simulated_prize_share"": 0.01144757564285859, ""baseline_simulated_prize_share"": 0.0007111573243284953, ""paired_difference_standard_error"": 0.0004917710814633903}, {""assumed_opponents"": 10000, ""assumed_crowd_concentration"": 2.5, ""simulated_prize_share"": 0.0030514674407456843, ""baseline_simulated_prize_share"": 7.269279476636076e-05, ""paired_difference_standard_error"": 0.00024705962997483016}, {""assumed_opponents"": 100, ""assumed_crowd_concentration"": 5.0, ""simulated_prize_share"": 0.06434712115464197, ""baseline_simulated_prize_share"": 0.005056349269389479, ""paired_difference_standard_error"": 0.0012000120524230755}, {""assumed_opponents"": 1000, ""assumed_crowd_concentration"": 5.0, ""simulated_prize_share"": 0.026419683891450267, ""baseline_simulated_prize_share"": 0.0002899306083683183, ""paired_difference_standard_error"": 0.000769639687574478}, {""assumed_opponents"": 10000, ""assumed_crowd_concentration"": 5.0, ""simulated_prize_share"": 0.010572324920859735, ""baseline_simulated_prize_share"": 2.0749431771074017e-05, ""paired_difference_standard_error"": 0.00048608574719705177}]","[{""match_id"": ""73435080d0b46164ef66"", ""tip_home"": 1, ""tip_away"": 3}, {""match_id"": ""0f349af8a9b9b37b3d4c"", ""tip_home"": 1, ""tip_away"": 1}, {""match_id"": ""7d4c9632f8c98224ba5f"", ""tip_home"": 3, ""tip_away"": 0}, {""match_id"": ""b22ca3cefa1e46555f0b"", ""tip_home"": 1, ""tip_away"": 1}, {""match_id"": ""c0a410cc5f3304619353"", ""tip_home"": 0, ""tip_away"": 0}, {""match_id"": ""cb8fc50ab682dc96b6ad"", ""tip_home"": 2, ""tip_away"": 0}, {""match_id"": ""fb40b0e8da86b30127ea"", ""tip_home"": 1, ""tip_away"": 1}, {""match_id"": ""4d327c4afc7d217dde02"", ""tip_home"": 1, ""tip_away"": 1}, {""match_id"": ""733109b9856edd6b403d"", ""tip_home"": 1, ""tip_away"": 1}]"
2021-11-23,10,9,7,-4.860020440383105,-7.173975592078104,"[{""assumed_opponents"": 100, ""assumed_crowd_concentration"": 1.0, ""simulated_prize_share"": 0.027535837098697453, ""baseline_simulated_prize_share"": 0.020262463277057538, ""paired_difference_standard_error"": 0.0009079944913504786}, {""assumed_opponents"": 1000, ""assumed_crowd_concentration"": 1.0, ""simulated_prize_share"": 0.005276807799773211, ""baseline_simulated_prize_share"": 0.002279648658637592, ""paired_difference_standard_error"": 0.000360947606418371}, {""assumed_opponents"": 10000, ""assumed_crowd_concentration"": 1.0, ""simulated_prize_share"": 0.00096711176116592, ""baseline_simulated_prize_share"": 0.00024779437278105095, ""paired_difference_standard_error"": 0.00014324742753052695}, {""assumed_opponents"": 100, ""assumed_crowd_concentration"": 2.5, ""simulated_prize_share"": 0.03217612758043373, ""baseline_simulated_prize_share"": 0.01201929266223845, ""paired_difference_standard_error"": 0.0008842809877848946}, {""assumed_opponents"": 1000, ""assumed_crowd_concentration"": 2.5, ""simulated_prize_share"": 0.007345263731076063, ""baseline_simulated_prize_share"": 0.0009596994563737239, ""paired_difference_standard_error"": 0.00038871083357321036}, {""assumed_opponents"": 10000, ""assumed_crowd_concentration"": 2.5, ""simulated_prize_share"": 0.0015732202894538753, ""baseline_simulated_prize_share"": 6.921336184294481e-05, ""paired_difference_standard_error"": 0.0001736477764172118}, {""assumed_opponents"": 100, ""assumed_crowd_concentration"": 5.0, ""simulated_prize_share"": 0.04291678366962629, ""baseline_simulated_prize_share"": 0.00632636325274901, ""paired_difference_standard_error"": 0.0009656275519726573}, {""assumed_opponents"": 1000, ""assumed_crowd_concentration"": 5.0, ""simulated_prize_share"": 0.01261916435646688, ""baseline_simulated_prize_share"": 0.00034054583426064444, ""paired_difference_standard_error"": 0.000511896596327737}, {""assumed_opponents"": 10000, ""assumed_crowd_concentration"": 5.0, ""simulated_prize_share"": 0.0035656997554878236, ""baseline_simulated_prize_share"": 4.626499124463073e-06, ""paired_difference_standard_error"": 0.00026899282916595455}]","[{""match_id"": ""d1cf91179b13ae99a2d6"", ""tip_home"": 1, ""tip_away"": 1}, {""match_id"": ""0ff7b5ac6732a93725ec"", ""tip_home"": 1, ""tip_away"": 1}, {""match_id"": ""1161f7f9dc0547dbee46"", ""tip_home"": 2, ""tip_away"": 0}, {""match_id"": ""89d56125a4afa11cc61a"", ""tip_home"": 1, ""tip_away"": 1}, {""match_id"": ""8cf4257fc868ad6c175c"", ""tip_home"": 1, ""tip_away"": 0}, {""match_id"": ""8dbb7fd7bce38765e03c"", ""tip_home"": 1, ""tip_away"": 1}, {""match_id"": ""8f4d3fe7aa913be246a6"", ""tip_home"": 0, ""tip_away"": 1}, {""match_id"": ""2f36ad15e15919605f80"", ""tip_home"": 1, ""tip_away"": 1}, {""match_id"": ""5077a7050014a1a944a5"", ""tip_home"": 1, ""tip_away"": 1}]"
2021-11-30,10,8,7,-4.7979905457776395,-7.191321868553377,"[{""assumed_opponents"": 100, ""assumed_crowd_concentration"": 1.0, ""simulated_prize_share"": 0.02525181277488004, ""baseline_simulated_prize_share"": 0.023038793075161157, ""paired_difference_standard_error"": 0.0009026498833543928}, {""assumed_opponents"": 1000, ""assumed_crowd_concentration"": 1.0, ""simulated_prize_share"": 0.004530404299524321, ""baseline_simulated_prize_share"": 0.00239737601002875, ""paired_difference_standard_error"": 0.0003403567179619455}, {""assumed_opponents"": 10000, ""assumed_crowd_concentration"": 1.0, ""simulated_prize_share"": 0.0007792075339053065, ""baseline_simulated_prize_share"": 0.00027136086105837825, ""paired_difference_standard_error"": 0.00013605092163849748}, {""assumed_opponents"": 100, ""assumed_crowd_concentration"": 2.5, ""simulated_prize_share"": 0.03254161477068407, ""baseline_simulated_prize_share"": 0.011136787771549004, ""paired_difference_standard_error"": 0.0008794029270342479}, {""assumed_opponents"": 1000, ""assumed_crowd_concentration"": 2.5, ""simulated_prize_share"": 0.007454994166158128, ""baseline_simulated_prize_share"": 0.0007332591258919605, ""paired_difference_standard_error"": 0.0003871624769892147}, {""assumed_opponents"": 10000, ""assumed_crowd_concentration"": 2.5, ""simulated_prize_share"": 0.001568752630678326, ""baseline_simulated_prize_share"": 9.915988525493105e-05, ""paired_difference_standard_error"": 0.00017721055044314947}, {""assumed_opponents"": 100, ""assumed_crowd_concentration"": 5.0, ""simulated_prize_share"": 0.052984137434859746, ""baseline_simulated_prize_share"": 0.005026334740852684, ""paired_difference_standard_error"": 0.001073433889440749}, {""assumed_opponents"": 1000, ""assumed_crowd_concentration"": 5.0, ""simulated_prize_share"": 0.01774259804956816, ""baseline_simulated_prize_share"": 0.0002010341333888581, ""paired_difference_standard_error"": 0.000609254384160962}, {""assumed_opponents"": 10000, ""assumed_crowd_concentration"": 5.0, ""simulated_prize_share"": 0.005528992670695888, ""baseline_simulated_prize_share"": 6.353596347389511e-06, ""paired_difference_standard_error"": 0.00033699293328666506}]","[{""match_id"": ""ec4363013ecb0887277c"", ""tip_home"": 1, ""tip_away"": 1}, {""match_id"": ""26ecaa257e5ce44f8748"", ""tip_home"": 1, ""tip_away"": 1}, {""match_id"": ""3cb38404294cbc5c1def"", ""tip_home"": 1, ""tip_away"": 0}, {""match_id"": ""6a3e0d91d63c5e8f605e"", ""tip_home"": 1, ""tip_away"": 1}, {""match_id"": ""726173d161bd87b9554a"", ""tip_home"": 1, ""tip_away"": 1}, {""match_id"": ""a5ebfee633be5e6c27e7"", ""tip_home"": 1, ""tip_away"": 1}, {""match_id"": ""ec608dbaca7a5b7032ee"", ""tip_home"": 4, ""tip_away"": 0}, {""match_id"": ""7086a17211eaefd629f0"", ""tip_home"": 1, ""tip_away"": 1}, {""match_id"": ""ace4d947960f5e4d7947"", ""tip_home"": 1, ""tip_away"": 2}]"
2021-12-07,6,10,8,-4.402696412243394,-7.508014537086199,"[{""assumed_opponents"": 100, ""assumed_crowd_concentration"": 1.0, ""simulated_prize_share"": 0.024946168629782633, ""baseline_simulated_prize_share"": 0.022490601548689152, ""paired_difference_standard_error"": 0.000899723157956479}, {""assumed_opponents"": 1000, ""assumed_crowd_concentration"": 1.0, ""simulated_prize_share"": 0.005299769747566641, ""baseline_simulated_prize_share"": 0.002088891723627142, ""paired_difference_standard_error"": 0.0003563616338436539}, {""assumed_opponents"": 10000, ""assumed_crowd_concentration"": 1.0, ""simulated_prize_share"": 0.001047295294424298, ""baseline_simulated_prize_share"": 0.00019883260879149077, ""paired_difference_standard_error"": 0.00015049338317553278}, {""assumed_opponents"": 100, ""assumed_crowd_concentration"": 2.5, ""simulated_prize_share"": 0.03910617312465482, ""baseline_simulated_prize_share"": 0.00971876246126066, ""paired_difference_standard_error"": 0.0009642228256666189}, {""assumed_opponents"": 1000, ""assumed_crowd_concentration"": 2.5, ""simulated_prize_share"": 0.01204244028264517, ""baseline_simulated_prize_share"": 0.0005780355537466455, ""paired_difference_standard_error"": 0.0005069159227646601}, {""assumed_opponents"": 10000, ""assumed_crowd_concentration"": 2.5, ""simulated_prize_share"": 0.0034166317071798145, ""baseline_simulated_prize_share"": 2.4894835972747395e-05, ""paired_difference_standard_error"": 0.0002622381493433729}, {""assumed_opponents"": 100, ""assumed_crowd_concentration"": 5.0, ""simulated_prize_share"": 0.06739349088265101, ""baseline_simulated_prize_share"": 0.005163921010137056, ""paired_difference_standard_error"": 0.001247430125798447}, {""assumed_opponents"": 1000, ""assumed_crowd_concentration"": 5.0, ""simulated_prize_share"": 0.03058497434533302, ""baseline_simulated_prize_share"": 0.0002093937125567123, ""paired_difference_standard_error"": 0.0008346643141309783}, {""assumed_opponents"": 10000, ""assumed_crowd_concentration"": 5.0, ""simulated_prize_share"": 0.013470543419752398, ""baseline_simulated_prize_share"": 3.1898761468112155e-06, ""paired_difference_standard_error"": 0.00055862047002124}]","[{""match_id"": ""e59e2af1b2476a79b52f"", ""tip_home"": 1, ""tip_away"": 1}, {""match_id"": ""2d423b642844b04f8bd1"", ""tip_home"": 1, ""tip_away"": 1}, {""match_id"": ""3abe56aea239cf692b8c"", ""tip_home"": 3, ""tip_away"": 1}, {""match_id"": ""71c0205cb7c515917a00"", ""tip_home"": 1, ""tip_away"": 1}, {""match_id"": ""7e59ec4f0dcda39ec708"", ""tip_home"": 1, ""tip_away"": 2}, {""match_id"": ""ab51390d0f48e00981cb"", ""tip_home"": 0, ""tip_away"": 0}, {""match_id"": ""ccd91a18f9df3de440e3"", ""tip_home"": 1, ""tip_away"": 1}, {""match_id"": ""63ba18c756e3a9039c7d"", ""tip_home"": 1, ""tip_away"": 1}, {""match_id"": ""9801b1d520792dd37c96"", ""tip_home"": 1, ""tip_away"": 1}]"
2022-01-04,9,11,7,-4.430306909323867,-8.056176319724614,"[{""assumed_opponents"": 100, ""assumed_crowd_concentration"": 1.0, ""simulated_prize_share"": 0.029222878969590513, ""baseline_simulated_prize_share"": 0.023087197043065312, ""paired_difference_standard_error"": 0.0009453294465625697}, {""assumed_opponents"": 1000, ""assumed_crowd_concentration"": 1.0, ""simulated_prize_share"": 0.005983779022507135, ""baseline_simulated_prize_share"": 0.002085396122330014, ""paired_difference_standard_error"": 0.00036812158734761326}, {""assumed_opponents"": 10000, ""assumed_crowd_concentration"": 1.0, ""simulated_prize_share"": 0.0009209824531506913, ""baseline_simulated_prize_share"": 0.00014643348549000186, ""paired_difference_standard_error"": 0.0001275121852159761}, {""assumed_opponents"": 100, ""assumed_crowd_concentration"": 2.5, ""simulated_prize_share"": 0.04066648957438197, ""baseline_simulated_prize_share"": 0.00998568217863183, ""paired_difference_standard_error"": 0.0009724184596889762}, {""assumed_opponents"": 1000, ""assumed_crowd_concentration"": 2.5, ""simulated_prize_share"": 0.011535218770674397, ""baseline_simulated_prize_share"": 0.000475029444484072, ""paired_difference_standard_error"": 0.00048322022231100714}, {""assumed_opponents"": 10000, ""assumed_crowd_concentration"": 2.5, ""simulated_prize_share"": 0.002730750660719358, ""baseline_simulated_prize_share"": 1.417688790693356e-05, ""paired_difference_standard_error"": 0.00022346469489087026}, {""assumed_opponents"": 100, ""assumed_crowd_concentration"": 5.0, ""simulated_prize_share"": 0.06963377456990104, ""baseline_simulated_prize_share"": 0.0053016997696287895, ""paired_difference_standard_error"": 0.0012456716553020627}, {""assumed_opponents"": 1000, ""assumed_crowd_concentration"": 5.0, ""simulated_prize_share"": 0.028888622233716358, ""baseline_simulated_prize_share"": 0.00013383528755234268, ""paired_difference_standard_error"": 0.0008016208688477016}, {""assumed_opponents"": 10000, ""assumed_crowd_concentration"": 5.0, ""simulated_prize_share"": 0.011626210138881396, ""baseline_simulated_prize_share"": 9.646251910792694e-08, ""paired_difference_standard_error"": 0.0005073405911348225}]","[{""match_id"": ""87a926fd685cb356ed01"", ""tip_home"": 4, ""tip_away"": 1}, {""match_id"": ""15c02657eae715112afa"", ""tip_home"": 1, ""tip_away"": 1}, {""match_id"": ""3ff290fb7aed307eefb3"", ""tip_home"": 1, ""tip_away"": 1}, {""match_id"": ""474cfd65bfdd7bb5b899"", ""tip_home"": 2, ""tip_away"": 1}, {""match_id"": ""721203ec8bea101562f9"", ""tip_home"": 1, ""tip_away"": 1}, {""match_id"": ""984911e9ff42ce4f48e1"", ""tip_home"": 1, ""tip_away"": 1}, {""match_id"": ""d6b538976f9ea6937cca"", ""tip_home"": 0, ""tip_away"": 0}, {""match_id"": ""538f127ad99d239f7590"", ""tip_home"": 1, ""tip_away"": 1}, {""match_id"": ""eca487bef37fbcb4519f"", ""tip_home"": 1, ""tip_away"": 1}]"
2022-01-11,14,20,7,-4.6512494259552035,-7.037735565457022,"[{""assumed_opponents"": 100, ""assumed_crowd_concentration"": 1.0, ""simulated_prize_share"": 0.023861317216318553, ""baseline_simulated_prize_share"": 0.02270609537478309, ""paired_difference_standard_error"": 0.0008834744385522825}, {""assumed_opponents"": 1000, ""assumed_crowd_concentration"": 1.0, ""simulated_prize_share"": 0.004329621375914632, ""baseline_simulated_prize_share"": 0.0022892299159573692, ""paired_difference_standard_error"": 0.00033213882524337434}, {""assumed_opponents"": 10000, ""assumed_crowd_concentration"": 1.0, ""simulated_prize_share"": 0.0007014412864782449, ""baseline_simulated_prize_share"": 0.0002231153773459717, ""paired_difference_standard_error"": 0.00012541527656083606}, {""assumed_opponents"": 100, ""assumed_crowd_concentration"": 2.5, ""simulated_prize_share"": 0.03572194191074163, ""baseline_simulated_prize_share"": 0.011749274170841394, ""paired_difference_standard_error"": 0.0009390168093434874}, {""assumed_opponents"": 1000, ""assumed_crowd_concentration"": 2.5, ""simulated_prize_share"": 0.009690652159733634, ""baseline_simulated_prize_share"": 0.0008600875763629625, ""paired_difference_standard_error"": 0.0004507592037206244}, {""assumed_opponents"": 10000, ""assumed_crowd_concentration"": 2.5, ""simulated_prize_share"": 0.002392099843242146, ""baseline_simulated_prize_share"": 6.178872017615397e-05, ""paired_difference_standard_error"": 0.00021443475382356864}, {""assumed_opponents"": 100, ""assumed_crowd_concentration"": 5.0, ""simulated_prize_share"": 0.05618577910915944, ""baseline_simulated_prize_share"": 0.006577930956678134, ""paired_difference_standard_error"": 0.0011414943801851122}, {""assumed_opponents"": 1000, ""assumed_crowd_concentration"": 5.0, ""simulated_prize_share"": 0.022695200510609293, ""baseline_simulated_prize_share"": 0.000335622228027823, ""paired_difference_standard_error"": 0.0007099436062727118}, {""assumed_opponents"": 10000, ""assumed_crowd_concentration"": 5.0, ""simulated_prize_share"": 0.008632347324008804, ""baseline_simulated_prize_share"": 1.941727119355189e-05, ""paired_difference_standard_error"": 0.0004390777257871667}]","[{""match_id"": ""89875d487ddb80e00013"", ""tip_home"": 1, ""tip_away"": 1}, {""match_id"": ""2b9dfad362c214f7c821"", ""tip_home"": 1, ""tip_away"": 1}, {""match_id"": ""2d98426ff2115b802a37"", ""tip_home"": 1, ""tip_away"": 1}, {""match_id"": ""7dd3fd53c624b0c8ec3f"", ""tip_home"": 1, ""tip_away"": 2}, {""match_id"": ""967321d380cbee229cbc"", ""tip_home"": 1, ""tip_away"": 2}, {""match_id"": ""9df2afa782f9240cff63"", ""tip_home"": 1, ""tip_away"": 1}, {""match_id"": ""af738aafc306a0ab22e6"", ""tip_home"": 2, ""tip_away"": 1}, {""match_id"": ""9fbb01a1747637963c8e"", ""tip_home"": 0, ""tip_away"": 0}, {""match_id"": ""b77fdff1e693680bd86c"", ""tip_home"": 1, ""tip_away"": 1}]"
2022-01-18,11,5,8,-4.415200747621343,-8.426774122455084,"[{""assumed_opponents"": 100, ""assumed_crowd_concentration"": 1.0, ""simulated_prize_share"": 0.02549158553791728, ""baseline_simulated_prize_share"": 0.019707671708117415, ""paired_difference_standard_error"": 0.0008797133698899099}, {""assumed_opponents"": 1000, ""assumed_crowd_concentration"": 1.0, ""simulated_prize_share"": 0.0058303559371527, ""baseline_simulated_prize_share"": 0.0016079143809590198, ""paired_difference_standard_error"": 0.00036285157048801753}, {""assumed_opponents"": 10000, ""assumed_crowd_concentration"": 1.0, ""simulated_prize_share"": 0.0012433027008528642, ""baseline_simulated_prize_share"": 0.00013661582309408877, ""paired_difference_standard_error"": 0.0001592772935646553}, {""assumed_opponents"": 100, ""assumed_crowd_concentration"": 2.5, ""simulated_prize_share"": 0.03773982588257119, ""baseline_simulated_prize_share"": 0.008368782969689877, ""paired_difference_standard_error"": 0.0009390083405553265}, {""assumed_opponents"": 1000, ""assumed_crowd_concentration"": 2.5, ""simulated_prize_share"": 0.011837191875712784, ""baseline_simulated_prize_share"": 0.00041725213637654147, ""paired_difference_standard_error"": 0.0005016871085497871}, {""assumed_opponents"": 10000, ""assumed_crowd_concentration"": 2.5, ""simulated_prize_share"": 0.0034860839237398377, ""baseline_simulated_prize_share"": 8.545901564231238e-06, ""paired_difference_standard_error"": 0.00026541550926964443}, {""assumed_opponents"": 100, ""assumed_crowd_concentration"": 5.0, ""simulated_prize_share"": 0.06225015100871066, ""baseline_simulated_prize_share"": 0.003837315241208658, ""paired_difference_standard_error"": 0.001181712644944255}, {""assumed_opponents"": 1000, ""assumed_crowd_concentration"": 5.0, ""simulated_prize_share"": 0.026715102208682437, ""baseline_simulated_prize_share"": 9.86473080963604e-05, ""paired_difference_standard_error"": 0.0007796378984984665}, {""assumed_opponents"": 10000, ""assumed_crowd_concentration"": 5.0, ""simulated_prize_share"": 0.011549725104072957, ""baseline_simulated_prize_share"": 2.3624126855239748e-08, ""paired_difference_standard_error"": 0.0005159726763709795}]","[{""match_id"": ""1ffd76494dcc71f5f6c5"", ""tip_home"": 1, ""tip_away"": 1}, {""match_id"": ""03040742ec2a367585f7"", ""tip_home"": 1, ""tip_away"": 1}, {""match_id"": ""22fa97476478a990f80d"", ""tip_home"": 1, ""tip_away"": 1}, {""match_id"": ""83c8a98ae7aa32d9df57"", ""tip_home"": 1, ""tip_away"": 1}, {""match_id"": ""d82c77a5a188d8655080"", ""tip_home"": 2, ""tip_away"": 1}, {""match_id"": ""eb0d2f13ac72cd25ad1e"", ""tip_home"": 1, ""tip_away"": 1}, {""match_id"": ""fa547e7d7b04dc2fea72"", ""tip_home"": 1, ""tip_away"": 1}, {""match_id"": ""89c21d9a19b545b7f59b"", ""tip_home"": 1, ""tip_away"": 1}, {""match_id"": ""eadb38067deaaa29b66b"", ""tip_home"": 0, ""tip_away"": 2}]"
2022-02-01,10,4,8,-4.6977910086663615,-6.436547968026636,"[{""assumed_opponents"": 100, ""assumed_crowd_concentration"": 1.0, ""simulated_prize_share"": 0.023667639896451993, ""baseline_simulated_prize_share"": 0.025874451478705776, ""paired_difference_standard_error"": 0.0009411293697527566}, {""assumed_opponents"": 1000, ""assumed_crowd_concentration"": 1.0, ""simulated_prize_share"": 0.005537427630170442, ""baseline_simulated_prize_share"": 0.003415828906250352, ""paired_difference_standard_error"": 0.0004045673541335499}, {""assumed_opponents"": 10000, ""assumed_crowd_concentration"": 1.0, ""simulated_prize_share"": 0.0013180565687448435, ""baseline_simulated_prize_share"": 0.0004211113754764711, ""paired_difference_standard_error"": 0.00017913739261199088}, {""assumed_opponents"": 100, ""assumed_crowd_concentration"": 2.5, ""simulated_prize_share"": 0.030390789624278065, ""baseline_simulated_prize_share"": 0.017321248529698338, ""paired_difference_standard_error"": 0.0009432162910281292}, {""assumed_opponents"": 1000, ""assumed_crowd_concentration"": 2.5, ""simulated_prize_share"": 0.008889000384015385, ""baseline_simulated_prize_share"": 0.0017513483022410731, ""paired_difference_standard_error"": 0.00045755284529823436}, {""assumed_opponents"": 10000, ""assumed_crowd_concentration"": 2.5, ""simulated_prize_share"": 0.0026693624264818314, ""baseline_simulated_prize_share"": 0.00015681418556280825, ""paired_difference_standard_error"": 0.00024197262286149458}, {""assumed_opponents"": 100, ""assumed_crowd_concentration"": 5.0, ""simulated_prize_share"": 0.0409542356348003, ""baseline_simulated_prize_share"": 0.011687065469268357, ""paired_difference_standard_error"": 0.0010190405684327056}, {""assumed_opponents"": 1000, ""assumed_crowd_concentration"": 5.0, ""simulated_prize_share"": 0.01488171383009316, ""baseline_simulated_prize_share"": 0.0008290689609205103, ""paired_difference_standard_error"": 0.0005827849921648036}, {""assumed_opponents"": 10000, ""assumed_crowd_concentration"": 5.0, ""simulated_prize_share"": 0.005723033632910652, ""baseline_simulated_prize_share"": 4.0493673962637055e-05, ""paired_difference_standard_error"": 0.00036098618532395485}]","[{""match_id"": ""b9b7dec5dc92f3ccb726"", ""tip_home"": 1, ""tip_away"": 1}, {""match_id"": ""1b1b92b69781a2e1982a"", ""tip_home"": 2, ""tip_away"": 1}, {""match_id"": ""396c92f4e27c3066d10a"", ""tip_home"": 1, ""tip_away"": 1}, {""match_id"": ""627d0dee2c6a9dd0b0f2"", ""tip_home"": 1, ""tip_away"": 2}, {""match_id"": ""824cb3dd4bb2b06dc58b"", ""tip_home"": 1, ""tip_away"": 1}, {""match_id"": ""b03e98cbd8dcea18da8b"", ""tip_home"": 1, ""tip_away"": 1}, {""match_id"": ""e243bac7c48888fa1424"", ""tip_home"": 1, ""tip_away"": 1}, {""match_id"": ""9e31dfa1fb11dfdf6bea"", ""tip_home"": 1, ""tip_away"": 1}, {""match_id"": ""c2ec92b31ca5b7e9f32f"", ""tip_home"": 1, ""tip_away"": 1}]"
2022-02-08,13,11,6,-4.6271717977857545,-7.149753621056261,"[{""assumed_opponents"": 100, ""assumed_crowd_concentration"": 1.0, ""simulated_prize_share"": 0.024445163941397265, ""baseline_simulated_prize_share"": 0.02252338753337918, ""paired_difference_standard_error"": 0.0008883475337039102}, {""assumed_opponents"": 1000, ""assumed_crowd_concentration"": 1.0, ""simulated_prize_share"": 0.004526988275333402, ""baseline_simulated_prize_share"": 0.0023373457736146617, ""paired_difference_standard_error"": 0.00033951454837379826}, {""assumed_opponents"": 10000, ""assumed_crowd_concentration"": 1.0, ""simulated_prize_share"": 0.0008128443670088579, ""baseline_simulated_prize_share"": 0.00023383776687620087, ""paired_difference_standard_error"": 0.0001361548955296155}, {""assumed_opponents"": 100, ""assumed_crowd_concentration"": 2.5, ""simulated_prize_share"": 0.035376825559417034, ""baseline_simulated_prize_share"": 0.01203324428834197, ""paired_difference_standard_error"": 0.000936043564942438}, {""assumed_opponents"": 1000, ""assumed_crowd_concentration"": 2.5, ""simulated_prize_share"": 0.009566983568659152, ""baseline_simulated_prize_share"": 0.0008803356367201845, ""paired_difference_standard_error"": 0.00044828117095472816}, {""assumed_opponents"": 10000, ""assumed_crowd_concentration"": 2.5, ""simulated_prize_share"": 0.002491853824388167, ""baseline_simulated_prize_share"": 4.833758417559327e-05, ""paired_difference_standard_error"": 0.00022279927354231557}, {""assumed_opponents"": 100, ""assumed_crowd_concentration"": 5.0, ""simulated_prize_share"": 0.05578246916082636, ""baseline_simulated_prize_share"": 0.007627252728365813, ""paired_difference_standard_error"": 0.0011402269583550523}, {""assumed_opponents"": 1000, ""assumed_crowd_concentration"": 5.0, ""simulated_prize_share"": 0.022383657897246265, ""baseline_simulated_prize_share"": 0.0003900354705174946, ""paired_difference_standard_error"": 0.0007066111827480512}, {""assumed_opponents"": 10000, ""assumed_crowd_concentration"": 5.0, ""simulated_prize_share"": 0.008660608842473525, ""baseline_simulated_prize_share"": 6.04023132626453e-06, ""paired_difference_standard_error"": 0.00043950142347278523}]","[{""match_id"": ""9139000c84c3edb737ad"", ""tip_home"": 1, ""tip_away"": 1}, {""match_id"": ""1016146416453e346e37"", ""tip_home"": 2, ""tip_away"": 0}, {""match_id"": ""536caaeaa8043172e269"", ""tip_home"": 1, ""tip_away"": 1}, {""match_id"": ""7b857902ca787ece12df"", ""tip_home"": 0, ""tip_away"": 2}, {""match_id"": ""be3e5e5b0a87e8e32b95"", ""tip_home"": 1, ""tip_away"": 1}, {""match_id"": ""d2b4fccfb6a89c61313d"", ""tip_home"": 0, ""tip_away"": 1}, {""match_id"": ""faacb20b7803d27cd90f"", ""tip_home"": 2, ""tip_away"": 1}, {""match_id"": ""0eef3e05bb6ec7adf451"", ""tip_home"": 2, ""tip_away"": 0}, {""match_id"": ""61ca606a37cafe66b583"", ""tip_home"": 1, ""tip_away"": 1}]"
2022-02-15,17,13,8,-4.763249533274307,-6.973350369369778,"[{""assumed_opponents"": 100, ""assumed_crowd_concentration"": 1.0, ""simulated_prize_share"": 0.026099568595986843, ""baseline_simulated_prize_share"": 0.023491621822500842, ""paired_difference_standard_error"": 0.0009288890109379303}, {""assumed_opponents"": 1000, ""assumed_crowd_concentration"": 1.0, ""simulated_prize_share"": 0.005157750234877299, ""baseline_simulated_prize_share"": 0.0026610021814095154, ""paired_difference_standard_error"": 0.00036124329096730355}, {""assumed_opponents"": 10000, ""assumed_crowd_concentration"": 1.0, ""simulated_prize_share"": 0.0009262629113411125, ""baseline_simulated_prize_share"": 0.0002602473665673333, ""paired_difference_standard_error"": 0.00014772902682603774}, {""assumed_opponents"": 100, ""assumed_crowd_concentration"": 2.5, ""simulated_prize_share"": 0.03321318406429777, ""baseline_simulated_prize_share"": 0.01317789718842274, ""paired_difference_standard_error"": 0.0009192909624012209}, {""assumed_opponents"": 1000, ""assumed_crowd_concentration"": 2.5, ""simulated_prize_share"": 0.008500545188536103, ""baseline_simulated_prize_share"": 0.0009617804801981373, ""paired_difference_standard_error"": 0.0004188639250346584}, {""assumed_opponents"": 10000, ""assumed_crowd_concentration"": 2.5, ""simulated_prize_share"": 0.0018810498160462632, ""baseline_simulated_prize_share"": 9.067685017548746e-05, ""paired_difference_standard_error"": 0.00019522123966125382}, {""assumed_opponents"": 100, ""assumed_crowd_concentration"": 5.0, ""simulated_prize_share"": 0.046229637334258195, ""baseline_simulated_prize_share"": 0.006257769662373774, ""paired_difference_standard_error"": 0.0010168779172190833}, {""assumed_opponents"": 1000, ""assumed_crowd_concentration"": 5.0, ""simulated_prize_share"": 0.015620381759649131, ""baseline_simulated_prize_share"": 0.00023177249977284262, ""paired_difference_standard_error"": 0.000578155554278374}, {""assumed_opponents"": 10000, ""assumed_crowd_concentration"": 5.0, ""simulated_prize_share"": 0.005041101881779706, ""baseline_simulated_prize_share"": 2.0434648667534798e-05, ""paired_difference_standard_error"": 0.00032380066525572373}]","[{""match_id"": ""3c36fd58e9c6f8ab6cc1"", ""tip_home"": 2, ""tip_away"": 1}, {""match_id"": ""08d13e265316249beeb3"", ""tip_home"": 1, ""tip_away"": 1}, {""match_id"": ""272f88af6ad671f210f7"", ""tip_home"": 1, ""tip_away"": 1}, {""match_id"": ""2a2850c0c7da379c8b46"", ""tip_home"": 1, ""tip_away"": 1}, {""match_id"": ""5eeef8339d59143d25aa"", ""tip_home"": 1, ""tip_away"": 1}, {""match_id"": ""67e7679e9f5fcf002642"", ""tip_home"": 1, ""tip_away"": 0}, {""match_id"": ""6a1c39d45e659099e7d8"", ""tip_home"": 1, ""tip_away"": 1}, {""match_id"": ""db64a8705ad5a0b08108"", ""tip_home"": 1, ""tip_away"": 1}, {""match_id"": ""dbc5abcf8052d12340e8"", ""tip_home"": 5, ""tip_away"": 0}]"
2022-02-22,15,14,6,-4.558648222228844,-6.898059340297864,"[{""assumed_opponents"": 100, ""assumed_crowd_concentration"": 1.0, ""simulated_prize_share"": 0.024431091275537144, ""baseline_simulated_prize_share"": 0.026633795684291063, ""paired_difference_standard_error"": 0.0009283919152965879}, {""assumed_opponents"": 1000, ""assumed_crowd_concentration"": 1.0, ""simulated_prize_share"": 0.004595356527294181, ""baseline_simulated_prize_share"": 0.0027196152815538283, ""paired_difference_standard_error"": 0.00034733417822105736}, {""assumed_opponents"": 10000, ""assumed_crowd_concentration"": 1.0, ""simulated_prize_share"": 0.0008036895378246195, ""baseline_simulated_prize_share"": 0.00021976381419573025, ""paired_difference_standard_error"": 0.00013118367110649437}, {""assumed_opponents"": 100, ""assumed_crowd_concentration"": 2.5, ""simulated_prize_share"": 0.036532658384248275, ""baseline_simulated_prize_share"": 0.014247457532523874, ""paired_difference_standard_error"": 0.0009713745364304314}, {""assumed_opponents"": 1000, ""assumed_crowd_concentration"": 2.5, ""simulated_prize_share"": 0.010653753080379249, ""baseline_simulated_prize_share"": 0.0008709062003672364, ""paired_difference_standard_error"": 0.0004735555406933906}, {""assumed_opponents"": 10000, ""assumed_crowd_concentration"": 2.5, ""simulated_prize_share"": 0.002857563071081764, ""baseline_simulated_prize_share"": 5.05899993891914e-05, ""paired_difference_standard_error"": 0.000237620217281916}, {""assumed_opponents"": 100, ""assumed_crowd_concentration"": 5.0, ""simulated_prize_share"": 0.057713585635697444, ""baseline_simulated_prize_share"": 0.00997224379043355, ""paired_difference_standard_error"": 0.0011842484452747504}, {""assumed_opponents"": 1000, ""assumed_crowd_concentration"": 5.0, ""simulated_prize_share"": 0.024881361264390483, ""baseline_simulated_prize_share"": 0.00048664636568242046, ""paired_difference_standard_error"": 0.0007537127942898715}, {""assumed_opponents"": 10000, ""assumed_crowd_concentration"": 5.0, ""simulated_prize_share"": 0.010547651575237967, ""baseline_simulated_prize_share"": 2.2502020397807557e-05, ""paired_difference_standard_error"": 0.0004927997897122238}]","[{""match_id"": ""8e8acfbe49e12eceb11e"", ""tip_home"": 3, ""tip_away"": 1}, {""match_id"": ""3a2507e5fa00334be4a0"", ""tip_home"": 1, ""tip_away"": 2}, {""match_id"": ""41c32f87fc7f1133ace2"", ""tip_home"": 1, ""tip_away"": 1}, {""match_id"": ""786c8612b5369de529cc"", ""tip_home"": 1, ""tip_away"": 1}, {""match_id"": ""9afda8093136ddb33c27"", ""tip_home"": 1, ""tip_away"": 1}, {""match_id"": ""c0a08e27f9ce0fe08e43"", ""tip_home"": 1, ""tip_away"": 0}, {""match_id"": ""c4b2881874a98072a16b"", ""tip_home"": 1, ""tip_away"": 1}, {""match_id"": ""77afae31bd2f3c49d908"", ""tip_home"": 1, ""tip_away"": 1}, {""match_id"": ""ba829e699655bab5c4ac"", ""tip_home"": 1, ""tip_away"": 2}]"
2022-03-29,8,13,8,-4.680701072869635,-7.24098552118598,"[{""assumed_opponents"": 100, ""assumed_crowd_concentration"": 1.0, ""simulated_prize_share"": 0.025241594950978684, ""baseline_simulated_prize_share"": 0.021121476862198146, ""paired_difference_standard_error"": 0.0009001583438889243}, {""assumed_opponents"": 1000, ""assumed_crowd_concentration"": 1.0, ""simulated_prize_share"": 0.0054528294963905955, ""baseline_simulated_prize_share"": 0.0021905836852152433, ""paired_difference_standard_error"": 0.0003655438900821679}, {""assumed_opponents"": 10000, ""assumed_crowd_concentration"": 1.0, ""simulated_prize_share"": 0.0012177014810351202, ""baseline_simulated_prize_share"": 0.00013466687033508756, ""paired_difference_standard_error"": 0.0001566551586175657}, {""assumed_opponents"": 100, ""assumed_crowd_concentration"": 2.5, ""simulated_prize_share"": 0.03320009179993014, ""baseline_simulated_prize_share"": 0.012714536417495363, ""paired_difference_standard_error"": 0.000926749697272496}, {""assumed_opponents"": 1000, ""assumed_crowd_concentration"": 2.5, ""simulated_prize_share"": 0.009311271286083247, ""baseline_simulated_prize_share"": 0.0008614960158030463, ""paired_difference_standard_error"": 0.000446260638528959}, {""assumed_opponents"": 10000, ""assumed_crowd_concentration"": 2.5, ""simulated_prize_share"": 0.00275703002530846, ""baseline_simulated_prize_share"": 4.882587397860301e-05, ""paired_difference_standard_error"": 0.0002415933474973926}, {""assumed_opponents"": 100, ""assumed_crowd_concentration"": 5.0, ""simulated_prize_share"": 0.04193294079718135, ""baseline_simulated_prize_share"": 0.006984396258988661, ""paired_difference_standard_error"": 0.0009900999271403273}, {""assumed_opponents"": 1000, ""assumed_crowd_concentration"": 5.0, ""simulated_prize_share"": 0.014973478312770204, ""baseline_simulated_prize_share"": 0.00031584636908000196, ""paired_difference_standard_error"": 0.0005737288335685468}, {""assumed_opponents"": 10000, ""assumed_crowd_concentration"": 5.0, ""simulated_prize_share"": 0.005649745027070181, ""baseline_simulated_prize_share"": 6.77900594335072e-06, ""paired_difference_standard_error"": 0.0003612151026179044}]","[{""match_id"": ""e1673cfe621b9e28d7c7"", ""tip_home"": 1, ""tip_away"": 1}, {""match_id"": ""53c7e64feecc7067d3e4"", ""tip_home"": 2, ""tip_away"": 0}, {""match_id"": ""6f8cc146f85a4551d777"", ""tip_home"": 1, ""tip_away"": 1}, {""match_id"": ""7d135be07dd100869375"", ""tip_home"": 1, ""tip_away"": 1}, {""match_id"": ""83af7ad704fd36809cde"", ""tip_home"": 1, ""tip_away"": 1}, {""match_id"": ""c0ab183b9cb7516b23d7"", ""tip_home"": 1, ""tip_away"": 1}, {""match_id"": ""ef0186eb320b1f1a3f9f"", ""tip_home"": 1, ""tip_away"": 1}, {""match_id"": ""0ae7512c721e5db81605"", ""tip_home"": 1, ""tip_away"": 1}, {""match_id"": ""ca588b3f7332f8ff1642"", ""tip_home"": 1, ""tip_away"": 1}]"
2022-04-12,11,5,7,-4.328718510844171,-7.503747103552848,"[{""assumed_opponents"": 100, ""assumed_crowd_concentration"": 1.0, ""simulated_prize_share"": 0.030796770368219588, ""baseline_simulated_prize_share"": 0.02372956278065501, ""paired_difference_standard_error"": 0.0009793174994425086}, {""assumed_opponents"": 1000, ""assumed_crowd_concentration"": 1.0, ""simulated_prize_share"": 0.006934765795953686, ""baseline_simulated_prize_share"": 0.002551077480464023, ""paired_difference_standard_error"": 0.00040666961223896283}, {""assumed_opponents"": 10000, ""assumed_crowd_concentration"": 1.0, ""simulated_prize_share"": 0.0011998000982268576, ""baseline_simulated_prize_share"": 0.00026992984102538613, ""paired_difference_standard_error"": 0.00015464720319645966}, {""assumed_opponents"": 100, ""assumed_crowd_concentration"": 2.5, ""simulated_prize_share"": 0.0429927519071233, ""baseline_simulated_prize_share"": 0.01094980461716051, ""paired_difference_standard_error"": 0.0010141031856522912}, {""assumed_opponents"": 1000, ""assumed_crowd_concentration"": 2.5, ""simulated_prize_share"": 0.01293317729995871, ""baseline_simulated_prize_share"": 0.0007292050592787453, ""paired_difference_standard_error"": 0.0005208346928820936}, {""assumed_opponents"": 10000, ""assumed_crowd_concentration"": 2.5, ""simulated_prize_share"": 0.003402796654180786, ""baseline_simulated_prize_share"": 3.501260907137866e-05, ""paired_difference_standard_error"": 0.00025507467617466985}, {""assumed_opponents"": 100, ""assumed_crowd_concentration"": 5.0, ""simulated_prize_share"": 0.0696398987320791, ""baseline_simulated_prize_share"": 0.005270579153472029, ""paired_difference_standard_error"": 0.001251282452025482}, {""assumed_opponents"": 1000, ""assumed_crowd_concentration"": 5.0, ""simulated_prize_share"": 0.029513797136202023, ""baseline_simulated_prize_share"": 0.0001733607083151949, ""paired_difference_standard_error"": 0.0008135758101628404}, {""assumed_opponents"": 10000, ""assumed_crowd_concentration"": 5.0, ""simulated_prize_share"": 0.012080568578607464, ""baseline_simulated_prize_share"": 1.1218183485816817e-06, ""paired_difference_standard_error"": 0.0005158689777417952}]","[{""match_id"": ""0e18286a69f5481bf233"", ""tip_home"": 1, ""tip_away"": 1}, {""match_id"": ""1ee918847c924592c877"", ""tip_home"": 1, ""tip_away"": 1}, {""match_id"": ""3a639416ca7f60c14ca6"", ""tip_home"": 1, ""tip_away"": 1}, {""match_id"": ""a7aae898fe3a35f29e1e"", ""tip_home"": 1, ""tip_away"": 1}, {""match_id"": ""ac10e8b8ca0b9ea8cd30"", ""tip_home"": 1, ""tip_away"": 1}, {""match_id"": ""00bc26311601a7daed28"", ""tip_home"": 2, ""tip_away"": 0}, {""match_id"": ""7346eca035343f133187"", ""tip_home"": 1, ""tip_away"": 1}, {""match_id"": ""c564d0afca3ade749298"", ""tip_home"": 0, ""tip_away"": 2}, {""match_id"": ""f28576e50093d00b1eda"", ""tip_home"": 1, ""tip_away"": 1}]"
2022-04-19,10,5,7,-4.691353021661289,-6.959006889329726,"[{""assumed_opponents"": 100, ""assumed_crowd_concentration"": 1.0, ""simulated_prize_share"": 0.025641966030031434, ""baseline_simulated_prize_share"": 0.022627856288618832, ""paired_difference_standard_error"": 0.0009058232184628216}, {""assumed_opponents"": 1000, ""assumed_crowd_concentration"": 1.0, ""simulated_prize_share"": 0.0051962467906836, ""baseline_simulated_prize_share"": 0.002120846184987457, ""paired_difference_standard_error"": 0.0003510705224591437}, {""assumed_opponents"": 10000, ""assumed_crowd_concentration"": 1.0, ""simulated_prize_share"": 0.0009318635829406077, ""baseline_simulated_prize_share"": 0.00019023254651758184, ""paired_difference_standard_error"": 0.00014035166475331556}, {""assumed_opponents"": 100, ""assumed_crowd_concentration"": 2.5, ""simulated_prize_share"": 0.033261716222518306, ""baseline_simulated_prize_share"": 0.012734062139042393, ""paired_difference_standard_error"": 0.0009233297910486553}, {""assumed_opponents"": 1000, ""assumed_crowd_concentration"": 2.5, ""simulated_prize_share"": 0.009609954957593796, ""baseline_simulated_prize_share"": 0.0008729334167720862, ""paired_difference_standard_error"": 0.0004542919078028451}, {""assumed_opponents"": 10000, ""assumed_crowd_concentration"": 2.5, ""simulated_prize_share"": 0.00248347314894518, ""baseline_simulated_prize_share"": 7.334306781248122e-05, ""paired_difference_standard_error"": 0.0002209876267496783}, {""assumed_opponents"": 100, ""assumed_crowd_concentration"": 5.0, ""simulated_prize_share"": 0.04317497256392934, ""baseline_simulated_prize_share"": 0.007466209082556765, ""paired_difference_standard_error"": 0.0010127466381145583}, {""assumed_opponents"": 1000, ""assumed_crowd_concentration"": 5.0, ""simulated_prize_share"": 0.016384598193236476, ""baseline_simulated_prize_share"": 0.0003928171129127596, ""paired_difference_standard_error"": 0.0006094995214542967}, {""assumed_opponents"": 10000, ""assumed_crowd_concentration"": 5.0, ""simulated_prize_share"": 0.006603203169079655, ""baseline_simulated_prize_share"": 2.8882864814816265e-05, ""paired_difference_standard_error"": 0.00038672229555188786}]","[{""match_id"": ""728c2095fda9f5a1e2cc"", ""tip_home"": 1, ""tip_away"": 1}, {""match_id"": ""0649638c3453a13adcc3"", ""tip_home"": 1, ""tip_away"": 1}, {""match_id"": ""3a65dd7a0ae51fb0fd5c"", ""tip_home"": 1, ""tip_away"": 1}, {""match_id"": ""3f98842c2b240e984538"", ""tip_home"": 2, ""tip_away"": 1}, {""match_id"": ""40b3da16426db3a2d0de"", ""tip_home"": 2, ""tip_away"": 1}, {""match_id"": ""9e274745242e4f95c051"", ""tip_home"": 1, ""tip_away"": 1}, {""match_id"": ""c58557ff238f99c32ed3"", ""tip_home"": 1, ""tip_away"": 1}, {""match_id"": ""2d2a6fa2ad061adfe380"", ""tip_home"": 1, ""tip_away"": 1}, {""match_id"": ""392dc6a3d3fd9110d1ef"", ""tip_home"": 0, ""tip_away"": 0}]"
2022-04-26,4,14,6,-4.8280570932725695,-6.612266555808611,"[{""assumed_opponents"": 100, ""assumed_crowd_concentration"": 1.0, ""simulated_prize_share"": 0.02246079276101543, ""baseline_simulated_prize_share"": 0.025582120331807706, ""paired_difference_standard_error"": 0.0008983438753750933}, {""assumed_opponents"": 1000, ""assumed_crowd_concentration"": 1.0, ""simulated_prize_share"": 0.004322151833626681, ""baseline_simulated_prize_share"": 0.002852488556992109, ""paired_difference_standard_error"": 0.00034963695960820834}, {""assumed_opponents"": 10000, ""assumed_crowd_concentration"": 1.0, ""simulated_prize_share"": 0.0007449621413117423, ""baseline_simulated_prize_share"": 0.0003001501764176234, ""paired_difference_standard_error"": 0.00012513825938994023}, {""assumed_opponents"": 100, ""assumed_crowd_concentration"": 2.5, ""simulated_prize_share"": 0.030411216749556567, ""baseline_simulated_prize_share"": 0.015752523235203285, ""paired_difference_standard_error"": 0.000914826452115503}, {""assumed_opponents"": 1000, ""assumed_crowd_concentration"": 2.5, ""simulated_prize_share"": 0.008091565290319696, ""baseline_simulated_prize_share"": 0.0013433353594768489, ""paired_difference_standard_error"": 0.00042290875020855006}, {""assumed_opponents"": 10000, ""assumed_crowd_concentration"": 2.5, ""simulated_prize_share"": 0.002136584903001863, ""baseline_simulated_prize_share"": 0.00011004755998388237, ""paired_difference_standard_error"": 0.00021033350513804497}, {""assumed_opponents"": 100, ""assumed_crowd_concentration"": 5.0, ""simulated_prize_share"": 0.04153155349811974, ""baseline_simulated_prize_share"": 0.01030449773308504, ""paired_difference_standard_error"": 0.0010120261767051094}, {""assumed_opponents"": 1000, ""assumed_crowd_concentration"": 5.0, ""simulated_prize_share"": 0.015199388819004891, ""baseline_simulated_prize_share"": 0.0006837057373383399, ""paired_difference_standard_error"": 0.0005844019114812402}, {""assumed_opponents"": 10000, ""assumed_crowd_concentration"": 5.0, ""simulated_prize_share"": 0.005604836086179553, ""baseline_simulated_prize_share"": 3.976051498806281e-05, ""paired_difference_standard_error"": 0.00035156655075101027}]","[{""match_id"": ""6bdc604dfa612cc8bac7"", ""tip_home"": 2, ""tip_away"": 0}, {""match_id"": ""279be235ae7a83307c82"", ""tip_home"": 1, ""tip_away"": 1}, {""match_id"": ""37a16ef0357a7ad3b871"", ""tip_home"": 0, ""tip_away"": 1}, {""match_id"": ""a46168a894884d2573e0"", ""tip_home"": 1, ""tip_away"": 2}, {""match_id"": ""af0f3664ee3f615dfa3e"", ""tip_home"": 1, ""tip_away"": 1}, {""match_id"": ""b7439f2012f84bf18f5e"", ""tip_home"": 1, ""tip_away"": 1}, {""match_id"": ""ed510e9259145f68cd10"", ""tip_home"": 0, ""tip_away"": 0}, {""match_id"": ""53d27d45bf321ce63b86"", ""tip_home"": 1, ""tip_away"": 1}, {""match_id"": ""e19bb3b98f72fa7dab36"", ""tip_home"": 2, ""tip_away"": 1}]"
2022-05-03,10,10,6,-4.622017471673759,-6.950757232293659,"[{""assumed_opponents"": 100, ""assumed_crowd_concentration"": 1.0, ""simulated_prize_share"": 0.02848877964844637, ""baseline_simulated_prize_share"": 0.02467823037114458, ""paired_difference_standard_error"": 0.0009501001663819235}, {""assumed_opponents"": 1000, ""assumed_crowd_concentration"": 1.0, ""simulated_prize_share"": 0.005228797932825871, ""baseline_simulated_prize_share"": 0.0025135279324744273, ""paired_difference_standard_error"": 0.0003600467860060591}, {""assumed_opponents"": 10000, ""assumed_crowd_concentration"": 1.0, ""simulated_prize_share"": 0.0009070400123982211, ""baseline_simulated_prize_share"": 0.0002694005195721536, ""paired_difference_standard_error"": 0.00014121747586167552}, {""assumed_opponents"": 100, ""assumed_crowd_concentration"": 2.5, ""simulated_prize_share"": 0.03723077211781933, ""baseline_simulated_prize_share"": 0.012451173679991899, ""paired_difference_standard_error"": 0.0009516090804696102}, {""assumed_opponents"": 1000, ""assumed_crowd_concentration"": 2.5, ""simulated_prize_share"": 0.009425351631684759, ""baseline_simulated_prize_share"": 0.0008597792615099638, ""paired_difference_standard_error"": 0.0004363722265576427}, {""assumed_opponents"": 10000, ""assumed_crowd_concentration"": 2.5, ""simulated_prize_share"": 0.0021762799269551157, ""baseline_simulated_prize_share"": 8.514903410134719e-05, ""paired_difference_standard_error"": 0.00020569906685253978}, {""assumed_opponents"": 100, ""assumed_crowd_concentration"": 5.0, ""simulated_prize_share"": 0.057560568743472464, ""baseline_simulated_prize_share"": 0.006085217268556935, ""paired_difference_standard_error"": 0.00112775745414316}, {""assumed_opponents"": 1000, ""assumed_crowd_concentration"": 5.0, ""simulated_prize_share"": 0.02082989133412408, ""baseline_simulated_prize_share"": 0.00022676708639345953, ""paired_difference_standard_error"": 0.0006670752560256308}, {""assumed_opponents"": 10000, ""assumed_crowd_concentration"": 5.0, ""simulated_prize_share"": 0.006945783769568021, ""baseline_simulated_prize_share"": 3.2306592248439905e-05, ""paired_difference_standard_error"": 0.00038396594389771514}]","[{""match_id"": ""60d312c2d6828b2878d3"", ""tip_home"": 0, ""tip_away"": 1}, {""match_id"": ""11df66df3a7ba7223f3e"", ""tip_home"": 1, ""tip_away"": 1}, {""match_id"": ""1355626011f8411d882a"", ""tip_home"": 1, ""tip_away"": 1}, {""match_id"": ""6b599d12d9c8908738e4"", ""tip_home"": 1, ""tip_away"": 1}, {""match_id"": ""72c87803105e9870cb35"", ""tip_home"": 1, ""tip_away"": 3}, {""match_id"": ""ed1c493943cfbf95e480"", ""tip_home"": 1, ""tip_away"": 1}, {""match_id"": ""41f2fedca833b9f0cdc1"", ""tip_home"": 1, ""tip_away"": 1}, {""match_id"": ""9306d6089a7646107d5a"", ""tip_home"": 2, ""tip_away"": 0}, {""match_id"": ""a486c63a6758229fe30e"", ""tip_home"": 3, ""tip_away"": 0}]"
2022-05-10,14,5,5,-4.5136368252005745,-7.309033548057355,"[{""assumed_opponents"": 100, ""assumed_crowd_concentration"": 1.0, ""simulated_prize_share"": 0.02448176352325259, ""baseline_simulated_prize_share"": 0.026642796724127997, ""paired_difference_standard_error"": 0.000925291298828933}, {""assumed_opponents"": 1000, ""assumed_crowd_concentration"": 1.0, ""simulated_prize_share"": 0.005006145492004041, ""baseline_simulated_prize_share"": 0.0026335167051624365, ""paired_difference_standard_error"": 0.00035352945647035056}, {""assumed_opponents"": 10000, ""assumed_crowd_concentration"": 1.0, ""simulated_prize_share"": 0.0008287710812499302, ""baseline_simulated_prize_share"": 0.00013989267593357565, ""paired_difference_standard_error"": 0.00012515675151037283}, {""assumed_opponents"": 100, ""assumed_crowd_concentration"": 2.5, ""simulated_prize_share"": 0.03693999163225193, ""baseline_simulated_prize_share"": 0.01451187359157944, ""paired_difference_standard_error"": 0.0009739900020769539}, {""assumed_opponents"": 1000, ""assumed_crowd_concentration"": 2.5, ""simulated_prize_share"": 0.01129926794631142, ""baseline_simulated_prize_share"": 0.000781754084112449, ""paired_difference_standard_error"": 0.00048799901803593253}, {""assumed_opponents"": 10000, ""assumed_crowd_concentration"": 2.5, ""simulated_prize_share"": 0.003147412280720864, ""baseline_simulated_prize_share"": 2.0100463978689196e-05, ""paired_difference_standard_error"": 0.00024938434553744947}, {""assumed_opponents"": 100, ""assumed_crowd_concentration"": 5.0, ""simulated_prize_share"": 0.05852399115643059, ""baseline_simulated_prize_share"": 0.009694830612207994, ""paired_difference_standard_error"": 0.0011829474088931769}, {""assumed_opponents"": 1000, ""assumed_crowd_concentration"": 5.0, ""simulated_prize_share"": 0.025583486813664895, ""baseline_simulated_prize_share"": 0.00036767863130184253, ""paired_difference_standard_error"": 0.0007683347966536015}, {""assumed_opponents"": 10000, ""assumed_crowd_concentration"": 5.0, ""simulated_prize_share"": 0.011407664523478071, ""baseline_simulated_prize_share"": 3.3855119268188775e-06, ""paired_difference_standard_error"": 0.0005138299536062654}]","[{""match_id"": ""01e2e2d587a16c84156a"", ""tip_home"": 1, ""tip_away"": 2}, {""match_id"": ""18b8ccfa9804b7d3d009"", ""tip_home"": 1, ""tip_away"": 1}, {""match_id"": ""1d4044fa30376e432abe"", ""tip_home"": 1, ""tip_away"": 1}, {""match_id"": ""2e8d8096f9b5fc3d8474"", ""tip_home"": 2, ""tip_away"": 0}, {""match_id"": ""79dbf8ff724d315aa814"", ""tip_home"": 1, ""tip_away"": 2}, {""match_id"": ""98078280c99ec93b8713"", ""tip_home"": 1, ""tip_away"": 1}, {""match_id"": ""99b1dabbd9662758934b"", ""tip_home"": 0, ""tip_away"": 1}, {""match_id"": ""bb36daa175d5297c355f"", ""tip_home"": 1, ""tip_away"": 1}, {""match_id"": ""cd5466fb76bc7959f810"", ""tip_home"": 1, ""tip_away"": 1}]"
