match_id,competition,season,match_date,as_of,home_team,away_team,actual_home,actual_away,lambda_home,lambda_away,prob_home,prob_draw,prob_away,tip_home,tip_away,tip_points,log_loss,brier_score,home_form,away_form,home_venue_form,away_venue_form,h2h,market_log_ratio,market_decay,home_season_matches,away_season_matches,home_log_adjustment,away_log_adjustment,book_prob_home,book_prob_draw,book_prob_away,bookmaker_weight,home_external_prior,away_external_prior,rho,home_advantage,training_matches
e9574cae608420c8d656,D1,2020,2020-09-18,2020-09-15,Bayern München,FC Schalke 04,8,0,3.4999428855313597,0.5349455500628748,0.878584830380381,0.0826279089831419,0.0387872606364769,3,0,2,4.6394754205835085,0.0230734663443692,0.7404353255572822,-0.5277419192492891,0.6839234008344168,-0.4980025805202027,0.3684143839243114,1.4550233635184258,1.0,0.0,0.0,0.1552269318023689,-0.1445922614869692,0.878584830380381,0.0826279089831419,0.0387872606364769,1.0,False,False,-0.1227286493432931,0.1666551210976396,1809
39486ae9cd2548c8619d,D1,2020,2020-09-19,2020-09-15,1. FC Union Berlin,FC Augsburg,1,3,1.5094144948910504,1.3154903156255615,0.4075739765932438,0.2934532631471354,0.2989727602596208,2,1,0,3.439959358485927,0.743670554905747,0.1175233389808475,-0.1912365519588818,0.2000151397494792,-0.1010973851806041,0.0971933214792143,-0.6601136237307919,1.0,0.0,0.0,0.0096709869767197,-0.0133566476256214,0.4075739765932437,0.2934532631471354,0.2989727602596208,1.0,False,False,-0.1227286493432931,0.1666551210976396,1809
4b31b178fd9bc8bcd811,D1,2020,2020-09-19,2020-09-15,Eintracht Frankfurt,Arminia Bielefeld,1,1,1.741184275645869,1.302099908206073,0.5780869340421886,0.2276475993244895,0.1942654666333219,2,1,0,2.2472595272838554,0.9684518056657844,0.3723909640305489,0.0,0.1490068367108449,0.0,0.0,0.0,1.0,0.0,0.0,0.0372390964030548,-0.0186195482015274,0.5780869340421886,0.2276475993244895,0.194265466633322,1.0,False,True,-0.1227286493432931,0.1666551210976396,1809
65ce0ba12fabe4003aad,D1,2020,2020-09-19,2020-09-15,1. FC Köln,TSG 1899 Hoffenheim,2,3,1.3585674128292538,2.2187126685455527,0.3668266582736643,0.2649303643087576,0.3682429774175781,2,1,0,3.476226633222339,0.6038668307352014,-0.4642642203925075,0.4540179974089082,-0.1913715499102847,0.3203882370251751,-0.272735865116547,-0.8595660353544179,1.0,0.0,0.0,-0.1042532660493839,0.1037409549002039,0.3668266582736643,0.2649303643087576,0.3682429774175781,1.0,False,False,-0.1227286493432931,0.1666551210976396,1809
735ce7b57a704e954680,D1,2020,2020-09-19,2020-09-15,Borussia Dortmund,Borussia Mönchengladbach,3,0,2.062568621835767,1.2706807820548869,0.586225309918204,0.2191622144877689,0.1946124755940269,2,1,2,2.8803840955556845,0.2571155860683048,0.1052940516858811,0.3078601998515586,-0.0032359173775936,0.1429046733510876,0.2153113107273329,0.6310168484248573,1.0,0.0,0.0,0.0216773819229982,-0.0010196693461262,0.5862253099182041,0.2191622144877689,0.194612475594027,1.0,False,False,-0.1227286493432931,0.1666551210976396,1809
9b949e4ae4f369381522,D1,2020,2020-09-19,2020-09-15,Stuttgart,SC Freiburg,2,3,1.610426062673373,1.2385651574763286,0.4229017967019443,0.274643120846665,0.3024550824513905,2,1,0,3.661430990393638,0.7408436854800249,-0.0581262995548306,0.1330768567617761,0.2106537915045683,-0.2794504381930677,0.1044526914368043,-0.1837441099692346,1.0,0.0,0.0,-0.0118374409709625,0.0155849688313097,0.4229017967019444,0.274643120846665,0.3024550824513906,1.0,True,False,-0.1227286493432931,0.1666551210976396,1809
a2625d748b1d8692a879,D1,2020,2020-09-19,2020-09-15,SV Werder Bremen,Hertha BSC,1,4,1.5993109012356967,1.3643346879795135,0.3642592063945189,0.2742411266533446,0.3614996669521362,1,2,2,4.285076235186066,0.6155756402934935,0.004997180322533,-0.1200868084684601,-0.2440811445715221,-0.1748066642711832,0.0454431868804436,0.0,1.0,0.0,0.0,0.0087762177996984,-0.0145306992069948,0.364259206394519,0.2742411266533447,0.3614996669521363,1.0,False,False,-0.1227286493432931,0.1666551210976396,1809
54baf27606c75ae9ab55,D1,2020,2020-09-20,2020-09-15,RB Leipzig,1. FSV Mainz 05,3,1,2.5899977033830135,0.82509496128015,0.6979990693345743,0.1744997673336435,0.1275011633317822,2,0,3,2.6080731766568275,0.1379112775732367,0.193102205359656,0.0335916246282553,-0.1758340052638781,0.0506416443463482,0.2287699572855629,1.379970434816363,1.0,0.0,0.0,0.06356839803924,-0.0522337065398444,0.6979990693345742,0.1744997673336435,0.1275011633317822,1.0,False,False,-0.1227286493432931,0.1666551210976396,1809
dae8c457023e628e3f3e,D1,2020,2020-09-20,2020-09-15,VfL Wolfsburg,Bayer 04 Leverkusen,0,0,1.409527975006314,1.5779223276359513,0.3300965506347859,0.2773194858530615,0.3925839635121528,1,2,0,2.719988293056884,0.7853530266755787,-0.0894198230467084,0.1154439400403493,-0.3310307504714812,0.1144752371867003,0.0034828084466157,0.0,1.0,0.0,0.0,-0.0145400388843575,0.0158412447340395,0.3300965506347859,0.2773194858530614,0.3925839635121527,1.0,False,False,-0.1227286493432931,0.1666551210976396,1809
b465d9cd1c89666e2c0f,D1,2020,2020-09-25,2020-09-22,Hertha BSC,Eintracht Frankfurt,1,3,1.5815620412999878,1.5466373337516082,0.4204736578935406,0.2556479839992727,0.3238783581071867,2,1,0,3.2580711685812007,0.6992944633411003,0.0471002536564886,0.2827742004550361,0.1278837170326983,0.1419238198616834,-0.05557231577707,0.0,0.9,1.0,1.0,-0.0122073004459564,0.0287010231515326,0.4204736578935406,0.2556479839992727,0.3238783581071867,1.0,False,False,-0.1323698540698896,0.167486779361265,1809
006520e7ae8781ec455b,D1,2020,2020-09-26,2020-09-22,Bayer 04 Leverkusen,RB Leipzig,1,1,1.4126625716361163,1.7035776153031326,0.3147818087736445,0.2613120220778474,0.423906169148508,1,2,0,2.121735748767428,0.8244439561036896,0.0318798365183491,0.2878574484030233,0.3411133985132854,0.512151637996241,-0.066761367778665,-0.1238821353424736,0.9,1.0,1.0,-0.0173303052024551,0.0333171694485237,0.3147818087736446,0.2613120220778474,0.423906169148508,1.0,False,False,-0.1323698540698896,0.167486779361265,1809
1f0ea5bc3ced2afce613,D1,2020,2020-09-26,2020-09-22,1. FSV Mainz 05,Stuttgart,1,4,1.436376624891727,1.4569041495489972,0.3940630331045651,0.2701508612218266,0.3357861056736083,2,1,0,4.287946854231995,0.6694472592946954,-0.0824256787348763,-0.1415023083120557,-0.1045163573685711,-0.5030767408507615,0.0826325370209295,0.4198163002712547,0.9,1.0,1.0,0.0124100411492648,-0.0236064405016114,0.3940630331045651,0.2701508612218265,0.3357861056736083,1.0,False,True,-0.1323698540698896,0.167486779361265,1809
207992bc9dec2b3a8d1e,D1,2020,2020-09-26,2020-09-22,Arminia Bielefeld,1. FC Köln,1,0,1.89524366390288,1.1437473380647378,0.3519846963175513,0.2709882179035694,0.3770270857788792,1,2,0,2.9830309549772003,0.635507871460123,-0.053030303030303,-0.5013568909374254,0.0,-0.358548819257236,0.0,0.0,0.9,1.0,1.0,0.0197648142438409,-0.0474841739422273,0.3519846963175513,0.2709882179035694,0.3770270857788791,1.0,True,False,-0.1323698540698896,0.167486779361265,1809
2de96bd0a87ca8a2bd86,D1,2020,2020-09-26,2020-09-22,FC Schalke 04,SV Werder Bremen,1,3,1.3529983067037032,1.3773767524360991,0.3742604607577647,0.2774314462012499,0.3483080930409853,2,1,0,3.2957870281311568,0.6417414414238084,-0.5590702577005251,-0.1487308255408781,-0.3936119802887743,0.1198473478344293,-0.1064450993965309,0.4737998263565717,0.9,1.0,1.0,-0.0431322433698122,0.0077421892077421,0.3742604607577647,0.27743144620125,0.3483080930409853,1.0,False,False,-0.1323698540698896,0.167486779361265,1809
63264b48d030e54d565a,D1,2020,2020-09-26,2020-09-22,FC Augsburg,Borussia Dortmund,2,0,1.1109504522920255,2.550932148907093,0.1362709840431316,0.1976211988509315,0.6661078171059369,1,2,0,4.1411668001740125,1.2287815752507358,-0.0274292229094126,0.2353028762977581,-0.3534456946214993,0.6398421997440346,-0.1778526943207768,-1.5865928783329957,0.9,1.0,1.0,-0.0590990405843604,0.0694927232537777,0.1362709840431316,0.1976211988509315,0.666107817105937,1.0,False,False,-0.1323698540698896,0.167486779361265,1809
ecc12c194f63fd48de99,D1,2020,2020-09-26,2020-09-22,Borussia Mönchengladbach,1. FC Union Berlin,1,1,2.1479293997115265,0.8563036457310703,0.6624162949723837,0.2069152851974473,0.1306684198301688,2,1,0,2.3156508684915664,1.0848529486392997,0.1230889696635554,-0.0135735259611113,0.4001285298007427,-0.2266103501287507,0.0704649571263155,1.6156896536389302,0.9,1.0,1.0,0.0528638383276028,-0.0473880661424806,0.6624162949723837,0.2069152851974474,0.1306684198301688,1.0,False,False,-0.1323698540698896,0.167486779361265,1809
53deb31f7a7e82437422,D1,2020,2020-09-27,2020-09-22,TSG 1899 Hoffenheim,Bayern München,4,1,1.0633257860768155,2.7681095709405437,0.090405205466376,0.1371080388819066,0.7724867556517174,0,2,0,5.948750328360691,1.442897092226024,0.529159441177761,0.7530169848249483,-0.0133778836777557,0.7438638096291245,-0.1973232265789804,-1.3634944692505726,0.9,1.0,1.0,-0.0252796920105582,0.0893885133106937,0.090405205466376,0.1371080388819065,0.7724867556517173,1.0,False,False,-0.1323698540698896,0.167486779361265,1809
e3804d13ebcf6cc77528,D1,2020,2020-09-27,2020-09-22,SC Freiburg,VfL Wolfsburg,1,1,1.3452342959714445,1.2996014148954913,0.3108108108108107,0.2756756756756757,0.4135135135135135,1,2,0,2.0265422779798308,0.7922425127830531,0.2859358940757903,-0.0726949637126112,0.3377853365290847,0.4010680278204033,0.0071155192620566,0.0,0.9,1.0,1.0,0.0325841135563124,-0.0219220670381534,0.3108108108108108,0.2756756756756757,0.4135135135135135,1.0,False,False,-0.1323698540698896,0.167486779361265,1809
a64f7ab789c3d79276da,D1,2020,2020-10-02,2020-09-29,1. FC Union Berlin,1. FSV Mainz 05,4,0,1.4326926034533445,1.2715492865037803,0.4471995049837106,0.2688221743441406,0.2839783206721485,2,1,2,4.310913879917516,0.4584974353211398,-0.0338461168485789,-0.2204468877489436,-0.0126995074932404,-0.0717536792287476,0.0435435869126619,-0.6320147125084324,0.8,2.0,2.0,-0.0028253822019462,-0.0098892680279298,0.4471995049837107,0.2688221743441407,0.2839783206721486,1.0,False,False,-0.1405583276978232,0.1667228800807846,1800
1ac75c4eeccb9ec5eec3,D1,2020,2020-10-03,2020-09-29,RB Leipzig,FC Schalke 04,4,0,2.597428934026266,0.7088266571819173,0.7567456942618962,0.1552930903534184,0.0879612153846853,2,0,2,2.6826335830712043,0.0910257765835928,0.2134283688181526,-0.5752366439457137,0.0286324007428911,-0.5613593134235604,0.0776103809549449,0.8545880640265128,0.8,2.0,2.0,0.0710769494073784,-0.0891673631637565,0.7567456942618962,0.1552930903534184,0.0879612153846853,1.0,False,False,-0.1405583276978232,0.1667228800807846,1800
258587c7bb9a81d44cc4,D1,2020,2020-10-03,2020-09-29,SV Werder Bremen,Arminia Bielefeld,1,0,1.0095881492621646,1.1012299869996751,0.4445218023035825,0.2672125440813669,0.2882656536150504,1,0,4,1.904170802872944,0.463055658884609,0.0140691962825641,0.1962497212478747,-0.3296880296090869,-0.053030303030303,0.0,0.0,0.8,2.0,2.0,-0.0084055664341373,0.0189215123106592,0.4445218023035825,0.267212544081367,0.2882656536150504,1.0,False,True,-0.1405583276978232,0.1667228800807846,1800
6bb5f8c311cff3c0b98f,D1,2020,2020-10-03,2020-09-29,Eintracht Frankfurt,TSG 1899 Hoffenheim,2,1,1.713060317704053,1.7949400888392075,0.4007234288030682,0.2634590498760503,0.3358175213208813,2,1,4,2.4299655562747686,0.5413164873732429,0.3680480254020075,0.5830146414858954,0.0594126673071876,0.4395940418884478,0.1156034886651451,-0.0920396716821656,0.8,2.0,2.0,0.0115934514655199,0.0359596818788752,0.4007234288030683,0.2634590498760504,0.3358175213208812,1.0,False,False,-0.1405583276978232,0.1667228800807846,1800
a633111e5ecd90deea5a,D1,2020,2020-10-03,2020-09-29,Borussia Dortmund,SC Freiburg,4,0,2.490048315100906,0.9491840047075129,0.7342914731399526,0.1631758829199895,0.1025326439400578,2,0,2,2.919109014837334,0.1077403330861933,0.0764157237356709,0.211852049865034,0.1429571709993243,-0.1093275501094845,0.1663608948501924,1.8507639798573752,0.8,2.0,2.0,0.0423822942199725,-0.0279689055399372,0.7342914731399527,0.1631758829199895,0.1025326439400578,1.0,False,False,-0.1405583276978232,0.1667228800807846,1800
c4a26fb54979513b3eab,D1,2020,2020-10-03,2020-09-29,1. FC Köln,Borussia Mönchengladbach,1,3,1.1888497740729913,2.000231834623993,0.2452831464168137,0.2471894921143537,0.5075273614688327,1,2,2,2.8046371395890763,0.363795766629734,-0.5084147677766228,0.0782629601525743,-0.32091975497135,-0.0356004331511778,-0.0737760642922136,-1.2263297114272125,0.8,2.0,2.0,-0.0829700222284459,0.0614624318472435,0.2452831464168137,0.2471894921143537,0.5075273614688326,1.0,False,False,-0.1405583276978232,0.1667228800807846,1800
eb5ee0d32d31a6eabd07,D1,2020,2020-10-03,2020-09-29,Stuttgart,Bayer 04 Leverkusen,1,1,1.0951858614044498,1.523420168638754,0.257821757692955,0.242732952535352,0.4994452897716929,0,1,0,2.1528626469574883,0.8893710373908406,0.0729587319940449,0.0301261701895457,0.0523022166281295,0.0912526286229106,-0.1356525803410054,-1.675904599745144,0.8,2.0,2.0,-0.0345111563220259,0.0396654014312054,0.257821757692955,0.242732952535352,0.4994452897716929,1.0,True,False,-0.1405583276978232,0.1667228800807846,1800
61d101a4ebb46fcf2a60,D1,2020,2020-10-04,2020-09-29,VfL Wolfsburg,FC Augsburg,0,0,1.7218302196682027,1.152232324414241,0.4718476135293691,0.2677337582385746,0.2604186282320561,2,1,0,2.6345060182388735,0.826671881147029,-0.1257718925599727,0.1503740907088777,-0.274211684366198,0.1133120448432533,0.128360877248595,0.0,0.8,2.0,2.0,-0.0136778499290114,0.0149079598364566,0.4718476135293692,0.2677337582385747,0.2604186282320562,1.0,False,False,-0.1405583276978232,0.1667228800807846,1800
df8ea8da2933c2f291f0,D1,2020,2020-10-04,2020-09-29,Bayern München,Hertha BSC,4,3,3.3444243535737437,0.75686369972193,0.8220767158729632,0.1153094305214796,0.0626138536055572,2,0,2,5.111224839804859,0.0488734544650763,0.4280993660390411,-0.0980293594786177,0.7066582549387397,0.0088410902443755,0.0883168652250875,0.0,0.8,2.0,2.0,0.0521272478390893,-0.0356237475110682,0.822076715872963,0.1153094305214797,0.0626138536055572,1.0,False,False,-0.1405583276978232,0.1667228800807846,1800
198373aabbe80ed9ccbb,D1,2020,2020-10-17,2020-10-13,TSG 1899 Hoffenheim,Borussia Dortmund,0,1,1.5874565109988614,1.9988787874046996,0.2368184989534535,0.2209209608292634,0.5422605402172831,1,2,3,3.0007790064448514,0.3144144854224653,0.3209660860135347,0.2082982283685668,0.1981195452579889,0.3481061803491858,0.1752297679102965,-0.997780524497652,0.7,3.0,3.0,0.012982026399731,0.013481189319374,0.2368184989534535,0.2209209608292634,0.542260540217283,1.0,False,False,-0.1474358186225901,0.1776404488814226,1800
4768e765cdd7788e80b3,D1,2020,2020-10-17,2020-10-13,SC Freiburg,SV Werder Bremen,1,1,1.5468625324536478,1.3483480940534085,0.4222556390977442,0.2718796992481204,0.3058646616541352,2,1,0,2.05429352696663,0.8020121883656506,0.0410153552754748,0.1949391715274403,0.2175890796514216,0.2343933677542781,-0.0477849284366711,-0.2876547347352987,0.7,3.0,3.0,-0.0130686273285258,0.0248663536686715,0.4222556390977444,0.2718796992481203,0.3058646616541353,1.0,False,False,-0.1474358186225901,0.1776404488814226,1800
4d07e9a27a4eb82f5728,D1,2020,2020-10-17,2020-10-13,1. FSV Mainz 05,Bayer 04 Leverkusen,0,1,1.0992413876970126,1.951313282357955,0.1863708576492284,0.2197890804001246,0.593840061950647,1,2,3,2.49448319902371,0.2480072317202956,-0.3136147476138112,-0.0347946120967373,-0.2151981002128238,0.0153495829436831,-0.1757110351763945,-1.2560882994738896,0.7,3.0,3.0,-0.060388841156157,0.0429683731706296,0.1863708576492284,0.2197890804001245,0.593840061950647,1.0,False,False,-0.1474358186225901,0.1776404488814226,1800
5a82c582bc1caa8a2ecd,D1,2020,2020-10-17,2020-10-13,Borussia Mönchengladbach,VfL Wolfsburg,1,1,1.650860584136225,1.0463063591212125,0.5136219521526644,0.2481394366244041,0.2382386112229316,2,1,0,2.130914734013972,0.8858594523700134,0.1936507553024234,-0.1058305860876395,0.2654166708093298,0.2661873742517565,0.0171158362370852,0.0,0.7,3.0,3.0,0.0255123966464785,-0.0211213881857393,0.5136219521526644,0.248139436624404,0.2382386112229316,1.0,False,False,-0.1474358186225901,0.1776404488814226,1800
67596e278f6813f56aaf,D1,2020,2020-10-17,2020-10-13,Arminia Bielefeld,Bayern München,1,4,0.580987687315338,1.9046156086573756,0.0698616164769124,0.1240879682054343,0.8060504153176533,0,1,2,3.455730367050325,0.0578949107085748,-0.0295184386444622,0.4644711014598966,0.28,0.4172759583169245,0.0,0.0,0.7,3.0,3.0,-0.026175398937441,0.0479230320782127,0.0698616164769124,0.1240879682054343,0.8060504153176533,1.0,True,False,-0.1474358186225901,0.1776404488814226,1800
ac9ec263deb90665e132,D1,2020,2020-10-17,2020-10-13,Hertha BSC,Stuttgart,0,2,1.527847026980951,1.1311063348791568,0.4631128242753423,0.2503969601068781,0.2864902156177793,2,1,0,3.0219327111010457,0.7862683380482127,-0.2410331214638055,0.0571951715555007,-0.0317598282903647,-0.1969682720990617,0.0396628247196225,0.0,0.7,3.0,3.0,-0.0249799294881744,0.0157880319927592,0.4631128242753425,0.2503969601068781,0.2864902156177794,1.0,False,True,-0.1474358186225901,0.1776404488814226,1800
f1cc9e05f9b19b0f86f0,D1,2020,2020-10-17,2020-10-13,FC Augsburg,RB Leipzig,0,2,1.0324969160382784,2.1932789677799605,0.1655891733471252,0.2110162916989915,0.6233945349538832,1,2,2,2.3492798363023626,0.21377932599478,0.1240164618965423,0.3240092798391027,-0.1538656487247442,0.4207953749460916,-0.1273959559911351,-1.3518715235940033,0.7,3.0,3.0,-0.0338263672647527,0.0562276543515349,0.1655891733471252,0.2110162916989914,0.6233945349538833,1.0,False,False,-0.1474358186225901,0.1776404488814226,1800
56b3ef766ac95e715088,D1,2020,2020-10-18,2020-10-13,1. FC Köln,Eintracht Frankfurt,1,1,1.4416620136957403,2.0325540381925835,0.3012459310809294,0.2518352228083961,0.4469188461106747,1,2,0,2.2184441097315317,0.8502360998318752,-0.5303674200959978,0.4152088635596797,-0.3732438975274775,0.2893003793414815,0.019503160861788,-0.7675263636722522,0.7,3.0,3.0,-0.0862537385087587,0.0804958106819428,0.3012459310809294,0.251835222808396,0.4469188461106746,1.0,False,False,-0.1474358186225901,0.1776404488814226,1800
db04b320821d27c83803,D1,2020,2020-10-18,2020-10-13,FC Schalke 04,1. FC Union Berlin,1,1,1.2676471103805609,1.3155183905446497,0.337624757346205,0.2947683639988538,0.3676068786549413,1,1,4,1.9583773915760216,0.7464769544243657,-0.6046613285713517,0.1879581988914548,-0.49967282234561,-0.1819224690980836,0.0437793623103783,1.1573970832982825,0.7,3.0,3.0,-0.047420625728469,0.0265854692444742,0.3376247573462049,0.2947683639988538,0.3676068786549412,1.0,False,False,-0.1474358186225901,0.1776404488814226,1800
73c4f9d03526876bf3d1,D1,2020,2020-10-23,2020-10-20,Stuttgart,1. FC Köln,1,1,2.016615080393477,1.2387652952389232,0.4992390116344396,0.2451506144087273,0.255610373956833,2,1,0,2.193773196056602,0.8843738489396059,0.2464797602159754,-0.4577904199762945,0.0435646361581755,-0.38794952296484,0.0512326470060076,-0.17716152997454,0.6,4.0,4.0,0.0474417064210945,-0.0580072394091105,0.4992390116344395,0.2451506144087273,0.255610373956833,1.0,True,False,-0.1478878584876242,0.1678133934632128,1800
174983d5161f5ed09476,D1,2020,2020-10-24,2020-10-20,Borussia Dortmund,FC Schalke 04,3,0,2.8870628219534993,0.7391288956902433,0.7885914757528026,0.1395022932252765,0.0719062310219209,2,0,2,2.2543905723815847,0.0693249599992667,0.2907899259166047,-0.5187363398346229,0.2628845301988594,-0.6133330814653172,0.0480034631276984,1.089309418765505,0.6,4.0,4.0,0.0737556240212591,-0.08515294471716,0.7885914757528026,0.1395022932252764,0.0719062310219209,1.0,False,False,-0.1478878584876242,0.1678133934632128,1800
33cf665bf690430a7cb1,D1,2020,2020-10-24,2020-10-20,1. FSV Mainz 05,Borussia Mönchengladbach,2,3,1.030333875800864,1.8692592272884716,0.1981110771262531,0.2300952751201301,0.571793647753617,1,2,3,3.4169475921205508,0.275552514616886,-0.4178854375897343,0.1562031054634616,-0.2970391465703835,0.1002445880203522,-0.2268668551183727,-0.9836749411304978,0.6,4.0,4.0,-0.0756971659050226,0.0626130492987089,0.1981110771262531,0.2300952751201301,0.5717936477536169,1.0,False,False,-0.1478878584876242,0.1678133934632128,1800
84b76ec0bfb1d857ea55,D1,2020,2020-10-24,2020-10-20,Bayern München,Eintracht Frankfurt,5,0,3.378917349300415,0.9174718878727672,0.7831021291841145,0.1315956746011873,0.0853021962146982,3,1,2,3.050427240370262,0.071638572617257,0.5299485092938981,0.3412697895663069,0.7364091767803567,0.2412973428300394,0.2446294608265171,1.4555341409327385,0.6,4.0,4.0,0.0699958466063914,-0.0264349316633811,0.7831021291841146,0.1315956746011873,0.0853021962146981,1.0,False,False,-0.1478878584876242,0.1678133934632128,1800
8dbdb7d4f8047dcfef29,D1,2020,2020-10-24,2020-10-20,1. FC Union Berlin,SC Freiburg,1,1,1.3933935179264594,1.2666121070128056,0.4194554195293797,0.279226921504895,0.3013176589657254,2,1,0,2.0134343500080183,0.7862490112604639,0.1314774824051843,-0.0258618285726386,0.1986760412268203,-0.2158301572335121,-0.01213629720541,-0.3959425222064121,0.6,4.0,4.0,0.0078948869757836,-0.0026141042841564,0.4194554195293797,0.279226921504895,0.3013176589657253,1.0,False,False,-0.1478878584876242,0.1678133934632128,1800
a504c483325b4ae4268b,D1,2020,2020-10-24,2020-10-20,RB Leipzig,Hertha BSC,2,1,2.5970983032576096,0.8750559711772278,0.6496068730761646,0.1997744986238414,0.1506186282999939,2,0,2,2.510243166002847,0.1853711648868419,0.4386715199758724,-0.3143395365673148,0.1690998790900568,-0.1500487785543472,0.2503158445927979,0.0,0.6,4.0,4.0,0.0720999210555928,-0.0658833218851649,0.6496068730761646,0.1997744986238414,0.1506186282999939,1.0,False,False,-0.1478878584876242,0.1678133934632128,1800
b4194665b5d7923835be,D1,2020,2020-10-25,2020-10-20,VfL Wolfsburg,Arminia Bielefeld,2,1,1.3742180840820326,0.8581799528880538,0.5654703251180015,0.2456670564137333,0.1888626184682653,1,0,3,2.259124690362725,0.2848374296147332,-0.1463247461590258,-0.2168949889791401,-0.2476568133129908,-0.2307292472624144,0.0,0.0,0.6,4.0,4.0,-0.0037877251669455,-0.0143732615899627,0.5654703251180014,0.2456670564137332,0.1888626184682653,1.0,False,True,-0.1478878584876242,0.1678133934632128,1800
daeef9e32274d34b2c7a,D1,2020,2020-10-25,2020-10-20,SV Werder Bremen,TSG 1899 Hoffenheim,1,1,1.4506448625842177,1.8359125257972633,0.3184931506849314,0.256849315068493,0.4246575342465752,1,2,0,2.1655042405661433,0.8340448489397636,0.1572600388460968,0.1427952920161618,-0.0903717692438354,0.240109998431267,-0.1244005684052029,-0.5653287206244246,0.6,4.0,4.0,-0.0061137199458249,0.0211164864889378,0.3184931506849315,0.2568493150684932,0.4246575342465754,1.0,False,False,-0.1478878584876242,0.1678133934632128,1800
405d2224995b82e11873,D1,2020,2020-10-26,2020-10-20,Bayer 04 Leverkusen,FC Augsburg,3,1,2.1997461933122375,0.9953302526886826,0.5828131101736401,0.228663516910232,0.188523372916128,2,1,2,2.710631852756714,0.2618729671444207,0.1515397273954668,-0.0349322744092556,0.2136897375855457,0.0969278897962441,0.2702667736034577,1.2279893882515298,0.6,4.0,4.0,0.0488337659639553,-0.0430033933146447,0.5828131101736399,0.2286635169102319,0.188523372916128,1.0,False,False,-0.1478878584876242,0.1678133934632128,1800
fb1c52f4220959dc0630,D1,2020,2020-10-30,2020-10-27,FC Schalke 04,Stuttgart,1,1,1.2106877291399605,1.427177669732126,0.3044017499612421,0.2656137153401422,0.4299845346986157,1,2,0,2.062420327663893,0.8168703405559614,-0.578367949252132,0.1426878872011244,-0.4326105562032189,0.0379805011814827,0.1430368281253763,0.9451986710611048,0.5,5.0,5.0,-0.0460043644907367,0.0242203613881864,0.3044017499612422,0.2656137153401421,0.4299845346986157,1.0,False,True,-0.1595176844349582,0.17362660344514,1800
4c0e44f28d1d2fdb07bf,D1,2020,2020-10-31,2020-10-27,FC Augsburg,1. FSV Mainz 05,3,1,1.7278602759931925,1.207663255802262,0.4710092953350321,0.264129521969645,0.2648611826953227,2,1,2,2.9128835595189,0.4197470160966174,-0.20212044364097,-0.4432549178674198,-0.2628887945539227,-0.2518039047713537,0.1951255861929609,0.0280989112223596,0.5,5.0,5.0,0.0120582172292015,-0.044326985304621,0.4710092953350321,0.2641295219696451,0.2648611826953227,1.0,False,False,-0.1595176844349582,0.17362660344514,1800
76ef1f26c82c973023a3,D1,2020,2020-10-31,2020-10-27,Arminia Bielefeld,Borussia Dortmund,0,2,0.8393634052849587,2.018720585911432,0.1272251577489354,0.1921202482942595,0.6806545939568049,0,1,2,2.073731356266577,0.1550779189297825,-0.309902665949311,0.3907864348120168,-0.053814973501784,0.4623320507929495,0.0,0.0,0.5,5.0,5.0,-0.0505295883355319,0.0545737767786672,0.1272251577489355,0.1921202482942595,0.680654593956805,1.0,True,False,-0.1595176844349582,0.17362660344514,1800
79e58ca7be719664a12a,D1,2020,2020-10-31,2020-10-27,1. FC Köln,Bayern München,1,2,0.8404295691375429,3.7028657110125978,0.0686896631221002,0.1186766951961038,0.8126336416817959,0,3,2,2.8583542786217535,0.0539085800319222,-0.3781971229768395,0.5869766764491113,-0.3723228091787072,0.4879179302526265,-0.317628423871862,-2.2230605046049905,0.5,5.0,5.0,-0.110838223621295,0.1212772012949086,0.0686896631221002,0.1186766951961038,0.812633641681796,1.0,False,False,-0.1595176844349582,0.17362660344514,1800
7e98befc507719265887,D1,2020,2020-10-31,2020-10-27,Borussia Mönchengladbach,RB Leipzig,1,0,1.2988696469466086,1.6772224583730944,0.3229126953869615,0.2633117295717372,0.4137755750413013,1,2,0,2.8817297824733235,0.6989905114989687,0.3049071735376087,0.4764585476126848,0.1950194055417419,0.518068575762053,-0.1533832882362395,-0.3962954936858651,0.5,5.0,5.0,-0.0059550681097586,0.0450233541672733,0.3229126953869615,0.2633117295717372,0.4137755750413013,1.0,False,False,-0.1595176844349582,0.17362660344514,1800
cddee36e8b97a1a5557b,D1,2020,2020-10-31,2020-10-27,Eintracht Frankfurt,SV Werder Bremen,1,1,1.8913066054336192,1.3133767475382747,0.5461844424551723,0.2325602857169224,0.2212552718279054,2,1,0,2.244124087743268,0.9362350555505994,0.0836991150528967,0.0628683263297623,0.1620243672004208,0.1896257109538349,0.094555604198758,0.4732890489422591,0.5,5.0,5.0,0.0158703885105177,-0.0085420164413847,0.5461844424551722,0.2325602857169224,0.2212552718279053,1.0,False,False,-0.1595176844349582,0.17362660344514,1800
3db6a13f8e686c3992be,D1,2020,2020-11-01,2020-10-27,SC Freiburg,Bayer 04 Leverkusen,2,4,1.1334493552578413,1.7285109228992062,0.2567911180483875,0.2668613579718536,0.4763475239797588,1,2,2,4.332279567710377,0.411368578329252,-0.0439266459461357,0.2971886482715442,0.1791552937797734,0.1693042312281245,-0.1362105599415393,-1.4921604897759095,0.5,5.0,5.0,-0.0447146311274666,0.057377731243737,0.2567911180483875,0.2668613579718537,0.4763475239797588,1.0,False,False,-0.1595176844349582,0.17362660344514,1800
76e55e9fcebbd6fb99c8,D1,2020,2020-11-01,2020-10-27,Hertha BSC,VfL Wolfsburg,1,1,1.3266959406949286,1.42361038157146,0.3612141920616631,0.2748142556319281,0.3639715523064086,2,1,0,2.032530891250185,0.7888453472697712,-0.3516830853105612,0.0366770629063578,-0.1393505206197393,0.1588547397772279,-0.081852254723623,0.0,0.5,5.0,5.0,-0.0410947744125551,0.0253444732923449,0.3612141920616631,0.2748142556319282,0.3639715523064086,1.0,False,False,-0.1595176844349582,0.17362660344514,1800
d2a08d8c9d6a357be3ab,D1,2020,2020-11-02,2020-10-27,TSG 1899 Hoffenheim,1. FC Union Berlin,1,3,2.1158561099679263,1.047351840313723,0.5148910039914033,0.2474669941664109,0.237642001842186,2,1,0,3.694971252434026,0.9075423765482232,0.117799305372843,0.0483474526915197,0.0052230302238209,-0.2120603425869402,0.2451104695612253,1.2489259775661354,0.5,5.0,5.0,0.0372296561003462,-0.0289223181971281,0.5148910039914031,0.2474669941664108,0.237642001842186,1.0,False,False,-0.1595176844349582,0.17362660344514,1800
eac589e1804bb1e28be3,D1,2020,2020-11-06,2020-11-03,SV Werder Bremen,1. FC Köln,1,1,1.908600847213517,1.286280244011823,0.3925698965913442,0.2736772993379657,0.3337528040706899,2,1,0,2.0780950265136755,0.7930467234317782,0.04891765503263,-0.4073824556808575,-0.0701611443458812,-0.3843863536571808,0.1162122805894608,0.0065580423948888,0.4,6.0,6.0,0.0311370827407278,-0.0490603227731391,0.3925698965913443,0.2736772993379657,0.3337528040706899,1.0,False,False,-0.1631210901374947,0.1717034017682893,1800
0333d1b418a9384cf957,D1,2020,2020-11-07,2020-11-03,1. FC Union Berlin,Arminia Bielefeld,5,0,1.3756767444569629,0.8279750362405753,0.5193296738821639,0.2589611381959842,0.2217091879218519,1,0,2,5.311232863481548,0.3472597975149536,0.1757394758177106,-0.3945125164473183,0.1402697074130001,-0.3368753617827617,0.0,0.0,0.4,6.0,6.0,0.0372995734041369,-0.0482382254356173,0.5193296738821639,0.2589611381959842,0.2217091879218519,1.0,False,True,-0.1631210901374947,0.1717034017682893,1800
34cdf551deb61fe5d9ed,D1,2020,2020-11-07,2020-11-03,RB Leipzig,SC Freiburg,3,0,2.4054519321053056,0.8080279257335011,0.7079005287492885,0.1823789530174693,0.1097205182332422,2,0,2,2.381415368351937,0.1306227757300647,0.2703512558586046,-0.2094988446177415,0.2954310351536398,-0.1997643824683293,-0.0473814953581394,1.5780269251465653,0.4,6.0,6.0,0.0509212623003062,-0.047878641738263,0.7079005287492885,0.1823789530174693,0.1097205182332421,1.0,False,False,-0.1631210901374947,0.1717034017682893,1800
71007f068af6c21f2acd,D1,2020,2020-11-07,2020-11-03,Borussia Dortmund,Bayern München,2,3,1.5422756754098297,2.076821514061968,0.2459562582447177,0.2283460249575064,0.5256977167977757,1,2,3,2.9688312426050714,0.3375990439344795,0.5168217334312971,0.601433245435178,0.3678946520813663,0.5135423846299139,-0.2765692534596944,-0.3998583881428088,0.4,6.0,6.0,0.003783464516958,0.0521292844263657,0.2459562582447177,0.2283460249575064,0.5256977167977759,1.0,False,False,-0.1631210901374947,0.1717034017682893,1800
98fe4d53291411e943d2,D1,2020,2020-11-07,2020-11-03,1. FSV Mainz 05,FC Schalke 04,2,2,1.4414772980812007,1.193986881812161,0.4315634760242514,0.2740676097740217,0.294368914201727,2,1,0,3.0253174510015772,0.7998779266656403,-0.540396679217453,-0.477111133381855,-0.4042878860067334,-0.6292837142281178,-0.027114850967805,-0.5009647550004367,0.4,6.0,6.0,-0.0365495013510471,-0.0143258892789182,0.4315634760242513,0.2740676097740216,0.294368914201727,1.0,False,False,-0.1631210901374947,0.1717034017682893,1800
b5e2d80dd563b95d38e4,D1,2020,2020-11-07,2020-11-03,FC Augsburg,Hertha BSC,0,3,1.6119359439167145,1.4054440121419411,0.3278815377580809,0.2695297386655411,0.4025887235763779,1,2,2,3.546828780635353,0.5370528160258202,0.0304392582161887,-0.2911535248188037,-0.0227259030532356,-0.243594854594021,-0.0070695848230069,0.0,0.4,6.0,6.0,0.0172481228214087,-0.0302838361515394,0.327881537758081,0.2695297386655411,0.4025887235763778,1.0,False,False,-0.1631210901374947,0.1717034017682893,1800
f28d46122ba0b6cf334d,D1,2020,2020-11-07,2020-11-03,Stuttgart,Eintracht Frankfurt,2,2,1.4773514971096091,1.4836667292866907,0.3574609722938447,0.2607707092963293,0.3817683184098261,1,2,0,2.855464840342321,0.8199853398889791,0.1177111974056624,0.0091531687001172,-0.0304000323106653,0.0717998391411722,-0.1773451055464,-0.8334230462095575,0.4,6.0,6.0,-0.0058880244338552,0.0122312427391441,0.3574609722938446,0.2607707092963292,0.3817683184098261,1.0,True,False,-0.1631210901374947,0.1717034017682893,1800
1bc9ec9cb883a9b9f04c,D1,2020,2020-11-08,2020-11-03,Bayer 04 Leverkusen,Borussia Mönchengladbach,4,3,1.668414721281421,1.3351978918657856,0.4046714419184055,0.2682653379009655,0.327063220180629,2,1,3,5.1316234466295905,0.5333527335815523,0.3765579720939659,0.3634121903668726,0.3113755979593677,0.2021497043936308,0.0627692306986912,0.0314684928353779,0.4,6.0,6.0,0.0229383341543413,0.0140601739687006,0.4046714419184055,0.2682653379009654,0.327063220180629,1.0,False,False,-0.1631210901374947,0.1717034017682893,1800
9a21615853d382acc6e3,D1,2020,2020-11-08,2020-11-03,VfL Wolfsburg,TSG 1899 Hoffenheim,2,1,1.5073641365260726,1.3980257426613447,0.4506732200596191,0.2589233676223287,0.2904034123180524,2,1,4,2.277494053878123,0.453135363346524,0.0340615046064021,-0.0801440632560634,-0.0898755845032137,0.1742594474471151,0.0617766540851515,0.0,0.4,6.0,6.0,0.0105021863277009,-0.012806314260184,0.450673220059619,0.2589233676223286,0.2904034123180524,1.0,False,False,-0.1631210901374947,0.1717034017682893,1800
1750048f3d7dfb66b82d,D1,2020,2020-11-21,2020-11-17,Eintracht Frankfurt,RB Leipzig,1,1,1.1419262054217856,2.0347721903630687,0.2544384746161159,0.2446774078149861,0.5008841175688982,1,2,0,2.177582276103456,0.8861360548628385,-0.015202605692783,0.4341873244385401,0.1302588611205695,0.2610590630881706,0.0423349345775554,-1.0235358955613243,0.3,7.0,7.0,-0.0287893992790374,0.0497386352163253,0.2544384746161158,0.244677407814986,0.5008841175688982,1.0,False,False,-0.1626865861514226,0.1752191055922929,1800
48fffde7e129aac2f49f,D1,2020,2020-11-21,2020-11-17,Bayern München,SV Werder Bremen,1,1,3.642214194339075,0.7514581961480645,0.8579865604552362,0.0926425177145245,0.049370921830239,3,0,0,3.1925438442574525,1.5618760265036111,0.6099777456117618,0.0407881606168016,0.7563436616131898,0.1595306882533161,0.2497983073376017,2.145446213103368,0.3,7.0,7.0,0.0875391284954914,-0.0550008331840632,0.8579865604552364,0.0926425177145245,0.0493709218302391,1.0,False,False,-0.1626865861514226,0.1752191055922929,1800
5872a11212940c2b2d93,D1,2020,2020-11-21,2020-11-17,Hertha BSC,Borussia Dortmund,2,5,1.17810158933243,2.203312556692107,0.1960998643358699,0.2215791970570039,0.5823209386071261,1,2,2,4.600636536721015,0.2620082956870053,-0.0899170875125778,0.2633509687301347,-0.110340145792643,0.5120309439936758,-0.126714825891305,0.0,0.3,7.0,7.0,-0.0284949984823297,0.0371666925432076,0.1960998643358699,0.2215791970570039,0.5823209386071261,1.0,False,False,-0.1626865861514226,0.1752191055922929,1800
665d5fe0806858d61686,D1,2020,2020-11-21,2020-11-17,TSG 1899 Hoffenheim,Stuttgart,3,3,1.9605781906328372,1.1689455291749398,0.4041545664217246,0.2477415004559142,0.3481039331223612,2,1,0,4.237896574686955,0.8504101119511088,-0.2296759151090245,0.0304250134070339,-0.1123269087035747,0.0084454743610684,0.0223245699290902,1.0257002886233595,0.3,7.0,7.0,-0.0156798615201244,0.0057173164350249,0.4041545664217245,0.2477415004559142,0.3481039331223612,1.0,False,True,-0.1626865861514226,0.1752191055922929,1800
a84a91a99b39b2bf1455,D1,2020,2020-11-21,2020-11-17,Arminia Bielefeld,Bayer 04 Leverkusen,1,2,0.6798076953132925,2.0957340513286087,0.1652326201172618,0.2196756262849311,0.6150917535978071,0,2,2,2.48787021968541,0.2237135576829033,-0.4741046698073845,0.4889867959922093,-0.231370083094798,0.2683351288215728,0.0,0.0,0.3,7.0,7.0,-0.0718598067803489,0.0726039130895901,0.1652326201172619,0.2196756262849311,0.6150917535978071,1.0,True,False,-0.1626865861514226,0.1752191055922929,1800
ca7bf6a21fc9464896e2,D1,2020,2020-11-21,2020-11-17,Borussia Mönchengladbach,FC Augsburg,1,1,2.1780786853792553,1.0003431004830663,0.637230373926567,0.2055581851376022,0.1572114409358306,2,1,0,2.3397662508773296,1.061915783817573,0.137503696605411,-0.127859789514412,0.336749556881224,-0.0337834355893503,0.2158084464827478,1.1787586931323233,0.3,7.0,7.0,0.0397744716588915,-0.0392922763043415,0.6372303739265671,0.2055581851376022,0.1572114409358307,1.0,False,False,-0.1626865861514226,0.1752191055922929,1800
e226b32bd9270173a656,D1,2020,2020-11-21,2020-11-17,FC Schalke 04,VfL Wolfsburg,0,2,1.0266009876620927,1.4874409431871594,0.2533220021974819,0.2667664660012588,0.4799115318012595,0,1,2,2.366729472563496,0.4058283989334541,-0.3874171183082112,0.1412279121210644,-0.3509117214858293,0.1076028859116613,-0.0971590754629126,0.0,0.3,7.0,7.0,-0.0506610612100199,0.0383516009006626,0.2533220021974818,0.2667664660012587,0.4799115318012594,1.0,False,False,-0.1626865861514226,0.1752191055922929,1800
3533b72e9a62beb9d6b9,D1,2020,2020-11-22,2020-11-17,SC Freiburg,1. FSV Mainz 05,1,3,1.6621463312155411,1.1448914133584072,0.4567052585260154,0.2666240196422826,0.276670721831702,2,1,0,3.5586919566034667,0.802873305670994,-0.3013189462649394,-0.5061294113647701,-0.0298115766630635,-0.316545721947893,-0.0216715472449047,0.0214140945038165,0.3,7.0,7.0,-0.005748395711722,-0.0346240221697634,0.4567052585260153,0.2666240196422826,0.276670721831702,1.0,False,False,-0.1626865861514226,0.1752191055922929,1800
f654182d466b6495e555,D1,2020,2020-11-22,2020-11-17,1. FC Köln,1. FC Union Berlin,1,2,1.4139733688605989,1.6583588117624102,0.3508638678573998,0.2848805136036201,0.36425561853898,1,1,0,2.5413645308434107,0.6084332793581722,-0.3569015054092136,0.3598886706654271,-0.4259341006375079,-0.037882245629209,-0.1375111850273387,0.5974174946063808,0.3,7.0,7.0,-0.0560795121160118,0.0562288703788224,0.3508638678573998,0.2848805136036201,0.36425561853898,1.0,False,False,-0.1626865861514226,0.1752191055922929,1800
a58fc5572698c4db9e8f,D1,2020,2020-11-27,2020-11-24,VfL Wolfsburg,SV Werder Bremen,5,3,1.6417355461676024,1.0621922065195797,0.5061362674566229,0.2628015234870926,0.2310622090562843,2,1,2,6.588834350542248,0.3663557715227832,0.3154147883641246,-0.0326776733623447,0.0829843060296111,0.1081573903454359,-0.0718935166352688,0.0,0.1999999999999999,8.0,8.0,0.0295806866727662,-0.0154438309226772,0.506136267456623,0.2628015234870926,0.2310622090562843,1.0,False,False,-0.1703450226722818,0.1608057342533176,1800
123ea825e61e18ea1863,D1,2020,2020-11-28,2020-11-24,Stuttgart,Bayern München,1,3,0.8860340835203571,2.9692341745720574,0.1105321869728464,0.1531533982695761,0.7363144147575773,0,2,3,2.5646440232077508,0.1052034156231586,0.0022474406078046,0.4342486674803354,-0.0476494949252051,0.5378777650232577,-0.1636542858153692,-2.3889169194983095,0.1999999999999999,8.0,8.0,-0.0416149882014963,0.0634397936059033,0.1105321869728465,0.1531533982695761,0.7363144147575774,1.0,True,False,-0.1703450226722818,0.1608057342533176,1800
65dffe3f58e63f8161a3,D1,2020,2020-11-28,2020-11-24,Borussia Mönchengladbach,FC Schalke 04,4,1,2.105128898715091,0.8268512523473264,0.7061148384834817,0.1798594399910755,0.1140257215254426,2,1,2,3.2445033992021473,0.1317197714828911,0.053290969262841,-0.4277940357539908,0.2167393929852482,-0.5122496665913313,0.0022318547231329,0.6027012803501578,0.1999999999999999,8.0,8.0,0.029843897851891,-0.0485690511764485,0.7061148384834818,0.1798594399910755,0.1140257215254426,1.0,False,False,-0.1703450226722818,0.1608057342533176,1800
7be0ad7c79d13cd52ccd,D1,2020,2020-11-28,2020-11-24,1. FC Union Berlin,Eintracht Frankfurt,3,3,1.653506146519374,1.411124821248983,0.3798696293251004,0.2708729459107959,0.3492574247641032,2,1,0,4.1225127168226114,0.7979079450412436,0.4085154563870545,-0.071979409597558,0.3274768310843903,0.0628739597529651,0.0062713804820905,-1.193927876815886,0.1999999999999999,8.0,8.0,0.0387944457586084,-0.0219676434191336,0.3798696293251005,0.2708729459107961,0.3492574247641034,1.0,False,False,-0.1703450226722818,0.1608057342533176,1800
a4cb17a6ff5315d4c0a7,D1,2020,2020-11-28,2020-11-24,FC Augsburg,SC Freiburg,1,1,1.543640239059038,1.260390131515614,0.3941423387208232,0.2780829328584234,0.3277747284207535,2,1,0,2.0227210192538987,0.7839487075939147,-0.1075433617790667,-0.4272763179118926,-0.1514172332432768,-0.2966481572813086,-0.0480345950125616,-0.0965067522855453,0.1999999999999999,8.0,8.0,0.0077252162056321,-0.0344662001901801,0.3941423387208233,0.2780829328584234,0.3277747284207534,1.0,False,False,-0.1703450226722818,0.1608057342533176,1800
dce9d8f2b47916c287ec,D1,2020,2020-11-28,2020-11-24,RB Leipzig,Arminia Bielefeld,2,1,2.6812171428755045,0.45442253467361,0.7845466926989728,0.1422209457790113,0.0732323615220158,2,0,2,2.7058633872937614,0.0720099038193185,0.2966710387229685,-0.5021926461547422,0.4313906018575838,-0.4460063203474144,0.0,0.0,0.1999999999999999,8.0,8.0,0.0547767361800339,-0.0650528165516226,0.7845466926989728,0.1422209457790114,0.0732323615220158,1.0,False,True,-0.1703450226722818,0.1608057342533176,1800
e626143a53ab6315a5cb,D1,2020,2020-11-28,2020-11-24,Borussia Dortmund,1. FC Köln,1,2,3.255305319704658,0.8772986477587993,0.77505579811309,0.1451017704229985,0.0798424314639112,2,0,0,3.5790101955371907,1.4684559649028546,0.4317594758941013,-0.3865981731728664,0.1378660839425106,-0.3748338909161663,0.2462226873738063,1.752145867355448,0.1999999999999999,8.0,8.0,0.083577719953521,-0.0813196548174592,0.7750557981130901,0.1451017704229986,0.0798424314639113,1.0,False,False,-0.1703450226722818,0.1608057342533176,1800
41838ef8ecb9f973d411,D1,2020,2020-11-29,2020-11-24,1. FSV Mainz 05,TSG 1899 Hoffenheim,1,1,1.36224307605352,1.8902658204823353,0.2903054291959592,0.2519052401488746,0.4577893306551662,1,2,0,2.173022811267269,0.8534940831990683,-0.2222647810402794,-0.2545489172101671,-0.3543629204939007,0.0224466494390941,0.0616125338418153,-0.7681823665028594,0.1999999999999999,8.0,8.0,-0.0102593173839431,-0.0135813675285792,0.2903054291959591,0.2519052401488746,0.4577893306551662,1.0,False,False,-0.1703450226722818,0.1608057342533176,1800
b24c690e2ba576358aa7,D1,2020,2020-11-29,2020-11-24,Bayer 04 Leverkusen,Hertha BSC,0,0,2.3058764108055527,1.1399471223114108,0.5347346034333453,0.2459502827161122,0.2193151138505424,2,1,0,2.956594848063833,0.9026311914082044,0.5210486819654195,-0.2065365374673062,0.372033202106955,-0.0542177633317311,-0.033475706729072,0.0,0.1999999999999999,8.0,8.0,0.0607579097334536,-0.045032302508548,0.5347346034333452,0.2459502827161122,0.2193151138505425,1.0,False,False,-0.1703450226722818,0.1608057342533176,1800
0c3200f67c3b4664bc1c,D1,2020,2020-12-04,2020-12-01,Hertha BSC,1. FC Union Berlin,3,1,1.5752269589132983,1.499461437768141,0.3682104059462548,0.2849247188869831,0.346864875166762,2,1,2,3.121505356943844,0.6006554282118758,-0.235566867614653,0.3357789510104473,-0.24334611202054,0.1490068324423855,0.1093284486237531,0.0,0.0999999999999999,9.0,9.0,-0.0348792118808,0.0398898160505897,0.3682104059462549,0.284924718886983,0.346864875166762,1.0,False,False,-0.1817945949082112,0.1570314840150797,1800
31e763ceb3892ab91824,D1,2020,2020-12-05,2020-12-01,Eintracht Frankfurt,Borussia Dortmund,1,1,1.3003082448925494,2.2413933891647964,0.266672193551507,0.2386716132285988,0.494656193219894,1,2,0,2.2661548525582766,0.8954197208083139,-0.081758528194424,0.1902566569212956,0.1075152278710422,0.5722782641397631,-0.1676428840557449,-1.155635485145943,0.0999999999999999,9.0,9.0,-0.0289599185811592,0.0343848250175028,0.266672193551507,0.2386716132285988,0.494656193219894,1.0,False,False,-0.1817945949082112,0.1570314840150797,1800
368d6f83f04a266c05c2,D1,2020,2020-12-05,2020-12-01,SC Freiburg,Borussia Mönchengladbach,2,2,1.098001980445451,1.7556135680543294,0.2600491274900964,0.2579406210509874,0.482010251458916,1,2,0,2.9936453081981007,0.8506115531060422,-0.41001804501221,0.2594398314481347,-0.1410670354167149,0.0052143777638749,-0.0029575455353851,-1.082251940846778,0.0999999999999999,9.0,9.0,-0.0568273032025139,0.0492983925243101,0.2600491274900964,0.2579406210509875,0.4820102514589161,1.0,False,False,-0.1817945949082112,0.1570314840150797,1800
58e366812a5778c240dd,D1,2020,2020-12-05,2020-12-01,1. FC Köln,VfL Wolfsburg,2,2,1.248945098424403,1.6913923183044342,0.2685646255745294,0.2708535286334032,0.4605818457920672,1,2,0,2.8636578630169383,0.8159171714895741,-0.1403719066139244,0.4316211547520415,-0.4699133385023925,0.2243488027237421,0.0114396031621681,0.0,0.0999999999999999,9.0,9.0,-0.0350462682408861,0.0496087306477919,0.2685646255745294,0.2708535286334032,0.4605818457920673,1.0,False,False,-0.1817945949082112,0.1570314840150797,1800
dbb8e934edc043506014,D1,2020,2020-12-05,2020-12-01,Bayern München,RB Leipzig,3,3,2.1905265740449873,1.18940797768392,0.6775875854393658,0.1812900370909878,0.1411223774696463,2,1,0,4.339717250502486,1.149326464730711,0.4856784172567732,0.359970532270828,0.5576325377800011,0.1914447058604631,0.036914702944727,0.5319579777274274,0.0999999999999999,9.0,9.0,0.0337449452036908,0.0085375022726892,0.6775875854393658,0.1812900370909878,0.1411223774696463,1.0,False,False,-0.1817945949082112,0.1570314840150797,1800
e5b866a8ae3115b80d31,D1,2020,2020-12-05,2020-12-01,Arminia Bielefeld,1. FSV Mainz 05,2,1,0.9320696726777772,1.3435237543547325,0.3374197038072338,0.2759820120735467,0.3865982841192192,0,1,0,2.4585158002047014,0.6646369531749816,-0.5324709195878975,-0.181672379622087,-0.3276600530580275,-0.0867983954575359,0.0,0.0,0.0999999999999999,9.0,9.0,-0.0441634729776854,0.0084563080171861,0.3374197038072338,0.2759820120735468,0.3865982841192193,1.0,True,False,-0.1817945949082112,0.1570314840150797,1800
164bb971070e7059751f,D1,2020,2020-12-06,2020-12-01,SV Werder Bremen,Stuttgart,1,2,1.6214753484781173,1.3118108838188518,0.3487163283039734,0.2674144877162493,0.3838691839797772,1,2,4,2.317904402515151,0.5727307683160943,-0.1367887268943716,-0.1147678900705622,-0.0802669409218735,0.0075873998771907,-0.0169394254924903,0.2434707063949412,0.0999999999999999,9.0,9.0,-0.0081787726945462,-0.0043990581537004,0.3487163283039734,0.2674144877162493,0.3838691839797772,1.0,False,True,-0.1817945949082112,0.1570314840150797,1800
8f6e1ab14d259d766af2,D1,2020,2020-12-06,2020-12-01,FC Schalke 04,Bayer 04 Leverkusen,0,3,0.9659175260900954,2.0455942631635913,0.1561989965544339,0.2159221422958351,0.627878861149731,1,2,2,2.6202162626249383,0.2094946400374561,-0.4770794751111996,0.4047233824204211,-0.4245326548022943,0.3367255835340663,-0.020452967033257,-0.6341697731855356,0.0999999999999999,9.0,9.0,-0.0705521894167677,0.0669343847822287,0.1561989965544338,0.2159221422958351,0.627878861149731,1.0,False,False,-0.1817945949082112,0.1570314840150797,1800
1fa096a4d257419d1797,D1,2020,2020-12-07,2020-12-01,TSG 1899 Hoffenheim,FC Augsburg,3,1,2.0459490831853677,1.1919477204956566,0.5173670212765957,0.242845744680851,0.2397872340425532,2,1,2,2.7737168568664408,0.3494065654708013,-0.2683236512652863,-0.1510445311048641,-0.0881717214907839,-0.0270544680008005,0.1465535047629322,0.8432750242845882,0.0999999999999999,9.0,9.0,-0.0098442757724273,-0.0111241333460801,0.5173670212765957,0.242845744680851,0.2397872340425531,1.0,False,False,-0.1817945949082112,0.1570314840150797,1800
19353ec6b2d8db948a30,D1,2020,2020-12-11,2020-12-08,VfL Wolfsburg,Eintracht Frankfurt,2,1,1.7171423412377569,1.2490497729711054,0.4080745630345854,0.263783004834511,0.3281424321309036,2,1,4,2.483099823140395,0.5276346523310054,0.331362820046952,-0.1298923204666086,0.2643207645366734,-0.0079304424867664,0.029311492426633,0.0,0.0,10.0,10.0,0.0410964726493572,-0.0310229476703401,0.4080745630345853,0.2637830048345109,0.3281424321309036,1.0,False,False,-0.1841978088975248,0.1586782075780776,1800
15f8aed6ed9fa97cb545,D1,2020,2020-12-12,2020-12-08,SC Freiburg,Arminia Bielefeld,2,0,1.5493334766142282,0.8047851482426837,0.5327294343387339,0.247042924214076,0.2202276414471902,1,0,2,2.16246191416299,0.3278722019950335,-0.3590635725216388,-0.3168891967917361,-0.1183777325482128,-0.4847526048437452,0.0,0.0,0.0,10.0,10.0,-0.020061897412577,-0.0137357410530916,0.5327294343387338,0.247042924214076,0.2202276414471901,1.0,False,False,-0.1841978088975248,0.1586782075780776,1800
1781acc5939dd5c5cb6c,D1,2020,2020-12-12,2020-12-08,RB Leipzig,SV Werder Bremen,2,0,2.5114442172147062,0.8565403534835678,0.7035085924713584,0.1825900163666121,0.1139013911620295,2,0,4,2.242657785232638,0.1342197957237203,0.272585281145657,-0.2728288009314388,0.5105973885926397,-0.0847389325634165,0.2232306549746995,1.6134882353759408,0.0,10.0,10.0,0.0520615009098726,-0.0520736768991617,0.7035085924713584,0.1825900163666121,0.1139013911620294,1.0,False,False,-0.1841978088975248,0.1586782075780776,1800
1924f6d90bdfc2bbccab,D1,2020,2020-12-12,2020-12-08,Borussia Mönchengladbach,Hertha BSC,1,1,1.9884158481512004,1.1539614280007349,0.4967164984282764,0.2529696755921196,0.2503138259796039,2,1,0,2.1403855472087434,0.8674385968723385,0.1901163928965754,0.0030019740985551,0.3902076178220926,-0.0671880217816652,-0.0262166591834017,0.0,0.0,10.0,10.0,0.0175507076255597,-0.0078947892758031,0.4967164984282765,0.2529696755921196,0.2503138259796039,1.0,False,False,-0.1841978088975248,0.1586782075780776,1800
56ddf3a74898c2fbaa6b,D1,2020,2020-12-12,2020-12-08,1. FC Union Berlin,Bayern München,1,1,1.0321156585603828,2.907241599355263,0.1123437796718857,0.1522365549375394,0.735419665390575,1,3,0,2.726652570434438,1.2721660678583222,0.1387839824870631,0.4023931904753617,0.2459295492148747,0.5773184988608969,-0.1408406032951246,-2.5,0.0,10.0,10.0,-0.013283291439818,0.0403421500879392,0.1123437796718857,0.1522365549375393,0.7354196653905749,1.0,False,False,-0.1841978088975248,0.1586782075780776,1800
a3292961e491d178daf3,D1,2020,2020-12-12,2020-12-08,1. FSV Mainz 05,1. FC Köln,0,1,1.577980232157807,1.4778700452975213,0.3930375138004744,0.2682812243076273,0.3386812618918982,2,1,0,3.006294824547115,0.6637957759433497,-0.2428515258873766,-0.1178074938143045,-0.2867224193894698,-0.1307212499407,0.054865864338378,0.0206052581204478,0.0,10.0,10.0,-0.0156514846811035,-0.0023814663039805,0.3930375138004744,0.2682812243076273,0.3386812618918982,1.0,False,False,-0.1841978088975248,0.1586782075780776,1800
e5e62312bdbd064cf6a8,D1,2020,2020-12-12,2020-12-08,Borussia Dortmund,Stuttgart,1,5,2.648625006112169,0.9328863106608954,0.6321482556661382,0.2066112264190191,0.1612405179148426,2,0,0,7.222276775856178,1.1458170848118738,0.1567335410489043,0.0191378976543355,0.0126477044005207,0.1896219247656693,0.2437527347167264,1.9890585313555005,0.0,10.0,10.0,0.0269040959580099,-0.0181105240228479,0.6321482556661382,0.2066112264190192,0.1612405179148426,1.0,False,False,-0.1841978088975248,0.1586782075780776,1800
348bf41fe526a5288b9b,D1,2020,2020-12-13,2020-12-08,FC Augsburg,FC Schalke 04,2,2,1.6306553924986134,1.0699659828132806,0.4960943992022604,0.2645836795745388,0.2393219212232008,2,1,0,3.0643866332241303,0.8442217992459401,-0.3006861675634624,-0.5208247980415385,-0.1469241835353067,-0.5529908840794994,0.0472072502347161,-0.5760574127821657,0.0,10.0,10.0,-0.0016670143425335,-0.0394085339377165,0.4960943992022603,0.2645836795745388,0.2393219212232009,1.0,False,False,-0.1841978088975248,0.1586782075780776,1800
c17e648dbe04beda0976,D1,2020,2020-12-13,2020-12-08,Bayer 04 Leverkusen,TSG 1899 Hoffenheim,4,1,2.058178369363378,1.332776707122622,0.5354179515383493,0.2269152270805383,0.2376668213811125,2,1,2,3.374599759905157,0.3238125180192375,0.5210469784615892,-0.0906664959625281,0.2390543456742449,-0.0410943944855271,-0.1291071858134159,0.3669521616831132,0.0,10.0,10.0,0.0501826633536145,-0.0286636392286614,0.5354179515383491,0.2269152270805384,0.2376668213811125,1.0,False,False,-0.1841978088975248,0.1586782075780776,1800
5183b40f21f57ed748e4,D1,2020,2020-12-15,2020-12-15,SV Werder Bremen,Borussia Dortmund,1,2,1.1734499150725084,2.2265236774960746,0.1603069123792559,0.2038090018496951,0.6358840857710489,1,2,4,2.2672646896765767,0.1998168143863243,-0.3972753754185256,-0.0676824940709406,-0.1596650592301262,0.4066371844149504,-0.0763552852376188,-1.7455878249605594,0.0,11.0,11.0,-0.0401611771001864,0.0169132836257131,0.160306912379256,0.2038090018496952,0.6358840857710489,1.0,False,False,-0.1832307470476212,0.1565906668097722,1800
5b0b1da4055eb115c2a4,D1,2020,2020-12-15,2020-12-15,Eintracht Frankfurt,Borussia Mönchengladbach,3,3,1.3893467046683057,1.6758515787712898,0.356510117179001,0.2582289497404655,0.3852609330805334,1,2,0,4.184276101518089,0.8257497412122012,-0.2638567004200962,0.0931362897161249,0.065487269134842,-0.0184337351577049,-0.132459160185096,-0.5277609112615371,0.0,11.0,11.0,-0.0376654425370706,0.0291294220018721,0.356510117179001,0.2582289497404655,0.3852609330805334,1.0,False,False,-0.1832307470476212,0.1565906668097722,1800
9f470fb0452bd54959d8,D1,2020,2020-12-15,2020-12-15,Hertha BSC,1. FSV Mainz 05,0,0,1.8662285716802085,1.140163012127416,0.543353810924939,0.2464697699040958,0.2101764191709653,2,1,0,2.747621461295019,0.90721529869057,-0.000192830337836,-0.2930389426191563,-0.0701765374139944,-0.1917083290586788,-0.1256227755420271,0.0,0.0,11.0,11.0,0.0083515253200728,-0.0230131139679224,0.5433538109249388,0.2464697699040959,0.2101764191709653,1.0,False,False,-0.1832307470476212,0.1565906668097722,1800
fbe90e5fc4a1d30b29c0,D1,2020,2020-12-15,2020-12-15,Stuttgart,1. FC Union Berlin,2,2,1.663357282571715,1.403183595444546,0.4458375615439547,0.2710489720750179,0.2831134663810276,2,1,0,2.781831368446256,0.8102939672426287,0.2047375725446248,0.0477117640588572,-0.1757559282130156,0.0122534968560236,0.0,0.3605048306063284,0.0,11.0,11.0,0.0180881690515196,-0.0054657022213455,0.4458375615439546,0.2710489720750179,0.2831134663810275,1.0,False,False,-0.1832307470476212,0.1565906668097722,1800
203a134e1c93d1bdd3a3,D1,2020,2020-12-16,2020-12-15,1. FC Köln,Bayer 04 Leverkusen,0,4,1.2093901547054828,2.11739009560595,0.192477400376732,0.2370057541952298,0.5705168454280382,1,2,2,3.4941847255166,0.2776750572385182,0.0834413255184663,0.6164713370321095,-0.3848272471725475,0.4284690788570822,0.007905669446086,-1.1557397863064205,0.0,11.0,11.0,-0.0220841508274545,0.0570797839549833,0.192477400376732,0.2370057541952298,0.5705168454280382,1.0,False,False,-0.1832307470476212,0.1565906668097722,1800
49eb0d1b495a24ef1794,D1,2020,2020-12-16,2020-12-15,Arminia Bielefeld,FC Augsburg,0,1,0.9008178076403912,1.4202353200768871,0.3316838888080338,0.299349924804735,0.3689661863872313,1,1,0,2.3887524193419427,0.5978282534980952,-0.3765669571267949,-0.269374767911737,-0.0777033230804873,-0.2022874694948312,0.0,0.0,0.0,11.0,11.0,-0.0241879573170926,-0.0081091289348339,0.3316838888080337,0.2993499248047349,0.3689661863872313,1.0,False,False,-0.1832307470476212,0.1565906668097722,1800
581f709bea05abe80c51,D1,2020,2020-12-16,2020-12-15,FC Schalke 04,SC Freiburg,0,2,1.1943625562541746,1.3948763191445062,0.3167776844490458,0.2739944914343757,0.4092278241165784,1,2,2,2.5752423366437474,0.5244328464993139,-0.423276982969211,-0.094992004797837,-0.4744040490071131,-0.2660622453093639,-0.0865829597938085,0.4795506604966202,0.0,11.0,11.0,-0.0419072460467196,0.0159937966583672,0.3167776844490458,0.2739944914343757,0.4092278241165785,1.0,False,False,-0.1832307470476212,0.1565906668097722,1800
c0bc65010521e3632cd0,D1,2020,2020-12-16,2020-12-15,Bayern München,VfL Wolfsburg,2,1,2.748579838518107,0.9212807945294852,0.7115288590477566,0.1714835739431644,0.116987567009079,2,0,2,2.4674962039711605,0.1263083061293135,0.27058918651933,0.4285410625903608,0.3913080427783745,0.1179036113294428,0.316853738519286,0.0,0.0,11.0,11.0,0.0214745524483792,0.0134819600071052,0.7115288590477566,0.1714835739431644,0.116987567009079,1.0,False,False,-0.1832307470476212,0.1565906668097722,1800
cbeb832e666345da5768,D1,2020,2020-12-16,2020-12-15,TSG 1899 Hoffenheim,RB Leipzig,0,1,1.260529456979286,1.9813190905367437,0.2094662983994098,0.2141840078228199,0.5763496937777701,1,2,3,2.7245475941564896,0.2692305013343855,-0.2071513037148913,0.3530602256745144,0.1272301582571272,0.090911217314995,-0.0595036993217816,-0.8312586531475223,0.0,11.0,11.0,-0.0413433266213039,0.048638772719285,0.2094662983994098,0.2141840078228199,0.5763496937777702,1.0,False,False,-0.1832307470476212,0.1565906668097722,1800
50eb94302c480e36d2d4,D1,2020,2020-12-18,2020-12-15,1. FC Union Berlin,Borussia Dortmund,2,1,1.3140498289517484,2.0900919413002588,0.198132275054217,0.241269934939439,0.5605977900063437,1,2,0,2.9208808707852763,1.0154729119754036,0.0477117640588572,-0.0676824940709406,0.1790334307109905,0.4066371844149504,-0.0582938723629184,-2.3495633619618292,0.0,11.0,11.0,0.0052406074912868,-0.006239143991891,0.1981322750542171,0.241269934939439,0.5605977900063438,1.0,False,False,-0.1832307470476212,0.1565906668097722,1800
00ab96c3d53a0a0e1b46,D1,2020,2020-12-19,2020-12-15,RB Leipzig,1. FC Köln,0,0,2.6294473108483314,0.8532436131838212,0.729724906339444,0.1716229133401565,0.0986521803203995,2,0,0,3.1561036181200026,1.2284392893171283,0.3530602256745144,0.0834413255184663,0.5917363425969969,0.0728477147891239,0.2090994268138923,1.6200462777708295,0.0,11.0,11.0,0.0415889276322227,-0.0197638500725737,0.729724906339444,0.1716229133401565,0.0986521803203995,1.0,False,False,-0.1832307470476212,0.1565906668097722,1800
07eb902a968ebfb02912,D1,2020,2020-12-19,2020-12-15,FC Schalke 04,Arminia Bielefeld,0,1,1.3637778122697126,0.7971549896701412,0.4278334057800977,0.2847965656386919,0.2873700285812102,1,0,0,2.292745181072973,0.7719919830653367,-0.423276982969211,-0.3765669571267949,-0.4744040490071131,-0.5301914052753527,0.0,0.0,0.0,11.0,11.0,-0.0234993504405813,-0.0164928465642189,0.4278334057800978,0.2847965656386919,0.2873700285812103,1.0,False,False,-0.1832307470476212,0.1565906668097722,1800
288547bb32c9831e27d8,D1,2020,2020-12-19,2020-12-15,1. FSV Mainz 05,SV Werder Bremen,0,1,1.416334073577665,1.4282467051158454,0.386306082469301,0.2891442496058101,0.3245496679248889,2,1,0,2.880711363875845,0.6890699375332633,-0.2930389426191563,-0.3972753754185256,-0.3356572566370695,-0.2429786062894143,0.1262808359218974,0.014047215725559,0.0,11.0,11.0,-0.0031260836948944,-0.0313896322069896,0.386306082469301,0.2891442496058101,0.3245496679248889,1.0,False,False,-0.1832307470476212,0.1565906668097722,1800
6a3cf83a35f8ec052ec5,D1,2020,2020-12-19,2020-12-15,FC Augsburg,Eintracht Frankfurt,0,2,1.4550715076929863,1.5969788810164984,0.2578534031413611,0.2578534031413612,0.4842931937172774,1,2,2,2.5945423898454365,0.3989302650694882,-0.269374767911737,-0.2638567004200962,-0.1432383760035591,-0.1704365288066428,-0.0003106370655652,-0.650997781870786,0.0,11.0,11.0,-0.0137601736234471,-0.0129013997931445,0.2578534031413612,0.2578534031413612,0.4842931937172774,1.0,False,False,-0.1832307470476212,0.1565906668097722,1800
8d6505375f73637825a6,D1,2020,2020-12-19,2020-12-15,Borussia Mönchengladbach,TSG 1899 Hoffenheim,1,2,1.9121949158718377,1.3370005476700706,0.5056347012545185,0.2353816712736551,0.2589836274718265,2,1,0,2.677753849871137,0.8601762466391378,0.0931362897161249,-0.2071513037148913,0.2539634614601532,-0.1865413739700007,0.1223043214285231,0.3354836688477352,0.0,11.0,11.0,0.0257864102287832,-0.0314871609287215,0.5056347012545185,0.2353816712736551,0.2589836274718265,1.0,False,False,-0.1832307470476212,0.1565906668097722,1800
ef435f78ee5d491e7036,D1,2020,2020-12-19,2020-12-15,Bayer 04 Leverkusen,Bayern München,1,2,1.3969376483210734,2.190242448803056,0.2468044816159066,0.234101309768029,0.5190942086160645,1,2,4,2.4173954505583506,0.3469862555674123,0.6164713370321095,0.27058918651933,0.4118280969697646,0.4107718671592738,-0.1018334046477731,-0.9962644691918364,0.0,11.0,11.0,0.0430260041448558,0.0013270220327161,0.2468044816159065,0.234101309768029,0.5190942086160645,1.0,False,False,-0.1832307470476212,0.1565906668097722,1800
964338ebef0b94aef2da,D1,2020,2020-12-20,2020-12-15,VfL Wolfsburg,Stuttgart,1,0,1.7350578479593086,1.2018563980098371,0.4213329117292069,0.2623174601950434,0.3163496280757499,2,1,3,2.76192477676095,0.5037431361546413,0.4285410625903608,0.2047375725446248,0.3935999118841444,0.3712769343654087,-0.0537808123406036,0.0,0.0,11.0,11.0,0.0299281870147746,0.0017357447419746,0.4213329117292067,0.2623174601950433,0.3163496280757499,1.0,False,False,-0.1832307470476212,0.1565906668097722,1800
f53821386ba47d142ffb,D1,2020,2020-12-20,2020-12-15,SC Freiburg,Hertha BSC,4,1,1.4314066974570256,1.418397726414254,0.3667333710704861,0.2788031475974454,0.3544634813320683,2,1,2,4.214783360127228,0.6044021780240432,-0.094992004797837,-0.000192830337836,0.0389689116286351,-0.0577721655964111,0.0309739185030128,0.0,0.0,11.0,11.0,-0.0079408630377412,0.0031816212809576,0.3667333710704861,0.2788031475974455,0.3544634813320684,1.0,False,False,-0.1832307470476212,0.1565906668097722,1800
3ba09f5b25fe3fa69025,D1,2020,2021-01-02,2020-12-29,Hertha BSC,FC Schalke 04,3,0,1.806767472597432,0.9982689950822574,0.5535413699339635,0.246018386637317,0.2004402434287194,2,1,2,2.806748312429688,0.3000266461098347,-0.1323633070712144,-0.490776605872632,-0.1203912039364677,-0.4763492473573262,-0.0963840346271098,0.0,0.0,13.0,13.0,0.0064832978551546,-0.0376402935023469,0.5535413699339635,0.2460183866373171,0.2004402434287194,1.0,False,False,-0.1685637261420198,0.1437562247336872,1800
4ed23349facd6e8de45e,D1,2020,2021-01-02,2020-12-29,1. FC Köln,FC Augsburg,0,1,1.5750002102694076,1.3781958861433103,0.4060594864215776,0.2900424903011269,0.3038980232772952,2,1,0,2.9782548758406295,0.7335669146902917,-0.0919314332513341,-0.1468441527997288,-0.4484617682822368,0.0141394145930649,-0.0611103270454989,0.054487399661281,0.0,13.0,13.0,-0.0049064520374219,-0.0070323272651312,0.4060594864215777,0.2900424903011269,0.3038980232772953,1.0,False,False,-0.1685637261420198,0.1437562247336872,1800
514269598fdf61426438,D1,2020,2021-01-02,2020-12-29,SV Werder Bremen,1. FC Union Berlin,0,2,1.4540120254560005,1.5353307089457868,0.3292899325701116,0.2902555636636241,0.3804545037662643,1,2,2,2.816758758936884,0.5765167738332226,-0.2094882082972352,0.1701892011466971,-0.2314276118573638,0.0140259898555251,-0.0514996026121769,0.6039755370012697,0.0,13.0,13.0,-0.0320332610176672,0.0300683106601403,0.3292899325701115,0.2902555636636241,0.3804545037662643,1.0,False,False,-0.1685637261420198,0.1437562247336872,1800
a60f38d1b4bd2428a07d,D1,2020,2021-01-02,2020-12-29,TSG 1899 Hoffenheim,SC Freiburg,1,3,1.8781612383968371,1.294312210787352,0.4668010031430356,0.2539397457098113,0.2792592511471532,2,1,0,3.4357094393320904,0.8018557980434703,-0.0650916995232746,0.2669288811159055,-0.0562447747879442,-0.0453850146767648,-0.0502100426829887,0.7467682719990429,0.0,13.0,13.0,-0.0223661161422721,0.0324579752219037,0.4668010031430355,0.2539397457098113,0.2792592511471531,1.0,False,False,-0.1685637261420198,0.1437562247336872,1800
bb297a7f23b44bc20e0b,D1,2020,2021-01-02,2020-12-29,Eintracht Frankfurt,Bayer 04 Leverkusen,2,1,1.403936146148541,1.9300531781720256,0.2924004887430371,0.2515107106338524,0.4560888006231105,1,2,0,2.588613796175078,0.7719716999484656,0.003367286123128,0.3791270941463264,0.0543808009002489,0.5405264128016068,-0.1385716899023616,-0.5592294040969152,0.0,13.0,13.0,-0.0255482105901216,0.0446729296035943,0.2924004887430371,0.2515107106338524,0.4560888006231105,1.0,False,False,-0.1685637261420198,0.1437562247336872,1800
e0d22fd4b6ef2609e14e,D1,2020,2021-01-02,2020-12-29,Stuttgart,RB Leipzig,0,1,1.0050080481526258,1.9921758499709556,0.2449114678139997,0.2387886811186497,0.5162998510673507,1,2,3,2.6201899837210267,0.3509674953746591,-0.0342622207862105,0.2737354888885574,-0.1468342577697769,0.1911784759240501,-0.1342419269984959,-1.856958941770882,0.0,13.0,13.0,-0.0238250928729737,0.035798756278091,0.2449114678139997,0.2387886811186497,0.5162998510673507,1.0,False,False,-0.1685637261420198,0.1437562247336872,1800
e1dc3c7f6a0a39da0808,D1,2020,2021-01-02,2020-12-29,Arminia Bielefeld,Borussia Mönchengladbach,0,1,0.6524524353241457,1.7118263932287403,0.1700011538017768,0.2291142648359677,0.6008845813622553,0,1,4,1.9617959955246609,0.2406868560396435,-0.1536057742413719,-0.11325622304404,-0.1968639842387437,-0.0177773005218463,0.0,0.0,0.0,13.0,13.0,-0.0096977662719351,-0.0036453335923354,0.1700011538017768,0.2291142648359678,0.6008845813622553,1.0,False,False,-0.1685637261420198,0.1437562247336872,1800
1c83705df9702bc4653d,D1,2020,2021-01-03,2020-12-29,Bayern München,1. FSV Mainz 05,5,2,3.695659271082995,0.6785930788128225,0.86191850095842,0.0940737006945768,0.044007798347003,3,0,3,4.1268604089569045,0.0298530478552931,0.3883116315064117,-0.2998276676143889,0.4342898781948655,-0.2200880295015559,0.3367212536369335,2.131398997377809,0.0,13.0,13.0,0.0706586092132073,-0.0662344110186061,0.86191850095842,0.0940737006945768,0.044007798347003,1.0,False,False,-0.1685637261420198,0.1437562247336872,1800
75dd67e05f20181fa413,D1,2020,2021-01-03,2020-12-29,Borussia Dortmund,VfL Wolfsburg,2,0,2.008957439414723,1.1815834012489383,0.6020864846320583,0.2217474698644876,0.1761660455034541,2,1,2,2.3957130322871927,0.2385415816921001,-0.1111069027928054,0.3094481421529946,-0.1792517311950502,-0.0605809364929379,0.2849372749125684,0.0,0.0,13.0,13.0,-0.0123362336413018,0.0222532956093113,0.6020864846320583,0.2217474698644876,0.1761660455034541,1.0,False,False,-0.1685637261420198,0.1437562247336872,1800
9aef2434afa3ee60c073,D1,2020,2021-01-08,2021-01-05,Borussia Mönchengladbach,Bayern München,3,2,1.2224574278017255,2.4253813456487814,0.1946910394892202,0.2016442908995496,0.6036646696112302,1,2,0,3.597844314547373,1.0535939752681704,0.0270074405412031,0.4707869378855033,0.0444043001238836,0.4568862104761412,-0.0537843650403318,-0.9579896166620794,0.0,14.0,14.0,-0.0235278210921714,0.0484175400135067,0.1946910394892202,0.2016442908995495,0.6036646696112301,1.0,False,False,-0.1550422806328956,0.1419599145589915,1809
386622ad4e7da4c26541,D1,2020,2021-01-09,2021-01-05,Bayer 04 Leverkusen,SV Werder Bremen,1,1,2.2688355564253713,1.0033469319913224,0.6500419190741245,0.2081833597034777,0.141774721222398,2,1,0,2.335428843796478,1.0696281599817314,0.150395187791955,-0.3085179467628781,0.2407031643790525,-0.0860378858790506,0.1428038761649591,1.1624813585851264,0.0,14.0,14.0,0.0376056099255873,-0.0455117478741335,0.6500419190741242,0.2081833597034776,0.1417747212223979,1.0,False,False,-0.1550422806328956,0.1419599145589915,1809
4b91a03d846f396c0ce5,D1,2020,2021-01-09,2021-01-05,RB Leipzig,Borussia Dortmund,1,3,1.78673968389424,1.3190921815677257,0.4150464264252623,0.2719677438114253,0.3129858297633125,2,1,0,3.3292668146643334,0.7182184598682619,0.4013231431370608,0.0416186958552579,0.4627109696699734,0.2092776517128141,-0.1468344632352712,-0.1064853080424715,0.0,14.0,14.0,0.0307096563591796,-0.0085625644095636,0.4150464264252622,0.2719677438114253,0.3129858297633124,1.0,False,False,-0.1550422806328956,0.1419599145589915,1809
5dd43afe40e6d85d580c,D1,2020,2021-01-09,2021-01-05,FC Schalke 04,TSG 1899 Hoffenheim,4,0,1.0730603671851064,1.9276742015875377,0.2150814780673293,0.2329175030777907,0.55200101885488,1,2,0,5.780388350131339,0.9750527741297864,-0.5554315909385433,-0.1666938330739892,-0.5354153602250181,-0.0364256943229685,-0.1515426904154181,-0.4124546102471631,0.0,14.0,14.0,-0.0547856019609257,0.0186793307602991,0.2150814780673293,0.2329175030777908,0.5520010188548798,1.0,False,False,-0.1550422806328956,0.1419599145589915,1809
9d57fc3e4107922b6121,D1,2020,2021-01-09,2021-01-05,1. FSV Mainz 05,Eintracht Frankfurt,0,2,1.2832917245170556,1.8127653257526533,0.2719509231836542,0.2435070766261801,0.4845420001901655,1,2,2,2.594820649313775,0.3989499505554256,-0.3754188734356449,0.1594747295000453,-0.3758002337717551,-0.0103662285118535,0.106058006500447,-0.7209191805135443,0.0,14.0,14.0,-0.0402127234935444,0.0294155162967644,0.2719509231836542,0.2435070766261802,0.4845420001901656,1.0,False,False,-0.1550422806328956,0.1419599145589915,1809
a2e4db482b70b8d1610c,D1,2020,2021-01-09,2021-01-05,SC Freiburg,1. FC Köln,5,0,1.7940114752553755,1.1816765057084249,0.492604011501022,0.2654588284199952,0.2419371600789829,2,1,2,4.856722024966496,0.3864526681580549,0.4152170030257625,-0.1758633236763631,0.1842087534058909,0.0370482824488871,-0.1257712444584471,0.0942811660007994,0.0,14.0,14.0,0.044026304263472,-0.032058620296002,0.4926040115010219,0.2654588284199951,0.2419371600789828,1.0,False,False,-0.1550422806328956,0.1419599145589915,1809
de61f1567a27f2c17641,D1,2020,2021-01-09,2021-01-05,1. FC Union Berlin,VfL Wolfsburg,2,2,1.447835065466604,1.363876034350286,0.3245957776609081,0.2892923093956733,0.3861119129434188,1,2,0,2.835322231489459,0.7595502496762512,0.2723758354240314,0.1171838890290155,0.2667829777116853,-0.1596787601883815,-0.040049529194075,0.0,0.0,14.0,14.0,0.0193759126312486,0.0001020735914037,0.3245957776609079,0.2892923093956732,0.3861119129434188,1.0,False,False,-0.1550422806328956,0.1419599145589915,1809
96e23f411dd1e2358a48,D1,2020,2021-01-10,2021-01-05,FC Augsburg,Stuttgart,1,4,1.4368578379698878,1.393417126924342,0.2895250635670178,0.2722030512168544,0.4382718852161278,1,2,2,4.08328257173616,0.4734577384638942,-0.0038606602617395,-0.1486110475063976,-0.230800314745257,0.2074376119674847,0.0824604327315305,0.0079911848737489,0.0,14.0,14.0,0.0111675079857224,-0.0187910933741293,0.2895250635670178,0.2722030512168543,0.4382718852161278,1.0,False,False,-0.1550422806328956,0.1419599145589915,1809
ac7839d39db2c3cb3cc9,D1,2020,2021-01-10,2021-01-05,Arminia Bielefeld,Hertha BSC,1,0,0.6949077808112792,1.4390186796631017,0.2329998500688321,0.2668434037101149,0.5001567462210531,0,1,0,2.386496799170066,0.9096514028884644,-0.223142231659712,0.0804557778305047,-0.2854017634188033,-0.1801669215033699,0.0,0.0,0.0,14.0,14.0,-0.0263370120574964,0.019202689366036,0.2329998500688321,0.2668434037101149,0.5001567462210531,1.0,False,False,-0.1550422806328956,0.1419599145589915,1809
4a7596fd114142611658,D1,2020,2021-01-15,2021-01-12,1. FC Union Berlin,Bayer 04 Leverkusen,1,0,1.4029584016311745,1.7704485493134965,0.294493533494359,0.2782279022839148,0.4272785642217261,1,2,0,3.135875536571829,0.7577171113339625,0.157301884297625,0.0638663152748239,0.1527138653750676,0.3462789431145504,-0.1242029778812329,-1.7347466475846218,0.0,15.0,15.0,0.0063267237719596,0.0047316862066627,0.2944935334943591,0.2782279022839148,0.4272785642217262,1.0,False,False,-0.1531688393341678,0.1481040360558514,1818
16ee4eb581ef403c3ea4,D1,2020,2021-01-16,2021-01-12,SV Werder Bremen,FC Augsburg,2,0,1.5830281197588942,1.246448919775396,0.4336134453781512,0.2890756302521008,0.2773109243697479,2,1,2,2.605137694591259,0.4812597980368617,-0.2757994532894628,-0.1293119386032439,-0.3064597974246796,0.1315145862960577,0.0787537609996972,0.0294805930094632,0.0,15.0,15.0,-0.0171766603487992,-0.0030789092458361,0.4336134453781513,0.2890756302521008,0.2773109243697479,1.0,False,False,-0.1531688393341678,0.1481040360558514,1818
6a19a1945ec7542a2bb2,D1,2020,2021-01-16,2021-01-12,Stuttgart,Borussia Mönchengladbach,2,2,1.3687504180606798,1.692976608115538,0.3321509891643878,0.2537386866826092,0.414110324153003,1,2,0,2.8296792421585173,0.8387175879271833,0.0671271818962889,0.1989234017589643,-0.27775477058915,0.1621848952552976,-0.1123534531098918,-1.1982921275337148,0.0,15.0,15.0,-0.0088511245538139,0.0221536537365765,0.3321509891643878,0.2537386866826092,0.414110324153003,1.0,False,False,-0.1531688393341678,0.1481040360558514,1818
ac563356d498b755b205,D1,2020,2021-01-16,2021-01-12,1. FC Köln,Hertha BSC,0,0,1.3662836622646253,1.5907916147115675,0.2899400446451181,0.2935085375022886,0.4165514178525932,1,2,0,2.61517355162732,0.7567104997859738,-0.2970970914765334,-0.0979301872965046,-0.4883935807597529,-0.2482460143441047,-0.0240403863634321,0.0,0.0,15.0,15.0,-0.0260152191009997,0.0062638551623478,0.289940044645118,0.2935085375022887,0.4165514178525931,1.0,False,False,-0.1531688393341678,0.1481040360558514,1818
c7e956197fb5719717bf,D1,2020,2021-01-16,2021-01-12,Borussia Dortmund,1. FSV Mainz 05,1,1,2.9173850154000247,0.8442676872163672,0.7969983432413994,0.1328330572068999,0.0701685995517006,2,0,0,2.802508515649368,1.392108498165714,0.2270723574985719,-0.4446367380217795,0.0491992715819485,-0.3734878168105595,0.0796475303772047,1.915362295901518,0.0,15.0,15.0,0.0489214491698064,-0.0597996681959668,0.7969983432413995,0.1328330572068999,0.0701685995517006,1.0,False,False,-0.1531688393341678,0.1481040360558514,1818
c969c9e7dbe3f916038d,D1,2020,2021-01-16,2021-01-12,VfL Wolfsburg,RB Leipzig,2,2,1.0611857667038742,1.6004582927047002,0.2718216005805899,0.2650260605660752,0.4631523388533352,1,2,0,3.0637417795362776,0.8285837631745309,0.0366219126806519,0.1491258306436478,0.4795963494795039,0.2734312532110192,-0.0835044930278553,0.0,0.0,15.0,15.0,-0.0079693249155099,0.0172567120817249,0.2718216005805898,0.2650260605660751,0.4631523388533351,1.0,False,False,-0.1531688393341678,0.1481040360558514,1818
ccd7a56f81e673dbb567,D1,2020,2021-01-16,2021-01-12,TSG 1899 Hoffenheim,Arminia Bielefeld,0,0,1.700212559571256,0.6446078298471914,0.5591957255343081,0.2464496625421822,0.1943546119235095,1,0,0,2.264690616437116,0.9183116857145704,-0.2695192163705344,0.000346250337333,-0.1594363879216591,-0.2603500979650011,0.0,0.0,0.0,15.0,15.0,-0.02696923415392,0.01351058585226,0.5591957255343082,0.2464496625421822,0.1943546119235095,1.0,False,False,-0.1531688393341678,0.1481040360558514,1818
6402a4b1586806e18f5e,D1,2020,2021-01-17,2021-01-12,Bayern München,SC Freiburg,2,1,3.091406161927927,0.9728679050795148,0.7738316122220763,0.1375452143111494,0.0886231734667741,3,1,2,2.540030990158863,0.0779248924852872,0.2289017328265874,0.5563405532034732,0.508504519251283,0.1356443198770077,0.2361555822560626,2.0795534423121915,0.0,15.0,15.0,0.0068809247352882,0.0323811895662148,0.7738316122220764,0.1375452143111494,0.0886231734667741,1.0,False,False,-0.1531688393341678,0.1481040360558514,1818
ec063d9b057c45c26804,D1,2020,2021-01-17,2021-01-12,Eintracht Frankfurt,FC Schalke 04,3,1,2.1118878200792968,0.980304519675568,0.6292374934807792,0.2139689015863052,0.1567936049329155,2,1,2,2.6447656585049817,0.2078317616343244,0.303698011047925,-0.266602093431341,0.1645260182586023,-0.5235405008863483,0.0776012780562098,0.1656197071760231,0.0,15.0,15.0,0.04757996967917,-0.0457251737983408,0.6292374934807793,0.2139689015863052,0.1567936049329155,1.0,False,False,-0.1531688393341678,0.1481040360558514,1818
15232c4588184319c2d9,D1,2020,2021-01-19,2021-01-19,Bayer 04 Leverkusen,Borussia Dortmund,2,1,1.5831618000491812,1.738068032798865,0.3077467876294222,0.2552246692073342,0.4370285431632435,1,2,0,2.634650870921261,0.7353480893487645,-0.104909640989594,0.1201378396052591,0.1346344069094797,0.3044414734349739,-0.1767373468892056,-0.5822229395710496,0.0,16.0,16.0,-0.0253347234236826,0.0260961333544658,0.3077467876294222,0.2552246692073342,0.4370285431632435,1.0,False,False,-0.1585605751128659,0.1499435141534957,1827
2419176ceb61104ba4e7,D1,2020,2021-01-19,2021-01-19,Hertha BSC,TSG 1899 Hoffenheim,0,3,1.5849922227494802,1.5509970859250155,0.4137714597886857,0.2738716539002475,0.3123568863110666,2,1,0,3.74540157887793,0.7190655555495282,-0.0763615819099722,-0.2438074159092136,0.1169622040644994,-0.2261378441858891,0.0297312076030899,0.0,0.0,16.0,16.0,0.0060407729846179,-0.0220492228755772,0.4137714597886857,0.2738716539002475,0.3123568863110667,1.0,False,False,-0.1585605751128659,0.1499435141534957,1827
3e6d5f40bdde55eadfcd,D1,2020,2021-01-19,2021-01-19,1. FSV Mainz 05,VfL Wolfsburg,0,2,1.068947975654211,1.643732671456947,0.2370293965961836,0.2494069107787518,0.5135636926250645,1,2,2,2.363326719417167,0.3550070231275138,-0.4275741459127467,-0.032780659357012,-0.4850612169254533,-0.1971277762088197,-0.207571021158327,0.0,0.0,16.0,16.0,-0.0514969326813404,0.0284791924178524,0.2370293965961836,0.2494069107787519,0.5135636926250645,1.0,False,False,-0.1585605751128659,0.1499435141534957,1827
efa4c99348d2a3520dd2,D1,2020,2021-01-19,2021-01-19,Borussia Mönchengladbach,SV Werder Bremen,1,0,2.019270428671382,1.0774030552623282,0.5974320731470073,0.2303352571169184,0.1722326697360742,2,1,3,2.5445744649547644,0.244779358926249,0.1404726260031986,-0.0533727906516398,0.1563419419425122,-0.0699206410821852,0.1352004016254808,1.1608203496505023,0.0,16.0,16.0,0.0234759222141759,-0.0191209304465979,0.5974320731470073,0.2303352571169184,0.1722326697360742,1.0,False,False,-0.1585605751128659,0.1499435141534957,1827
0a54f80aed0bd18286a3,D1,2020,2021-01-20,2021-01-19,SC Freiburg,Eintracht Frankfurt,2,2,1.6113389248279064,1.5610198265226407,0.3324292039061544,0.2749486499166177,0.3926221461772278,1,2,0,2.6911053679021797,0.7903607855362275,0.3592518416110701,0.4220094680610947,0.2967246617382286,0.1643714682925556,-0.0570684665939747,-0.5110046587678118,0.0,16.0,16.0,0.0119712874283535,0.0270917780552547,0.3324292039061545,0.2749486499166177,0.3926221461772278,1.0,False,False,-0.1585605751128659,0.1499435141534957,1827
177544d3306bcc318a15,D1,2020,2021-01-20,2021-01-19,RB Leipzig,1. FC Union Berlin,1,0,2.066803043927834,0.9866392238117137,0.6331838919281891,0.2276446849551345,0.1391714231166762,2,1,3,2.456213156995819,0.2057448447415938,0.0996219177739998,0.2489558218480807,0.2662813574604356,0.1475843663834419,0.2033152943404973,2.2104842791132,0.0,16.0,16.0,0.0076801654020208,0.0097487215790832,0.6331838919281892,0.2276446849551346,0.1391714231166762,1.0,False,False,-0.1585605751128659,0.1499435141534957,1827
5e804894947bbfeca95c,D1,2020,2021-01-20,2021-01-19,FC Schalke 04,1. FC Köln,1,2,1.3517039429605404,1.331369524040807,0.3642692720238789,0.2936570746777117,0.3420736532984095,1,1,0,2.514551326280093,0.6517936577331792,-0.3319999337998021,-0.2463747041339357,-0.2234967849362379,-0.0990676210100761,-0.1342710762857505,0.4396661175925879,0.0,16.0,16.0,-0.0275948119875709,-0.0013239199091159,0.3642692720238789,0.2936570746777116,0.3420736532984096,1.0,False,False,-0.1585605751128659,0.1499435141534957,1827
68d64a886f40aa4e70a7,D1,2020,2021-01-20,2021-01-19,Arminia Bielefeld,Stuttgart,3,0,0.6908765948848924,1.2441920412354168,0.2212626813113104,0.2535423828288756,0.5251949358598138,0,1,0,4.666386909484601,0.9465452720617876,-0.002371414434956,0.0323555270616899,-0.0753885184701105,0.3592064857218385,0.0,0.0,0.0,16.0,16.0,-0.0018549177965801,0.0033541234279167,0.2212626813113104,0.2535423828288757,0.5251949358598139,1.0,False,False,-0.1585605751128659,0.1499435141534957,1827
706200e0060e4ad268e9,D1,2020,2021-01-20,2021-01-19,FC Augsburg,Bayern München,0,1,0.9032251452162564,3.1189114057262315,0.0781486181137163,0.1345524936166952,0.7872988882695886,0,2,2,3.054472290885335,0.0694533429829072,-0.2427465180200934,0.3444886101285133,-0.3221080298347311,0.2108690056799627,-0.1951089748696568,-2.1482905593220454,0.0,16.0,16.0,-0.0512545310519178,0.0563416356573388,0.0781486181137163,0.1345524936166952,0.7872988882695885,1.0,False,False,-0.1585605751128659,0.1499435141534957,1827
86c0d2ace235cd50cc5c,D1,2020,2021-01-22,2021-01-19,Borussia Mönchengladbach,Borussia Dortmund,4,2,1.5399599226562803,1.8195558764521111,0.2926816603863157,0.255118238732457,0.4522001008812272,1,2,0,4.374973873405728,0.7698694805248022,0.1404726260031986,0.1201378396052591,0.1563419419425122,0.3044414734349739,-0.2613632645545146,-0.5838839485056735,0.0,16.0,16.0,-0.0050277926076688,0.0180583158880917,0.2926816603863157,0.255118238732457,0.4522001008812272,1.0,False,False,-0.1585605751128659,0.1499435141534957,1827
1c00213426b19d5cc1a5,D1,2020,2021-01-23,2021-01-19,FC Augsburg,1. FC Union Berlin,2,1,1.2742836967579705,1.665478325564826,0.2646239244249686,0.2826308778621705,0.4527451977128608,1,2,0,2.678518428495136,0.825636399701333,-0.2427465180200934,0.2489558218480807,-0.3221080298347311,0.1475843663834419,0.0193239572356918,0.5427846959900322,0.0,16.0,16.0,-0.0357562450326287,0.0360667102240281,0.2646239244249685,0.2826308778621705,0.4527451977128609,1.0,False,False,-0.1585605751128659,0.1499435141534957,1827
2486726d3fd35bb3e874,D1,2020,2021-01-23,2021-01-19,Hertha BSC,SV Werder Bremen,1,4,1.5764258349187377,1.2738728167955369,0.4440596947513033,0.2808024540339124,0.2751378512147845,2,1,0,4.658413223042444,0.8014641654356081,-0.0763615819099722,-0.0533727906516398,0.1169622040644994,-0.0699206410821852,0.0780034522394075,0.0,0.0,16.0,16.0,-0.0010673460464448,-0.0054193725816357,0.4440596947513032,0.2808024540339123,0.2751378512147844,1.0,False,False,-0.1585605751128659,0.1499435141534957,1827
34bfc2b0188c492cbb78,D1,2020,2021-01-23,2021-01-19,1. FSV Mainz 05,RB Leipzig,3,2,0.826400972773149,2.1850003915635803,0.1259033740195851,0.1981473058894509,0.675949320090964,0,2,0,4.409557581307337,1.2602147497130294,-0.4275741459127467,0.0996219177739998,-0.4850612169254533,0.164797149802151,-0.2757507404349767,-1.8088769878590465,0.0,16.0,16.0,-0.0615260475017235,0.0451284360947861,0.1259033740195851,0.1981473058894509,0.675949320090964,1.0,False,False,-0.1585605751128659,0.1499435141534957,1827
c7eb0ed47c9488afa323,D1,2020,2021-01-23,2021-01-19,Arminia Bielefeld,Eintracht Frankfurt,1,5,0.6669512994754011,1.423179648125564,0.2119287901122576,0.2522961787050687,0.5357750311826737,0,1,2,5.515980182452481,0.3240719955410729,-0.002371414434956,0.4220094680610947,-0.0753885184701105,0.1643714682925556,0.0,0.0,0.0,16.0,16.0,-0.0213376148465503,0.0423195175278572,0.2119287901122576,0.2522961787050686,0.5357750311826738,1.0,False,False,-0.1585605751128659,0.1499435141534957,1827
d0ad537fa7ecaa902b85,D1,2020,2021-01-23,2021-01-19,SC Freiburg,Stuttgart,2,1,1.6719814454254087,1.362378920398583,0.361875264738914,0.2575069269301166,0.3806178083309693,1,2,0,2.56492533513054,0.618382911187694,0.3592518416110701,0.0323555270616899,0.2967246617382286,0.3592064857218385,-0.0230731870847875,0.076728301883603,0.0,16.0,16.0,0.0331537484537831,-0.0135733800201451,0.361875264738914,0.2575069269301167,0.3806178083309693,1.0,False,False,-0.1585605751128659,0.1499435141534957,1827
da620e416e8ac1de7aff,D1,2020,2021-01-23,2021-01-19,Bayer 04 Leverkusen,VfL Wolfsburg,0,1,1.7331635650076065,1.1634911567441928,0.4615122503489894,0.2631764072238037,0.2753113424272069,2,1,0,2.9219672369011565,0.8074290289560746,-0.104909640989594,-0.032780659357012,0.1346344069094797,-0.1971277762088197,-0.0030189144100633,0.0,0.0,16.0,16.0,-0.0090028768516119,0.0021183618342816,0.4615122503489893,0.2631764072238038,0.2753113424272069,1.0,False,False,-0.1585605751128659,0.1499435141534957,1827
acbe160e93d007a84c31,D1,2020,2021-01-24,2021-01-19,TSG 1899 Hoffenheim,1. FC Köln,3,0,2.1035546576885635,1.1553924424573987,0.523449182110653,0.2638995876568943,0.2126512302324527,2,1,2,2.9160160203538608,0.34196422011586,-0.2438074159092136,-0.2463747041339357,-0.1969289496691116,-0.0990676210100761,0.239609024729771,0.852120727839751,0.0,16.0,16.0,-8.155514773602705e-05,-0.0244275508544214,0.5234491821106529,0.2638995876568943,0.2126512302324527,1.0,False,False,-0.1585605751128659,0.1499435141534957,1827
bba47f57ab3e458bfe8e,D1,2020,2021-01-24,2021-01-19,FC Schalke 04,Bayern München,0,4,0.771615346816015,3.278073282882131,0.0707927062060272,0.1204906161183393,0.8087166776756334,0,2,2,2.5170922027028957,0.0561189052239974,-0.3319999337998021,0.3444886101285133,-0.2234967849362379,0.2108690056799627,-0.3945897209622869,-1.734168490720403,0.0,16.0,16.0,-0.0701539099345202,0.0707783437509557,0.0707927062060272,0.1204906161183393,0.8087166776756335,1.0,False,False,-0.1585605751128659,0.1499435141534957,1827
10e9c8b385667308c56a,D1,2020,2021-01-29,2021-01-26,Stuttgart,1. FSV Mainz 05,2,0,1.7785441131569335,1.194896087589057,0.5695193596042191,0.2327962345827464,0.1976844058130346,2,1,2,2.376888278660804,0.2785867928931193,-0.2417280998073959,-0.2230808890082923,-0.2939897022368956,-0.3090407169965057,0.0654250410631124,0.1331862198621296,0.0,18.0,18.0,-0.0097475134771693,-0.013492935963615,0.569519359604219,0.2327962345827464,0.1976844058130346,1.0,False,False,-0.1338620989146874,0.1478230917456029,1845
0e547f730ace2a657a94,D1,2020,2021-01-30,2021-01-26,Eintracht Frankfurt,Hertha BSC,3,1,2.1199655781265796,1.220062694078653,0.5332182806819408,0.2498588278588152,0.2169228914592441,2,1,2,2.741175579625106,0.3273701481875435,0.4543985299255954,-0.3697013663762966,0.2710448607626399,-0.2697826261772738,0.1103065246106448,0.0,0.0,18.0,18.0,0.0694402475419066,-0.0652053893644416,0.5332182806819408,0.2498588278588152,0.2169228914592441,1.0,False,False,-0.1338620989146874,0.1478230917456029,1845
1eb16aab7543dc04ac79,D1,2020,2021-01-30,2021-01-26,Borussia Dortmund,FC Augsburg,3,1,2.559899112022353,0.9804366269981304,0.7602222311043608,0.1510851752667972,0.088692593628842,2,0,3,2.4562241725469467,0.0881864848065803,-0.1382222274721529,-0.0821274465697893,0.0443339151182947,-0.0287812978605896,0.060734550160184,1.7741848911656393,0.0,18.0,18.0,-0.0066791229107166,-0.0043383607913804,0.7602222311043607,0.1510851752667972,0.088692593628842,1.0,False,False,-0.1338620989146874,0.1478230917456029,1845
53ce89b9a57a105c42e9,D1,2020,2021-01-30,2021-01-26,SV Werder Bremen,FC Schalke 04,1,1,1.817061789619478,0.9682593214546086,0.4900045907933725,0.2699177830641458,0.2400776261424816,2,1,0,2.0477794392579596,0.8307618090587613,0.0934942301392689,-0.4265275375016933,-0.1219509249989533,-0.5394608592621908,0.1829911502965096,-0.3846414755921792,0.0,18.0,18.0,0.039825357403837,-0.0564770227719582,0.4900045907933726,0.2699177830641459,0.2400776261424815,1.0,False,False,-0.1338620989146874,0.1478230917456029,1845
75aae8320fc848bd4430,D1,2020,2021-01-30,2021-01-26,1. FC Union Berlin,Borussia Mönchengladbach,1,1,1.358091013869012,1.6640768486954418,0.291146249923091,0.2825324555466683,0.4263212945302404,1,2,0,2.0299384719276357,0.7812756623581123,-0.0284532716561903,0.3603388760104191,0.3053595610167501,0.0702230946547408,-0.055580619972469,-1.733085638649998,0.0,18.0,18.0,-0.0236413019647634,0.0402355821824748,0.2911462499230911,0.2825324555466683,0.4263212945302405,1.0,False,False,-0.1338620989146874,0.1478230917456029,1845
8c70a613b92eaa1a9fdc,D1,2020,2021-01-30,2021-01-26,Bayern München,TSG 1899 Hoffenheim,4,1,3.1793958938957565,1.051462513440876,0.7705836549166315,0.1359208722754798,0.0934954728078887,3,1,2,2.745671145543648,0.0798477463471091,0.5165134724847333,0.1399308382955903,0.53374502593436,-0.0332676915052468,0.079367533500936,1.3217138804732396,0.0,18.0,18.0,0.0486231820087406,-0.0158009664697244,0.7705836549166315,0.1359208722754797,0.0934954728078887,1.0,False,False,-0.1338620989146874,0.1478230917456029,1845
f0eac2a3884378737a27,D1,2020,2021-01-30,2021-01-26,RB Leipzig,Bayer 04 Leverkusen,1,0,1.7403698778960766,1.1570718628504315,0.4953901197192789,0.265584147516169,0.2390257327645521,2,1,3,2.5117726460894616,0.3822993716124449,0.0449069872982025,-0.1059731159766477,0.3350408022733694,0.1635603236576939,0.0579197808968872,0.4757376315285781,0.0,18.0,18.0,0.012685343573497,-0.0157386500074192,0.495390119719279,0.265584147516169,0.239025732764552,1.0,False,False,-0.1338620989146874,0.1478230917456029,1845
22f2cc1115be943eff9d,D1,2020,2021-01-31,2021-01-26,1. FC Köln,Arminia Bielefeld,3,1,1.2691051513112916,0.8687181744077476,0.4207370118195632,0.2975305348381336,0.2817324533423033,1,0,2,3.39924754196315,0.5034432039030678,-0.2202571255594832,-0.019695818058804,-0.4033019777730969,-0.2349534476370299,-0.0607024176363811,0.0,0.0,18.0,18.0,-0.0240760425348271,0.0120783953539128,0.4207370118195632,0.2975305348381334,0.2817324533423034,1.0,False,False,-0.1338620989146874,0.1478230917456029,1845
b26111f35db264465153,D1,2020,2021-01-31,2021-01-26,VfL Wolfsburg,SC Freiburg,3,0,1.6195130665860686,1.1852930938365265,0.5147755259833964,0.2546349526923218,0.2305895213242817,2,1,2,3.0358451687741583,0.353453276661872,0.2435633663846477,0.3798401263418084,0.3974038552400329,0.0141398472741317,-0.0348282426147722,0.0,0.0,18.0,18.0,0.0036229181906357,0.027547256445687,0.5147755259833965,0.2546349526923218,0.2305895213242817,1.0,False,False,-0.1338620989146874,0.1478230917456029,1845
f09f87f4f02a1056153c,D1,2020,2021-02-05,2021-02-02,Hertha BSC,Bayern München,0,1,0.922188450469828,3.0744359973509874,0.1349423564089105,0.1717668414612523,0.6932908021298373,0,2,2,3.1404689587454504,0.141783819436923,-0.4399464648327729,0.6127523417926227,-0.2090269110083939,0.4379636537970655,-0.1158160190305955,0.0,0.0,19.0,19.0,-0.0804230645244382,0.0890633583724307,0.1349423564089104,0.1717668414612523,0.6932908021298373,1.0,False,False,-0.1363814510517331,0.1584834560024686,1845
1657d558165bc4e7ff01,D1,2020,2021-02-06,2021-02-02,Borussia Mönchengladbach,1. FC Köln,1,2,2.3587156239013396,0.9774352357090892,0.6478862472288052,0.2116428407614096,0.1404709120097852,2,1,0,3.1314866991729517,1.203339534495074,0.2728874465384076,-0.0446063565071073,0.4066423204155138,-0.0489943088906971,0.1561573038160891,1.2158449916509113,0.0,19.0,19.0,0.0373269276700005,-0.0259128731684355,0.6478862472288052,0.2116428407614097,0.1404709120097852,1.0,False,False,-0.1363814510517331,0.1584834560024686,1845
4317710e433fa683d305,D1,2020,2021-02-06,2021-02-02,1. FSV Mainz 05,1. FC Union Berlin,1,0,1.1834913233646844,1.6001264883364816,0.2975821162582639,0.2834535884833908,0.4189642952583452,1,2,0,2.7501003678127587,0.7492679009256524,-0.2996126855647895,-0.0460524983306546,-0.2398759347796324,-0.0981508704287764,-0.174897447394018,0.4016072912541537,0.0,19.0,19.0,-0.0364035160096471,0.0191202568148749,0.2975821162582639,0.2834535884833908,0.4189642952583453,1.0,False,False,-0.1363814510517331,0.1584834560024686,1845
46c313461e77abafb4b5,D1,2020,2021-02-06,2021-02-02,SC Freiburg,Borussia Dortmund,2,1,1.328424863108375,2.0864954690029087,0.185019121719636,0.223149526195814,0.5918313520845501,1,2,0,3.014935873288345,1.0642538923142764,0.1186544604922125,0.0861719586145385,0.3377624546240008,-0.0482727864850482,-0.2608426540114008,-1.7054477741557854,0.0,19.0,19.0,-0.0054852845820757,0.0157266055374132,0.185019121719636,0.2231495261958139,0.59183135208455,1.0,False,False,-0.1363814510517331,0.1584834560024686,1845
8014973b4db58bc04ae6,D1,2020,2021-02-06,2021-02-02,FC Schalke 04,RB Leipzig,0,3,0.7492171107688561,2.1854329814042064,0.1035019455252918,0.177431906614786,0.7190661478599222,0,2,2,2.341055044426941,0.1211185634907417,-0.3726068929205045,0.1534395795153673,-0.3829148136674514,0.0146843921318622,-0.2113401149778813,-1.253577514521525,0.0,19.0,19.0,-0.0554996740167128,0.044541308346456,0.1035019455252918,0.177431906614786,0.7190661478599222,1.0,False,False,-0.1363814510517331,0.1584834560024686,1845
f9e0b65491d7b8ddca1b,D1,2020,2021-02-06,2021-02-02,Bayer 04 Leverkusen,Stuttgart,5,2,2.015071279075069,1.094637493136328,0.480946625103378,0.2531967682422545,0.2658566066543673,2,1,2,5.081641055815403,0.4042047447416701,-0.2508644002679052,-0.0688492247891001,0.0684686452341928,-0.0798843272068116,0.1041989545869312,1.1999531364683385,0.0,19.0,19.0,-0.0164340310579889,0.0004483498051386,0.480946625103378,0.2531967682422546,0.2658566066543673,1.0,False,False,-0.1363814510517331,0.1584834560024686,1845
ffaaf3b8479a7ccc1eb4,D1,2020,2021-02-06,2021-02-02,FC Augsburg,VfL Wolfsburg,0,2,1.0753718636452498,1.6312582845158754,0.2085152139684327,0.2667596871439726,0.5247250988875946,1,2,2,2.346761170331642,0.3405255567688582,-0.2040394109497899,0.3520448182853531,-0.1684387764071991,0.1658709510878895,-0.1258251503409722,0.0,0.0,19.0,19.0,-0.0442974395262952,0.0516977098930734,0.2085152139684328,0.2667596871439726,0.5247250988875946,1.0,False,False,-0.1363814510517331,0.1584834560024686,1845
3623c95db48c5e70f6c5,D1,2020,2021-02-07,2021-02-02,TSG 1899 Hoffenheim,Eintracht Frankfurt,1,3,1.8079155120419237,1.7341997316554274,0.3234945170742063,0.2504747573146741,0.4260307256111197,1,2,2,2.9271738556030713,0.4968270345714165,-0.0113546884433449,0.5656902496334361,-0.015936071601737,0.2481160203486976,-0.1394934745068919,0.2468349030711401,0.0,19.0,19.0,-0.0363946550513508,0.0641114331108554,0.3234945170742062,0.250474757314674,0.4260307256111197,1.0,False,False,-0.1363814510517331,0.1584834560024686,1845
fe9c536524323cb8ac30,D1,2020,2021-02-12,2021-02-09,RB Leipzig,FC Augsburg,2,1,2.4565830958053185,0.7198534678222532,0.7562221789543653,0.1596046809853434,0.0841731400602915,2,0,2,2.3875068376780315,0.0919863977338002,0.2781130894991854,-0.3408450066983814,0.3881318714236249,-0.2003893145933757,0.2016472473567341,1.6676995831231678,0.0,20.0,20.0,0.0549359216526743,-0.0580725175126341,0.756222178954365,0.1596046809853434,0.0841731400602915,1.0,False,False,-0.1238488037960773,0.1568976650749868,1835
2a7706907f591a1ccf17,D1,2020,2021-02-13,2021-02-09,Bayer 04 Leverkusen,1. FSV Mainz 05,2,2,2.2874255817172884,0.8921123004093092,0.6552019558267339,0.203000605971958,0.141797438201308,2,1,0,3.134509711428706,1.0846041504806971,-0.0601812286701306,-0.0890704534377465,0.2050936933860863,-0.3668138371706056,0.2179347293657925,1.333139356330468,0.0,20.0,20.0,0.0093321362731638,-0.0167947203785577,0.6552019558267338,0.2030006059719581,0.141797438201308,1.0,False,False,-0.1238488037960773,0.1568976650749868,1835
3f8d1c4f608f7ebd49f7,D1,2020,2021-02-13,2021-02-09,SV Werder Bremen,SC Freiburg,0,0,1.472963825240147,1.4111526571378503,0.3318815435717233,0.2886363727426806,0.3794820836855962,1,2,0,2.614576507188,0.7601902209866019,0.0773559012265075,0.2139372391926393,-0.0960666423246766,-0.1780276736396123,0.0414655035673398,-0.0392565240003906,0.0,19.0,20.0,-0.0008879966586142,0.0154526536795715,0.3318815435717233,0.2886363727426806,0.379482083685596,1.0,False,False,-0.1238488037960773,0.1568976650749868,1835
df3057cb06d0b768a009,D1,2020,2021-02-13,2021-02-09,Stuttgart,Hertha BSC,1,1,1.7176856528003286,1.3278497713601625,0.4233775256180164,0.268337868349447,0.3082846060325364,2,1,0,2.083941503917833,0.8096174024065014,-0.2093096425680139,-0.4814081762730239,-0.0482390772295078,-0.337923771751481,0.0635975319775859,0.0,0.0,20.0,20.0,0.0063193211557291,-0.040855212097781,0.4233775256180165,0.2683378683494471,0.3082846060325364,1.0,False,False,-0.1238488037960773,0.1568976650749868,1835
f02dfe7eb2b4a699f095,D1,2020,2021-02-13,2021-02-09,1. FC Union Berlin,FC Schalke 04,0,0,1.839774958029435,0.9020409132963984,0.5350221397122465,0.2623524541839664,0.202625406103787,1,0,0,2.512170305537724,0.8714296470294125,-0.1582830290332481,-0.4351222451370974,0.1843596005741863,-0.4385648028852351,-0.0346430986934621,-0.9569067645916748,0.0,20.0,20.0,0.0041956544188569,-0.0338659181273742,0.5350221397122464,0.2623524541839666,0.2026254061037869,1.0,False,False,-0.1238488037960773,0.1568976650749868,1835
f298fc50e233811612c8,D1,2020,2021-02-13,2021-02-09,Borussia Dortmund,TSG 1899 Hoffenheim,2,2,2.405087627332403,1.340549859415566,0.6402795849672691,0.2025512912104524,0.1571691238222785,2,1,0,2.8126741878395927,1.0705845235590377,-0.0866115331195298,-0.1259261974481988,0.1658175600652285,-0.1600650350260146,-0.1284191109717402,0.9476082123168336,0.0,20.0,20.0,-0.00878579898813,-0.0018410875402563,0.640279584967269,0.2025512912104524,0.1571691238222785,1.0,False,False,-0.1238488037960773,0.1568976650749868,1835
05d790c7963e289c0f92,D1,2020,2021-02-14,2021-02-09,Eintracht Frankfurt,1. FC Köln,2,0,2.3447901179620145,1.1739078473476097,0.6419546461223117,0.2125487418928459,0.1454966119848424,2,1,2,2.479676338850853,0.1945427072126985,0.636930964372378,0.1468055410407802,0.3952229343970444,0.1165206618132512,-0.0269890961051075,0.605285824768611,0.0,20.0,20.0,0.0550033645799434,-0.0158165393092855,0.6419546461223117,0.2125487418928459,0.1454966119848424,1.0,False,False,-0.1238488037960773,0.1568976650749868,1835
e9b916d633f0fef009ca,D1,2020,2021-02-14,2021-02-09,VfL Wolfsburg,Borussia Mönchengladbach,0,0,1.508674531405154,1.3171617547174908,0.3848584428715875,0.2742669362992921,0.3408746208291203,2,1,0,2.624146665413573,0.7910000079233551,0.4817258811563347,0.1033546841859704,0.5150425115262579,0.0615805005033554,-0.0579763231932932,0.0,0.0,20.0,20.0,0.0401060377466702,-0.010852009479555,0.3848584428715875,0.2742669362992922,0.3408746208291203,1.0,False,False,-0.1238488037960773,0.1568976650749868,1835
0f105cf507a4e3f77592,D1,2020,2021-02-15,2021-02-09,Bayern München,Arminia Bielefeld,3,3,3.414160205288026,0.4609438823065127,0.8235135079986939,0.1150934541299379,0.0613930378713679,3,0,0,5.694132849030303,1.465003197879074,0.6225779350410812,-0.1294539864915521,0.5834616243004531,-0.3294079829425083,0.1830993204384758,0.0,0.0,20.0,19.0,0.0778854588506095,-0.053229261423133,0.8235135079986942,0.1150934541299379,0.0613930378713679,1.0,False,False,-0.1238488037960773,0.1568976650749868,1835
48890da9419ff23f1736,D1,2020,2021-02-19,2021-02-16,Arminia Bielefeld,VfL Wolfsburg,0,3,0.7914004478842647,1.5289077749062416,0.181155913293767,0.2505752396478089,0.5682688470584241,0,1,2,2.7705445626271863,0.2819972040661181,-0.1088511379238553,0.3356685975721499,-0.051988792787482,0.3089450577612929,-0.0610804620486071,0.0,0.0,20.0,21.0,-0.0307225667734233,0.0420634397558381,0.181155913293767,0.250575239647809,0.568268847058424,1.0,False,False,-0.1425338243937376,0.1495091959077125,1835
689d7894f0800e484ea4,D1,2020,2021-02-20,2021-02-16,SC Freiburg,1. FC Union Berlin,0,1,1.489425668466791,1.2419263615555274,0.3876636141343432,0.3037109843218104,0.3086254015438462,1,1,0,2.722059379967273,0.7205222751118319,0.1093626376535594,-0.1893533396162819,0.4571614613569849,-0.2010211656557792,0.0095642086451637,0.6115218129998862,0.0,21.0,21.0,0.0208821411784282,-0.0248816762765643,0.3876636141343433,0.3037109843218104,0.3086254015438462,1.0,False,False,-0.1425338243937376,0.1495091959077125,1835
a88c371f14ecab03ea65,D1,2020,2021-02-20,2021-02-16,Borussia Mönchengladbach,1. FSV Mainz 05,1,2,2.1766178203225843,0.9440600326656629,0.5735883218286748,0.2404435894534344,0.1859680887178907,2,1,0,2.8587666444873117,1.049464635233091,0.0821300458180551,-0.0757230979593154,0.1762816352183698,-0.296936346554076,0.2363329168722177,1.3314783473958445,0.0,21.0,21.0,0.0238158053233821,-0.0234954579304451,0.5735883218286749,0.2404435894534344,0.1859680887178907,1.0,False,False,-0.1425338243937376,0.1495091959077125,1835
a93968c7d4dad850809d,D1,2020,2021-02-20,2021-02-16,Eintracht Frankfurt,Bayern München,2,1,1.344134304909638,2.653258277104817,0.2416798231765076,0.2220082096621408,0.5363119671613514,1,2,0,2.746134837288743,0.9119676618554802,0.6552606059234029,0.4512145173401004,0.460293697592933,0.4791925944481378,-0.3151375946850696,-1.5685487835443797,0.0,21.0,21.0,0.0272084549910817,0.0281153011720933,0.2416798231765076,0.2220082096621408,0.5363119671613514,1.0,False,False,-0.1425338243937376,0.1495091959077125,1835
c2e9caa0cef8fc4ee163,D1,2020,2021-02-20,2021-02-16,1. FC Köln,Stuttgart,0,1,1.4999407409780574,1.5641087629896635,0.2768500667358742,0.2652825152009491,0.4578674180631766,1,2,3,2.6665792615742965,0.4409285087204863,-0.0162375870563811,-0.174359555980563,-0.1345970672082523,-0.2183621272384279,-0.040794199857632,-0.0175528641171963,0.0,21.0,21.0,0.0050545091005084,-0.0145843662523556,0.2768500667358742,0.2652825152009491,0.4578674180631766,1.0,False,False,-0.1425338243937376,0.1495091959077125,1835
e5caf1a8b47ace1f3c99,D1,2020,2021-02-20,2021-02-16,FC Schalke 04,Borussia Dortmund,0,4,0.9432786461417192,2.40906253135242,0.1033057851239669,0.1735537190082644,0.7231404958677685,1,2,2,2.9608785952668595,0.1174441636500239,-0.3596016177000834,-0.0737059586846766,-0.4669487492302845,-0.2002160454434056,-0.1585790764373449,-1.3600628225639968,0.0,21.0,21.0,-0.0402038176576417,0.0185384388384037,0.1033057851239669,0.1735537190082645,0.7231404958677686,1.0,False,False,-0.1425338243937376,0.1495091959077125,1835
048560645247fe64ec15,D1,2020,2021-02-21,2021-02-16,FC Augsburg,Bayer 04 Leverkusen,1,1,1.0645038429072444,1.9545688600912277,0.1834079258785655,0.2420612219717109,0.5745308521497234,1,2,0,2.170371791737686,0.9381953585859808,-0.3767411940759297,-0.0520242454747886,-0.3149552819760376,0.0136697799163294,-0.3133226379133628,-1.1919619515945896,0.0,21.0,21.0,-0.0507390390295216,0.0293007670519857,0.1834079258785655,0.2420612219717109,0.5745308521497235,1.0,False,False,-0.1425338243937376,0.1495091959077125,1835
3f8f2160da3574937efb,D1,2020,2021-02-21,2021-02-16,Hertha BSC,RB Leipzig,0,3,0.909994928891662,2.041952801498329,0.1908827985126014,0.241013634485608,0.5681035670017903,1,2,2,2.6929695472477495,0.2810583436125417,-0.3909421345181182,0.3848584259241479,-0.2686061496198351,0.1609725689697811,-0.2714323024401531,0.0,0.0,21.0,21.0,-0.0719087498700268,0.0716045644403283,0.1908827985126016,0.241013634485608,0.5681035670017904,1.0,False,False,-0.1425338243937376,0.1495091959077125,1835
d5a3766a8d71be7bf4cc,D1,2020,2021-02-21,2021-02-16,TSG 1899 Hoffenheim,SV Werder Bremen,4,0,1.8341160845303013,1.2886693662307698,0.4561467889908258,0.2626299694189601,0.281223241590214,2,1,2,3.9409748046644824,0.4438373275725013,-0.1628098866586813,0.0608023249432387,-0.1296844680324457,0.0102258517056781,0.0943129182050995,0.7970960858393425,0.0,21.0,20.0,-0.014605459002775,0.0095050809170029,0.4561467889908256,0.2626299694189602,0.281223241590214,1.0,False,False,-0.1425338243937376,0.1495091959077125,1835
e5ad5963472ea5556492,D1,2020,2021-02-26,2021-02-23,SV Werder Bremen,Eintracht Frankfurt,2,1,1.31932305970525,1.8432554029128367,0.2155496388397009,0.2539587500159241,0.5304916111443749,1,2,0,2.8820659655395806,0.9612787653287292,-0.139748793408727,0.6574489670300714,-0.138315037876197,0.4030988826800231,-0.0679939396788771,-0.5502611827682024,0.0,21.0,22.0,-0.0502470246763201,0.0761320333573873,0.2155496388397009,0.2539587500159241,0.5304916111443749,1.0,False,False,-0.1328005540454426,0.1434194017445571,1835
1f7d4721b85f98be2309,D1,2020,2021-02-27,2021-02-23,Bayern München,1. FC Köln,5,1,3.5812969572985627,0.7673873137087166,0.8066950486348143,0.1257463880302616,0.0675585633349241,3,0,2,3.0977957589682665,0.0577431178048328,0.2062163152720426,-0.1137689854104389,0.4191260246429817,-0.0410813442391443,0.3102987672976364,2.173834608312991,0.0,22.0,22.0,0.041825019162608,-0.0372026526695278,0.8066950486348143,0.1257463880302616,0.0675585633349241,1.0,False,False,-0.1328005540454426,0.1434194017445571,1835
5e88e6101ae8b193661c,D1,2020,2021-02-27,2021-02-23,RB Leipzig,Borussia Mönchengladbach,3,2,1.9522561557924885,1.0297172667173096,0.5856924055574819,0.2278469262669916,0.1864606681755264,2,1,3,3.382673777874241,0.2583325853985257,0.4679541512548094,-0.0899272570923847,0.4383138215143262,-0.0123062473300266,0.0928323357490231,0.4773986404632019,0.0,22.0,22.0,0.0559333947675513,-0.0370320500594301,0.5856924055574819,0.2278469262669917,0.1864606681755264,1.0,False,False,-0.1328005540454426,0.1434194017445571,1835
8f170ee73e3d398b5be1,D1,2020,2021-02-27,2021-02-23,Stuttgart,FC Schalke 04,5,1,1.8932613224381645,0.9973190810992688,0.6368765312773944,0.2090404369619455,0.1540830317606599,2,1,2,4.377062724755777,0.1992981384989348,0.0337349349790924,-0.4211388235699257,-0.06228349418954,-0.3557962005574783,-0.1106112452930742,-0.4221132534753915,0.0,22.0,22.0,0.0188998724117518,-0.0382700668412934,0.6368765312773944,0.2090404369619456,0.1540830317606599,1.0,False,False,-0.1328005540454426,0.1434194017445571,1835
ecc81b94a2c5a682924d,D1,2020,2021-02-27,2021-02-23,VfL Wolfsburg,Hertha BSC,2,0,1.9048457530988976,0.9162172527402525,0.5518012917485711,0.2429048943320681,0.2052938139193608,1,0,2,2.295237066367098,0.3020304198022798,0.4877694492065938,-0.5169602143639377,0.399796308454969,-0.2798662734318949,0.0708120022014115,0.0,0.0,22.0,22.0,0.0781655557489268,-0.079625094006794,0.5518012917485711,0.2429048943320681,0.2052938139193608,1.0,False,False,-0.1328005540454426,0.1434194017445571,1835
f8f4d56ac527040cabd4,D1,2020,2021-02-27,2021-02-23,Borussia Dortmund,Arminia Bielefeld,3,0,2.681870824997824,0.6906977086580663,0.7937472189125357,0.1394577837035202,0.066794997383944,2,0,2,2.19470200630076,0.0664502548173323,0.0884628390650556,-0.2789215272677331,0.0698883635456016,-0.2728804707876004,0.1220662136256505,0.0,0.0,22.0,21.0,0.0288956709511747,-0.0384186053613086,0.7937472189125356,0.1394577837035202,0.0667949973839441,1.0,False,False,-0.1328005540454426,0.1434194017445571,1835
02230fa4da7b030eddca,D1,2020,2021-02-28,2021-02-23,1. FSV Mainz 05,FC Augsburg,0,1,1.4749487004502473,1.2527935324351038,0.4579678985802721,0.2690884827816288,0.2729436186380992,2,1,0,2.8336550948348123,0.8107541893748111,0.1212793778637854,-0.3685622962093455,-0.0200104669473733,-0.2848909761472127,-0.219428334236174,-0.1411774047358785,0.0,22.0,22.0,0.0195846358850371,-0.0319487818023151,0.457967898580272,0.2690884827816288,0.2729436186380991,1.0,False,False,-0.1328005540454426,0.1434194017445571,1835
401517184eff0dcf7b8a,D1,2020,2021-02-28,2021-02-23,1. FC Union Berlin,TSG 1899 Hoffenheim,1,1,1.4876465346850225,1.4998031636217195,0.4018390005569139,0.2817628495029248,0.3163981499401614,2,1,0,2.030293993470243,0.7774469760082947,-0.0387324491624918,0.0788499243829471,0.1285254249734593,-0.1540182810894325,-0.0996518838818498,-1.369361374838838,0.0,22.0,22.0,-0.012798335329489,0.0148042090905117,0.4018390005569138,0.2817628495029248,0.3163981499401614,1.0,False,False,-0.1328005540454426,0.1434194017445571,1835
444aa0338b36ff2b102a,D1,2020,2021-02-28,2021-02-23,Bayer 04 Leverkusen,SC Freiburg,1,2,1.9664469101342188,1.0935865758276824,0.5179340028694405,0.2639885222381636,0.2180774748923959,2,1,0,2.778133424953441,0.9493484064725028,-0.0453327837612894,-0.0709021336632459,0.1087374333344714,-0.1420683818845624,0.1566517338674598,1.1232248345847355,0.0,22.0,22.0,0.0068444150004063,-0.0126561608716331,0.5179340028694405,0.2639885222381636,0.2180774748923959,1.0,False,False,-0.1328005540454426,0.1434194017445571,1835
444d0f1f18996dca3416,D1,2020,2021-03-05,2021-03-02,FC Schalke 04,1. FSV Mainz 05,0,0,1.183201324002664,1.3953833739748114,0.275879135287665,0.2704238981492082,0.4536969665631267,0,1,0,2.4739653209446404,0.8142315231474496,-0.5417316260275041,0.0023557774536859,-0.5125142054194023,-0.0635044056650537,-0.0042930312402918,0.555299473337521,0.0,23.0,23.0,-0.0545056030374493,0.0275368106087583,0.2758791352876649,0.2704238981492083,0.4536969665631267,1.0,False,False,-0.130930689876049,0.1497423144925027,1835
3a3868dc1f07d9f0ee1a,D1,2020,2021-03-06,2021-03-02,Borussia Mönchengladbach,Bayer 04 Leverkusen,0,1,1.5645976487532478,1.5021622598172029,0.3656433252845809,0.2742324939634356,0.3601241807519834,2,1,0,2.8666882082278273,0.618339566128892,-0.2310719459291345,-0.1576926217257639,0.0241055215643406,-0.0482943708701168,-0.0526878858146023,-0.0016610089346237,0.0,23.0,23.0,-0.0178569577973553,-0.0015812705853895,0.3656433252845809,0.2742324939634356,0.3601241807519834,1.0,False,False,-0.130930689876049,0.1497423144925027,1835
a351c4f741810932e396,D1,2020,2021-03-06,2021-03-02,Hertha BSC,FC Augsburg,2,1,1.4622155390560445,1.2306973817218996,0.4848018927865596,0.2752333512361737,0.2399647559772669,2,1,4,2.2487080453897645,0.3987655714202358,-0.5406922865536973,-0.1189469700856442,-0.3731773106140257,-0.0536231624440957,0.1228601436558192,0.0,0.0,23.0,23.0,-0.0419788729682965,0.0089969101363294,0.4848018927865595,0.2752333512361736,0.2399647559772669,1.0,False,False,-0.130930689876049,0.1497423144925027,1835
a4c155a06af2cb5c1b1a,D1,2020,2021-03-06,2021-03-02,Eintracht Frankfurt,Stuttgart,1,1,2.1066510185718395,1.3941573116487898,0.4954248366013073,0.2522875816993464,0.2522875816993464,2,1,0,2.2195321703127138,0.8681686530821481,0.3787124604687545,0.1732856683292521,0.5343076199224204,-0.0224177477472714,0.1240070982737808,0.5877329606514147,0.0,23.0,23.0,0.0354073175441018,-0.0078074111042015,0.4954248366013072,0.2522875816993464,0.2522875816993464,1.0,False,False,-0.130930689876049,0.1497423144925027,1835
b8081c1470f9f752536d,D1,2020,2021-03-06,2021-03-02,TSG 1899 Hoffenheim,VfL Wolfsburg,2,1,1.4374441610147324,1.527670860099524,0.3246624958840961,0.2742838327296674,0.4010536713862364,1,2,0,2.563900525137227,0.6921564126947539,0.0686573939396608,0.5730097768138241,0.1060238764646021,0.4023649968679446,-0.093129698732767,0.0,0.0,23.0,23.0,-0.0264412343833634,0.0585245929210377,0.3246624958840961,0.2742838327296674,0.4010536713862364,1.0,False,False,-0.130930689876049,0.1497423144925027,1835
d3f0586790e025d59304,D1,2020,2021-03-06,2021-03-02,SC Freiburg,RB Leipzig,0,3,1.019229858265153,1.8979290259386197,0.1892399765393222,0.2396405733060763,0.5711194501546013,1,2,2,2.7763591776265333,0.2771778991307597,0.0551225285532757,0.5639623131618576,0.2778917259926668,0.3411453859006989,-0.037971434806717,-1.5989624661133135,0.0,23.0,23.0,-0.0245844345431011,0.0555386766288578,0.1892399765393222,0.2396405733060764,0.5711194501546014,1.0,False,False,-0.130930689876049,0.1497423144925027,1835
f9ee0792fcc906fd874b,D1,2020,2021-03-06,2021-03-02,Bayern München,Borussia Dortmund,4,2,2.65229015008015,1.4269867258684723,0.578528037580581,0.2179386442940545,0.2035333181253643,2,1,2,3.4196044919861035,0.2665616793695273,0.3782604306306838,0.2214956375004128,0.4894356050708504,-0.0186325924839737,0.2515911583859249,0.374105668156406,0.0,23.0,23.0,0.0393308191073439,-0.0093430157007891,0.5785280375805811,0.2179386442940545,0.2035333181253643,1.0,False,False,-0.130930689876049,0.1497423144925027,1835
60087b89e51c536dba16,D1,2020,2021-03-07,2021-03-02,1. FC Köln,SV Werder Bremen,1,1,1.317836579467999,1.4782763976998448,0.3279337187893665,0.3078345553796958,0.3642317258309377,1,1,4,1.922891421913183,0.7192982767472302,-0.2194736236423055,0.0654421017044055,-0.230919269465995,-0.1444415615403387,-0.0988051200755486,-0.0550246420004086,0.0,23.0,22.0,-0.0301597234532282,0.0224581473563332,0.3279337187893666,0.3078345553796958,0.3642317258309377,1.0,False,False,-0.130930689876049,0.1497423144925027,1835
67aeb1fe5057b48eef28,D1,2020,2021-03-07,2021-03-02,Arminia Bielefeld,1. FC Union Berlin,0,0,0.8002810005509028,1.432746281546405,0.2408711268207861,0.2822040420740572,0.4769248311051566,0,1,0,2.1621819241215463,0.8007072314754191,-0.3615835618408757,-0.0544848710697521,-0.1721078818219819,-0.048303979390438,-0.1830993204384758,0.0,0.0,22.0,23.0,-0.0425890786525237,0.0217856570069923,0.2408711268207861,0.2822040420740572,0.4769248311051566,1.0,False,False,-0.130930689876049,0.1497423144925027,1835
547c48cdb47faefed0e1,D1,2020,2021-03-10,2021-03-09,Arminia Bielefeld,SV Werder Bremen,0,2,0.8752754679460338,1.344741611443674,0.2876251033952856,0.2984448565010643,0.4139300401036502,0,1,2,2.423889441780779,0.5152755303679987,-0.3561279545735696,0.0309731962025799,-0.1438416363348559,-0.1412017934054846,-0.0590698567850555,0.0,0.0,23.0,23.0,-0.0401149481067387,0.0238572101881892,0.2876251033952855,0.2984448565010643,0.4139300401036501,1.0,False,False,-0.1403520176124628,0.1488799676446439,1835
c496c8511decb337be72,D1,2020,2021-03-12,2021-03-09,FC Augsburg,Borussia Mönchengladbach,3,1,1.15597672137674,1.7070091813085952,0.2285185392573755,0.2567004502649876,0.5147810104776365,1,2,0,3.744010581546009,0.9260782541841974,-0.1947103892138241,-0.3100610234472836,-0.2543949402164983,-0.1673966872520581,-0.1864725529335055,-1.190300942659966,0.0,24.0,24.0,-0.0132916153956935,-0.0119469552373618,0.2285185392573756,0.2567004502649877,0.5147810104776366,1.0,False,False,-0.1403520176124628,0.1488799676446439,1835
2602453c3544d98e142d,D1,2020,2021-03-13,2021-03-09,VfL Wolfsburg,FC Schalke 04,5,0,2.1337295099524156,0.7027890300367211,0.7078672439192507,0.1903627050380456,0.1017700510427037,2,0,2,3.812317082499733,0.131936649933971,0.3495556428382962,-0.4437423276373189,0.4640453980288966,-0.4180171053434892,0.1637528654860766,0.0,0.0,24.0,24.0,0.0653303239399994,-0.0700396581799505,0.7078672439192507,0.1903627050380455,0.1017700510427037,1.0,False,False,-0.1403520176124628,0.1488799676446439,1835
455dffb93d26ee6dd224,D1,2020,2021-03-13,2021-03-09,1. FSV Mainz 05,SC Freiburg,1,0,1.267408340499181,1.4398406747269952,0.3615631005765535,0.2875080076873799,0.3509288917360667,2,1,3,2.557966074446421,0.6134136160848943,-0.0207787460608474,-0.0875554123867131,-0.136919829947282,0.0401687090087478,0.1135402640435409,-0.2099145217457327,0.0,24.0,24.0,0.0079769092154279,-0.0133936171378059,0.3615631005765535,0.2875080076873799,0.3509288917360666,1.0,False,False,-0.1403520176124628,0.1488799676446439,1835
53a5eb195a508f555e02,D1,2020,2021-03-13,2021-03-09,SV Werder Bremen,Bayern München,1,3,0.9823328052028828,2.8313812392359843,0.0929154366678094,0.1490125879789517,0.7580719753532388,0,2,3,2.4858508292996007,0.0893671988568384,0.0309731962025799,0.4463787560269748,0.0432477098020694,0.2357971900953741,-0.1911083005854163,-2.118809966312582,0.0,23.0,24.0,-0.0287770332103615,0.0526446308218393,0.0929154366678094,0.1490125879789517,0.7580719753532388,1.0,False,False,-0.1403520176124628,0.1488799676446439,1835
c270a8f20d975789c806,D1,2020,2021-03-13,2021-03-09,1. FC Union Berlin,1. FC Köln,2,1,1.6953210067492726,0.985343861632222,0.4865946559753664,0.2846941867796173,0.2287111572450164,1,0,3,2.4075198305659677,0.3969446207075146,-0.1042040407503604,-0.2027532467818888,0.0392963066288102,-0.2233275694388217,0.156703934593108,-0.5172406469990869,0.0,24.0,24.0,0.0075524549937137,-0.0229003193703262,0.4865946559753664,0.2846941867796173,0.2287111572450163,1.0,False,False,-0.1403520176124628,0.1488799676446439,1835
d7ddea0d15e3473112b0,D1,2020,2021-03-13,2021-03-09,Borussia Dortmund,Hertha BSC,2,0,2.6376740679130912,1.022835824277263,0.6363697980208757,0.2084180561203742,0.1552121458587502,2,1,2,2.520805994781248,0.1997558201304521,0.0450333398130765,-0.2868365737411616,0.2029436040232562,-0.4096779319060817,0.2028867896781608,0.0,0.0,24.0,24.0,0.0289895021522737,-0.041079663848678,0.6363697980208757,0.2084180561203741,0.1552121458587501,1.0,False,False,-0.1403520176124628,0.1488799676446439,1835
86853edf5a3b3b73cd1f,D1,2020,2021-03-14,2021-03-09,Bayer 04 Leverkusen,Arminia Bielefeld,1,2,2.150814210082451,0.6080387384756947,0.6916525743159267,0.1916627615574254,0.1166846641266478,2,0,0,3.3004574900599963,1.29536388031472,0.0474074104245589,-0.3561279545735696,-0.0313033753343389,-0.3566278696225838,0.0613651919972858,0.0,0.0,24.0,23.0,0.0256153983709986,-0.0410514255784492,0.6916525743159267,0.1916627615574254,0.1166846641266477,1.0,False,False,-0.1403520176124628,0.1488799676446439,1835
a16fc3e87ae16ba5e6cd,D1,2020,2021-03-14,2021-03-09,Stuttgart,TSG 1899 Hoffenheim,2,0,1.6618268477173783,1.747809560134996,0.3877170057868211,0.2563935038267687,0.3558894903864102,2,1,2,3.0008940629551057,0.5672854231747216,0.1194410868229068,0.2130345133394978,0.1379447260797417,-0.1290020972778839,-0.0184905928558717,-0.8345678637225546,0.0,24.0,24.0,0.0003678533725222,0.016255926635598,0.387717005786821,0.2563935038267687,0.3558894903864102,1.0,False,False,-0.1403520176124628,0.1488799676446439,1835
d938e9651ff113ed9737,D1,2020,2021-03-14,2021-03-09,RB Leipzig,Eintracht Frankfurt,1,1,2.2294940791506637,1.0696365817108768,0.526185695425248,0.2512918492664112,0.2225224553083408,2,1,0,2.158119546410687,0.8869515241615146,0.6516763034016411,0.2478483119495889,0.4728503804286388,0.2101717290094684,-0.0501364003239194,1.087957807345502,0.0,24.0,24.0,0.0502683947264887,-0.0052921639589271,0.526185695425248,0.2512918492664113,0.2225224553083408,1.0,False,False,-0.1403520176124628,0.1488799676446439,1835
7176ff0bcfd18e192239,D1,2020,2021-03-19,2021-03-16,Arminia Bielefeld,RB Leipzig,0,1,0.5786959233057019,2.0735877982987265,0.1083529992602309,0.1932842390844119,0.6983627616553572,0,1,4,2.0267990969347203,0.1400841930833106,-0.2384833554592945,0.4750849377084017,-0.2914626438287721,0.4688917000523306,-0.0613651919972858,0.0,0.0,25.0,25.0,-0.0506708420312138,0.0625009211436691,0.1083529992602309,0.1932842390844119,0.698362761655357,1.0,False,False,-0.1384123535991062,0.1557863461124636,1836
067610da90f004b388d6,D1,2020,2021-03-20,2021-03-16,1. FC Köln,Borussia Dortmund,2,2,1.0731623597711764,2.5310951124972796,0.1361588678818607,0.1982813513529597,0.6655597807651796,1,2,0,2.94817729765187,1.1042618506635002,-0.3236270943479879,0.2298735106653484,-0.1920866969551106,-0.1519523372186492,-0.1659500649260761,-1.7997289401565848,0.0,25.0,25.0,-0.05215388821437,0.047466209030238,0.1361588678818607,0.1982813513529597,0.6655597807651796,1.0,False,False,-0.1384123535991062,0.1557863461124636,1836
4d651343b07b29acc04f,D1,2020,2021-03-20,2021-03-16,Bayern München,Stuttgart,4,0,3.298878888925834,1.0077317526605765,0.772591644223436,0.1367320463877447,0.0906763093888192,3,1,2,2.7490994204831036,0.0786324058707575,0.5022586267415852,0.2975422852768843,0.5743765833778934,-0.0778982457234724,0.2022300428095963,2.156281744195794,0.0,25.0,25.0,0.0454602505507941,-0.0054702049498706,0.7725916442234361,0.1367320463877447,0.0906763093888192,1.0,False,False,-0.1384123535991062,0.1557863461124636,1836
63811d08ecc857aa14f4,D1,2020,2021-03-20,2021-03-16,Eintracht Frankfurt,1. FC Union Berlin,5,2,1.6988408410725246,1.2026837568249504,0.5115697310819262,0.2557848655409631,0.2326454033771106,2,1,2,5.2880102065994405,0.358113908747689,0.1806074596220664,0.0912859845413599,0.4156001580096606,-0.0991336367741656,-0.0049495837749968,1.122526471767698,0.0,25.0,25.0,0.0132489675463888,0.0003457046617825,0.5115697310819263,0.2557848655409631,0.2326454033771107,1.0,False,False,-0.1384123535991062,0.1557863461124636,1836
a58dd381501352bccaf6,D1,2020,2021-03-20,2021-03-16,FC Schalke 04,Borussia Mönchengladbach,0,3,0.9534572589200806,1.9372764064598995,0.1392580919401995,0.2073734629979057,0.6533684450618948,1,2,2,2.5953876527680624,0.1825500042053774,-0.4967918917895237,-0.4278182839310167,-0.4164595100118965,-0.253932966093088,-0.1236125610365396,-0.7761788740583233,0.0,25.0,25.0,-0.0344689030342285,-0.0117616057517985,0.1392580919401995,0.2073734629979057,0.6533684450618947,1.0,False,False,-0.1384123535991062,0.1557863461124636,1836
f016950ad52cbd735c23,D1,2020,2021-03-20,2021-03-16,SV Werder Bremen,VfL Wolfsburg,1,2,1.113392191310106,1.5617132025356295,0.221863071766234,0.2636544537055801,0.5144824745281857,1,2,4,2.257934828847121,0.3544641611126108,0.0131425589228816,0.4356792956347666,-0.1011897374129677,0.2095696965305481,-0.017075265292712,0.0,0.0,25.0,25.0,-0.0213234721540857,0.0437645648819681,0.221863071766234,0.2636544537055801,0.5144824745281859,1.0,False,False,-0.1384123535991062,0.1557863461124636,1836
555617432307c77f6d31,D1,2020,2021-03-21,2021-03-16,SC Freiburg,FC Augsburg,2,0,1.5935180947358554,1.166618955878377,0.4863887235443912,0.2685413797597202,0.2450698966958886,2,1,2,2.4574445958052933,0.3959702702121476,-0.1923293368107792,0.0332032533634672,0.0751342187339738,-0.164493512473962,0.0417266561350027,0.0687371170098539,0.0,25.0,25.0,-0.0188067635425011,0.0108504593701355,0.4863887235443911,0.2685413797597202,0.2450698966958885,1.0,False,False,-0.1384123535991062,0.1557863461124636,1836
942188eea832682a3999,D1,2020,2021-03-21,2021-03-16,Hertha BSC,Bayer 04 Leverkusen,3,0,1.1588024735926443,1.7744772435028795,0.2717507016355367,0.2709764831123585,0.4572728152521049,1,2,0,4.130465619986365,0.812873722536861,-0.345284258919138,-0.1184114625594319,-0.122732829570288,0.0769832101819637,0.016079185482008,0.0,0.0,25.0,25.0,-0.0278038934898418,0.0046191074159133,0.2717507016355366,0.2709764831123585,0.4572728152521049,1.0,False,False,-0.1384123535991062,0.1557863461124636,1836
f4ecd808de8b00147604,D1,2020,2021-03-21,2021-03-16,TSG 1899 Hoffenheim,1. FSV Mainz 05,1,2,2.0013107219469357,1.1177297476824055,0.4969276018724369,0.2571700796752234,0.2459023184523399,2,1,0,2.657774899672284,0.8817368046984081,-0.0053339895135263,0.1630374378497738,0.2436875600843487,-0.1149178183628706,-0.0665126789775073,0.9677540835846844,0.0,25.0,25.0,-0.0120109047927167,0.019896077209529,0.4969276018724368,0.2571700796752234,0.2459023184523399,1.0,False,False,-0.1384123535991062,0.1557863461124636,1836
3dd3d328c8e525b4f5e0,D1,2020,2021-04-03,2021-03-30,1. FSV Mainz 05,Arminia Bielefeld,1,1,1.3783299064338528,0.774820981811835,0.5307529162248146,0.2624602332979852,0.2067868504772005,1,0,0,2.130260476847764,0.8684243670782875,0.2536608992131836,-0.2894555779759335,0.0443922481951407,-0.109156738002846,-0.0610331068128252,0.0,0.0,26.0,26.0,0.0367872134794737,-0.0385769474176112,0.5307529162248145,0.2624602332979851,0.2067868504772004,1.0,False,False,-0.1343641942369006,0.1636105528349035,1836
5eb80a511a4cfe6eb611,D1,2020,2021-04-03,2021-03-30,Borussia Mönchengladbach,SC Freiburg,2,1,1.7853988464212047,1.15686823209752,0.5271951377214534,0.2434242855295486,0.2293805767489977,2,1,4,2.289972207107503,0.3354152695695094,-0.2020280213325932,-0.0216962039814331,-0.14415629483173,-0.0608674374682787,0.0166019954390034,1.121563825650112,0.0,26.0,26.0,-0.0182878921622374,0.0071016808965361,0.5271951377214535,0.2434242855295487,0.2293805767489978,1.0,False,False,-0.1343641942369006,0.1636105528349035,1836
60bb93acaf93974904b3,D1,2020,2021-04-03,2021-03-30,Bayer 04 Leverkusen,FC Schalke 04,2,1,2.4321235747483367,0.7506672353482986,0.7760299884859452,0.1473019885552025,0.0766680229588524,2,0,2,2.3301505321943976,0.077738427634342,-0.2299114807655824,-0.5336808559058722,-0.1896101719950987,-0.4957444001690311,0.1356460663863331,0.777839882992947,0.0,26.0,26.0,0.010475198038052,-0.0486548148716247,0.7760299884859452,0.1473019885552025,0.0766680229588524,1.0,False,False,-0.1343641942369006,0.1636105528349035,1836
6ce41cadac67bfe4e4e9,D1,2020,2021-04-03,2021-03-30,Borussia Dortmund,Eintracht Frankfurt,1,2,2.376591651625723,1.4492710505898845,0.5333868056948066,0.2392888175924069,0.2273243767127866,2,1,0,2.861104999967117,0.9387882415363652,0.1892326468689344,0.2937703931199869,0.3594128834734664,0.1497000265427314,0.1445221055686977,1.1944431153879735,0.0,26.0,26.0,0.0114608503093289,0.012689301690117,0.5333868056948066,0.2392888175924069,0.2273243767127866,1.0,False,False,-0.1343641942369006,0.1636105528349035,1836
a367825c135e08c327d8,D1,2020,2021-04-03,2021-03-30,FC Augsburg,TSG 1899 Hoffenheim,2,1,1.35106181374251,1.6966151211703275,0.2602987873750613,0.2561004198367539,0.4836007927881849,1,2,0,2.7245190079794885,0.8466150357847273,-0.1462264612087651,-0.1683065666324828,-0.0358139117997593,-0.2424923442261483,-0.2057258317177407,-0.8265766788488057,0.0,26.0,26.0,-0.0164936093751394,0.000766957983077,0.2602987873750613,0.2561004198367538,0.4836007927881849,1.0,False,False,-0.1343641942369006,0.1636105528349035,1836
d33f26cebfc874994ab4,D1,2020,2021-04-03,2021-03-30,RB Leipzig,Bayern München,0,1,1.5378263533180152,1.763638613762189,0.3437652622194659,0.2596922361331835,0.3965425016473505,1,2,3,3.0222838193664674,0.5497755653347093,0.5664972149166295,0.5576322178092494,0.3283877105229494,0.3261963883951894,-0.0046628272235783,-0.4805909761988775,0.0,26.0,26.0,0.0285349692400215,0.0276715023962723,0.3437652622194659,0.2596922361331835,0.3965425016473506,1.0,False,False,-0.1343641942369006,0.1636105528349035,1836
e4e94d125473bc942726,D1,2020,2021-04-03,2021-03-30,VfL Wolfsburg,1. FC Köln,1,0,2.148255284346726,0.8557875686697456,0.6214709329166519,0.2263929827053517,0.1521360843779963,2,1,3,2.4185919673623517,0.2176834254150843,0.4773186546818193,-0.2615087345058736,0.5329140242075253,-0.340504938649379,-0.009626903402038,0.0,0.0,26.0,26.0,0.0603259570233737,-0.0495354610145764,0.6214709329166519,0.2263929827053517,0.1521360843779963,1.0,False,False,-0.1343641942369006,0.1636105528349035,1836
365c36cb63bdd07cd782,D1,2020,2021-04-04,2021-03-30,1. FC Union Berlin,Hertha BSC,1,1,1.52501433217391,1.1697297737372372,0.3793398764027325,0.2956966117300802,0.3249635118671872,1,1,4,1.9570360187427145,0.7455432886027853,-0.0578892508442615,-0.0675255202583546,0.1889485753275798,-0.4727406549486118,-0.1816901449007981,0.0,0.0,26.0,26.0,-0.0114971563165483,0.0052264177614175,0.3793398764027325,0.2956966117300802,0.3249635118671872,1.0,False,False,-0.1343641942369006,0.1636105528349035,1836
403c7712b767eceba024,D1,2020,2021-04-04,2021-03-30,Stuttgart,SV Werder Bremen,1,0,1.7181599026269787,1.24871607428766,0.4908225696804894,0.2637661454792658,0.2454112848402447,2,1,3,2.5646072502528083,0.3890609337747089,0.1113100850484333,-0.1531496006931096,0.2860361880272846,0.0804129808446204,0.0588937486468929,-0.0374717778832123,0.0,26.0,26.0,0.0217331759718434,-0.0238251517540772,0.4908225696804894,0.2637661454792658,0.2454112848402447,1.0,False,False,-0.1343641942369006,0.1636105528349035,1836
0544d93d3b1258c980b4,D1,2020,2021-04-09,2021-04-06,Arminia Bielefeld,SC Freiburg,1,0,0.8542066501411805,1.3363783956221482,0.3255535607420706,0.2991023339317774,0.375344105326152,0,1,0,2.155755035272913,0.685223402994226,-0.2367913659467337,-0.1116174128904605,-0.3395458303400406,-0.1704362474049423,-0.1220662136256505,0.0,0.0,27.0,27.0,-0.0242015766314328,0.0067811376895731,0.3255535607420706,0.2991023339317774,0.375344105326152,1.0,False,False,-0.1267527894806557,0.1620328893155384,1836
2bd16b8e6728a31451b4,D1,2020,2021-04-10,2021-04-06,Bayern München,1. FC Union Berlin,1,1,3.100605885118933,0.8178766318170145,0.6490957000070525,0.2038826237201639,0.1470216762727837,2,0,0,2.383897094270984,1.076743477876395,0.5707314795314951,-0.0701998727973344,0.6602194974668725,-0.2107824641977226,0.1109465520422766,2.400631903693034,0.0,27.0,27.0,0.06613046919513,-0.041103888858422,0.6490957000070523,0.2038826237201638,0.1470216762727837,1.0,False,False,-0.1267527894806557,0.1620328893155384,1836
4a776adbcf1e41b1deaa,D1,2020,2021-04-10,2021-04-06,SV Werder Bremen,RB Leipzig,1,4,0.8734860262519788,1.9293157004535395,0.1271340722603315,0.1995925309807293,0.673273396758939,0,1,2,3.3861389412433898,0.1627505240182302,-0.246138568627139,0.3074162570085059,-0.1834582379168238,0.5413608653309047,-0.2451408907997889,-1.702223601573445,0.0,27.0,27.0,-0.0522417142531286,0.055305598672197,0.1271340722603315,0.1995925309807293,0.6732733967589392,1.0,False,False,-0.1267527894806557,0.1620328893155384,1836
52ec1ee77ab0fbbac3de,D1,2020,2021-04-10,2021-04-06,Eintracht Frankfurt,VfL Wolfsburg,4,3,1.541692788046783,1.456377848111534,0.3964554035831247,0.2785590445000964,0.324985551916779,2,1,3,5.074337835529649,0.5474768300914691,0.3575910301274541,0.5048474241311128,0.5299695820368032,0.3486856750195411,-0.0522371672762831,0.0,0.0,27.0,27.0,0.0079048734423756,0.0352170492705527,0.3964554035831246,0.2785590445000963,0.3249855519167791,1.0,False,False,-0.1267527894806557,0.1620328893155384,1836
76521e513988509ed31f,D1,2020,2021-04-10,2021-04-06,Hertha BSC,Borussia Mönchengladbach,2,2,1.294222865742116,1.6542191033636828,0.3036002149382052,0.2732401934443847,0.42315959161741,1,2,0,2.7986492990785363,0.799416946913093,-0.054734293040188,-0.009018303163942,0.0482443634831671,-0.0192721116829311,0.0500536148311699,0.0,0.0,27.0,27.0,-0.0025198334042632,-0.0006677964059433,0.3036002149382052,0.2732401934443847,0.42315959161741,1.0,False,False,-0.1267527894806557,0.1620328893155384,1836
eca2b2dea43ba3d4e91f,D1,2020,2021-04-10,2021-04-06,Stuttgart,Borussia Dortmund,2,3,1.4449193538296992,2.049686986859122,0.2455931867696573,0.2394533571004158,0.5149534561299267,1,2,3,3.0697640937601,0.352924073334638,0.2079123883483129,-0.0053819412192179,0.4147285760334216,-0.1841600492927783,-0.0426799844178423,-1.2267896870154806,0.0,27.0,27.0,0.0189263366749,-0.0087998143184453,0.2455931867696574,0.2394533571004159,0.5149534561299267,1.0,False,False,-0.1267527894806557,0.1620328893155384,1836
987377f6f5ed98970266,D1,2020,2021-04-11,2021-04-06,FC Schalke 04,FC Augsburg,1,0,1.096571213681275,1.5040180797223133,0.2967195816457953,0.2860589978740903,0.4172214204801143,0,1,0,2.591660938416767,0.7505068108126383,-0.5583018113441339,0.0601282417835621,-0.4710960973906312,-0.2482366546886958,-0.0548767241142249,0.0643845684007572,0.0,27.0,27.0,-0.0615804294293027,0.0366717509512741,0.2967195816457955,0.2860589978740903,0.4172214204801142,1.0,False,False,-0.1267527894806557,0.1620328893155384,1836
c530ba3a18f97da3d716,D1,2020,2021-04-11,2021-04-06,1. FC Köln,1. FSV Mainz 05,2,3,1.3661718278432982,1.3187171899161525,0.3153329580502192,0.2930855407644675,0.3915815011853132,1,2,3,3.586208751438935,0.5555070783378186,-0.3751410327766956,0.2087462827218148,-0.1602309647597018,0.0824970939694147,-0.0047684901585137,0.1418435466631914,0.0,27.0,27.0,-0.0481898419216859,0.0398701044189419,0.3153329580502192,0.2930855407644676,0.3915815011853132,1.0,False,False,-0.1267527894806557,0.1620328893155384,1836
4db3b8e625771801234d,D1,2020,2021-04-12,2021-04-06,TSG 1899 Hoffenheim,Bayer 04 Leverkusen,0,0,1.5598149742765284,1.6965781967759486,0.3322475570032573,0.2671009771986971,0.4006514657980456,1,2,0,2.929641380093684,0.8080510138038598,-0.2318870769302181,-0.0118362730163359,0.0392893493997139,-0.1264750411558988,-0.0104325650879964,-0.4818010203397382,0.0,27.0,27.0,-0.0231185222966048,0.0109323547992771,0.3322475570032573,0.2671009771986971,0.4006514657980456,1.0,False,False,-0.1267527894806557,0.1620328893155384,1836
dfd053dfc71c4e3b877c,D1,2020,2021-04-16,2021-04-13,RB Leipzig,TSG 1899 Hoffenheim,0,0,2.2854413140151597,0.9560485594316456,0.6856311323419253,0.1908317266955656,0.123537140962509,2,1,0,3.07562317207996,1.140104769356141,0.3977961330688921,-0.1895658891465707,0.1087718774636639,-0.2927442932032212,0.132607303580602,0.8586295785383249,0.0,28.0,28.0,0.0558882729432478,-0.0454767607471317,0.6856311323419253,0.1908317266955657,0.123537140962509,1.0,False,False,-0.1238491388090865,0.1596980406538635,1836
0a580c09635b06e0615d,D1,2020,2021-04-17,2021-04-13,1. FC Union Berlin,Stuttgart,2,1,1.5056993319674197,1.2889293085349922,0.4155189136760427,0.2810863239573231,0.3033947623666344,2,1,4,2.3989240234490468,0.5126760436177809,-0.0602428934715921,0.0767386334407744,0.1322899232114945,-0.2601592444035665,0.0,-0.8040623584331602,0.0,28.0,28.0,-0.0098612210191979,0.010686008017657,0.4155189136760427,0.281086323957323,0.3033947623666343,1.0,False,False,-0.1238491388090865,0.1596980406538635,1836
0be1e0a101afb40558f9,D1,2020,2021-04-17,2021-04-13,SC Freiburg,FC Schalke 04,4,0,1.8229712590364835,0.8770757273254017,0.5646402172273344,0.2421933926685775,0.1931663901040881,1,0,2,3.5094513497181854,0.2855090341740231,-0.2488651476076101,-0.2745970027824574,0.1943988725861901,-0.5004959086747922,0.1675305012129539,0.1837062789169014,0.0,28.0,28.0,-0.0027801395609904,-0.0233929679585129,0.5646402172273345,0.2421933926685774,0.1931663901040881,1.0,False,False,-0.1238491388090865,0.1596980406538635,1836
2d18ba2b9bc670dc6491,D1,2020,2021-04-17,2021-04-13,VfL Wolfsburg,Bayern München,2,3,1.1741835944643848,2.177520704739863,0.2512953367875646,0.2461139896373057,0.5025906735751295,1,2,3,3.3426470660607186,0.3711374802008107,0.2535280194474225,0.4086830368019098,0.5537690058726094,0.4243028560420229,-0.3130840304955265,0.0,0.0,28.0,28.0,-0.0107355514201295,0.0438461042325961,0.2512953367875647,0.2461139896373057,0.5025906735751295,1.0,False,False,-0.1238491388090865,0.1596980406538635,1836
5019991df0460521f862,D1,2020,2021-04-17,2021-04-13,Borussia Mönchengladbach,Eintracht Frankfurt,4,0,1.81884359053788,1.600962546863013,0.3762487420296162,0.2575934783706806,0.3661577795997031,1,2,0,4.317647867417052,0.5894915514801273,-0.0100534887652771,0.409945355107609,0.0384559201979202,0.2995724679760257,0.1269628493275239,0.3501376062383559,0.0,28.0,28.0,-0.0151544741655319,0.0351490674826485,0.3762487420296162,0.2575934783706806,0.3661577795997031,1.0,False,False,-0.1238491388090865,0.1596980406538635,1836
5b1106c190691273b96e,D1,2020,2021-04-17,2021-04-13,Bayer 04 Leverkusen,1. FC Köln,3,0,2.2783380085428644,0.920657817454764,0.5831132154056575,0.2445794560780763,0.1723073285162663,2,1,2,2.657436353661666,0.2633035169652699,-0.075847356861485,-0.4650428901434061,0.0212243154614725,-0.3998327764894265,0.1178244013768665,1.28145292151836,0.0,28.0,28.0,0.0215586288898651,-0.0486031412401097,0.5831132154056574,0.2445794560780762,0.1723073285162663,1.0,False,False,-0.1238491388090865,0.1596980406538635,1836
bf8d7415c4966c28b098,D1,2020,2021-04-17,2021-04-13,FC Augsburg,Arminia Bielefeld,0,0,1.314249123778446,0.8143294741081932,0.3829552142007854,0.2970587175576187,0.319986068241596,1,0,0,2.0669694446166633,0.7431722265140245,-0.0478086615329555,-0.0375359038439991,0.1273330075531678,-0.092200587358897,0.0608912120281565,0.0,0.0,28.0,28.0,0.0001404896403122,-0.0044077179091599,0.3829552142007854,0.2970587175576186,0.319986068241596,1.0,False,False,-0.1238491388090865,0.1596980406538635,1836
95f8475c7868a98c8cde,D1,2020,2021-04-18,2021-04-13,Borussia Dortmund,SV Werder Bremen,4,1,2.5983591069379597,1.011897891542478,0.6863668262696432,0.1889207700029314,0.1247124037274253,2,1,2,2.9840038382990044,0.149610008646149,0.1723532467416619,-0.3547463595617521,0.1943903770661001,-0.0311683728937803,0.1199335029749168,1.7366382711336448,0.0,28.0,28.0,0.0409693178009996,-0.0500889734420041,0.6863668262696432,0.1889207700029314,0.1247124037274253,1.0,False,False,-0.1238491388090865,0.1596980406538635,1836
0a7df455209f80b1101c,D1,2020,2021-04-20,2021-04-20,1. FC Köln,RB Leipzig,2,1,0.7845845191955444,2.256812612767097,0.1246060453791386,0.2014683007393229,0.6739256538815384,0,2,0,3.220479340061502,1.2610798389492,-0.5109507618268676,0.2668180577952063,-0.2519476619397266,0.5963386356016149,-0.1756535645670229,-1.6582814797169465,0.0,29.0,29.0,-0.0732186573007982,0.0610120220992151,0.1246060453791386,0.201468300739323,0.6739256538815384,1.0,False,False,-0.1320935122576007,0.1705634871421039,1835
4ae17be620aeb95e3a69,D1,2020,2021-04-20,2021-04-20,Eintracht Frankfurt,FC Augsburg,2,0,2.165711911239079,1.0976889311400335,0.6657742708186558,0.197266450612935,0.1369592785684091,2,1,2,2.315193120380638,0.1693787345702058,0.1433508440494969,-0.0418745912075856,0.5914652113928295,-0.3609387419656591,0.093654309551456,0.8088481377697966,0.0,29.0,29.0,0.0211115294429017,-0.0160377168008062,0.6657742708186558,0.197266450612935,0.1369592785684092,1.0,False,False,-0.1320935122576007,0.1705634871421039,1835
5bdf6b1583a609e8b838,D1,2020,2021-04-20,2021-04-20,Arminia Bielefeld,FC Schalke 04,1,0,1.1047380979986663,0.8272262840285924,0.5466117558966679,0.2620741295394982,0.1913141145638338,1,0,4,1.637218641043133,0.3108448396963321,-0.026818015893135,-0.3780918192759752,-0.1017732062051649,-0.5634046786628994,0.0607024176363811,0.0,0.0,29.0,29.0,0.0192579102563043,-0.0395034020147598,0.5466117558966679,0.2620741295394983,0.1913141145638338,1.0,False,False,-0.1320935122576007,0.1705634871421039,1835
a613c8816d059881c395,D1,2020,2021-04-20,2021-04-20,Bayern München,Bayer 04 Leverkusen,2,0,2.698518056452133,1.0962898664478955,0.6595852965802566,0.1928223145244701,0.1475923888952734,2,1,2,2.566838859578878,0.1748461285427392,0.4919695701286268,0.1268178099659129,0.4820932218533456,-0.1698895915355304,0.10212194068771,0.7810230860031794,0.0,29.0,29.0,0.0479621635489525,-0.0170227945442255,0.6595852965802566,0.1928223145244701,0.1475923888952734,1.0,False,False,-0.1320935122576007,0.1705634871421039,1835
7755cfd586ea8b70dea4,D1,2020,2021-04-21,2021-04-20,Stuttgart,VfL Wolfsburg,1,3,1.3220420900278436,1.5687286786262926,0.2840943916641128,0.2525283481458781,0.4633772601900092,1,2,2,2.9464926011224186,0.4324441548734692,-0.057553122236952,0.0874734616711833,0.2197119776467884,0.1889052031893315,-0.0163226392371084,0.0,0.0,29.0,29.0,-0.0109451172691097,0.0124411342408213,0.2840943916641127,0.2525283481458781,0.4633772601900092,1.0,False,False,-0.1320935122576007,0.1705634871421039,1835
81ca3e0e769992c43559,D1,2020,2021-04-21,2021-04-20,TSG 1899 Hoffenheim,Borussia Mönchengladbach,3,2,1.5495634978074548,1.6463362458382134,0.3097554212611435,0.2585492405106565,0.4316953382282001,1,2,0,3.487496770951146,0.7296461532949788,-0.1782188747569482,0.1807908461737353,0.0295749865984229,-0.0385208681954279,-0.0383630105011944,-0.3065638068494666,0.0,29.0,29.0,-0.0287795803094413,0.0289081788802806,0.3097554212611435,0.2585492405106564,0.4316953382282,1.0,False,False,-0.1320935122576007,0.1705634871421039,1835
d31a71be65071f7cbe2e,D1,2020,2021-04-21,2021-04-20,Borussia Dortmund,1. FC Union Berlin,2,0,2.2777034416722595,1.0966769343546314,0.6221846846846847,0.2167792792792792,0.161036036036036,2,1,2,2.430043641869161,0.2156702733138543,0.3304255404840112,0.1072930501765007,0.3751886643808882,-0.1956235814047977,-0.0030147383266846,2.030852045448641,0.0,29.0,29.0,0.0275271646232418,-0.0056412350902162,0.6221846846846847,0.2167792792792792,0.161036036036036,1.0,False,False,-0.1320935122576007,0.1705634871421039,1835
f7377c64fac23c13dfa3,D1,2020,2021-04-21,2021-04-20,SV Werder Bremen,1. FSV Mainz 05,0,1,1.4637043864167374,1.2423861889488896,0.3088775369322104,0.2901007869667265,0.401021676101063,1,2,3,2.430544924784139,0.5383388319208029,-0.4171558836565087,0.2911574807439872,-0.2832716503855373,0.2243877085904449,-0.0697248845713806,0.0979014248066926,0.0,29.0,28.0,-0.0597597066314192,0.0534597864857931,0.3088775369322105,0.2901007869667265,0.4010216761010631,1.0,False,False,-0.1320935122576007,0.1705634871421039,1835
dc5333cbfd6b0c82bad9,D1,2020,2021-04-23,2021-04-20,FC Augsburg,1. FC Köln,2,3,1.603174885726911,1.1223035966274375,0.329130628338845,0.2937945179343678,0.3770748537267871,1,2,3,3.51317364786551,0.5826779271385141,-0.0418745912075856,-0.5109507618268676,0.1051150467432014,-0.4541418655379814,0.094015482586257,-0.0527700359800641,0.0,29.0,29.0,0.0260608530998976,-0.0537021207516203,0.329130628338845,0.2937945179343678,0.377074853726787,1.0,False,False,-0.1320935122576007,0.1705634871421039,1835
5afcc1b7fe02119f8775,D1,2020,2021-04-24,2021-04-20,1. FC Union Berlin,SV Werder Bremen,3,1,1.6353702231181957,1.036762974437872,0.5001694892272649,0.2745183116161137,0.2253121991566216,1,0,2,2.947551862298325,0.3759564300006881,0.1072930501765007,-0.4171558836565087,0.2284376258460406,-0.2151956085611289,0.1385786819207171,-0.294213774314996,0.0,29.0,29.0,0.0385160332965113,-0.0540091749705117,0.5001694892272648,0.2745183116161137,0.2253121991566216,1.0,False,False,-0.1320935122576007,0.1705634871421039,1835
9eb6f6764b35f067af64,D1,2020,2021-04-24,2021-04-20,Bayer 04 Leverkusen,Eintracht Frankfurt,3,1,1.9415632513158616,1.4173770779933217,0.4188999450582992,0.2540137964715218,0.3270862584701788,2,1,2,2.959303900952274,0.509185703131144,0.1268178099659129,0.1433508440494969,0.2064491348392231,0.0528080623908186,0.0661050612048131,0.5253748197286274,0.0,29.0,29.0,0.0088194918543571,0.0046889408464133,0.4188999450582992,0.2540137964715219,0.3270862584701788,1.0,False,False,-0.1320935122576007,0.1705634871421039,1835
b443680a6c97366799e2,D1,2020,2021-04-24,2021-04-20,1. FSV Mainz 05,Bayern München,2,1,0.901665208299974,2.9692566686795323,0.1095828558527921,0.1648458106976598,0.7255713334495482,0,2,0,3.3123567091283204,1.3464705918195938,0.2911574807439872,0.4919695701286268,0.0337610748984402,0.4679861590584066,-0.3737354285268313,-2.2043195541847305,0.0,28.0,29.0,-0.0141695018583741,0.0533258544020048,0.1095828558527921,0.1648458106976598,0.725571333449548,1.0,False,False,-0.1320935122576007,0.1705634871421039,1835
cbb33204102968cd5fab,D1,2020,2021-04-24,2021-04-20,SC Freiburg,TSG 1899 Hoffenheim,1,1,1.5310538670177052,1.4370430062758262,0.3459818788294575,0.2720541269428214,0.3819639942277212,1,2,0,2.0628698594848847,0.7955051474657341,-0.0151148010014644,-0.1782188747569482,0.3050839767837595,-0.2996566686283938,0.1120309216783563,-0.6043310898410272,0.0,29.0,29.0,0.0130010097216187,-0.0226676935095394,0.3459818788294576,0.2720541269428213,0.3819639942277212,1.0,False,False,-0.1320935122576007,0.1705634871421039,1835
ebc55eeed803344f8975,D1,2020,2021-04-24,2021-04-20,VfL Wolfsburg,Borussia Dortmund,0,2,1.5162238678048947,1.750622694208576,0.3062232611476205,0.2431085432011643,0.4506681956512151,1,2,2,2.772336125454327,0.4546398807143679,0.0874734616711833,0.3304255404840112,0.2969748571110399,0.0256952438087658,-0.2888884445409339,0.0,0.0,29.0,29.0,-0.0222183530841289,0.0431133031918886,0.3062232611476205,0.2431085432011644,0.4506681956512151,1.0,False,False,-0.1320935122576007,0.1705634871421039,1835
24180f81cb35c8356419,D1,2020,2021-04-25,2021-04-20,Borussia Mönchengladbach,Arminia Bielefeld,5,0,1.883125515020222,0.6371093156201109,0.5902787505252837,0.2470934304524442,0.162627819022272,1,0,2,4.25325614295457,0.2553744731638205,0.1807908461737353,-0.026818015893135,0.2406406472135716,-0.0749761229946238,0.0613651919972858,0.0,0.0,29.0,29.0,0.0224882450118945,-0.0147896034978645,0.5902787505252837,0.2470934304524443,0.162627819022272,1.0,False,False,-0.1320935122576007,0.1705634871421039,1835
b84ed0db83ab8dcb0bed,D1,2020,2021-04-25,2021-04-20,RB Leipzig,Stuttgart,2,0,2.288836690840378,0.8591270963713136,0.68715844565886,0.1858268948377072,0.1270146595034328,2,0,4,2.1809319861789658,0.1485341966963777,0.2668180577952063,-0.057553122236952,0.0665181432257822,-0.3138665450283154,0.1537883743881881,1.1923750174552812,0.0,29.0,29.0,0.0372488806107776,-0.0267856338328649,0.68715844565886,0.1858268948377072,0.1270146595034328,1.0,False,False,-0.1320935122576007,0.1705634871421039,1835
73549379dcd1b68810f7,D1,2020,2021-05-03,2021-04-27,1. FSV Mainz 05,Hertha BSC,1,1,1.475963844905572,1.2537903746406194,0.3961251909716086,0.2735420373185033,0.3303327717098881,2,1,0,2.03722030703486,0.7937760785311812,0.4444067227797165,-0.0475559315956489,0.2044636468037537,-0.4105171470735451,0.0942061962306727,0.0,0.0,30.0,28.0,0.0515287786692877,-0.0316862391100843,0.3961251909716086,0.2735420373185033,0.3303327717098881,1.0,False,False,-0.1240279577471167,0.1834731424641251,1842
2ee2108716d98e8ea914,D1,2020,2021-05-06,2021-05-04,Hertha BSC,SC Freiburg,3,0,1.4017269392794522,1.3362689653497462,0.4710092953350321,0.2648611826953228,0.264129521969645,2,1,2,3.279539866486198,0.4197470160966177,-0.0617230856727832,-0.0150546614892209,0.0168652834963341,-0.3004310516482521,-0.1444227381803241,0.0,0.0,29.0,30.0,-0.0126407124018334,0.0088018250437332,0.4710092953350321,0.2648611826953227,0.2641295219696451,1.0,False,False,-0.1273548271120927,0.1833954861422906,1834
22beb668b98ddf9d584f,D1,2020,2021-05-07,2021-05-04,Stuttgart,FC Augsburg,2,1,1.7197686912767425,1.1391038529183657,0.4279668435114213,0.2770652397299375,0.2949679167586412,2,1,4,2.4835219731036164,0.4909931511058272,-0.361122980670836,-0.2975940173955511,0.0636259583403487,-0.4695550752646447,0.0907843910879226,0.5186764982417295,0.0,31.0,31.0,-0.0166933776429099,-0.0162424722604094,0.4279668435114213,0.2770652397299375,0.2949679167586412,1.0,False,False,-0.1273548271120927,0.1833954861422906,1834
2fdd8fd5d323d1e0ec87,D1,2020,2021-05-08,2021-05-04,TSG 1899 Hoffenheim,FC Schalke 04,4,2,2.3252383653523845,0.8325433443928084,0.7823850531800156,0.1420401435832766,0.0755748032367077,2,0,3,3.905547914200523,0.0732432183528895,-0.0497111257675443,-0.4039813368426697,0.2043443850571299,-0.5560000273206356,-0.0164997796709244,0.7880373687579285,0.0,31.0,30.0,0.0144029652818328,-0.0370875884123435,0.7823850531800156,0.1420401435832766,0.0755748032367077,1.0,False,False,-0.1273548271120927,0.1833954861422906,1834
3b5dee31d09c26fa8a16,D1,2020,2021-05-08,2021-05-04,SV Werder Bremen,Bayer 04 Leverkusen,0,0,1.087587207020125,1.7988653461555475,0.221063728578224,0.2513145545941915,0.5276217168275845,1,2,0,2.694841198878438,0.8877837443234883,-0.5464323856208555,0.1661600575070001,-0.3295117343284783,-0.3194601714100887,-0.1095398340983354,-1.3253950433748587,0.0,31.0,31.0,-0.0684282331423523,0.0494146167366595,0.221063728578224,0.2513145545941915,0.5276217168275845,1.0,False,False,-0.1273548271120927,0.1833954861422906,1834
adb0161345c011d04ba0,D1,2020,2021-05-08,2021-05-04,VfL Wolfsburg,1. FC Union Berlin,3,0,1.599290763756272,1.0336300721586549,0.5381299057963396,0.2554323286179957,0.2064377655856646,1,0,2,2.922321408830406,0.3211862094829117,-0.0117222291903172,0.1027792518372311,0.0701547112562056,-0.3372559386617408,0.0314149061246636,0.0,0.0,31.0,31.0,-0.0047404402046601,0.0092932913370057,0.5381299057963396,0.2554323286179958,0.2064377655856647,1.0,False,False,-0.1273548271120927,0.1833954861422906,1834
e449a1d1ca968dbdfa86,D1,2020,2021-05-08,2021-05-04,Bayern München,Borussia Mönchengladbach,6,0,2.7922170989735067,1.1630966223363626,0.6996336996336996,0.1749084249084248,0.1254578754578754,2,1,2,4.381390398705963,0.1365525500140884,0.3254082410004602,0.2483554781973417,0.5249269968013833,-0.1889014675922824,0.0200154453668298,0.9562602994934508,0.0,31.0,31.0,0.0211238224585204,0.0075643635013696,0.6996336996336997,0.1749084249084249,0.1254578754578754,1.0,False,False,-0.1273548271120927,0.1833954861422906,1834
e5057b0fa3070e6652c7,D1,2020,2021-05-08,2021-05-04,Borussia Dortmund,RB Leipzig,3,2,1.6497904681903102,1.4683148549350202,0.4378690254360955,0.2605796645937633,0.3015513099701412,2,1,3,3.260156545080162,0.4748261867086714,0.4580002760369878,0.1811552701941259,0.4405441430776262,0.3318962294698972,0.2199152655795833,0.0344146695601994,0.0,31.0,31.0,0.0477380273729716,-0.0157802500614159,0.4378690254360954,0.2605796645937633,0.3015513099701412,1.0,False,False,-0.1273548271120927,0.1833954861422906,1834
65a0c0c42e22d9c33812,D1,2020,2021-05-09,2021-05-04,Eintracht Frankfurt,1. FSV Mainz 05,1,1,2.0741228505717615,1.1566033965658062,0.5227773767485415,0.2356361082388747,0.2415865150125836,2,1,0,2.2247707862730612,0.9159123889042252,0.0914863017625598,0.3619070913149864,0.62127817575602,0.3674708831965225,-0.0120287332625978,0.8979216484529238,0.0,31.0,31.0,-0.0095481610526232,0.0322178307065005,0.5227773767485416,0.2356361082388747,0.2415865150125836,1.0,False,False,-0.1273548271120927,0.1833954861422906,1834
94a49dc2712e5d0e38cc,D1,2020,2021-05-09,2021-05-04,Hertha BSC,Arminia Bielefeld,0,0,1.4729611924985284,0.730421468981807,0.5054343972529197,0.2610030084174912,0.2335625943295888,1,0,0,2.199257603798889,0.8561319689643887,-0.0617230856727832,-0.0204297479367375,0.0168652834963341,-0.251132654835998,-0.0610804620486071,0.0,0.0,29.0,31.0,-0.0082048442728718,0.0040972025923957,0.5054343972529199,0.2610030084174913,0.2335625943295888,1.0,False,False,-0.1273548271120927,0.1833954861422906,1834
b58a30a4c82bc4a7070d,D1,2020,2021-05-09,2021-05-04,1. FC Köln,SC Freiburg,1,4,1.3403351151075775,1.5135651772234069,0.4666468578220174,0.2592482543455653,0.2741048878324171,2,1,0,4.457916369847694,0.8118926611651729,-0.015437412111239,-0.0150546614892209,-0.0232838625663759,-0.3004310516482521,-0.0513189378212804,-0.1953208113375944,0.0,31.0,30.0,-0.0033569550277268,0.0018323513477038,0.4666468578220176,0.2592482543455653,0.2741048878324171,1.0,False,False,-0.1273548271120927,0.1833954861422906,1834
76e0ac4132992e11d883,D1,2020,2021-05-12,2021-05-11,FC Schalke 04,Hertha BSC,1,2,1.041331077885238,1.6124717474526464,0.1364905314292049,0.2045896616711851,0.6589198068996098,0,1,3,2.0545563740262773,0.1768222929579562,-0.441382249862444,0.1360882258074749,-0.209688541359011,-0.3327877168420159,-0.0663007759816495,0.0,0.0,31.0,31.0,-0.0542576750757006,0.0389929738729521,0.1364905314292049,0.2045896616711851,0.6589198068996099,1.0,False,False,-0.1409216473957132,0.1920109946091198,1835
23753a46f97ca5d888f4,D1,2020,2021-05-15,2021-05-11,FC Schalke 04,Eintracht Frankfurt,4,3,1.027584767010222,2.149702960123835,0.0785889291858118,0.1380984651588833,0.7833126056553047,1,2,0,6.440811220117529,1.4816481856766912,-0.441382249862444,0.05233817432922,-0.209688541359011,-0.1334586777051012,-0.1468304031448014,-0.7444635693690393,0.0,31.0,32.0,-0.0540966538599454,0.0346444500832842,0.0785889291858118,0.1380984651588832,0.7833126056553049,1.0,False,False,-0.1409216473957132,0.1920109946091198,1835
32a63b6abbada974f8c2,D1,2020,2021-05-15,2021-05-11,Bayer 04 Leverkusen,1. FC Union Berlin,1,1,1.7767245694070402,0.9872306792331498,0.5094115765057191,0.2581384808169141,0.2324499426773668,2,1,0,2.092035940975855,0.8638916437733893,0.0767987952849295,-0.0685167350937038,0.3054358755277533,-0.409437341979275,0.0484933783179133,1.6196088176898549,0.0,32.0,32.0,0.0135303851990738,-0.0131162821895125,0.509411576505719,0.2581384808169141,0.2324499426773668,1.0,False,False,-0.1409216473957132,0.1920109946091198,1835
3725a227e2c61bf62c00,D1,2020,2021-05-15,2021-05-11,SC Freiburg,Bayern München,2,2,1.0300645494568927,2.6369687171346183,0.1111998888348502,0.1643159869380948,0.7244841242270547,1,2,0,3.138032371358967,1.2356104312211758,0.0500345226873452,0.4158703281514659,0.1841335290843058,0.2834568737459875,-0.2047300741410884,-1.8671551961839448,0.0,32.0,32.0,-0.0260265678458931,0.0493218103878337,0.1111998888348502,0.1643159869380949,0.7244841242270548,1.0,False,False,-0.1409216473957132,0.1920109946091198,1835
38f4a55f4afe97521831,D1,2020,2021-05-15,2021-05-11,Arminia Bielefeld,TSG 1899 Hoffenheim,1,1,0.8088047741399965,1.516555683984974,0.356856705016608,0.2605929072055883,0.3825503877778037,1,0,0,2.108604699209736,0.8204143559789421,-0.0160999658862796,0.0952985569478912,0.0364273652477634,-0.2418449467895357,0.0,0.0,0.0,32.0,32.0,-0.0063749244360225,0.0103348539891031,0.3568567050166079,0.2605929072055883,0.3825503877778036,1.0,False,False,-0.1409216473957132,0.1920109946091198,1835
4a7ab3c38677c082b14e,D1,2020,2021-05-15,2021-05-11,FC Augsburg,SV Werder Bremen,2,0,1.3544982757007995,1.2103019807270985,0.3694663335255301,0.3028220898199755,0.3277115766544943,1,1,0,2.6885829760738646,0.5966688001140498,-0.3445756128577602,-0.5110807147259628,-0.0075896603814934,-0.3131999289902374,-0.1899049079037926,-0.0088279141235653,0.0,32.0,32.0,-0.0183987709446675,-0.0243840454345186,0.3694663335255301,0.3028220898199756,0.3277115766544942,1.0,False,False,-0.1409216473957132,0.1920109946091198,1835
b0d838fc7e25cfa96f6f,D1,2020,2021-05-15,2021-05-11,Hertha BSC,1. FC Köln,0,0,1.8386442829173009,1.1417132015447182,0.3697092080789252,0.2919350149159807,0.3383557770050941,1,1,3,2.5986067625138713,0.7525255534730995,0.1360882258074749,-0.1654940441999075,0.1347739399795565,-0.2526331043519566,0.0103887691491065,0.0,0.0,31.0,32.0,0.0224029632481981,-0.0238732541678198,0.3697092080789252,0.2919350149159806,0.3383557770050941,1.0,False,False,-0.1409216473957132,0.1920109946091198,1835
c9e54cab87cec3b8bf1f,D1,2020,2021-05-15,2021-05-11,Borussia Mönchengladbach,Stuttgart,1,2,2.139339694061285,1.2244673693118595,0.5826925641139606,0.2095648695497577,0.2077425663362816,2,1,0,2.8499837608861243,1.0111199000185302,0.0709604081519577,-0.1395295232717,0.349647208413638,-0.4375695568104876,0.0778398903531289,0.6403092457664229,0.0,32.0,32.0,0.0179645114964372,-0.0213929672524243,0.5826925641139606,0.2095648695497577,0.2077425663362816,1.0,False,False,-0.1409216473957132,0.1920109946091198,1835
20876196df2763a6a5dc,D1,2020,2021-05-16,2021-05-11,1. FSV Mainz 05,Borussia Dortmund,1,3,1.1380484676163556,2.2151649888675093,0.1447804299671135,0.1906371796977332,0.6645823903351533,1,2,2,2.535969856950481,0.1698088800578475,0.2741739089985764,0.5557967973913903,0.1683880371519276,0.153842333490267,-0.0416435649088947,-1.8345396959403373,0.0,32.0,32.0,-0.0024546272151566,0.0439531625346549,0.1447804299671135,0.1906371796977332,0.6645823903351532,1.0,False,False,-0.1409216473957132,0.1920109946091198,1835
e1e2c1ce610455b61458,D1,2020,2021-05-16,2021-05-11,RB Leipzig,VfL Wolfsburg,2,2,1.696416209688452,0.9953929620237848,0.432499980950494,0.2778560924129629,0.289643926636543,1,0,0,3.011975014718012,0.7924416610246879,-0.0153228333786049,0.1994777371713674,0.2508129890109147,0.327840869159299,0.0720321812794625,0.0,0.0,32.0,32.0,-0.0079045611324557,0.0171123063220938,0.4324999809504941,0.2778560924129628,0.289643926636543,1.0,False,False,-0.1409216473957132,0.1920109946091198,1835
033706d9af14b6d3bfe0,D1,2020,2021-05-22,2021-05-18,SV Werder Bremen,Borussia Mönchengladbach,2,4,1.2062868269477638,1.7665833978107743,0.3591401594596846,0.2446184249381013,0.3962414156022139,1,2,2,4.402143466113213,0.5533442561899438,-0.5325543906357821,-0.0389226524788038,-0.3331330350226217,-0.3077927419074777,-0.1306363329512374,-1.1501578298845871,0.0,33.0,33.0,-0.0578411230871999,0.0292672709314705,0.3591401594596846,0.2446184249381014,0.3962414156022139,1.0,False,False,-0.1530750982360832,0.1920368856819282,1836
036fd9697e4c3875b818,D1,2020,2021-05-22,2021-05-18,VfL Wolfsburg,1. FSV Mainz 05,2,3,1.9389417703989884,0.8749096368077868,0.5776470719663963,0.2229986370847018,0.1993542909489018,1,0,0,4.07370471424674,1.0244380833149211,0.0975009969152462,0.0514502873690561,0.2465884684930901,0.2787380841924687,0.2596874730054539,0.0,0.0,33.0,33.0,0.0201619589733445,-0.0127143947591294,0.5776470719663963,0.2229986370847018,0.1993542909489018,1.0,False,False,-0.1530750982360832,0.1920368856819282,1836
1064c09c6df2956ddd81,D1,2020,2021-05-22,2021-05-18,Bayern München,FC Augsburg,5,2,3.466614260158688,0.7225307148667399,0.8511878156087579,0.0971557809735249,0.0516564034177173,3,0,3,4.1214678267950395,0.0342526960139225,0.2783302245635707,-0.1499039415325207,0.5828573522108673,-0.4823266139950029,0.1679313805593548,2.115246043501603,0.0,33.0,33.0,0.0437247885609508,-0.0373034744093983,0.8511878156087579,0.0971557809735248,0.0516564034177173,1.0,False,False,-0.1530750982360832,0.1920368856819282,1836
61acce5095d1430d7c8d,D1,2020,2021-05-22,2021-05-18,Eintracht Frankfurt,SC Freiburg,3,1,1.9291555345819589,1.351188973807791,0.4621864889970852,0.2261763669560203,0.3116371440468946,2,1,2,2.868213974724211,0.4375168311364116,-0.0775696815489788,0.0383896321526956,0.4468335443550152,-0.1513582094323484,0.0489232541745246,0.5607572904521381,0.0,33.0,33.0,-0.0072302870538064,0.0052712845839922,0.4621864889970851,0.2261763669560203,0.3116371440468946,1.0,False,False,-0.1530750982360832,0.1920368856819282,1836
71d2ca190cc1b6b2069c,D1,2020,2021-05-22,2021-05-18,Borussia Dortmund,Bayer 04 Leverkusen,3,1,2.165563514441153,1.285943935595501,0.6175977482714312,0.2067551857064187,0.1756470660221502,2,1,2,2.577726346908118,0.219831080745765,0.5887033801686712,0.0603453112423204,0.5181063620881137,-0.2647199292726562,0.1113039328910212,0.4112432277587862,0.0,33.0,33.0,0.0614182690993021,-0.0289658345287525,0.6175977482714312,0.2067551857064186,0.1756470660221501,1.0,False,False,-0.1530750982360832,0.1920368856819282,1836
8522a52ae5f5125e7138,D1,2020,2021-05-22,2021-05-18,TSG 1899 Hoffenheim,Hertha BSC,2,1,1.872487823627758,1.2145003263765537,0.493801695509581,0.2400940574658113,0.2661042470246075,2,1,4,2.367043374415888,0.3846933501839046,0.0788360543014128,0.1906108078823046,0.340506175913286,-0.0962292867628228,0.0950152380303988,0.0,0.0,33.0,33.0,0.0031038269375459,0.0103685161716398,0.4938016955095811,0.2400940574658113,0.2661042470246075,1.0,False,False,-0.1530750982360832,0.1920368856819282,1836
93cd85484dceeb5b420a,D1,2020,2021-05-22,2021-05-18,1. FC Köln,FC Schalke 04,1,0,1.7662383478932762,1.0951983348685528,0.7087628497490812,0.1717827373718599,0.1194544128790586,2,1,3,2.154657338835657,0.1285977433015262,-0.1384160714945747,-0.2124846469556836,-0.1518749471591266,-0.5694032909247514,0.1363584247001789,-0.011614532420693,0.0,33.0,33.0,0.0036005464333356,-0.0211455823558485,0.7087628497490814,0.1717827373718599,0.1194544128790586,1.0,False,False,-0.1530750982360832,0.1920368856819282,1836
a0942ecb36c208532a75,D1,2020,2021-05-22,2021-05-18,Stuttgart,Arminia Bielefeld,0,2,1.5718512027691975,0.7054076186322211,0.3990653140316882,0.2462099623845891,0.3547247235837226,0,1,2,2.8004641155142895,0.6362526527947339,0.0021397889561999,-0.072715545891357,0.2089070488259065,-0.2287242694070234,-0.1826736360844696,0.0,0.0,33.0,33.0,-0.0052839256140356,0.0017551377672777,0.3990653140316881,0.246209962384589,0.3547247235837227,1.0,False,False,-0.1530750982360832,0.1920368856819282,1836
ae78630306a5f312c535,D1,2020,2021-05-22,2021-05-18,1. FC Union Berlin,RB Leipzig,2,1,0.971848964985096,1.6226231400019142,0.3224418930271632,0.2461831419770372,0.4313749649957995,0,1,0,2.423005614659884,0.7057754881434275,-0.1157148749198996,-0.0352811355716753,0.3602707131732349,0.1517616751396514,-0.208150284775093,-1.9964373758884415,0.0,33.0,33.0,-0.0202149449521608,0.0126651444275821,0.3224418930271632,0.2461831419770372,0.4313749649957994,1.0,False,False,-0.1530750982360832,0.1920368856819282,1836
1955114efd784a44f934,D1,2021,2021-08-13,2021-08-10,Borussia Mönchengladbach,Bayern München,1,1,1.353998393779205,2.5955725606013176,0.2117964631374946,0.2225823941306077,0.5656211427318975,1,2,0,2.4257475496260343,0.9691631528185874,0.0975192540454887,0.3739358322883264,0.1295265297236159,0.1730215207929017,-0.0947157211145274,-0.9562602994934508,1.0,0.0,0.0,-0.0375871597529301,0.0611599140696208,0.2117964631374946,0.2225823941306078,0.5656211427318976,1.0,False,False,-0.1463283456156965,0.1901544384218342,1836
671024c8fe45b8c9e960,D1,2021,2021-08-14,2021-08-10,1. FC Union Berlin,Bayer 04 Leverkusen,1,1,1.201515992055486,1.4404120717887916,0.3429402023042188,0.2847628465561818,0.3722969511395994,1,2,0,1.993330744193066,0.7677771878507158,0.0884727092734466,-0.0604786837018105,0.4154583283422075,-0.3337706624838727,-0.0396440112767751,-1.6196088176898549,1.0,0.0,0.0,-0.0306012158936499,0.0320009171722317,0.3429402023042188,0.2847628465561817,0.3722969511395994,1.0,False,False,-0.1463283456156965,0.1901544384218342,1836
92dc0aac25b8595bea28,D1,2021,2021-08-14,2021-08-10,Stuttgart,SpVgg Greuther Fürth,5,1,1.8260495734108069,1.2289629122336587,0.5143345659867191,0.2452980237782814,0.2403674102349993,2,1,2,4.594004696617068,0.3538185261679193,-0.1082267315480057,0.0,-0.0054051600954419,0.0,0.0,0.0,1.0,0.0,0.0,-0.0108226731548005,0.0054113365774002,0.5143345659867191,0.2452980237782815,0.2403674102349994,1.0,False,True,-0.1463283456156965,0.1901544384218342,1836
97c8cf4f245cd24ddd87,D1,2021,2021-08-14,2021-08-10,VfL Wolfsburg,VfL Bochum,1,0,1.9877814467388664,1.0021095519258516,0.6104518014743282,0.2193156357699532,0.1702325627557186,2,1,3,2.423865070212791,0.2288262724901547,-0.0773179224518945,0.0,0.0383543326426941,0.0,0.0,0.0,1.0,0.0,0.0,-0.0077317922451894,0.0038658961225947,0.6104518014743283,0.2193156357699532,0.1702325627557185,1.0,False,True,-0.1463283456156965,0.1901544384218342,1836
b3c591109134d351fabb,D1,2021,2021-08-14,2021-08-10,Arminia Bielefeld,SC Freiburg,0,0,0.8679503412611039,1.1750588887471805,0.3276865814086658,0.2926130941019279,0.3797003244894064,0,1,0,2.049093739730498,0.7519470666887066,0.1332799365914992,-0.1452866258075631,-0.0362549879838812,-0.2341465667025353,-0.0411094513961798,0.0,1.0,0.0,0.0,0.018536852379719,-0.0191371868405222,0.3276865814086658,0.2926130941019279,0.3797003244894064,1.0,False,False,-0.1463283456156965,0.1901544384218342,1836
e1dd7365fa05d025b066,D1,2021,2021-08-14,2021-08-10,Borussia Dortmund,Eintracht Frankfurt,5,2,2.8229478967780666,1.3374747047098448,0.6664845849629646,0.1856359385583498,0.1478794764786855,2,1,2,3.882114395862461,0.1675615733153755,0.6558094490028503,0.0658157296945691,0.557784583506075,-0.2299854083076521,0.0720367513397157,0.9366180474874136,1.0,0.0,0.0,0.0893074471697277,-0.0532261882348567,0.6664845849629646,0.1856359385583499,0.1478794764786855,1.0,False,False,-0.1463283456156965,0.1901544384218342,1836
e8507008b589a2225808,D1,2021,2021-08-14,2021-08-10,FC Augsburg,TSG 1899 Hoffenheim,0,4,1.250423368298209,1.7721909388220785,0.2996798901193751,0.2597768612719582,0.4405432486086666,1,2,2,3.999156330925588,0.4702839108716151,-0.2524311402262841,0.2414402460793282,0.1867050030665459,-0.2645316041460675,-0.1134220703108529,-0.8524219371586857,1.0,0.0,0.0,-0.0642967782711046,0.0637472335637568,0.2996798901193751,0.2597768612719583,0.4405432486086666,1.0,False,False,-0.1463283456156965,0.1901544384218342,1836
26007fc153fa2525c60d,D1,2021,2021-08-15,2021-08-10,1. FC Köln,Hertha BSC,3,1,1.3560848497554088,1.404789719087297,0.3721181928870993,0.2863304657843847,0.341551341328516,2,1,2,3.219989738442877,0.5928780181029729,0.0431648283527688,-0.0075661215029293,0.0321240367930261,-0.1994448226350707,-0.0283952493927825,0.0,1.0,0.0,0.0,0.0032750264407842,-0.0014950910982922,0.3721181928870992,0.2863304657843847,0.341551341328516,1.0,False,False,-0.1463283456156965,0.1901544384218342,1836
dbde590ed6e9f8f89441,D1,2021,2021-08-15,2021-08-10,1. FSV Mainz 05,RB Leipzig,1,0,0.896300966146543,1.878439124875378,0.1181860754788032,0.1753238288812394,0.7064900956399575,0,1,0,3.503798470692756,1.307462497690409,0.162122014397706,-0.1862438003770067,0.0248378498320324,0.0240467491521639,-0.2378016366429244,-1.8001250263801378,1.0,0.0,0.0,-0.0313688160330287,0.0301627267340637,0.1181860754788032,0.1753238288812394,0.7064900956399573,1.0,False,False,-0.1463283456156965,0.1901544384218342,1836
8a4138ce928b9fa9dd22,D1,2021,2021-08-20,2021-08-17,RB Leipzig,Stuttgart,4,0,2.204715424222456,0.8781871973664344,0.6750949303095439,0.19249694799991,0.1324081216905459,2,1,2,3.079718536942864,0.1601502899894585,-0.2532310929383248,0.0634589630578079,0.1462425879872834,-0.175556065777994,0.2096714057307141,1.1923750174552812,0.9,1.0,1.0,0.0088159507325566,-0.0183045572265824,0.675094930309544,0.1924969479999101,0.1324081216905459,1.0,False,False,-0.1478386678927921,0.1956140079326194,1836
0e316854d8750ad5d693,D1,2021,2021-08-21,2021-08-17,SC Freiburg,Borussia Dortmund,2,1,1.2065379848034703,2.31464981905298,0.1740146021108242,0.2085142291088309,0.6174711687803446,1,2,0,3.005404483729859,1.1070007055419546,-0.1218392117336957,0.7470775740483355,0.1283399705373251,0.3191333752303593,-0.1817075276687197,-1.4973753379395516,0.9,1.0,1.0,-0.0923141213628622,0.1235760394785942,0.1740146021108244,0.208514229108831,0.6174711687803446,1.0,False,False,-0.1478386678927921,0.1956140079326194,1836
13f1ad95a3a5a4e3cb68,D1,2021,2021-08-21,2021-08-17,Eintracht Frankfurt,FC Augsburg,0,0,2.3423385226290416,1.0829789347741094,0.5940831046147954,0.2183730133401417,0.1875438820450629,2,1,0,3.063839375170957,0.9990481891562568,-0.135636120237234,-0.3967052795720736,0.4993169711973261,-0.5251292115858048,0.1976978943084305,0.8088481377697966,0.9,1.0,1.0,0.0343556297701222,-0.0609726997605876,0.5940831046147954,0.2183730133401417,0.1875438820450629,1.0,False,False,-0.1478386678927921,0.1956140079326194,1836
1c39a16ce63f90ea8dfd,D1,2021,2021-08-21,2021-08-17,Hertha BSC,VfL Wolfsburg,1,2,1.170388353451404,1.566044709581428,0.3122229407044414,0.2777331972545322,0.4100438620410263,1,2,4,2.4620378085664214,0.5226671382748217,-0.1428741198066659,0.0564888991517703,0.114533841183482,0.2061165469820717,-0.1357243413252354,0.0,0.9,1.0,1.0,-0.0238980740045168,0.0195788129717721,0.3122229407044415,0.2777331972545322,0.4100438620410262,1.0,False,False,-0.1478386678927921,0.1956140079326194,1836
2c721f04f4063eb693f2,D1,2021,2021-08-21,2021-08-17,Bayer 04 Leverkusen,Borussia Mönchengladbach,4,0,1.7228044033815837,1.352274673767382,0.411976204988928,0.2640289490536777,0.3239948459573942,2,1,2,4.158055151233526,0.5204559296445683,-0.1091209771697231,0.0204903173406801,0.2479043918598641,-0.0796180164599542,0.0556977046511282,0.1752372134902715,0.9,1.0,1.0,-0.0052088910479187,0.0007773580564666,0.411976204988928,0.2640289490536777,0.3239948459573942,1.0,False,False,-0.1478386678927921,0.1956140079326194,1836
69a6302f2ec9c7dd8fda,D1,2021,2021-08-21,2021-08-17,VfL Bochum,1. FSV Mainz 05,2,0,0.5319175820040022,1.3716808263267353,0.3595943038623093,0.2725130621862514,0.3678926339514393,1,0,2,2.8237365621820865,0.6197278148234557,-0.2345454545454545,0.2897068460370672,0.0,0.4087416834259073,0.0,0.0,0.9,1.0,1.0,-0.0379398877563988,0.0406979573309794,0.3595943038623092,0.2725130621862515,0.3678926339514394,1.0,True,False,-0.1478386678927921,0.1956140079326194,1836
9b42bfbe70ce62296c03,D1,2021,2021-08-21,2021-08-17,SpVgg Greuther Fürth,Arminia Bielefeld,1,1,0.5784906511834107,1.0221339070974311,0.3723133041254485,0.2822552187617707,0.3454314771127807,1,0,0,2.272808041163859,0.7730976728038399,-0.2945454545454545,0.0866229706354712,0.0,0.0086151993352281,0.0,0.0,0.9,1.0,1.0,-0.033785693986319,0.0233895697908198,0.3723133041254485,0.2822552187617707,0.3454314771127807,1.0,True,False,-0.1478386678927921,0.1956140079326194,1836
04e03dfb780c2e6281fe,D1,2021,2021-08-22,2021-08-17,TSG 1899 Hoffenheim,1. FC Union Berlin,2,2,1.8247179617257068,1.15727076554801,0.4649350649350649,0.2675324675324674,0.2675324675324675,2,1,0,2.8488396687199637,0.8242469219092596,0.4071558664494669,0.0498660178618013,0.3926153106542407,-0.3385313835240894,0.0783384312975058,1.1378077973501166,0.9,1.0,1.0,0.0677398827571095,-0.0448887885415461,0.4649350649350649,0.2675324675324675,0.2675324675324675,1.0,False,False,-0.1478386678927921,0.1956140079326194,1836
9b19157b8f158e542a1c,D1,2021,2021-08-22,2021-08-17,Bayern München,1. FC Köln,3,2,3.9268180226049543,0.7529898442579542,0.848866277694081,0.1025902560207819,0.0485434662851372,3,0,2,3.6833039297905574,0.0357226307674284,0.2472446094599316,0.2283407046513525,0.623750201960855,-0.2032698544480765,0.3443411048627155,2.062476007521539,0.9,1.0,1.0,0.0769301911257959,-0.0531509254202317,0.8488662776940809,0.1025902560207819,0.0485434662851372,1.0,False,False,-0.1478386678927921,0.1956140079326194,1836
bf6f02f291bca24d2c05,D1,2021,2021-08-27,2021-08-24,Borussia Dortmund,TSG 1899 Hoffenheim,3,2,2.641581361921836,1.343366365519172,0.6682112303715784,0.1839816771959987,0.1478070924324229,2,1,3,2.9245358537673254,0.1657799817687213,0.4555527102048011,0.31129307905743,0.6466084933451457,-0.0012812624565259,-0.0800913818231267,0.8930442480985245,0.8,2.0,2.0,0.0438469329384227,-0.0055046434753112,0.6682112303715785,0.1839816771959986,0.1478070924324229,1.0,False,False,-0.1535894182050345,0.2064240328181327,1836
01be898af77e270647e4,D1,2021,2021-08-28,2021-08-24,Arminia Bielefeld,Eintracht Frankfurt,1,1,0.8504868842973325,1.4488738666433496,0.2812537868077714,0.2642081027588156,0.4545381104334128,0,1,0,2.0933125067220746,0.8270983024758702,0.0115517108103634,-0.1707752796266312,-0.0257672353250092,-0.3849217210662511,-0.1474090894151717,0.0,0.8,2.0,2.0,0.0023234805916093,-0.0102846590324227,0.2812537868077715,0.2642081027588157,0.4545381104334128,1.0,False,False,-0.1535894182050345,0.2064240328181327,1836
1c0485bed39ec9c507f8,D1,2021,2021-08-28,2021-08-24,Bayern München,Hertha BSC,5,0,3.3787082720023824,0.7988537474604561,0.8138832394968937,0.1206510329907455,0.0654657275123608,2,0,2,2.916366410448346,0.0534818817806272,0.3595359203617319,-0.2377092283560085,0.6683967696248435,-0.2769084501526423,0.1337619497626918,0.0,0.8,2.0,2.0,0.0545271509421082,-0.048435816341822,0.8138832394968937,0.1206510329907455,0.0654657275123609,1.0,False,False,-0.1535894182050345,0.2064240328181327,1836
69f946f039d26c380fc7,D1,2021,2021-08-28,2021-08-24,1. FC Köln,VfL Bochum,2,1,1.23492925606131,1.3274271339391963,0.5098288963900299,0.2569646984485942,0.2332064051613761,2,1,4,2.102644580608888,0.3606837944712849,0.0868672345893646,0.0975816513669925,0.1591160996717096,-0.2345454545454545,0.0,0.0,0.8,2.0,2.0,0.0038076408905868,0.005414803407231,0.5098288963900297,0.2569646984485941,0.2332064051613761,1.0,False,True,-0.1535894182050345,0.2064240328181327,1836
8d65acf34d6c823aed87,D1,2021,2021-08-28,2021-08-24,Stuttgart,SC Freiburg,2,3,1.5314614944590168,1.387264016394638,0.43024175691072,0.271795784110738,0.297962458978542,2,1,0,3.662893727592627,0.7518376266534492,-0.0807167404196033,0.07681923027449,0.184604034527945,-0.2147899807508822,-0.021342969513781,0.2705856509240709,0.8,2.0,2.0,-0.0075680710128924,0.0073731955056368,0.4302417569107199,0.271795784110738,0.297962458978542,1.0,False,False,-0.1535894182050345,0.2064240328181327,1836
ca0ecb3b695fad83c7c5,D1,2021,2021-08-28,2021-08-24,FC Augsburg,Bayer 04 Leverkusen,1,4,0.9745282811016914,1.817390023463627,0.2017237195675423,0.2475937126475002,0.5506825677849575,1,2,2,3.613964844125318,0.3038812604710567,-0.3280868225765664,0.0995222828046915,-0.0364663751281288,-0.2764593310623128,-0.2638843868274875,-1.334222957498424,0.8,2.0,2.0,-0.077663474889234,0.0662352479006403,0.2017237195675423,0.2475937126475002,0.5506825677849575,1.0,False,False,-0.1535894182050345,0.2064240328181327,1836
df58ba301eeb4666463c,D1,2021,2021-08-28,2021-08-24,1. FSV Mainz 05,SpVgg Greuther Fürth,3,0,1.8713816806475712,1.1041582154681733,0.5618892743358743,0.2420228360489534,0.1960878896151723,2,1,2,2.8414371087147914,0.2889665215648573,0.0641925048043706,-0.2445110819752792,0.1402908909765407,-0.2945454545454545,0.0,0.0,0.8,2.0,2.0,0.018644804579201,-0.0276607334377464,0.5618892743358742,0.2420228360489534,0.1960878896151724,1.0,False,True,-0.1535894182050345,0.2064240328181327,1836
17621bb9911130295ae3,D1,2021,2021-08-29,2021-08-24,1. FC Union Berlin,Borussia Mönchengladbach,2,1,1.4267874727478624,1.4775008930298306,0.3708219767608664,0.2899153636494047,0.3392626595897289,2,1,4,2.430462089555801,0.5950150551989665,0.0181955839183523,-0.1360212574694211,0.3181038820899511,-0.2181436631170961,-0.0428529655163445,-1.444371604199583,0.8,2.0,2.0,-0.0224094590945026,0.0165181754169491,0.3708219767608664,0.2899153636494047,0.3392626595897289,1.0,False,False,-0.1535894182050345,0.2064240328181327,1836
63032ce8662db86e7d90,D1,2021,2021-08-29,2021-08-24,VfL Wolfsburg,RB Leipzig,1,0,1.2646775439844966,1.3832787884232092,0.2766666297309975,0.2696525461603525,0.4536808241086498,1,2,0,2.8072519170942676,0.8017499503593786,0.2231080846038884,-0.06212271034448,0.1881758407623293,-0.1442045079193964,-0.0215008403870154,0.0,0.8,2.0,2.0,0.024341901958262,-0.0162926332452916,0.2766666297309975,0.2696525461603525,0.4536808241086499,1.0,False,False,-0.1535894182050345,0.2064240328181327,1836
12fdfd52b2598981d55f,D1,2021,2021-09-11,2021-09-07,SC Freiburg,1. FC Köln,1,1,1.8968747300169908,1.1314152082099282,0.4470592609115918,0.2585694103650828,0.2943713287233251,2,1,0,2.108541899742686,0.8362357811875357,0.1763035862290722,0.2546579761985072,0.2251973400128625,-0.3240508858817463,0.1554627337447698,0.4901329579253741,0.7,3.0,3.0,0.0212479232639144,0.0003001548574645,0.4470592609115919,0.2585694103650828,0.2943713287233251,1.0,False,False,-0.1506013712386585,0.2098312859736441,1836
1d4933d9da5c74153b2b,D1,2021,2021-09-11,2021-09-07,RB Leipzig,Bayern München,1,4,1.384437191065334,1.8025370699623549,0.3205686461073487,0.2476744836850058,0.4317568702076453,1,2,2,3.743264312547978,0.4870071612919436,-0.1714659921267277,0.4471812046392595,0.2722091428918108,0.0757980272338024,-0.0552454596043349,-0.522408954687054,0.7,3.0,3.0,-0.0514100891318759,0.0651958497575025,0.3205686461073487,0.2476744836850059,0.4317568702076453,1.0,False,False,-0.1506013712386585,0.2098312859736441,1836
23392073b58da040de69,D1,2021,2021-09-11,2021-09-07,TSG 1899 Hoffenheim,1. FSV Mainz 05,0,2,1.993130349343164,1.0973850870119073,0.4714944523736094,0.2518772995574809,0.2766282480689097,2,1,0,3.2180222076678313,0.8090158841433136,0.1348601824111613,0.2049005586934997,0.3227354993001461,0.1986378915583894,-0.1187147953125822,0.7227156144394944,0.7,3.0,3.0,0.0099527737935031,0.0070352632617298,0.4714944523736095,0.2518772995574808,0.2766282480689096,1.0,False,False,-0.1506013712386585,0.2098312859736441,1836
77a706487b5cd9dd5f17,D1,2021,2021-09-11,2021-09-07,SpVgg Greuther Fürth,VfL Wolfsburg,0,2,0.7294154567946439,2.4829998885846924,0.1736590060261669,0.2234493504112916,0.6028916435625415,0,2,4,2.300117776770273,0.237782109325684,-0.3904857912235476,0.3597916934194543,-0.053030303030303,0.289000215539719,0.0,0.0,0.7,3.0,3.0,-0.0570381637933274,0.0555034589031228,0.1736590060261669,0.2234493504112916,0.6028916435625415,1.0,True,False,-0.1506013712386585,0.2098312859736441,1836
782d1104b62517aae6ca,D1,2021,2021-09-11,2021-09-07,1. FC Union Berlin,FC Augsburg,0,0,1.7714041494850006,0.905345428145361,0.5531107352919169,0.2428633431611716,0.2040259215469117,1,0,0,2.5487028759722743,0.9208139792873092,0.1348420054035446,-0.42197140963956,0.4176642870011212,-0.4334375145649514,-0.0554528840087163,-0.2215999441129332,0.7,3.0,3.0,0.0279321277999203,-0.042288598011721,0.5531107352919168,0.2428633431611715,0.2040259215469117,1.0,False,False,-0.1506013712386585,0.2098312859736441,1836
9825a2d08430bb99cffc,D1,2021,2021-09-11,2021-09-07,Bayer 04 Leverkusen,Borussia Dortmund,3,4,1.6868322024798603,1.7641282518152728,0.3083492760112345,0.2497307938528488,0.4419199301359168,1,2,3,4.455423497779267,0.4688981097945265,0.2272533557285633,0.4869920503197156,0.3489764459855025,0.1646624068209285,-0.1352681936088373,-0.4649769420001799,0.7,3.0,3.0,-0.0165247731085744,0.0522370434109884,0.3083492760112345,0.2497307938528488,0.4419199301359167,1.0,False,False,-0.1506013712386585,0.2098312859736441,1836
920771d15e27be036419,D1,2021,2021-09-12,2021-09-07,VfL Bochum,Hertha BSC,1,3,1.175676651214968,1.1875660046185366,0.3439534550548384,0.2854300313589404,0.3706165135862211,0,1,2,3.4015654533781987,0.5958978550160897,-0.1005437504446894,-0.3478314737095248,0.31,-0.3799879812772887,0.0,0.0,0.7,3.0,3.0,0.0073371986410072,-0.029755959848718,0.3439534550548384,0.2854300313589404,0.3706165135862211,1.0,True,False,-0.1506013712386585,0.2098312859736441,1836
c8ec427f8469319b6432,D1,2021,2021-09-12,2021-09-07,Eintracht Frankfurt,Stuttgart,1,1,2.2288077911060196,1.357583601491512,0.4670402680686348,0.2546363163672077,0.2783234155641573,2,1,0,2.219735899840323,0.8511575565275661,-0.1361189866600159,-0.1666635146397289,0.3467844561942387,-0.2767892191907968,0.1136947126074134,0.3103515078208869,0.7,3.0,3.0,0.005837164083221,-0.0209762891482083,0.4670402680686348,0.2546363163672078,0.2783234155641573,1.0,False,False,-0.1506013712386585,0.2098312859736441,1836
e01903179baa7050b8ba,D1,2021,2021-09-12,2021-09-07,Borussia Mönchengladbach,Arminia Bielefeld,3,1,1.7391247149647304,0.6366820737556066,0.6558263811150241,0.2045954094931485,0.1395782093918272,1,0,2,2.910563015675661,0.1797968380590785,-0.2755139531167472,-0.0132349967968749,0.0434322827396811,-0.0156439209832505,0.2016070032062434,0.0,0.7,3.0,3.0,-0.0168092953115188,0.0023718478158376,0.6558263811150241,0.2045954094931485,0.1395782093918272,1.0,False,False,-0.1506013712386585,0.2098312859736441,1836
c4e46b5eebbde7b870d5,D1,2021,2021-09-17,2021-09-14,Hertha BSC,SpVgg Greuther Fürth,2,1,2.430355718922689,0.6730057024778695,0.5307863955484557,0.2561929002513879,0.2130207042001562,2,0,2,2.762065340827616,0.3311740291595583,-0.1558895737927145,-0.4661188069805121,-0.0064925592696635,-0.444924649644714,0.0,0.0,0.6,4.0,4.0,0.0077169829697541,-0.0388174020084154,0.5307863955484557,0.2561929002513879,0.2130207042001562,1.0,False,True,-0.163016896994637,0.1972672991517416,1836
128877fcbebd5cc87462,D1,2021,2021-09-18,2021-09-14,1. FC Köln,RB Leipzig,1,1,0.9754633477688672,1.9418466755696535,0.2192316446894556,0.2425423512133977,0.5382260040971467,1,2,0,2.1575267290627145,0.9114918352249533,0.1493967669206619,-0.2734339871659878,0.30729680567848,-0.2822269627879274,-0.0893480893999821,-1.886266885584999,0.6,4.0,4.0,-0.0041500317034085,-0.0020518293088577,0.2192316446894556,0.2425423512133977,0.5382260040971467,1.0,False,False,-0.163016896994637,0.1972672991517416,1836
32cdf37d14a6ce3aad59,D1,2021,2021-09-18,2021-09-14,Arminia Bielefeld,TSG 1899 Hoffenheim,0,0,0.83038206243821,1.4381377656149117,0.2701878609036098,0.268674203419556,0.4611379356768342,0,1,0,2.2320219494120543,0.8204870966439815,-0.1843213996864211,-0.0628336881277817,-0.0171637610138735,-0.1215556013135427,0.0,0.0,0.6,4.0,4.0,-0.015290455562253,0.0029327011715428,0.2701878609036098,0.268674203419556,0.4611379356768341,1.0,False,False,-0.163016896994637,0.1972672991517416,1836
34dc08842d66d86a67a6,D1,2021,2021-09-18,2021-09-14,1. FSV Mainz 05,SC Freiburg,0,0,1.3376756743611384,1.2794284612437987,0.4619760117857364,0.2671202079319761,0.2709037802822874,2,1,0,2.4987606295192646,0.8239234832583586,0.3041655237639463,0.1219167915776575,0.2673267554056536,-0.0562842907340324,0.1055476462198188,-0.2163746622405149,0.6,4.0,4.0,0.0263524751748949,-0.0050483594078147,0.4619760117857365,0.2671202079319761,0.2709037802822874,1.0,False,False,-0.163016896994637,0.1972672991517416,1836
8c706c32c8c3ffef52ec,D1,2021,2021-09-18,2021-09-14,Bayern München,VfL Bochum,7,0,4.1610356153840575,0.5758688955638006,0.8972069828299816,0.072783280638975,0.0300097365310434,3,0,2,3.316405866648517,0.0167643946061501,0.5157649956302054,-0.2499889527895004,0.693921210397835,-0.354291850643013,0.0,0.0,0.6,4.0,4.0,0.0640759472024955,-0.0507871450604603,0.8972069828299816,0.0727832806389749,0.0300097365310434,1.0,False,True,-0.163016896994637,0.1972672991517416,1836
bf368d5936be7e347077,D1,2021,2021-09-18,2021-09-14,FC Augsburg,Borussia Mönchengladbach,1,0,1.1671320342561442,1.8524067076222104,0.233669814392706,0.2456528817974601,0.5206773038098339,1,2,0,3.171695202044445,0.9187121464109844,-0.3454987878911629,-0.0330827669975232,-0.1593742938052971,-0.2793996781958108,-0.0556662251086782,-1.1280410993589218,0.6,4.0,4.0,-0.0525996681850578,0.0336705904406235,0.2336698143927059,0.2456528817974601,0.5206773038098339,1.0,False,False,-0.163016896994637,0.1972672991517416,1836
327b9fee3dc3b6a9d697,D1,2021,2021-09-19,2021-09-14,VfL Wolfsburg,Eintracht Frankfurt,1,1,1.9522862568360448,1.2125015953332088,0.5200067825128558,0.2537964137463274,0.2261968037408167,2,1,0,2.144971829808573,0.8783918400197763,0.427913463422539,-0.1744861265147183,0.2709680854266681,-0.3785878062195311,0.0313638011291639,0.0,0.6,4.0,4.0,0.053083842724448,-0.0404124758790569,0.5200067825128558,0.2537964137463275,0.2261968037408167,1.0,False,False,-0.163016896994637,0.1972672991517416,1836
36070639b3cfb5b86094,D1,2021,2021-09-19,2021-09-14,Stuttgart,Bayer 04 Leverkusen,1,3,1.301648753668924,1.8525711306810504,0.3007727629073805,0.2564228917011984,0.4428043453914212,1,2,2,2.927431826244371,0.4666839518100265,-0.1360606949549158,0.089289978312934,-0.012493690061035,-0.0377512853095181,-0.1855736999363432,-0.7396738984055624,0.6,4.0,4.0,-0.0384443618840388,0.0361058260519398,0.3007727629073805,0.2564228917011983,0.4428043453914211,1.0,False,False,-0.163016896994637,0.1972672991517416,1836
4c6c9234054b16284fbb,D1,2021,2021-09-19,2021-09-14,Borussia Dortmund,1. FC Union Berlin,4,2,2.468457602902377,1.0363357970421418,0.6989502754227852,0.1823927385388982,0.1186569860383166,2,1,2,3.654676353088483,0.137977528075433,0.5160975870747794,0.1112749431680509,0.6437218641994683,-0.2803647188516921,0.084130904263206,1.983657277793044,0.6,4.0,4.0,0.0800074159291313,-0.0486387894169898,0.6989502754227851,0.1823927385388982,0.1186569860383166,1.0,False,False,-0.163016896994637,0.1972672991517416,1836
d683248b96997053f24c,D1,2021,2021-09-24,2021-09-21,SpVgg Greuther Fürth,Bayern München,1,3,0.5486517126472431,4.819156809920605,0.0428169075754922,0.0798257317412402,0.8773573606832676,0,4,2,3.1211407947204974,0.0232466520009267,-0.5001017673570546,0.6321941575339919,-0.2556237807621309,0.2144209790673023,0.0,0.0,0.5,5.0,5.0,-0.081619884612405,0.0882245041212519,0.0428169075754922,0.0798257317412402,0.8773573606832675,1.0,True,False,-0.1712897053531856,0.2019670978050771,1836
1f605893861e353e2eaf,D1,2021,2021-09-25,2021-09-21,Bayer 04 Leverkusen,1. FSV Mainz 05,1,0,2.058674631012825,0.8940901390071718,0.5464849134630112,0.2390871496400674,0.2144279368969214,2,1,3,2.534125591914445,0.3088179389615345,0.2060113426599551,0.2268064596251547,0.165773180635668,0.2990280364901082,0.1551095806905908,1.2596834113399418,0.5,5.0,5.0,0.0327623329610165,-0.011121442846761,0.5464849134630112,0.2390871496400674,0.2144279368969214,1.0,False,False,-0.1712897053531856,0.2019670978050771,1836
501f94ec40dcf36b2454,D1,2021,2021-09-25,2021-09-21,TSG 1899 Hoffenheim,VfL Wolfsburg,3,1,1.42413382089672,1.4940098310026075,0.3376948600763789,0.2755900582232518,0.3867150817003695,1,2,0,3.2586586581598636,0.664146532975266,-0.0742559695165685,0.3516918220177402,0.0846576078588909,0.3698407112137595,-0.080057217172811,0.0,0.5,5.0,5.0,-0.0290130489111844,0.042884841536243,0.3376948600763789,0.2755900582232517,0.3867150817003694,1.0,False,False,-0.1712897053531856,0.2019670978050771,1836
751b6d1a344193128156,D1,2021,2021-09-25,2021-09-21,Eintracht Frankfurt,1. FC Köln,1,1,2.2237293192466847,1.1860514977175962,0.4702701156003205,0.2524607989012247,0.2772690854984547,2,1,0,2.1776659736480757,0.8568469845792834,-0.1424778600522949,0.0630472753339262,0.2249713756856909,-0.2651711201738425,0.0623918854487382,1.1041193164401255,0.5,5.0,5.0,-0.0004790640439873,-0.0034924651919311,0.4702701156003205,0.2524607989012247,0.2772690854984548,1.0,False,False,-0.1712897053531856,0.2019670978050771,1836
d1ecf6623ad23f0e8fea,D1,2021,2021-09-25,2021-09-21,Borussia Mönchengladbach,Borussia Dortmund,1,0,1.6557001038691284,2.2355347923982545,0.2341466141248148,0.2248027351573926,0.5410506507177926,1,2,0,4.026175507239441,0.9298034850328768,-0.1910698698885941,0.5561367143403719,0.228560106941056,0.3118466375282622,-0.1300667939372649,-0.634016234321189,0.5,5.0,5.0,-0.0613423653317561,0.079595707554345,0.2341466141248148,0.2248027351573926,0.5410506507177926,1.0,False,False,-0.1712897053531856,0.2019670978050771,1836
e4737baa8de61d344d1b,D1,2021,2021-09-25,2021-09-21,RB Leipzig,Hertha BSC,6,0,2.1320810236168737,0.8174415125015911,0.7098696376795051,0.1818451633524349,0.1082851989680601,2,0,2,4.91439090804364,0.1289689748904477,-0.2871304763399737,0.028830696624324,0.0336756938555567,-0.1154717715929027,0.293653374622051,0.0,0.5,5.0,5.0,-0.015471913734111,0.0025569247483285,0.7098696376795051,0.1818451633524349,0.10828519896806,1.0,False,False,-0.1712897053531856,0.2019670978050771,1836
e54e6f262b44706ddabb,D1,2021,2021-09-25,2021-09-21,1. FC Union Berlin,Arminia Bielefeld,1,0,1.3785297896747652,0.5958375307906929,0.5566662108971581,0.2566932661509682,0.1866405229518736,1,0,4,1.7326849530734865,0.2972709662552838,-0.0854962282480542,-0.1472313478817858,0.3199135079717494,-0.1228153375723214,0.1327908112872886,0.0,0.5,5.0,5.0,0.0054514851336482,-0.0170878639401403,0.5566662108971581,0.2566932661509683,0.1866405229518736,1.0,False,False,-0.1712897053531856,0.2019670978050771,1836
0c2399c60b43b9305750,D1,2021,2021-09-26,2021-09-21,VfL Bochum,Stuttgart,0,0,1.0959967991102002,1.8984548738664473,0.3160165309028327,0.2712549826163126,0.4127284864808548,1,2,0,2.641081035315304,0.801280551718189,-0.3720921980822682,-0.224912209206909,-0.0084985740009335,-0.2230859695141578,0.0,0.0,0.5,5.0,5.0,-0.0259636093478813,-0.0038866110165774,0.3160165309028327,0.2712549826163125,0.4127284864808548,1.0,True,False,-0.1712897053531856,0.2019670978050771,1836
d19c9523c9074c53925a,D1,2021,2021-09-26,2021-09-21,SC Freiburg,FC Augsburg,3,0,1.7015659580090337,0.970374356401536,0.5044721223773301,0.2699991640892753,0.2255287135333946,1,0,2,2.9108615190895253,0.3693106267381632,0.1039866677719672,-0.1066566277571632,0.1252291654470996,-0.4150722924620302,0.082436085523824,0.253771642580504,0.5,5.0,5.0,0.0230254479735023,-0.0231589459727621,0.5044721223773301,0.2699991640892752,0.2255287135333946,1.0,False,False,-0.1712897053531856,0.2019670978050771,1836
83d8e17490fdd1752aea,D1,2021,2021-10-01,2021-09-28,1. FC Köln,SpVgg Greuther Fürth,3,1,2.312270932421768,0.7715120547998495,0.658651421562892,0.1990954607622821,0.1422531176748258,2,0,3,2.690695135688647,0.1763938039853877,0.0556939222061685,-0.5421019459790818,0.2293751608892741,-0.491061972088855,0.0,0.0,0.4,6.0,6.0,0.0326744895195709,-0.0569948907082166,0.658651421562892,0.199095460762282,0.1422531176748258,1.0,False,True,-0.1626655503495433,0.2216942273187016,1827
082dcab5379254c60b17,D1,2021,2021-10-02,2021-09-28,Stuttgart,TSG 1899 Hoffenheim,3,1,1.558245459152693,1.7239880758462889,0.360254194515394,0.2502026520655216,0.3895431534190844,1,2,0,3.12166145102827,0.6236199311114522,-0.2440116118545391,0.0718488193236335,-0.1870280140506152,-0.1224276310752593,0.0440097648102571,-0.2027061015051149,0.4,6.0,6.0,-0.0278201749261738,0.0192120352996286,0.3602541945153939,0.2502026520655216,0.3895431534190845,1.0,False,False,-0.1626655503495433,0.2216942273187016,1827
1cc56dcf0c9337e557f6,D1,2021,2021-10-02,2021-09-28,RB Leipzig,VfL Bochum,3,0,2.855758816915082,0.4737545437584216,0.786256758256568,0.1402387785194463,0.0735044632239856,2,0,2,2.0513286940052424,0.0707559945054637,-0.0264493853015856,-0.3196114615916192,0.1798665397195867,-0.469510478072167,0.0,0.0,0.4,6.0,6.0,0.0133356345494223,-0.0306386768940826,0.786256758256568,0.1402387785194463,0.0735044632239856,1.0,False,True,-0.1626655503495433,0.2216942273187016,1827
4f0db732d70133ffef62,D1,2021,2021-10-02,2021-09-28,Borussia Dortmund,FC Augsburg,2,1,3.0385431309436557,0.8565242964970446,0.777029805422081,0.1443726073518368,0.0785975872260822,2,0,2,2.546872620256921,0.0767367381414443,0.2989171720798645,-0.2202685741732523,0.6608314211506712,-0.4732728482772516,0.1222393781587118,1.7620573336801109,0.4,6.0,6.0,0.0646376881613857,-0.0607052582660551,0.777029805422081,0.1443726073518368,0.0785975872260822,1.0,False,False,-0.1626655503495433,0.2216942273187016,1827
b7cf6a0641a70eac6f07,D1,2021,2021-10-02,2021-09-28,VfL Wolfsburg,Borussia Mönchengladbach,1,3,1.667713726249989,1.2562275551122812,0.4389953505195811,0.2718778023104226,0.2891268471699961,2,1,0,3.4526497925931268,0.7719750965814252,0.1084115031641004,0.0266563426488488,0.1561470572023682,-0.3263354186437672,-0.0073399990839718,0.0,0.4,6.0,6.0,0.009141333229769,-0.0023879409391215,0.4389953505195813,0.2718778023104226,0.2891268471699961,1.0,False,False,-0.1626655503495433,0.2216942273187016,1827
f97b4b2b675d379badb1,D1,2021,2021-10-02,2021-09-28,Hertha BSC,SC Freiburg,1,2,1.3310122281169088,1.4522232364733014,0.3325449964999425,0.2858894298268163,0.3815655736732409,1,2,4,2.444142266786797,0.5747800804499567,-0.1659762505078678,0.2309156485600486,0.1780716364663616,-0.0488274495056398,-0.0086232822286768,0.0,0.4,6.0,6.0,-0.028574571590223,0.031821541492832,0.3325449964999427,0.2858894298268163,0.381565573673241,1.0,False,False,-0.1626655503495433,0.2216942273187016,1827
3097db0e414e9794bc93,D1,2021,2021-10-03,2021-09-28,1. FSV Mainz 05,1. FC Union Berlin,1,2,1.1955974676779444,1.211556463019692,0.4572007695731664,0.2852386890769903,0.2575605413498431,1,0,0,2.8289150923765307,0.8416100032053937,0.0655528213813039,0.1132621335490638,0.2166421332373637,-0.4034573553284808,-0.0925305002766405,0.2589969244529223,0.4,6.0,6.0,-0.0011443803086255,0.0100851280551439,0.4572007695731665,0.2852386890769904,0.2575605413498431,1.0,False,False,-0.1626655503495433,0.2216942273187016,1827
7843024213bacd89a78e,D1,2021,2021-10-03,2021-09-28,Bayern München,Eintracht Frankfurt,1,2,3.6704673258937945,1.016714722203187,0.8193888705170334,0.1148125722760393,0.0657985572069271,3,1,0,3.872983333569276,1.5573123835964793,0.6480601013100459,-0.1395908996461974,0.7181745460954932,-0.3132244186239496,0.1849149748313472,1.3045565238319274,0.4,6.0,6.0,0.0940768690932011,-0.0686534090100086,0.8193888705170335,0.1148125722760394,0.0657985572069271,1.0,False,False,-0.1626655503495433,0.2216942273187016,1827
7d8abc388ed9993813f5,D1,2021,2021-10-03,2021-09-28,Arminia Bielefeld,Bayer 04 Leverkusen,0,4,0.6355792103115034,1.5018512359982124,0.1898741378084334,0.2427504799829338,0.5673753822086325,0,1,2,3.683555188001624,0.2821440436595676,-0.2412836166002185,0.3257108137620152,-0.0367913135987377,0.1051096369278207,0.0050423987084542,0.0,0.4,6.0,6.0,-0.0401617824126999,0.0443831422707897,0.1898741378084334,0.2427504799829339,0.5673753822086326,1.0,False,False,-0.1626655503495433,0.2216942273187016,1827
7d031e5740494c7a331f,D1,2021,2021-10-15,2021-10-12,TSG 1899 Hoffenheim,1. FC Köln,5,0,2.1427389214038577,1.172241096529619,0.4603123771816184,0.2512991455479701,0.2883884772704114,2,1,2,4.524251657758068,0.4375819045988421,-0.077727236051382,0.2185629455497425,0.2055259798836285,-0.2135552321209527,0.299755077676223,0.9964739101243536,0.3,7.0,7.0,0.0037604373271184,0.0032813481477995,0.4603123771816184,0.2512991455479701,0.2883884772704115,1.0,False,False,-0.1609779886867448,0.2096965251731316,1827
095761088b269c97ea30,D1,2021,2021-10-16,2021-10-12,1. FC Union Berlin,VfL Wolfsburg,2,0,1.295909917014563,1.261636254832882,0.3501646542261251,0.2996706915477497,0.350164654226125,1,1,0,2.744519538186004,0.6347037850590598,0.2496253582866054,-0.0477335737865179,0.3823518860457735,0.1232996786438602,-0.1533225602073086,0.0,0.3,7.0,7.0,0.019683086507621,-0.0095884972826166,0.3501646542261251,0.2996706915477498,0.3501646542261251,1.0,False,False,-0.1609779886867448,0.2096965251731316,1827
4d5c773decb4af16a0f5,D1,2021,2021-10-16,2021-10-12,Borussia Mönchengladbach,Stuttgart,1,1,2.218731840546604,1.1958135559055814,0.6284448414050842,0.2054271309539199,0.1661280276409961,2,1,0,2.386537418740639,1.053887484480668,0.2147982101542803,-0.0640930014787406,0.3642641801043763,-0.2425134828660308,0.0016663212040025,0.5706346060845534,0.3,7.0,7.0,0.0290475466951993,-0.0215122862614223,0.628444841405084,0.2054271309539199,0.1661280276409961,1.0,False,False,-0.1609779886867448,0.2096965251731316,1827
80d01b6fff6780d05ba9,D1,2021,2021-10-16,2021-10-12,Eintracht Frankfurt,Hertha BSC,1,2,2.2279066469971336,1.1262922745544732,0.5470159648233736,0.2479994659173325,0.2049845692592941,2,1,0,2.806783741697474,0.9927797359827586,0.0622568930510514,-0.2566607229693139,0.1618406999676576,-0.224185213840752,0.2008075312772067,0.0,0.3,7.0,7.0,0.0290991020174311,-0.0388192935133443,0.5470159648233734,0.2479994659173325,0.2049845692592941,1.0,False,False,-0.1609779886867448,0.2096965251731316,1827
b77be1c11eec5b41671f,D1,2021,2021-10-16,2021-10-12,SC Freiburg,RB Leipzig,1,1,1.093170625036233,1.6499962266817796,0.2426267813234435,0.2542418931953104,0.503131325481246,1,2,0,2.1075336019858804,0.8681640395608043,0.3461406964086915,0.1673407125515582,0.3118238082469953,-0.2976583996164142,-0.1524637317668058,-1.3961339276596247,0.3,7.0,7.0,0.0081528429675037,0.0175212274805087,0.2426267813234435,0.2542418931953105,0.5031313254812461,1.0,False,False,-0.1609779886867448,0.2096965251731316,1827
d6f484c704e5aae58d63,D1,2021,2021-10-16,2021-10-12,Borussia Dortmund,1. FSV Mainz 05,3,1,2.7000176979260804,0.9150289640744244,0.6734251998361875,0.19357566473024,0.1329991354335725,2,0,3,2.609250967159634,0.1618114081038661,0.361813114877798,-0.0433586870974502,0.7188716225384104,0.1247987343502485,0.1250900575454164,1.7246603533401217,0.3,7.0,7.0,0.057538701369974,-0.0416159799809566,0.6734251998361874,0.1935756647302401,0.1329991354335724,1.0,False,False,-0.1609779886867448,0.2096965251731316,1827
d8bc55739694b9205cfa,D1,2021,2021-10-16,2021-10-12,SpVgg Greuther Fürth,VfL Bochum,0,1,1.1547012847994798,1.0432175821631042,0.3930313369211494,0.2776355083483702,0.3293331547304804,1,0,0,2.284407673097797,0.6813491246416538,-0.5733085749471895,-0.4152706814011183,-0.3766403156736086,-0.5448757642791457,0.0,0.0,0.3,7.0,7.0,-0.036567323424663,-0.0128616393927523,0.3930313369211494,0.2776355083483701,0.3293331547304804,1.0,True,True,-0.1609779886867448,0.2096965251731316,1827
33499e6abb3b59940419,D1,2021,2021-10-17,2021-10-12,FC Augsburg,Arminia Bielefeld,1,1,1.1734982813476789,0.6657122233002168,0.4150614187457646,0.2973960321231336,0.2875425491311019,1,0,0,2.098435487938548,0.7486090345683758,-0.3413102711684227,-0.3507636707623482,0.0259720575922151,-0.2580512011380512,0.0447962785565577,0.0,0.3,7.0,7.0,-0.0143530296508969,-0.0202506674456415,0.4150614187457646,0.2973960321231335,0.287542549131102,1.0,False,False,-0.1609779886867448,0.2096965251731316,1827
c3a8d456d3fc1a953633,D1,2021,2021-10-17,2021-10-12,Bayer 04 Leverkusen,Bayern München,1,5,1.472130354694127,2.158937225721891,0.1961211319939972,0.2094247536391042,0.5944541143668984,1,2,2,4.048923604950864,0.246789691205343,0.4562301748221179,0.4111220775023929,0.3127578445610204,0.3688281800162571,-0.1370711519368977,-0.8752341332472521,0.3,7.0,7.0,0.0116491000108928,0.0317185126053326,0.1961211319939972,0.2094247536391043,0.5944541143668984,1.0,False,False,-0.1609779886867448,0.2096965251731316,1827
24ef9b00e25abd89914a,D1,2021,2021-10-22,2021-10-19,1. FSV Mainz 05,FC Augsburg,4,1,1.4035727208994,1.0070506995978352,0.5772602310596444,0.2528369349759919,0.1699028339643634,1,0,2,3.952912494752312,0.2715024009209213,-0.2090329278934073,-0.2760148696582108,0.0204177640280642,-0.4853764346428554,-0.1897801168805046,0.0373969803399891,0.1999999999999999,8.0,8.0,-0.0164045702487554,-0.0078478196288254,0.5772602310596445,0.252836934975992,0.1699028339643634,1.0,False,False,-0.1674470699355625,0.2086625599601437,1827
2e6c7c796a1c7289c632,D1,2021,2021-10-23,2021-10-19,Hertha BSC,Borussia Mönchengladbach,1,0,1.323788204272102,1.7500269344865005,0.2567961009736901,0.2631629464523766,0.4800409525739331,1,2,0,3.20134128487137,0.8520460880614951,-0.0337796221424686,0.1133836570631397,-0.0112229781719672,-0.1382555998075866,0.0549758832352755,0.0,0.1999999999999999,8.0,8.0,-0.00629835090564,0.0102785526516736,0.2567961009736901,0.2631629464523766,0.4800409525739332,1.0,False,False,-0.1674470699355625,0.2086625599601437,1827
52e9da7fff2a607511e8,D1,2021,2021-10-23,2021-10-19,Bayern München,TSG 1899 Hoffenheim,4,0,3.4097235916480435,1.079477252154836,0.8168686955735805,0.1150103939616232,0.0681209104647961,3,1,2,2.7427913949801948,0.0514049238226824,0.4828696842438091,0.088478777554084,0.425213065500907,-0.213728524895716,0.1337207182311657,1.4122019301476996,0.1999999999999999,8.0,8.0,0.0576100751089734,-0.0290426520190788,0.8168686955735807,0.1150103939616232,0.0681209104647961,1.0,False,False,-0.1674470699355625,0.2086625599601437,1827
9599c58fa64d967231e2,D1,2021,2021-10-23,2021-10-19,VfL Wolfsburg,SC Freiburg,0,2,1.5650807444848078,1.1099458351596696,0.4386110649609569,0.2897491277620866,0.2716398072769563,2,1,0,3.075171893894104,0.806842793688624,-0.1557690833073517,0.284610730077706,-0.0453713121176469,0.1367133602345872,0.0511604820287563,0.0,0.1999999999999999,8.0,8.0,-0.0272494207331826,0.0336915030717003,0.438611064960957,0.2897491277620867,0.2716398072769563,1.0,False,False,-0.1674470699355625,0.2086625599601437,1827
b46eb7fe198a7c4006e4,D1,2021,2021-10-23,2021-10-19,RB Leipzig,SpVgg Greuther Fürth,4,1,3.750207020788367,0.3733584275479973,0.8412951877986625,0.1089859675102812,0.0497188446910562,3,0,3,3.1030234105072108,0.0395371220474272,0.1346200471768544,-0.5808328286129919,0.3365889603538468,-0.541090740154174,0.0,0.0,0.1999999999999999,8.0,8.0,0.042503646148335,-0.0648142852201419,0.8412951877986625,0.1089859675102812,0.0497188446910562,1.0,False,True,-0.1674470699355625,0.2086625599601437,1827
cbd561f014f3c45da2eb,D1,2021,2021-10-23,2021-10-19,Arminia Bielefeld,Borussia Dortmund,1,3,0.6566920592539118,2.1219776448072385,0.1505016722408027,0.2123745819397993,0.6371237458193979,0,2,3,2.8269994177064346,0.1994328922495274,-0.3505667498629521,0.4295717069142107,-0.1596408523212646,0.0918879159705687,-0.2316131043700988,0.0,0.1999999999999999,8.0,8.0,-0.0681159155505107,0.0720661634030736,0.1505016722408027,0.2123745819397993,0.637123745819398,1.0,False,False,-0.1674470699355625,0.2086625599601437,1827
12ff3f16c923152dccc0,D1,2021,2021-10-24,2021-10-19,VfL Bochum,Eintracht Frankfurt,2,0,0.7483556595628814,1.9683660011902393,0.3047384804580915,0.2694439106875216,0.4258176088543868,0,1,0,3.033031859548162,0.7373092375727763,-0.1783372420248131,-0.1095446414317491,-0.0447322560170604,-0.1002366393227136,0.0,0.0,0.1999999999999999,8.0,8.0,-0.0123564921308938,-0.0020376020419342,0.3047384804580915,0.2694439106875216,0.4258176088543868,1.0,True,False,-0.1674470699355625,0.2086625599601437,1827
3721e331f2b557673891,D1,2021,2021-10-24,2021-10-19,1. FC Köln,Bayer 04 Leverkusen,2,2,1.152148898106241,2.0285863408982427,0.2981761234646686,0.2452862712305755,0.4565376053047558,1,2,0,2.8681751566424296,0.8669283980548667,-0.0103321785395048,0.2448021059018734,0.3610398063166954,0.3019485166349273,-0.2123046201388074,-1.533441707024801,0.1999999999999999,8.0,8.0,-0.0315557626911085,0.0432792590592269,0.2981761234646686,0.2452862712305756,0.4565376053047558,1.0,False,False,-0.1674470699355625,0.2086625599601437,1827
c8fa0cbfbfee8d39b33b,D1,2021,2021-10-24,2021-10-19,Stuttgart,1. FC Union Berlin,1,1,1.3927643826277638,1.4073990640603562,0.3848709976027153,0.2766608910303578,0.338468111366927,2,1,0,2.0286715093992225,0.7859058137729996,-0.0519184765251104,0.3408548581605269,-0.0173473414876627,-0.1742579075778399,-0.0500657980219333,0.7790064373873017,0.1999999999999999,8.0,8.0,-0.0208428482746975,0.0352896673564683,0.3848709976027153,0.2766608910303577,0.3384681113669269,1.0,False,False,-0.1674470699355625,0.2086625599601437,1827
3c9a2b2c9aa6857dbfd8,D1,2021,2021-10-29,2021-10-26,TSG 1899 Hoffenheim,Hertha BSC,2,0,2.0352744463219516,1.1924459024133944,0.5564171883893,0.2416761525327262,0.2019066590779737,2,1,2,2.4932001467478493,0.2959393724395044,-0.1236742897816811,0.152372359540946,0.3776941241040645,-0.0271946315682522,0.1186497416970336,0.0,0.0999999999999999,9.0,9.0,-0.0140535598703637,0.0154884633583269,0.5564171883893,0.2416761525327262,0.2019066590779737,1.0,False,False,-0.1611382878238327,0.2179005597340839,1827
186b1d1e3a043925f1fa,D1,2021,2021-10-30,2021-10-26,Borussia Dortmund,1. FC Köln,2,0,3.254878620496795,0.9887406297826854,0.6438902565517979,0.1956791744757004,0.1604305689725018,3,1,3,2.793876658000398,0.1908424561630766,0.4818417411457276,-0.0712987604941144,0.719164690422285,-0.3079612788407413,0.1338568186601603,1.9984186490249811,0.0999999999999999,9.0,9.0,0.0634379996948489,-0.0429108506622682,0.6438902565517979,0.1956791744757003,0.1604305689725018,1.0,False,False,-0.1611382878238327,0.2179005597340839,1827
45c2c047e398df4458bb,D1,2021,2021-10-30,2021-10-26,Eintracht Frankfurt,RB Leipzig,1,1,1.2517771607395147,1.8435730397822845,0.2381897243213578,0.2370076413222443,0.5248026343563981,1,2,0,2.208115975433014,0.9143094892003448,-0.1998454185108142,0.3195274805539993,-0.0311672582214694,-0.3036878838623201,0.0283073577246826,-0.7821475691448736,0.0999999999999999,9.0,9.0,-0.0365009169154094,0.0424850200175686,0.2381897243213577,0.2370076413222442,0.524802634356398,1.0,False,False,-0.1611382878238327,0.2179005597340839,1827
922fc2f36b32dddee07f,D1,2021,2021-10-30,2021-10-26,SC Freiburg,SpVgg Greuther Fürth,3,1,2.9467998656926273,0.5518570753497055,0.6854484720142477,0.1928691044736446,0.1216824235121077,2,0,3,2.851802935291763,0.1509477674104171,0.4063514966311723,-0.6026226077341674,0.2597741078997569,-0.5942511346516619,0.0,0.0,0.0999999999999999,9.0,9.0,0.0707662800498256,-0.0805798356049753,0.6854484720142476,0.1928691044736445,0.1216824235121078,1.0,False,True,-0.1611382878238327,0.2179005597340839,1827
929c6c8fc797d1a48294,D1,2021,2021-10-30,2021-10-26,1. FC Union Berlin,Bayern München,2,5,1.0564414973240788,2.405713130061549,0.1093146222934414,0.1677182166294803,0.7229671610770783,1,2,2,4.350778277348372,0.1168262806782245,0.2569040178190571,0.5851531527885585,0.486532022608835,0.4514892392818194,-0.0855238779692576,-2.393914469040116,0.0999999999999999,9.0,9.0,-0.0138282359285853,0.0559310944589661,0.1093146222934414,0.1677182166294803,0.7229671610770784,1.0,False,False,-0.1611382878238327,0.2179005597340839,1827
9fc9ed37d9209e3979d6,D1,2021,2021-10-30,2021-10-26,Arminia Bielefeld,1. FSV Mainz 05,1,2,0.7643765314100862,1.0843399546280692,0.2602037985686017,0.28505908679008,0.4547371146413183,0,1,3,2.535844587185709,0.4462763139007987,-0.4242496623832288,-0.0192359239089729,-0.247570580483999,-0.0710874497047829,0.0440587506452201,0.0,0.0999999999999999,9.0,9.0,-0.0392602325106132,0.0170859531960031,0.2602037985686017,0.2850590867900801,0.4547371146413182,1.0,False,False,-0.1611382878238327,0.2179005597340839,1827
d8e69d8b6173ed2864cd,D1,2021,2021-10-30,2021-10-26,Bayer 04 Leverkusen,VfL Wolfsburg,0,2,1.7864568532300185,1.1374703457844293,0.4898955724679637,0.2638940238432402,0.2462104036887962,2,1,0,3.2654890796619336,0.8778364832508981,0.1781085490994411,-0.3012471502872165,0.1237919462906405,-0.0154644592857332,-0.0504988655759148,0.0,0.0999999999999999,9.0,9.0,0.0303482691455092,-0.0365051992048979,0.4898955724679637,0.2638940238432401,0.2462104036887961,1.0,False,False,-0.1611382878238327,0.2179005597340839,1827
249ed2bc9287731ed7be,D1,2021,2021-10-31,2021-10-26,Borussia Mönchengladbach,VfL Bochum,2,1,2.090131468147848,0.6665688688076296,0.7002261408347603,0.1859975686592332,0.1137762905060064,2,0,2,2.3679386562057196,0.1374045064672743,-0.0274919137377906,0.04663472489173,0.296163330038054,-0.2434749311764402,0.0,0.0,0.0999999999999999,9.0,9.0,-0.0050809276183655,0.0060380681760625,0.7002261408347603,0.1859975686592332,0.1137762905060064,1.0,False,True,-0.1611382878238327,0.2179005597340839,1827
45f758d8c13f9b04b07f,D1,2021,2021-10-31,2021-10-26,FC Augsburg,Stuttgart,4,1,1.3038146992004769,1.4698039691625908,0.3244053328217917,0.2925618645693458,0.3830328026088623,1,2,0,4.480274559980026,0.688734726794326,-0.3525696588574756,-0.1087282055464261,-0.0415171120224145,-0.2216536579005493,-0.1215627073414202,-0.5574064932743684,0.0999999999999999,9.0,9.0,-0.0372922072086831,0.014227313988488,0.3244053328217917,0.2925618645693458,0.3830328026088623,1.0,False,False,-0.1611382878238327,0.2179005597340839,1827
577835e2480f56659051,D1,2021,2021-11-05,2021-11-02,1. FSV Mainz 05,Borussia Mönchengladbach,1,1,1.2792891750233633,1.5394288382986427,0.3576393792464968,0.2722936182899464,0.3700670024635566,2,1,0,2.0452051406481724,0.7944120898817197,0.1643030694089884,0.1608451235428199,0.2057874921819596,-0.2339204931083354,-0.1555280403394943,-0.9386380305661516,0.0,10.0,10.0,0.0006116487467831,0.0156457609008072,0.3576393792464968,0.2722936182899465,0.3700670024635566,1.0,False,False,-0.1636237020595812,0.2166274489526814,1827
04a30922afb0b684f7a4,D1,2021,2021-11-06,2021-11-02,RB Leipzig,Borussia Dortmund,2,1,1.836400118007435,1.5053206093101508,0.4811912833954823,0.2513308803036771,0.2674778363008407,2,1,4,2.3214580331832884,0.4038740887312273,0.1959820458916631,0.5882028860796958,0.4852097208475231,0.2716247105673419,-0.2223019284213748,-0.1937125672526843,0.0,10.0,10.0,-0.0209270361358872,0.0601362827344551,0.4811912833954822,0.2513308803036771,0.2674778363008407,1.0,False,False,-0.1636237020595812,0.2166274489526814,1827
662f7ed4b4ce9f5f1f7f,D1,2021,2021-11-06,2021-11-02,Stuttgart,Arminia Bielefeld,0,1,1.5615254680936252,0.7043386590781566,0.5066991473812426,0.2630937880633373,0.2302070645554202,1,0,0,2.473973148194819,0.9185435307347776,-0.2153384936980044,-0.4685315342473955,-0.0168860933837678,-0.2343997975507735,-0.2372238409104045,0.0,0.0,10.0,10.0,-0.0099684647029508,-0.0242250366943191,0.5066991473812424,0.2630937880633373,0.2302070645554201,1.0,False,False,-0.1636237020595812,0.2166274489526814,1827
6adfa06e06d507c7dbda,D1,2021,2021-11-06,2021-11-02,VfL Bochum,TSG 1899 Hoffenheim,2,0,0.8740981954330733,1.7153679933600534,0.261535874792892,0.2525649872670144,0.4858991379400937,0,1,0,3.1281614113966403,0.8452163092620126,-0.1223600583103373,0.0714208595122364,0.1717724881887335,-0.3081034370308202,0.0,0.0,0.0,10.0,10.0,-0.0158070488066455,0.0132600888667405,0.2615358747928919,0.2525649872670144,0.4858991379400936,1.0,False,False,-0.1636237020595812,0.2166274489526814,1827
77e1e94a951ea1424a40,D1,2021,2021-11-06,2021-11-02,VfL Wolfsburg,FC Augsburg,1,0,1.9121206890163769,0.861142175366052,0.6212694527671108,0.2256497540710732,0.1530807931618161,1,0,4,2.248539197069091,0.2177883681547103,-0.1110453372751999,-0.100187278157221,-0.1538312365402352,-0.5309458217819706,0.172125779203458,0.0,0.0,10.0,10.0,0.0025111191405139,-0.013072749912135,0.6212694527671108,0.2256497540710732,0.153080793161816,1.0,False,False,-0.1636237020595812,0.2166274489526814,1827
c693a99a886f097792ad,D1,2021,2021-11-06,2021-11-02,Bayern München,SC Freiburg,2,1,3.1737167050336277,0.9214411362122767,0.8128260641629096,0.1207978281753442,0.0663761076617462,2,0,2,2.54746945663949,0.0540319852169509,0.6322629973235783,0.4694228506551195,0.5378553899259033,0.305081872856616,0.1352015763213931,1.850059311798372,0.0,10.0,10.0,0.0465152360156715,0.0085690563832633,0.8128260641629095,0.1207978281753442,0.0663761076617462,1.0,False,False,-0.1636237020595812,0.2166274489526814,1827
3afda41d5f05bb2d4a4b,D1,2021,2021-11-07,2021-11-02,Hertha BSC,Bayer 04 Leverkusen,1,1,1.241031113959024,1.72120402341276,0.2704984290359511,0.2659775639267152,0.4635240070373337,1,2,0,2.078888973297203,0.8268128418698231,0.0083848887480741,-0.0339849928223033,0.104079449819449,0.2249877702926995,0.0967155850369987,0.0,0.0,10.0,10.0,0.0073735177677725,-0.0086535229714839,0.2704984290359511,0.2659775639267152,0.4635240070373337,1.0,False,False,-0.1636237020595812,0.2166274489526814,1827
e20e4c12a438af0be2d8,D1,2021,2021-11-07,2021-11-02,1. FC Köln,1. FC Union Berlin,2,2,1.2414186719443034,1.49267478699896,0.4529522382413049,0.2692194993490573,0.2778282624096377,2,1,0,2.972651403911457,0.8163944136530089,-0.1751004391345143,0.0579172596775911,0.2935182622190351,-0.1389759095002128,-0.1589052975263564,0.0395644992235091,0.0,10.0,10.0,-0.0283511717736488,0.0224920128008026,0.452952238241305,0.2692194993490573,0.2778282624096377,1.0,False,False,-0.1636237020595812,0.2166274489526814,1827
f2e98c7103d78729203b,D1,2021,2021-11-07,2021-11-02,SpVgg Greuther Fürth,Eintracht Frankfurt,1,2,0.7901988354929772,2.757166152839592,0.2572465791678301,0.2545099134320021,0.4882435074001676,0,2,2,2.907801659044162,0.3928458062467982,-0.6310199942838228,-0.1866515361375559,-0.435948020202122,-0.2556919230811042,0.0,0.0,0.0,10.0,10.0,-0.0537694226215044,0.0128858461004355,0.2572465791678302,0.2545099134320022,0.4882435074001676,1.0,False,False,-0.1636237020595812,0.2166274489526814,1827
73435080d0b46164ef66,D1,2021,2021-11-19,2021-11-16,FC Augsburg,Bayern München,2,1,0.8638953507919677,3.1633521409016807,0.0658032170461667,0.1257572592437852,0.8084395237100481,0,2,0,3.776310058162787,1.5421129810303296,-0.1760064161678772,0.6319537466135096,0.1181832225404678,0.5226137632516534,-0.2166046397304239,-2.199249231157125,0.0,11.0,11.0,-0.0600285609339844,0.082825927456266,0.0658032170461667,0.1257572592437852,0.8084395237100481,1.0,False,False,-0.1593573962085119,0.2205542441992688,1827
0f349af8a9b9b37b3d4c,D1,2021,2021-11-20,2021-11-16,TSG 1899 Hoffenheim,RB Leipzig,2,0,1.2442922972575725,1.801678481770106,0.2370292834262365,0.2279995964385703,0.534971120135193,1,2,0,3.343948029592654,0.920302229703936,-0.0580224888473296,0.337539244795384,0.4827110958081843,-0.315263551946228,-0.1489913701308205,-0.9000431778493888,0.0,11.0,11.0,-0.0301287796310431,0.0441046174284459,0.2370292834262365,0.2279995964385704,0.5349711201351931,1.0,False,False,-0.1593573962085119,0.2205542441992688,1827
7d4c9632f8c98224ba5f,D1,2021,2021-11-20,2021-11-16,Borussia Dortmund,Stuttgart,2,1,3.0219373998357635,1.066652590825756,0.7112089726828598,0.1764948737356361,0.1122961535815041,3,1,2,2.5669021286397995,0.1271611240230481,0.3252221864894448,-0.2770984985417385,0.7227198388583879,-0.3079752348572475,0.0521146347784533,1.243204556895453,0.0,11.0,11.0,0.048982875314954,-0.0465766909175687,0.7112089726828598,0.1764948737356361,0.1122961535815041,1.0,False,False,-0.1593573962085119,0.2205542441992688,1827
b22ca3cefa1e46555f0b,D1,2021,2021-11-20,2021-11-16,1. FC Union Berlin,Hertha BSC,2,0,1.6753169127945615,1.064229654311681,0.479576356894033,0.2788234633104843,0.2416001797954826,2,1,2,2.4387459474764905,0.4069539388733494,-0.0119965988077214,0.0108524338460363,0.2094923296888039,-0.1589760805990021,-0.137898525655591,0.0,0.0,11.0,11.0,-0.0086372078558535,0.0085799996077692,0.479576356894033,0.2788234633104843,0.2416001797954826,1.0,False,False,-0.1593573962085119,0.2205542441992688,1827
c0a410cc5f3304619353,D1,2021,2021-11-20,2021-11-16,Arminia Bielefeld,VfL Wolfsburg,2,2,0.643320634290569,1.329317874406392,0.238145669524503,0.2758921012935165,0.4859622291819807,0,1,0,3.832328584474351,0.8172048970739128,-0.2276405573081925,0.0288211083054768,-0.3603923377458216,0.1233923082883226,-0.1837947734139866,0.0,0.0,11.0,11.0,-0.0333948498167924,0.0234538773666566,0.2381456695245029,0.2758921012935164,0.4859622291819805,1.0,False,False,-0.1593573962085119,0.2205542441992688,1827
cb8fc50ab682dc96b6ad,D1,2021,2021-11-20,2021-11-16,Borussia Mönchengladbach,SpVgg Greuther Fürth,4,0,3.4436075674728204,0.5877457371274514,0.7315963093734426,0.1723725117408651,0.0960311788856923,3,0,2,2.4534640251701916,0.1109748112639873,0.1292914858548918,-0.6114672613320946,0.3628687753752906,-0.6151593437635166,0.0,0.0,0.0,11.0,11.0,0.0435025116520939,-0.067611300425954,0.7315963093734426,0.1723725117408651,0.0960311788856923,1.0,False,False,-0.1593573962085119,0.2205542441992688,1827
fb40b0e8da86b30127ea,D1,2021,2021-11-20,2021-11-16,Bayer 04 Leverkusen,VfL Bochum,1,0,1.9737368795475363,0.7143973827033292,0.6858908341915552,0.1905252317198764,0.1235839340885684,1,0,4,2.083425602441215,0.1502374207315973,-0.0940167348086267,0.0925547878224494,-0.0719133535460858,-0.3254983305125201,0.0,0.0,0.0,11.0,11.0,-0.0140294128719851,0.0139563155226762,0.6858908341915552,0.1905252317198764,0.1235839340885684,1.0,False,False,-0.1593573962085119,0.2205542441992688,1827
4d327c4afc7d217dde02,D1,2021,2021-11-21,2021-11-16,SC Freiburg,Eintracht Frankfurt,0,2,1.677388898596512,1.3605065825442513,0.4722360746731423,0.2649769085665966,0.262787016760261,2,1,0,3.229322738039825,0.8367026549534438,0.227782723842825,0.003595571292675,0.3458655017982136,-0.0263554123627734,-0.1170190466272779,-0.4166271980382178,0.0,11.0,11.0,0.0167475414882848,-0.0051786267315098,0.4722360746731424,0.2649769085665965,0.262787016760261,1.0,False,False,-0.1593573962085119,0.2205542441992688,1827
733109b9856edd6b403d,D1,2021,2021-11-21,2021-11-16,1. FSV Mainz 05,1. FC Köln,1,1,1.6544598603572505,1.1027642534878994,0.4468218629531123,0.2685951648088935,0.2845829722379943,2,1,0,2.053238868426841,0.8155902782416304,0.0686459733139446,-0.2031492557188306,0.1093065810166818,-0.3692430703760586,0.0613003417827926,0.2652120065875719,0.0,11.0,11.0,0.0200870772064756,-0.0268122413267199,0.4468218629531123,0.2685951648088934,0.2845829722379941,1.0,False,False,-0.1593573962085119,0.2205542441992688,1827
d1cf91179b13ae99a2d6,D1,2021,2021-11-26,2021-11-23,Stuttgart,1. FSV Mainz 05,2,1,1.5151660257930448,1.228441202623813,0.3309518781353724,0.292492638474381,0.3765554833902464,1,2,0,2.6376417919303465,0.6749713650035527,-0.3478182318705484,-0.0065101901765896,-0.1109862435901387,0.0615999762308679,0.1402614851985645,0.4948799556105639,0.0,12.0,12.0,-0.0274432394182971,0.0097268183159402,0.3309518781353724,0.2924926384743811,0.3765554833902466,1.0,False,False,-0.1607134633617455,0.2278535310805166,1827
0ff7b5ac6732a93725ec,D1,2021,2021-11-27,2021-11-23,VfL Wolfsburg,Borussia Dortmund,1,3,1.4777226710953295,1.8053593876379903,0.3275098925504794,0.2740197381797707,0.3984703692697499,1,2,2,3.0087561798056814,0.5441874432770077,-0.0391799349912672,0.3867067827275173,0.0538897757046624,0.1023188172236027,-0.3118192043749822,0.0,0.0,12.0,12.0,-0.0388442928542517,0.0562206352410642,0.3275098925504793,0.2740197381797707,0.3984703692697499,1.0,False,False,-0.1607134633617455,0.2278535310805166,1827
1161f7f9dc0547dbee46,D1,2021,2021-11-27,2021-11-23,Bayern München,Arminia Bielefeld,1,0,3.3267421099086767,0.4795295809116182,0.8825172005084371,0.0836472824829736,0.0338355170085894,3,0,2,2.6955754270698336,0.0219439182543997,0.3544830952625908,-0.1860823189606429,0.5578225828783587,-0.0355740157324825,0.1252995358443799,0.0,0.0,12.0,12.0,0.0510174022665102,-0.0425973634514128,0.882517200508437,0.0836472824829736,0.0338355170085893,1.0,False,False,-0.1607134633617455,0.2278535310805166,1827
89d56125a4afa11cc61a,D1,2021,2021-11-27,2021-11-23,SpVgg Greuther Fürth,TSG 1899 Hoffenheim,3,6,0.730787123017441,2.8614387900182927,0.1989903239377366,0.2221287336979385,0.5788809423643249,0,2,2,6.919556543955084,0.2662795840590541,-0.6310678504941346,0.1486479052618021,-0.4770764538856797,-0.3894155055338182,0.0,0.0,0.0,12.0,12.0,-0.0705391803125035,0.0464181830508869,0.1989903239377366,0.2221287336979385,0.5788809423643247,1.0,False,False,-0.1607134633617455,0.2278535310805166,1827
8cf4257fc868ad6c175c,D1,2021,2021-11-27,2021-11-23,VfL Bochum,SC Freiburg,2,1,0.8503694057659883,1.205638431937422,0.2931439140774361,0.2913564511867198,0.4154996347358441,0,1,0,2.6823394144276547,0.7571740543195064,-0.0212080193440468,0.0501908590260299,0.3219132006818734,0.1564501971079718,0.0,0.0,0.0,12.0,12.0,-0.0046303448857061,0.0060794868698053,0.293143914077436,0.2913564511867199,0.4154996347358441,1.0,False,False,-0.1607134633617455,0.2278535310805166,1827
8dbb7fd7bce38765e03c,D1,2021,2021-11-27,2021-11-23,Hertha BSC,FC Augsburg,1,1,1.5070316069157936,1.1286343798544398,0.4439483205670175,0.2968818490479127,0.2591698303850697,2,1,0,1.950842905360319,0.7586342465143834,-0.1678763631839094,0.0123281395727454,0.0626687789237251,-0.5326876138948682,0.1351063848271911,0.0,0.0,12.0,12.0,-0.0106487240556686,0.0028713128751104,0.4439483205670176,0.2968818490479127,0.2591698303850697,1.0,False,False,-0.1607134633617455,0.2278535310805166,1827
8f4d3fe7aa913be246a6,D1,2021,2021-11-27,2021-11-23,1. FC Köln,Borussia Mönchengladbach,4,1,1.2613094704780932,1.840605303742068,0.3364485981308411,0.2654205607476635,0.3981308411214954,1,2,0,4.425270953882866,0.6692567036422395,-0.1893617906097853,0.2549888200000633,0.1812752334878703,-0.1945487068202084,-0.0756071900102862,-1.2038500371537235,0.0,12.0,12.0,-0.035465979561496,0.0387473310310099,0.3364485981308411,0.2654205607476635,0.3981308411214954,1.0,False,False,-0.1607134633617455,0.2278535310805166,1827
2f36ad15e15919605f80,D1,2021,2021-11-28,2021-11-23,RB Leipzig,Bayer 04 Leverkusen,1,3,1.8374226494038697,1.0863213856191445,0.5218619708637858,0.2411634865355373,0.2369745426006769,2,1,0,3.7155952874824663,0.9127075925112572,0.1669133004625994,0.0996429917878308,0.5547471147292691,0.1852247013009766,0.1205746957839833,0.2519175646079957,0.0,12.0,12.0,0.0177379152460675,-0.004410100633546,0.5218619708637857,0.2411634865355373,0.2369745426006769,1.0,False,False,-0.1607134633617455,0.2278535310805166,1827
5077a7050014a1a944a5,D1,2021,2021-11-28,2021-11-23,Eintracht Frankfurt,1. FC Union Berlin,2,1,1.753120816370358,1.2843324581180382,0.4073282442748092,0.2738931297709923,0.3187786259541984,2,1,4,2.4946289147054688,0.5278970689353766,0.175824826305711,0.1630340178954706,-0.0850757785132161,-0.1367181257933341,0.1175005935666182,0.9400172360917584,0.0,12.0,12.0,0.0153058114141284,0.0016371307959305,0.4073282442748092,0.2738931297709923,0.3187786259541985,1.0,False,False,-0.1607134633617455,0.2278535310805166,1827
ec4363013ecb0887277c,D1,2021,2021-12-03,2021-11-30,1. FC Union Berlin,RB Leipzig,2,1,1.124329854334619,1.524533094937637,0.2728205090637373,0.2720476464318287,0.4551318445044338,1,2,0,2.6404994221370366,0.8099449298494275,0.0366085849490491,0.0002575189274328,0.3046175813688344,-0.375233383183713,-0.1176918560143403,-1.8491484510644136,0.0,13.0,13.0,-0.0022366102521837,0.0040799154460078,0.2728205090637374,0.2720476464318287,0.4551318445044339,1.0,False,False,-0.1604059114041943,0.2251470821274271,1827
26ecaa257e5ce44f8748,D1,2021,2021-12-04,2021-11-30,Borussia Dortmund,Bayern München,2,3,1.873004356163866,2.334544185667463,0.2459834840739284,0.2226378293354306,0.531378686590641,1,2,3,2.7868450694392526,0.3296814128698536,0.4499928627920462,0.4040810717645426,0.7127881608957946,0.2714171100640738,-0.2354149006653164,-0.3305883315348147,0.0,13.0,13.0,0.0130244876577116,0.0296792090701177,0.2459834840739284,0.2226378293354305,0.531378686590641,1.0,False,False,-0.1604059114041943,0.2251470821274271,1827
3cb38404294cbc5c1def,D1,2021,2021-12-04,2021-11-30,1. FSV Mainz 05,VfL Wolfsburg,3,0,1.1458023783075857,1.3558299739583812,0.378767984576998,0.2930529054984112,0.3281791099245907,1,0,2,3.6370673035001486,0.5795107505984823,-0.1258450755963194,-0.1688080487493807,0.0669567794553057,0.0985676173196054,-0.1774505535629563,0.0,0.0,13.0,13.0,-0.0130166328003107,-0.0017160234169742,0.378767984576998,0.2930529054984112,0.3281791099245907,1.0,False,False,-0.1604059114041943,0.2251470821274271,1827
6a3e0d91d63c5e8f605e,D1,2021,2021-12-04,2021-11-30,FC Augsburg,VfL Bochum,2,3,1.202665380319796,0.8946938745018272,0.4074791412549152,0.2875603549396548,0.30496050380543,1,0,0,4.358601472051962,0.7318101095612652,-0.049394965879005,0.1660000242874261,0.2536623015763141,-0.386442685364419,0.0,0.0,0.0,13.0,13.0,-0.0132394978022718,0.0190697507226928,0.4074791412549151,0.2875603549396548,0.3049605038054301,1.0,False,False,-0.1604059114041943,0.2251470821274271,1827
726173d161bd87b9554a,D1,2021,2021-12-04,2021-11-30,TSG 1899 Hoffenheim,Eintracht Frankfurt,3,2,1.986155839444363,1.5730404484057368,0.5044814340588988,0.2432778489116517,0.2522407170294494,2,1,3,2.9897002139332183,0.3683481402909367,0.3109792107418478,0.3009477471219262,0.5320633296305942,0.1746255277234817,-0.1814366044727803,0.0090880371232662,0.0,13.0,13.0,0.0069787034944494,0.0236176443987392,0.5044814340588989,0.2432778489116517,0.2522407170294494,1.0,False,False,-0.1604059114041943,0.2251470821274271,1827
a5ebfee633be5e6c27e7,D1,2021,2021-12-04,2021-11-30,Arminia Bielefeld,1. FC Köln,1,1,0.93751129897531,1.1095463410443045,0.2827774470045048,0.2754642371681813,0.4417583158273139,0,1,0,2.0861058998521935,0.8000655657592559,-0.2731544417914352,0.0336979065449956,-0.3551507513314685,-0.2989291324404968,-0.0514139036314696,0.0,0.0,13.0,13.0,-0.0315710346879667,0.0195982079256448,0.2827774470045048,0.2754642371681813,0.4417583158273139,1.0,False,False,-0.1604059114041943,0.2251470821274271,1827
ec608dbaca7a5b7032ee,D1,2021,2021-12-04,2021-11-30,Bayer 04 Leverkusen,SpVgg Greuther Fürth,7,1,4.212178090082509,0.6334737593889558,0.7736240457252489,0.1436068587873216,0.0827690954874295,3,0,2,3.940330311603823,0.0787197257323731,0.2145042856546363,-0.6504616412715866,0.0542929891306842,-0.6474204249087009,0.0,0.0,0.0,13.0,13.0,0.0539735106290429,-0.0757713784098904,0.7736240457252489,0.1436068587873216,0.0827690954874295,1.0,False,False,-0.1604059114041943,0.2251470821274271,1827
7086a17211eaefd629f0,D1,2021,2021-12-05,2021-11-30,Borussia Mönchengladbach,SC Freiburg,0,6,1.7792351027033166,1.170431066643278,0.514352287938129,0.255118734817312,0.230528977244559,2,1,0,8.595290239206488,0.9217294998222784,0.0764019729612136,-0.0793312002126819,0.4432857944648286,-0.0355892783039299,0.0234022545224749,0.720024498323692,0.0,13.0,13.0,0.0127768700328792,-0.0129233313954526,0.5143522879381289,0.2551187348173119,0.2305289772445589,1.0,False,False,-0.1604059114041943,0.2251470821274271,1827
ace4d947960f5e4d7947,D1,2021,2021-12-05,2021-11-30,Stuttgart,Hertha BSC,2,2,1.6798386015340236,1.1944491107352062,0.422356439893307,0.285341999570776,0.2923015605359167,2,1,0,2.8391945381897186,0.7745612221885776,-0.1052446151704819,-0.1972230908020649,0.0288695849446493,-0.3038779635521782,0.0350483578514259,0.0,0.0,13.0,13.0,0.0010891109156263,-0.0162124962142536,0.4223564398933072,0.285341999570776,0.2923015605359168,1.0,False,False,-0.1604059114041943,0.2251470821274271,1827
e59e2af1b2476a79b52f,D1,2021,2021-12-10,2021-12-07,1. FC Köln,FC Augsburg,0,2,1.6221823740190482,1.2009473699842712,0.5668996762273044,0.2407187067397348,0.1923816170329607,2,1,0,3.4674715458813403,1.0315681911873684,0.0049323105653094,-0.1343396865926758,0.3644298484045496,-0.4396379392140057,-0.0284955427891137,-0.1346356194712789,0.0,14.0,14.0,0.005785438246709,-0.0122558070480773,0.5668996762273045,0.2407187067397348,0.1923816170329607,1.0,False,False,-0.1604095684348073,0.2218596144638495,1827
2d423b642844b04f8bd1,D1,2021,2021-12-11,2021-12-07,RB Leipzig,Borussia Mönchengladbach,4,1,2.033996478119066,1.048545296954045,0.5486204774908845,0.229137430932947,0.2222420915761684,2,1,2,3.4385556346005903,0.3056389828632582,-0.1637196545649487,-0.1269518505983077,0.2782996734890979,-0.2857400851631866,0.0972585461718237,0.6057339146871811,0.0,14.0,14.0,-0.0051614456179883,-0.0093721296401745,0.5486204774908845,0.229137430932947,0.2222420915761684,1.0,False,False,-0.1604095684348073,0.2218596144638495,1827
3abe56aea239cf692b8c,D1,2021,2021-12-11,2021-12-07,Bayern München,1. FSV Mainz 05,2,1,3.293341262279994,0.7769487522613379,0.7807364951176219,0.1364070865049254,0.0828564183774525,2,0,2,2.7062764107196147,0.0735485638884063,0.4480827799647799,0.1058587313362946,0.5708876427282343,-0.1067687990360515,0.2436951342994446,2.0686728440408317,0.0,14.0,14.0,0.0517000981446355,-0.0240030225795817,0.7807364951176221,0.1364070865049254,0.0828564183774525,1.0,False,False,-0.1604095684348073,0.2218596144638495,1827
71c0205cb7c515917a00,D1,2021,2021-12-11,2021-12-07,VfL Bochum,Borussia Dortmund,1,1,1.0695907945645318,2.0179183802125227,0.1599074885489976,0.2025946571023317,0.6374978543486707,1,2,0,2.352876397421261,1.0678292000749547,0.2928881146605518,0.2686963366475718,0.4128310560351977,0.2200140943553548,0.0,0.0,0.0,14.0,14.0,0.0158539946336765,0.0122252279317295,0.1599074885489976,0.2025946571023317,0.6374978543486706,1.0,False,False,-0.1604095684348073,0.2218596144638495,1827
7e59ec4f0dcda39ec708,D1,2021,2021-12-11,2021-12-07,SC Freiburg,TSG 1899 Hoffenheim,1,2,1.677146868052581,1.4801815193600445,0.397661591563694,0.2707244168555092,0.3316139915807967,2,1,0,2.523840868171586,0.6781663075372809,0.0805335200643002,0.3717080316577539,0.1036319666926006,-0.1304132289078614,0.0914629883896206,-0.4257152351614841,0.0,14.0,14.0,-0.0059589001569766,0.0285709777430793,0.397661591563694,0.2707244168555092,0.3316139915807967,1.0,False,False,-0.1604095684348073,0.2218596144638495,1827
ab51390d0f48e00981cb,D1,2021,2021-12-11,2021-12-07,Hertha BSC,Arminia Bielefeld,2,0,1.2657673630958846,0.7041332439456663,0.4672461690115602,0.2902589837799086,0.2424948472085312,1,0,2,2.215675658406598,0.4268806730204932,-0.1578150612562381,-0.2267337020807445,-0.0147282285538675,-0.1230018725338644,-0.0438782931599191,0.0,0.0,14.0,14.0,-0.0066387356795825,-0.0125887024872665,0.4672461690115602,0.2902589837799086,0.2424948472085312,1.0,False,False,-0.1604095684348073,0.2218596144638495,1827
ccd91a18f9df3de440e3,D1,2021,2021-12-11,2021-12-07,VfL Wolfsburg,Stuttgart,0,2,1.8157911815647385,1.082180248483656,0.5178776190972585,0.2603460856874805,0.2217762952152612,2,1,0,3.3657146770596205,0.9416094473835224,-0.2679388477500335,-0.1090471524507558,-0.1358860445179411,-0.3530916925799937,0.0776035751536826,0.0,0.0,14.0,14.0,-0.0174613483947814,-0.001387951615258,0.5178776190972584,0.2603460856874804,0.2217762952152611,1.0,False,False,-0.1604095684348073,0.2218596144638495,1827
63ba18c756e3a9039c7d,D1,2021,2021-12-12,2021-12-07,Eintracht Frankfurt,Bayer 04 Leverkusen,5,2,1.59649141264021,1.7230465271297386,0.2943444160524644,0.2544200404708801,0.4512355434766553,1,2,0,5.525783979714694,0.7662928758462142,0.1263735408548325,0.3282066269494445,0.0468101210485998,0.3248216233324287,-0.0891594145788249,-0.6572136503646594,0.0,14.0,14.0,-0.0082309479909302,0.030959956381144,0.2943444160524645,0.2544200404708802,0.4512355434766554,1.0,False,False,-0.1604095684348073,0.2218596144638495,1827
9801b1d520792dd37c96,D1,2021,2021-12-12,2021-12-07,SpVgg Greuther Fürth,1. FC Union Berlin,1,0,0.8650540999478199,2.8317644341351107,0.2040911481995122,0.2405910764669312,0.5553177753335565,0,2,0,3.4683338090549216,0.999732798051298,-0.6630563190440949,0.1499468411592303,-0.5417029524481015,-0.2092886965579591,0.0,0.0,0.0,14.0,14.0,-0.073802973962371,0.0481475000681277,0.2040911481995122,0.2405910764669313,0.5553177753335565,1.0,False,False,-0.1604095684348073,0.2218596144638495,1827
07eae41b26bcd311c541,D1,2021,2021-12-14,2021-12-14,1. FSV Mainz 05,Hertha BSC,4,0,1.4850022392192888,1.0856260050119215,0.4932722003782261,0.2732615882777105,0.2334662113440632,1,0,2,4.065140815117785,0.3859514303769323,-0.0136090585945614,0.0634697953585721,0.2673356442282528,-0.251937293242152,0.0522961952123126,0.0,0.0,15.0,15.0,-0.0019195858667691,0.0044126227049696,0.4932722003782261,0.2732615882777105,0.2334662113440633,1.0,False,False,-0.1477507099810447,0.2262346563179003,1827
8e59401fa0bcf6b4f870,D1,2021,2021-12-14,2021-12-14,VfL Wolfsburg,1. FC Köln,2,3,1.8577107952188785,0.9973340928265512,0.4398598618123438,0.2747548707022663,0.2853852674853897,2,1,0,3.670114044704095,0.7796411529351213,-0.3330965206297215,-0.1727328496230136,-0.2280836717677666,-0.3047303109259543,0.0387040528477013,0.0,0.0,15.0,15.0,-0.0227378069394364,-0.0025536615732003,0.4398598618123439,0.2747548707022664,0.2853852674853898,1.0,False,False,-0.1477507099810447,0.2262346563179003,1827
9b6437b506316763300b,D1,2021,2021-12-14,2021-12-14,Arminia Bielefeld,VfL Bochum,2,0,0.7156469516867829,0.919086057845348,0.4119749017912958,0.2823239768157998,0.3057011213929042,1,0,2,2.4993388407929715,0.5189335196293234,-0.2959797482985084,0.2442404889602701,-0.314053991626872,-0.1554849272390507,0.0,0.0,0.0,15.0,15.0,-0.0418099992778643,0.0392230363109524,0.4119749017912959,0.2823239768157998,0.3057011213929043,1.0,False,False,-0.1477507099810447,0.2262346563179003,1827
9bef883e43fba0cb7a33,D1,2021,2021-12-14,2021-12-14,Stuttgart,Bayern München,0,5,1.1024254306979433,2.9282861206045094,0.1009624436544062,0.1516024114621981,0.7474351448833956,1,3,2,3.43169477914119,0.0969657122298941,0.04330838188539,0.5443463902310411,0.0243420199039119,0.3994212950187175,-0.2572492755160899,-1.573792888430268,0.0,15.0,15.0,-0.0357489450988175,0.0651316837046391,0.1009624436544063,0.1516024114621981,0.7474351448833956,1.0,False,False,-0.1477507099810447,0.2262346563179003,1827
1afa7597f05e17bacada,D1,2021,2021-12-15,2021-12-14,Borussia Dortmund,SpVgg Greuther Fürth,3,0,5.168597020228019,0.7032494345294925,0.8572114615015208,0.0979670241716023,0.0448215143268769,4,0,2,2.8315167802113836,0.0319950726981254,0.1609129303374089,-0.3638455636391601,0.4241091577697683,-0.6719078763791415,0.0,0.0,0.0,15.0,15.0,0.0342835712156989,-0.0444302028807864,0.8572114615015207,0.0979670241716023,0.0448215143268769,1.0,False,False,-0.1477507099810447,0.2262346563179003,1827
2e32d158188bf1288f0f,D1,2021,2021-12-15,2021-12-14,1. FC Union Berlin,SC Freiburg,0,0,1.3978504861007908,1.1797113086703783,0.3879963386149864,0.2904093807209141,0.3215942806640995,1,0,0,2.3932682491491,0.7574828871033715,-0.0342947421428847,-0.0912369436149667,0.3698040966505046,0.1832134874291504,0.0320567085393068,-0.5233900380535407,0.0,15.0,15.0,0.0027352083934251,-0.0090117926813177,0.3879963386149864,0.2904093807209141,0.3215942806640995,1.0,False,False,-0.1477507099810447,0.2262346563179003,1827
728390f184c0448ef15a,D1,2021,2021-12-15,2021-12-14,FC Augsburg,RB Leipzig,1,1,0.957262581385182,1.823887819731312,0.1499642121057942,0.2035684411138227,0.6464673467803831,1,2,0,2.329141147735412,1.0747125233556465,0.0827274751906181,0.0113066873202991,0.1076394358174849,-0.4082659296317993,-0.170081145095063,-1.6749483323696257,0.0,15.0,15.0,-0.0007966441017062,0.0054983522272521,0.1499642121057942,0.2035684411138227,0.6464673467803831,1.0,False,False,-0.1477507099810447,0.2262346563179003,1827
b6a8d6a9346f02f97bb7,D1,2021,2021-12-15,2021-12-14,Borussia Mönchengladbach,Eintracht Frankfurt,2,3,1.8287290098771685,1.6409600173910015,0.47422128279467,0.2582013453491195,0.2675773718562104,2,1,0,3.4895564665798826,0.8279966660125735,-0.2970849163327723,0.2559098610388791,0.1673864507498025,0.0428027758012264,0.2365098734538134,0.3033973002854742,0.0,15.0,15.0,-0.0306784910125305,0.0286197382478358,0.47422128279467,0.2582013453491195,0.2675773718562105,1.0,False,False,-0.1477507099810447,0.2262346563179003,1827
f9fc8e843995124263c7,D1,2021,2021-12-15,2021-12-14,Bayer 04 Leverkusen,TSG 1899 Hoffenheim,2,2,2.072808426939881,1.487865954749828,0.5180715005694388,0.2349098715817308,0.2470186278488303,2,1,0,2.7065648123847157,0.9147791868096729,0.0729829408970072,0.4850082183778534,0.1934649014897728,0.0497298430752134,-0.0274840614427312,0.6481256132413932,0.0,15.0,15.0,-0.0183263199013285,0.0462258778650715,0.5180715005694387,0.2349098715817308,0.2470186278488303,1.0,False,False,-0.1477507099810447,0.2262346563179003,1827
11fc74253fba24a6605e,D1,2021,2021-12-17,2021-12-14,Bayern München,VfL Wolfsburg,4,0,3.031547992982293,0.8700655722434184,0.799873149969575,0.1273007665734072,0.0728260834570175,2,0,2,2.6376533053411975,0.0615598797049658,0.5443463902310411,-0.3330965206297215,0.5816053732514431,-0.1120833233316779,0.2790710929004861,0.0,0.0,15.0,15.0,0.0850430196996145,-0.0744805262195485,0.7998731499695751,0.1273007665734072,0.0728260834570174,1.0,False,False,-0.1477507099810447,0.2262346563179003,1827
4693e48cd724cfa71973,D1,2021,2021-12-18,2021-12-14,Hertha BSC,Borussia Dortmund,3,2,1.2329699313953495,2.218656074647503,0.1837209241497283,0.2180378165877186,0.5982412592625529,1,2,0,3.753399477466431,1.071744623417358,0.0634697953585721,0.1609129303374089,0.1607931654351848,0.1176624312861227,-0.2331378625153969,0.0,0.0,15.0,15.0,-0.013355560106783,0.0245746963915821,0.1837209241497283,0.2180378165877186,0.598241259262553,1.0,False,False,-0.1477507099810447,0.2262346563179003,1827
5d0331c5f91d0b8db7b8,D1,2021,2021-12-18,2021-12-14,RB Leipzig,Arminia Bielefeld,0,2,1.995724186716681,0.4490053854135256,0.785879952708384,0.1454891566470757,0.0686308906445403,1,0,0,4.624985608058475,1.506222812632391,0.0113066873202991,-0.2959797482985084,0.4173371401876061,-0.2375701477246372,0.0895929544004544,0.0,0.0,15.0,15.0,0.020409303866978,-0.0346429569158885,0.7858799527083841,0.1454891566470756,0.0686308906445403,1.0,False,False,-0.1477507099810447,0.2262346563179003,1827
6b03857877df50c333c2,D1,2021,2021-12-18,2021-12-14,TSG 1899 Hoffenheim,Borussia Mönchengladbach,1,1,2.1661204144101975,1.4211237011769302,0.469446518457125,0.2412269263608401,0.2893265551820347,2,1,0,2.2813855377269596,0.8798264665048368,0.4850082183778534,-0.2970849163327723,0.5530711510339887,-0.4273445192643765,0.0053244799189489,-0.2943092631622078,0.0,15.0,15.0,0.0636212916503714,-0.0542251265481173,0.4694465184571251,0.2412269263608401,0.2893265551820348,1.0,False,False,-0.1477507099810447,0.2262346563179003,1827
7818a73c8562d981f5a4,D1,2021,2021-12-18,2021-12-14,SpVgg Greuther Fürth,FC Augsburg,0,0,1.0779694197000718,2.13544473250679,0.326781576407423,0.2759279593296106,0.3972904642629664,1,2,0,2.735200040317608,0.7889062317541857,-0.3638455636391601,0.0827274751906181,-0.2693922968259448,-0.1610900065835098,0.0,0.0,0.0,15.0,15.0,-0.0405209301234469,0.0264650257010198,0.3267815764074229,0.2759279593296107,0.3972904642629664,1.0,False,False,-0.1477507099810447,0.2262346563179003,1827
8f919b70453a908e879f,D1,2021,2021-12-18,2021-12-14,VfL Bochum,1. FC Union Berlin,0,1,1.1065557330349909,1.098364038022967,0.3169386203064848,0.289170584086279,0.393890795607236,0,1,4,2.120719967268478,0.5514380833922073,0.2442404889602701,-0.0342947421428847,0.2947082162602083,-0.265506167072585,0.0,0.0,0.0,15.0,15.0,0.0261387860031712,-0.0156414986623019,0.3169386203064848,0.2891705840862791,0.3938907956072361,1.0,False,False,-0.1477507099810447,0.2262346563179003,1827
abb8cdb5c99f2a9f49d6,D1,2021,2021-12-18,2021-12-14,Eintracht Frankfurt,1. FSV Mainz 05,1,0,1.9392335452971097,1.1234250125517296,0.4110499159371558,0.2728621949098498,0.3160878891529944,2,1,3,2.870237516356368,0.5212275325978478,0.2559098610388791,-0.0136090585945614,0.2274380757742814,-0.2080907571878767,-0.0468561240908942,0.6352407302806775,0.0,15.0,15.0,0.0239286328290712,-0.0118135927068553,0.4110499159371558,0.2728621949098498,0.3160878891529944,1.0,False,False,-0.1477507099810447,0.2262346563179003,1827
43709521bb7b6ff27b81,D1,2021,2021-12-19,2021-12-14,1. FC Köln,Stuttgart,1,0,1.51285002127491,1.4988880389081003,0.485542324935765,0.246525355701922,0.267932319362313,2,1,3,2.563673645789772,0.3972291781953255,-0.1727328496230136,0.04330838188539,0.125490425553459,-0.0934077950291229,-0.0834953643271701,-0.7600919621981359,0.0,15.0,15.0,-0.0236134722729293,0.0171422488860481,0.485542324935765,0.2465253557019219,0.2679323193623129,1.0,False,False,-0.1477507099810447,0.2262346563179003,1827
e51f89c57348c781741e,D1,2021,2021-12-19,2021-12-14,SC Freiburg,Bayer 04 Leverkusen,2,1,1.4458211513780743,1.544430036134708,0.3560754622825041,0.265330469124636,0.37859406859286,1,2,0,2.465597984199285,0.6283725368942854,-0.0912369436149667,0.0729829408970072,-0.035491570129583,0.1370030250331312,-0.0896710237352481,-1.0738408484028772,0.0,15.0,15.0,-0.0172563925931094,0.0163436924572114,0.356075462282504,0.265330469124636,0.3785940685928601,1.0,False,False,-0.1477507099810447,0.2262346563179003,1827
87a926fd685cb356ed01,D1,2021,2022-01-07,2022-01-04,Bayern München,Borussia Mönchengladbach,1,2,3.6377183334036736,0.95988164570843,0.7059598712561992,0.1641205854544326,0.1299195432893682,3,1,0,3.159317712206768,1.2823549075437568,0.6313800968451252,-0.3014329106736649,0.629352628333962,-0.3465918051988547,0.1232411106900649,1.1491672795151815,0.0,17.0,17.0,0.084371710752699,-0.067874351444126,0.7059598712561992,0.1641205854544326,0.1299195432893682,1.0,False,False,-0.1517308806267336,0.2275526196632214,1836
15c02657eae715112afa,D1,2021,2022-01-08,2022-01-04,Bayer 04 Leverkusen,1. FC Union Berlin,2,2,1.8070470526716065,1.0934000852826355,0.5191679672642858,0.2533870185056462,0.227445014230068,2,1,0,2.9645899645412133,0.8786975568673349,-0.0681306358220297,0.0820979220817297,0.1359948252416037,-0.0610916704482629,0.0321349251465896,1.5497026519630406,0.0,17.0,17.0,-0.0093112134289599,0.0100095777419449,0.5191679672642858,0.2533870185056461,0.227445014230068,1.0,False,False,-0.1517308806267336,0.2275526196632214,1836
3ff290fb7aed307eefb3,D1,2021,2022-01-08,2022-01-04,Eintracht Frankfurt,Borussia Dortmund,2,3,1.8537690684955117,2.003448618116381,0.270214428335793,0.2428509419220418,0.4869346297421651,1,2,3,2.8562243212680856,0.3952284914310715,0.4973067834180992,0.069839826586173,0.3031762849628533,-0.0640935194988871,-0.1481986459900591,-1.0708079213479538,0.0,17.0,17.0,0.0388287547129983,-0.0104714242127846,0.270214428335793,0.2428509419220418,0.4869346297421651,1.0,False,False,-0.1517308806267336,0.2275526196632214,1836
474cfd65bfdd7bb5b899,D1,2021,2022-01-08,2022-01-04,TSG 1899 Hoffenheim,FC Augsburg,3,1,2.198543030578139,1.0273764316605771,0.6087195369336724,0.2172021984058785,0.1740782646604491,2,1,2,2.655235138490302,0.2305804379969397,0.2761052929944781,0.0410146148357461,0.3941956449366962,-0.1548591014969479,0.1957272265909447,0.7898922583121563,0.0,17.0,17.0,0.0353461598872077,-0.0194901644956965,0.6087195369336724,0.2172021984058785,0.1740782646604491,1.0,False,False,-0.1517308806267336,0.2275526196632214,1836
721203ec8bea101562f9,D1,2021,2022-01-08,2022-01-04,RB Leipzig,1. FSV Mainz 05,4,1,1.9176212056797397,0.8390108592212777,0.5354724600478955,0.2476733083942463,0.2168542315578582,1,0,2,3.639312517457272,0.3241536608094547,-0.1911157572461601,0.0011571859601001,0.1622626786152121,-0.3280056428470784,0.1221061614034745,1.3821909495352982,0.0,17.0,17.0,-0.0130641269524472,0.0035661983881442,0.5354724600478955,0.2476733083942462,0.2168542315578581,1.0,False,False,-0.1517308806267336,0.2275526196632214,1836
984911e9ff42ce4f48e1,D1,2021,2022-01-08,2022-01-04,SpVgg Greuther Fürth,Stuttgart,0,0,0.9740025476772792,2.21351141790607,0.261871440894237,0.2625908679296607,0.4755376911761022,1,2,0,2.7202595081991534,0.838484975345853,-0.3497954052351544,-0.2167321643578023,-0.2421213123218555,-0.2339271542565668,-0.1791561319657607,0.0,0.0,17.0,17.0,-0.0331007389039133,0.0047743604242655,0.261871440894237,0.2625908679296607,0.4755376911761022,1.0,False,False,-0.1517308806267336,0.2275526196632214,1836
d6b538976f9ea6937cca,D1,2021,2022-01-08,2022-01-04,SC Freiburg,Arminia Bielefeld,2,2,1.455094164420028,0.6507141495321483,0.5866916663769055,0.238480652417545,0.1748276812055494,1,0,0,3.838595997232543,0.9546835462542272,0.0365720193980053,0.1388818856164654,0.1275974358219279,-0.0621235751977774,0.0320678512694945,0.0,0.0,17.0,17.0,-0.001683499777548,0.0104561950282715,0.5866916663769054,0.2384806524175451,0.1748276812055495,1.0,False,False,-0.1517308806267336,0.2275526196632214,1836
538f127ad99d239f7590,D1,2021,2022-01-09,2022-01-04,Hertha BSC,1. FC Köln,1,3,1.6059984595060046,1.306005413700693,0.3470415044163738,0.2742425681451231,0.3787159274385032,1,2,2,3.175971150679348,0.5816406907890117,0.0070697228724493,0.1909194655300286,0.2886167442503169,-0.0932686224603114,-0.0731054172426908,0.0,0.0,17.0,17.0,-0.012494271851391,0.0223937312715149,0.3470415044163739,0.274242568145123,0.3787159274385032,1.0,False,False,-0.1517308806267336,0.2275526196632214,1836
eca487bef37fbcb4519f,D1,2021,2022-01-09,2022-01-04,VfL Bochum,VfL Wolfsburg,1,0,0.958974395876102,1.2183866721611591,0.2772024189833732,0.2716898708785902,0.4511077101380365,0,1,0,2.3958715290552526,0.799749895207495,-0.1385533800489737,-0.4332994141010667,0.1072549915305406,-0.2447761021876087,-0.0597187106552535,0.0,0.0,17.0,17.0,0.0048236971673932,-0.0334163368748953,0.2772024189833732,0.2716898708785902,0.4511077101380366,1.0,False,False,-0.1517308806267336,0.2275526196632214,1836
89875d487ddb80e00013,D1,2021,2022-01-14,2022-01-11,Borussia Dortmund,SC Freiburg,5,1,2.3737167333298497,1.1734794780226998,0.6551065232637737,0.1928337749929656,0.1520597017432606,2,1,2,3.8098809867986425,0.1792585279674889,0.1738928691089459,-0.0328215885807943,0.4935234453584461,0.1275852278386013,0.0885006783042626,1.4017608263462753,0.0,18.0,18.0,0.0234554002551474,-0.0164018362287398,0.6551065232637737,0.1928337749929657,0.1520597017432607,1.0,False,False,-0.1513763690686728,0.2241039762436253,1845
2b9dfad362c214f7c821,D1,2021,2022-01-15,2022-01-11,VfL Wolfsburg,Hertha BSC,0,0,1.7078872755533172,1.0316219203136732,0.4824370531551133,0.2713708423997513,0.2461921044451352,2,1,0,2.5127109264706764,0.8242565118533619,-0.5160670010812124,-0.1074972669429753,-0.3444065375466028,-0.336132706125657,0.1548125780819827,0.0,0.0,18.0,18.0,-0.0384912078568733,0.0073129944556639,0.4824370531551135,0.2713708423997513,0.2461921044451352,1.0,False,False,-0.1513763690686728,0.2241039762436253,1845
2d98426ff2115b802a37,D1,2021,2022-01-15,2022-01-11,1. FSV Mainz 05,VfL Bochum,1,0,1.2618511307457374,0.8302233728364998,0.566556375668109,0.2580809366250954,0.1753626877067955,1,0,4,1.7522626184908965,0.285231217563003,-0.1886778097305851,0.0631080070592048,0.3715460582932993,-0.24416132820214,-0.1194374213105071,0.0,0.0,18.0,18.0,-0.0279950523915441,0.021716562257975,0.566556375668109,0.2580809366250954,0.1753626877067956,1.0,False,False,-0.1513763690686728,0.2241039762436253,1845
7dd3fd53c624b0c8ec3f,D1,2021,2022-01-15,2022-01-11,Borussia Mönchengladbach,Bayer 04 Leverkusen,1,2,1.678875021235446,1.677060491636433,0.3662545599613339,0.2482920523374237,0.3854533877012424,1,2,4,2.4578725800821783,0.5734588846342796,-0.1273605494977833,-0.0552306907315412,0.0368643050148565,-0.0081161111054523,-0.1885022458222875,-0.4491632091043477,0.0,18.0,18.0,-0.0193996327043156,0.0102700706928494,0.3662545599613338,0.2482920523374236,0.3854533877012424,1.0,False,False,-0.1513763690686728,0.2241039762436253,1845
967321d380cbee229cbc,D1,2021,2022-01-15,2022-01-11,1. FC Köln,Bayern München,0,4,1.0623980301901077,3.0083288967183033,0.1244060785613326,0.1660185103851405,0.709575411053527,1,3,2,2.9061740039511297,0.1273854600382373,0.3528637920311895,0.3540125100756195,0.2195450230248127,0.516697488705329,-0.3195495941878428,-2.344831734137674,0.0,18.0,18.0,0.0016082739899458,0.0337355411153946,0.1244060785613326,0.1660185103851406,0.7095754110535268,1.0,False,False,-0.1513763690686728,0.2241039762436253,1845
9df2afa782f9240cff63,D1,2021,2022-01-15,2022-01-11,Stuttgart,RB Leipzig,0,2,1.0557350008554656,1.8676629969784215,0.1767954666776167,0.2189668623988831,0.6042376709235001,1,2,2,2.268503995738131,0.2358309449826234,-0.1738190440569631,0.0322590656999196,-0.1762879397018107,-0.3375704325589912,-0.285192501057193,-0.9596730530444144,0.0,18.0,18.0,-0.0332544827435519,0.0261764838256997,0.1767954666776167,0.2189668623988831,0.6042376709235001,1.0,False,False,-0.1513763690686728,0.2241039762436253,1845
af738aafc306a0ab22e6,D1,2021,2022-01-15,2022-01-11,1. FC Union Berlin,TSG 1899 Hoffenheim,2,1,1.5084717050431091,1.4585333236739435,0.3355835083106027,0.2740438391648187,0.3903726525245786,1,2,0,2.562660212396154,0.6689401080521153,0.0713218412882036,0.3592625503369183,0.2806521016818829,-0.0253424950995162,-0.0634612142185613,-0.8505168801285911,0.0,18.0,18.0,-0.0140040040989536,0.0355332236802097,0.3355835083106027,0.2740438391648188,0.3903726525245786,1.0,False,False,-0.1513763690686728,0.2241039762436253,1845
9fbb01a1747637963c8e,D1,2021,2022-01-16,2022-01-11,Arminia Bielefeld,SpVgg Greuther Fürth,2,2,1.6704573314358526,0.5935761934539355,0.4825662482566248,0.2761506276150626,0.2412831241283123,1,0,0,3.6325729527182737,0.8150456438476607,0.1112742652514952,-0.2862902596228661,-0.0847543409775662,-0.6773346894668244,0.0,0.0,0.0,18.0,18.0,0.0254419395062928,-0.0341927392248613,0.4825662482566247,0.2761506276150627,0.2412831241283123,1.0,False,False,-0.1513763690686728,0.2241039762436253,1845
b77fdff1e693680bd86c,D1,2021,2022-01-16,2022-01-11,FC Augsburg,Eintracht Frankfurt,1,1,1.2723180983843705,1.7706088175097674,0.2762445897480593,0.2707666517077295,0.452988758544211,1,2,0,2.0707981560405178,0.8132911649940551,-0.1464479941929992,0.2874538008001704,0.0254775257682225,0.2185103427112559,-0.1412475302284647,-0.7724354559079964,0.0,18.0,18.0,-0.0360798659707316,0.0431301563010902,0.2762445897480594,0.2707666517077295,0.452988758544211,1.0,False,False,-0.1513763690686728,0.2241039762436253,1845
1ffd76494dcc71f5f6c5,D1,2021,2022-01-21,2022-01-18,Eintracht Frankfurt,Arminia Bielefeld,0,2,1.8498846113816971,0.7646335265780685,0.5374556887888783,0.2628217379242316,0.1997225732868899,1,0,0,3.4333424772132664,0.9983778430435984,0.1763003413708314,0.0317740393552486,0.1282016892379459,-0.0736734387733277,0.114336535344047,0.0,0.0,19.0,19.0,0.021758158936523,-0.011354439900219,0.5374556887888784,0.2628217379242317,0.19972257328689,1.0,False,False,-0.1583884931058082,0.2224865077330335,1854
03040742ec2a367585f7,D1,2021,2022-01-22,2022-01-18,Bayer 04 Leverkusen,FC Augsburg,5,1,2.300920129206125,0.9101931483250372,0.6631191882049288,0.205353038927978,0.1315277728670933,2,1,2,3.940195664132053,0.1729581069880395,0.1114047372956429,-0.1227919232816184,0.045423719756942,-0.2637037589874851,0.327163433672746,1.4890780301466058,0.0,19.0,19.0,0.0336382415772825,-0.0342076008765812,0.6631191882049288,0.2053530389279779,0.1315277728670933,1.0,False,False,-0.1583884931058082,0.2224865077330335,1854
22fa97476478a990f80d,D1,2021,2022-01-22,2022-01-18,VfL Bochum,1. FC Köln,2,2,1.1077310239766225,1.085130849519356,0.2938556348770517,0.2784794679358107,0.4276648971871377,0,1,0,3.393981152613226,0.789840276625271,-0.1088464425188675,0.1366364552183135,0.2045858517636682,0.1164195212072538,-0.0597187106552535,0.0,0.0,19.0,19.0,-0.0207024025455651,0.0220919031805374,0.2938556348770517,0.2784794679358106,0.4276648971871377,1.0,False,False,-0.1583884931058082,0.2224865077330335,1854
83c8a98ae7aa32d9df57,D1,2021,2022-01-22,2022-01-18,SC Freiburg,Stuttgart,2,0,1.799817671392401,1.071717623808622,0.4853586961850668,0.2731876089955946,0.2414536948193387,2,1,2,2.471515129597906,0.3977870280429747,-0.1596990810246678,-0.2592014524490478,0.0451645132963179,-0.1879247022171137,0.0909173526057724,-0.2662634290714232,0.0,19.0,19.0,0.0015360321502742,-0.02248105882396,0.4853586961850666,0.2731876089955946,0.2414536948193387,1.0,False,False,-0.1583884931058082,0.2224865077330335,1854
d82c77a5a188d8655080,D1,2021,2022-01-22,2022-01-18,TSG 1899 Hoffenheim,Borussia Dortmund,2,3,1.8129780576550365,2.157085990039856,0.3155728282883574,0.2355137117521485,0.4489134599594943,1,2,3,2.965707380393654,0.4587492929910032,0.1975817879682605,0.3517443649150861,0.4962478767750886,0.1241900632718392,0.0309533550086513,-1.053351118943794,0.0,19.0,19.0,0.0037186283015043,0.023747679342663,0.3155728282883573,0.2355137117521484,0.4489134599594942,1.0,False,False,-0.1583884931058082,0.2224865077330335,1854
eb0d2f13ac72cd25ad1e,D1,2021,2022-01-22,2022-01-18,SpVgg Greuther Fürth,1. FSV Mainz 05,2,1,0.8835738985290412,2.026710569216156,0.2039883542560185,0.2663181291675798,0.5296935165764017,1,2,0,2.766953831293329,0.9851351075864364,-0.2375094778779428,0.0019333474233686,-0.2213319465375775,-0.3985342627797278,-0.1791561319657607,0.0,0.0,19.0,19.0,-0.0328054217572507,0.021026615234522,0.2039883542560185,0.2663181291675797,0.5296935165764017,1.0,False,False,-0.1583884931058082,0.2224865077330335,1854
fa547e7d7b04dc2fea72,D1,2021,2022-01-22,2022-01-18,Borussia Mönchengladbach,1. FC Union Berlin,1,2,1.56502143800267,1.2653211360190075,0.4236374234916933,0.2799475371611774,0.2964150393471291,2,1,0,2.583275728608492,0.7528710870021911,-0.2249828981337218,0.2152202537037282,-0.0902634436417928,-0.0728269308232687,-0.0054726551098033,1.100539442858693,0.0,19.0,19.0,-0.0335329352540487,0.033044803032549,0.4236374234916934,0.2799475371611775,0.2964150393471291,1.0,False,False,-0.1583884931058082,0.2224865077330335,1854
89c21d9a19b545b7f59b,D1,2021,2022-01-23,2022-01-18,RB Leipzig,VfL Wolfsburg,2,0,1.955127219212456,0.8624254879087453,0.6252355009072434,0.2219513495099959,0.1528131495827607,1,0,2,2.1510658662727296,0.2130626900149563,0.1625416031473676,-0.4828561817000755,0.3488331774344729,-0.3580999283976967,-0.0046562521014736,0.0,0.0,19.0,19.0,0.0401641567946668,-0.0561798857223022,0.6252355009072433,0.2219513495099959,0.1528131495827607,1.0,False,False,-0.1583884931058082,0.2224865077330335,1854
eadb38067deaaa29b66b,D1,2021,2022-01-23,2022-01-18,Hertha BSC,Bayern München,1,4,0.9220193498225788,3.0019676682583185,0.0862802659081647,0.1378988064948413,0.7758209275969938,0,2,2,2.792974899531385,0.0767166216213576,-0.1108950823445055,0.4426501558958252,0.1201509745826774,0.6129032968044563,-0.2587227311571494,0.0,0.0,19.0,19.0,-0.0461581525870992,0.0627459062646652,0.0862802659081647,0.1378988064948414,0.7758209275969938,1.0,False,False,-0.1583884931058082,0.2224865077330335,1854
b9b7dec5dc92f3ccb726,D1,2021,2022-02-04,2022-02-01,Hertha BSC,VfL Bochum,1,1,1.2752667852708128,0.9139046247893624,0.438075488284552,0.2780827012588893,0.2838418104565587,1,0,0,2.0518120468212127,0.7936408930206678,-0.2204307938368317,-0.09194604100258,-0.0910629977781855,-0.3007428887458378,0.1195305397890108,0.0,0.0,20.0,20.0,-0.0114692503441036,-0.0041495913978669,0.4380754882845518,0.2780827012588894,0.2838418104565587,1.0,False,False,-0.1582860410080121,0.2227235206952708,1845
1b1b92b69781a2e1982a,D1,2021,2022-02-05,2022-02-01,Arminia Bielefeld,Borussia Mönchengladbach,1,1,1.0234109598838317,1.2686411832842703,0.2816040280525085,0.2751303722352095,0.4432655997122818,0,1,0,2.0446240825826143,0.8012211977595529,0.1989406199355722,-0.3484923322821199,-0.0922382560760162,-0.1075532684993911,-0.249240748569913,0.0,0.0,20.0,20.0,0.0248566411791675,-0.0323342267964949,0.2816040280525085,0.2751303722352095,0.4432655997122819,1.0,False,False,-0.1582860410080121,0.2227235206952708,1845
396c92f4e27c3066d10a,D1,2021,2022-02-05,2022-02-01,Stuttgart,Eintracht Frankfurt,2,3,1.405662099368615,1.7087204290311782,0.3576765825461722,0.2707834014756333,0.3715400159781945,2,1,0,3.4592778244953126,0.5962181397333107,-0.3292436608341581,-0.0321535950638379,-0.2612267748368095,0.1565404861823974,-0.084924481824283,-0.0646894759268985,0.0,20.0,20.0,-0.035562910421438,0.0174930476265382,0.3576765825461723,0.2707834014756333,0.3715400159781944,1.0,False,False,-0.1582860410080121,0.2227235206952708,1845
627d0dee2c6a9dd0b0f2,D1,2021,2022-02-05,2022-02-01,1. FC Köln,SC Freiburg,1,0,1.393040111199032,1.5363767037958993,0.3989530753411853,0.2720134604598991,0.3290334641989157,2,1,3,2.678449559941178,0.5435117488759272,0.0893764415381451,0.065239001820362,-0.009526545664366,-0.0849644169868362,-0.1211277232440095,-0.5972321844899092,0.0,20.0,20.0,-0.000380692099404,0.0081114642673294,0.3989530753411853,0.272013460459899,0.3290334641989156,1.0,False,False,-0.1582860410080121,0.2227235206952708,1845
824cb3dd4bb2b06dc58b,D1,2021,2022-02-05,2022-02-01,Bayern München,RB Leipzig,3,2,2.4319109292166727,1.1549726823891933,0.6800248785489755,0.1785540183899544,0.14142110306107,2,1,3,3.06060474578627,0.1542655442218078,0.5722154694510476,0.3295844281907736,0.3523493059727202,-0.083989891153357,0.1473433586078165,0.5216630675319271,0.0,20.0,20.0,0.0481094934659569,-0.0030194985838658,0.6800248785489754,0.1785540183899544,0.1414211030610701,1.0,False,False,-0.1582860410080121,0.2227235206952708,1845
b03e98cbd8dcea18da8b,D1,2021,2022-02-05,2022-02-01,1. FSV Mainz 05,TSG 1899 Hoffenheim,2,0,1.4305087374110357,1.5425452971019298,0.3611534357787148,0.2817208619270911,0.3571257022941938,2,1,2,2.8764313559226533,0.615030343901405,-0.1189185431732938,0.0014671544168557,0.4180784236168839,-0.121238063391421,0.1780795232208896,-0.504664174821942,0.0,20.0,20.0,-0.0030612358771276,-0.0028113335606942,0.3611534357787148,0.2817208619270913,0.3571257022941939,1.0,False,False,-0.1582860410080121,0.2227235206952708,1845
e243bac7c48888fa1424,D1,2021,2022-02-05,2022-02-01,FC Augsburg,1. FC Union Berlin,2,0,1.073514097829359,1.4117591149485609,0.3447149171622094,0.2895188730244539,0.3657662098133367,1,1,0,2.779118377087397,0.6470046378682938,-0.2903576463872199,0.293153573544968,0.0248741283210691,0.1203404716731417,0.0445965526958254,0.0606246218164348,0.0,20.0,20.0,-0.0414636156811791,0.0416034120390665,0.3447149171622094,0.2895188730244538,0.3657662098133367,1.0,False,False,-0.1582860410080121,0.2227235206952708,1845
9e31dfa1fb11dfdf6bea,D1,2021,2022-02-06,2022-02-01,VfL Wolfsburg,SpVgg Greuther Fürth,4,1,2.5207033314374883,0.7491011977885735,0.6038448783527118,0.2349938196545036,0.1611613019927846,2,0,2,3.2518588227732,0.2381339409432006,-0.5327713605453835,-0.0114397097039487,-0.3420370342339753,-0.5516675804702897,0.1194374213105071,0.0,0.0,20.0,20.0,-0.0467332795038155,0.0195227259913489,0.6038448783527117,0.2349938196545036,0.1611613019927845,1.0,False,False,-0.1582860410080121,0.2227235206952708,1845
c2ec92b31ca5b7e9f32f,D1,2021,2022-02-06,2022-02-01,Borussia Dortmund,Bayer 04 Leverkusen,2,5,2.4608366631326293,1.545492153890342,0.4968563103818432,0.2367735009967795,0.266370188621377,2,1,0,5.330975696930032,0.8411405840839643,0.4084638634084139,0.2436304222421429,0.5570959086580213,0.1066281227205269,0.1268760846621363,0.3541653471093445,0.0,20.0,20.0,0.035008669461841,-0.0024039551793132,0.4968563103818433,0.2367735009967796,0.2663701886213771,1.0,False,False,-0.1582860410080121,0.2227235206952708,1845
9139000c84c3edb737ad,D1,2021,2022-02-11,2022-02-08,RB Leipzig,1. FC Köln,3,1,2.4065957340002586,0.8639921633776472,0.6642438323691711,0.19576291807628,0.1399932495545491,2,0,3,2.629875018216688,0.1706534341167239,0.1732357750718647,0.1866047106015058,0.4156090708214337,0.0727917757787996,0.0658025824385895,1.8231686666057467,0.0,21.0,21.0,0.0112834710990406,0.0067085531846278,0.664243832369171,0.19576291807628,0.1399932495545491,1.0,False,False,-0.1566951308324063,0.2246933233496706,1845
1016146416453e346e37,D1,2021,2022-02-12,2022-02-08,Bayer 04 Leverkusen,Stuttgart,4,2,2.605892307837303,0.9715917080943254,0.6738429893726432,0.1898525882756256,0.1363044223517312,2,0,3,3.7312831107225057,0.1610012964089671,0.3487850920868335,-0.4273916531911097,0.2463565795454116,-0.2908286403258688,0.2148850258901388,0.7813320501655077,0.0,21.0,21.0,0.0669923431627458,-0.0709226712179596,0.6738429893726432,0.1898525882756256,0.1363044223517312,1.0,False,False,-0.1566951308324063,0.2246933233496706,1845
536caaeaa8043172e269,D1,2021,2022-02-12,2022-02-08,Eintracht Frankfurt,VfL Wolfsburg,0,2,1.787080033413823,1.2579794397351605,0.4295285662078206,0.2784443903033256,0.2920270434888537,2,1,0,3.135199656011065,0.7632517748310703,0.0935387937384972,-0.2246425530070112,-0.0314989844481724,-0.4705410306149811,-0.0126719798970864,0.0,0.0,21.0,21.0,0.0199524080293459,-0.0265075959927716,0.4295285662078206,0.2784443903033256,0.2920270434888536,1.0,False,False,-0.1566951308324063,0.2246933233496706,1845
7b857902ca787ece12df,D1,2021,2022-02-12,2022-02-08,VfL Bochum,Bayern München,4,2,0.6976550351610301,2.5659103155194156,0.0806563224799893,0.1319528572440486,0.7873908202759621,0,2,0,6.524555834375058,1.4825886577857377,-0.1349347629236694,0.589324105437319,0.1684882862012249,0.6483979526156226,-0.1791561319657607,0.0,0.0,21.0,21.0,-0.0519174881625209,0.0746369552882034,0.0806563224799894,0.1319528572440486,0.7873908202759621,1.0,False,False,-0.1566951308324063,0.2246933233496706,1845
be3e5e5b0a87e8e32b95,D1,2021,2022-02-12,2022-02-08,Borussia Mönchengladbach,FC Augsburg,3,2,1.9300067633130265,1.0610338003039732,0.5706397551983315,0.228800665568782,0.2005595792328864,2,1,3,3.3660394943138576,0.2769241092029387,-0.2819065683187844,-0.0653153911693163,-0.2346624661310784,-0.3424704195025563,0.009141861453523,1.039914821042258,0.0,21.0,21.0,-0.0244677942007364,0.0071066962263314,0.5706397551983315,0.2288006655687821,0.2005595792328864,1.0,False,False,-0.1566951308324063,0.2246933233496706,1845
d2b4fccfb6a89c61313d,D1,2021,2022-02-12,2022-02-08,SC Freiburg,1. FSV Mainz 05,1,1,1.5100887579678115,1.0543346872747026,0.4455185026219045,0.2776419654020565,0.276839531976039,1,0,0,2.018547891051874,0.7969279927913798,-0.0469308588679479,0.0953779843676017,0.2099252991431302,-0.4875479182953625,-0.0619249593725229,0.1562544674194605,0.0,21.0,21.0,-0.012558233073801,0.0149805893487837,0.4455185026219045,0.2776419654020565,0.276839531976039,1.0,False,False,-0.1566951308324063,0.2246933233496706,1845
faacb20b7803d27cd90f,D1,2021,2022-02-12,2022-02-08,SpVgg Greuther Fürth,Hertha BSC,2,1,1.1415849587161675,1.9191122407038543,0.3212085447893309,0.2848813879381565,0.3939100672725126,1,2,0,2.4006895185924906,0.6970803859592236,-0.1355293008256181,-0.2035384473341753,-0.0014834432617756,-0.271767529995601,-0.0596721797755884,0.0,0.0,21.0,21.0,-0.0063596167046324,-0.0105937707033572,0.3212085447893308,0.2848813879381565,0.3939100672725126,1.0,False,False,-0.1566951308324063,0.2246933233496706,1845
0eef3e05bb6ec7adf451,D1,2021,2022-02-13,2022-02-08,TSG 1899 Hoffenheim,Arminia Bielefeld,2,0,1.695941072014589,0.8316210145070743,0.6280506756600037,0.2164709811798651,0.1554783431601311,1,0,2,2.0519850915965536,0.2093795007617727,-0.1788901742149276,0.1605425684505278,0.3099556944997394,0.1358088776824008,0.0,0.0,0.0,21.0,21.0,-0.0259161458440191,0.0249987655557991,0.6280506756600036,0.2164709811798651,0.1554783431601312,1.0,False,False,-0.1566951308324063,0.2246933233496706,1845
61ca606a37cafe66b583,D1,2021,2022-02-13,2022-02-08,1. FC Union Berlin,Borussia Dortmund,0,3,1.425524751095037,1.8454586052610096,0.2454308093994778,0.2454308093994778,0.5091383812010444,1,2,2,3.12188583071059,0.3614176932148968,0.1238726960572509,0.1421355240290153,0.3501443663396154,0.2217930243588315,-0.1484852467998469,-1.903867999072385,0.0,21.0,21.0,-0.002143768935718,0.0154441799400313,0.2454308093994778,0.2454308093994778,0.5091383812010444,1.0,False,False,-0.1566951308324063,0.2246933233496706,1845
3c36fd58e9c6f8ab6cc1,D1,2021,2022-02-18,2022-02-15,1. FSV Mainz 05,Bayer 04 Leverkusen,3,2,1.2597843531236894,1.7527844262035792,0.2965602211048583,0.2633389941504889,0.4401007847446527,1,2,0,3.5446344801855463,0.7578636491050962,0.012104289138662,0.4155696247106593,0.5158397645261523,0.2363972619349036,-0.1577294987772017,-1.2038499466563914,0.0,22.0,22.0,-0.0274545272605268,0.0488382229529929,0.2965602211048583,0.2633389941504889,0.4401007847446527,1.0,False,False,-0.157286515651427,0.2263068492983704,1845
08d13e265316249beeb3,D1,2021,2022-02-19,2022-02-15,Stuttgart,VfL Bochum,1,1,1.2522277313677697,1.139504790813331,0.4324973379550964,0.2783026348580621,0.2892000271868416,1,0,0,2.0225103518688163,0.7915376899159303,-0.4872718468051854,0.0253865942211556,-0.3114275434970686,-0.2427360115562817,0.0,0.0,0.0,22.0,22.0,-0.0499965143915763,0.0269022517623748,0.4324973379550964,0.278302634858062,0.2892000271868416,1.0,False,False,-0.157286515651427,0.2263068492983704,1845
272f88af6ad671f210f7,D1,2021,2022-02-19,2022-02-15,FC Augsburg,SC Freiburg,1,2,1.1953629755543036,1.4037920261064427,0.3092680878201289,0.2844899324161423,0.4062419797637288,1,2,4,2.41499924740018,0.5291298583849564,-0.1540292433194967,-0.1046366864400077,0.2199656657077197,-0.190203851677007,-0.2273684322417042,-0.4414825509096748,0.0,22.0,22.0,-0.0215395116220345,0.0086062151340592,0.3092680878201289,0.2844899324161423,0.4062419797637288,1.0,False,False,-0.157286515651427,0.2263068492983704,1845
2a2850c0c7da379c8b46,D1,2021,2022-02-19,2022-02-15,1. FC Köln,Eintracht Frankfurt,1,0,1.538165395114589,1.728909083407702,0.4205359996347533,0.2619732456741085,0.3174907546911383,2,1,3,2.906858453091612,0.50520888848267,0.0164110788740251,-0.0398783653996765,0.1488974634103487,0.2851281211014952,-0.0429395582628005,-0.9281850894882308,0.0,22.0,22.0,0.0014880482442463,-0.0026614125705288,0.4205359996347532,0.2619732456741085,0.3174907546911382,1.0,False,False,-0.157286515651427,0.2263068492983704,1845
5eeef8339d59143d25aa,D1,2021,2022-02-19,2022-02-15,VfL Wolfsburg,TSG 1899 Hoffenheim,1,2,1.6150704021915845,1.376116703977012,0.3518330914766039,0.2744298113517509,0.3737370971716454,1,2,4,2.376775281970315,0.5913034690755391,0.0152783101006046,-0.0106715837489208,-0.0915469937870071,-0.2361232327238414,-0.0083105077662418,0.0,0.0,22.0,22.0,0.0016458848091944,-0.0014155484916102,0.3518330914766037,0.2744298113517509,0.3737370971716452,1.0,False,False,-0.157286515651427,0.2263068492983704,1845
67e7679e9f5fcf002642,D1,2021,2022-02-19,2022-02-15,Arminia Bielefeld,1. FC Union Berlin,1,0,0.8507335673923365,1.0418004666122576,0.3136421589460264,0.2962175945601361,0.3901402464938378,0,1,0,2.0812823195835404,0.7110413612375373,-0.004968617785719,-0.0880099380673799,-0.0983775762326341,-0.0747447202051829,-0.1497680432285438,0.0,0.0,22.0,22.0,-0.0035847670366301,-0.0010641607560248,0.3136421589460264,0.2962175945601359,0.3901402464938376,1.0,False,False,-0.157286515651427,0.2263068492983704,1845
6a1c39d45e659099e7d8,D1,2021,2022-02-20,2022-02-15,Borussia Dortmund,Borussia Mönchengladbach,6,0,2.766415443495548,1.3349344482639869,0.5893633746589364,0.2173444119217344,0.1932922134193292,2,1,2,4.695453451910787,0.2532229112336451,0.325692691933084,-0.0478602126964397,0.2640636457829953,-0.090885204632933,0.0581948840883194,0.8033285562136921,0.0,22.0,22.0,0.0378720240325463,-0.0239804000707141,0.5893633746589364,0.2173444119217344,0.1932922134193292,1.0,False,False,-0.157286515651427,0.2263068492983704,1845
db64a8705ad5a0b08108,D1,2021,2022-02-20,2022-02-15,Hertha BSC,RB Leipzig,1,6,0.9294155676281358,1.9884805407958008,0.1562180639250096,0.2239489727596292,0.6198329633153611,1,2,2,5.421118085227149,0.2190842016781511,-0.2874743210752519,0.3350425010344126,-0.0773576525301905,-0.1693485959121694,-0.3249497745557598,0.0,0.0,22.0,22.0,-0.0617470458870338,0.0641254548849918,0.1562180639250097,0.2239489727596292,0.6198329633153611,1.0,False,False,-0.157286515651427,0.2263068492983704,1845
dbc5abcf8052d12340e8,D1,2021,2022-02-20,2022-02-15,Bayern München,SpVgg Greuther Fürth,4,1,5.769261278875866,0.6352155931384291,0.8954072689552105,0.0730248306236338,0.0315679004211556,5,0,2,3.078300723660544,0.017268797612018,0.3099791359605091,0.072218235143992,0.4023306489677913,-0.5853267924944731,0.1193443595511768,0.0,0.0,22.0,22.0,0.0333542198164101,-0.014244351261185,0.8954072689552106,0.0730248306236337,0.0315679004211556,1.0,False,False,-0.157286515651427,0.2263068492983704,1845
8e8acfbe49e12eceb11e,D1,2021,2022-02-25,2022-02-22,TSG 1899 Hoffenheim,Stuttgart,2,1,2.2890405829266474,1.1163015039844344,0.6275346851654215,0.2091782283884738,0.1632870864461046,2,1,4,2.3270176689433257,0.2091486145866198,0.1111612471382798,-0.4625492330550063,0.3870312315067384,-0.3752443790289023,-0.1287383761982141,0.0821462783310582,0.0,23.0,23.0,0.0278066675566676,-0.0453760668525039,0.6275346851654215,0.2091782283884738,0.1632870864461046,1.0,False,False,-0.1469783831030398,0.2262150230515951,1845
3a2507e5fa00334be4a0,D1,2021,2022-02-26,2022-02-22,Eintracht Frankfurt,Bayern München,0,1,1.328877037400737,2.7765851272915976,0.1509011541725022,0.188255860313436,0.6608429855140617,1,2,3,3.312565449662499,0.1732389077479602,-0.1966445395231094,0.4065280222648886,-0.1625070934511341,0.3551247669270133,-0.076740396154097,-1.416646644649443,0.0,23.0,23.0,-0.0438278748732602,0.0543220490103491,0.1509011541725022,0.188255860313436,0.6608429855140617,1.0,False,False,-0.1469783831030398,0.2262150230515951,1845
41c32f87fc7f1133ace2,D1,2021,2022-02-26,2022-02-22,SC Freiburg,Hertha BSC,3,0,1.9159376788968083,0.9541674366172757,0.6111447949472609,0.223138913504,0.1657162915487391,2,1,2,2.6648220697873617,0.2284612345010201,0.0909310699855179,-0.4287671742987018,0.1060715013847641,-0.3835566854269707,0.0453065883225416,0.0,0.0,23.0,23.0,0.0327967951296139,-0.0496886003452731,0.6111447949472609,0.2231389135039999,0.1657162915487391,1.0,False,False,-0.1469783831030398,0.2262150230515951,1845
786c8612b5369de529cc,D1,2021,2022-02-26,2022-02-22,Bayer 04 Leverkusen,Arminia Bielefeld,3,0,1.9779837184676992,0.7230821085909678,0.7025375407504373,0.1858062607776252,0.1116561984719372,1,0,2,2.376709008071387,0.1354749878641652,0.247087206359642,0.1760070450568778,0.3381733633881594,-0.0052027210390815,0.136084741989621,0.0,0.0,23.0,23.0,0.0227126054826013,-0.0015578929117753,0.7025375407504374,0.1858062607776253,0.1116561984719372,1.0,False,False,-0.1469783831030398,0.2262150230515951,1845
9afda8093136ddb33c27,D1,2021,2022-02-26,2022-02-22,SpVgg Greuther Fürth,1. FC Köln,1,1,1.1977565948520534,2.0187745532218795,0.2699801022087979,0.2611764032237283,0.4688434945674736,1,2,0,2.1223253467280423,0.8385637851403405,-0.1303839186500408,0.1935455661275843,0.1788660569407256,-0.0769536955320337,-0.1193443595511768,0.0,0.0,23.0,23.0,-0.0286828881489421,0.0318409705228193,0.269980102208798,0.2611764032237284,0.4688434945674735,1.0,False,False,-0.1469783831030398,0.2262150230515951,1845
c0a08e27f9ce0fe08e43,D1,2021,2022-02-26,2022-02-22,1. FC Union Berlin,1. FSV Mainz 05,3,1,1.3358514249884037,1.0400542022829509,0.360658482142857,0.2979352678571428,0.34140625,1,1,0,3.4014152936632307,0.6140812278280453,-0.1726463825285519,0.1866978197475249,0.1344056141754796,-0.4026082509543088,0.1151022922290682,-0.3458527053066491,0.0,23.0,23.0,-0.020844414628778,0.0215469864897266,0.3606584821428571,0.2979352678571428,0.34140625,1.0,False,False,-0.1469783831030398,0.2262150230515951,1845
c4b2881874a98072a16b,D1,2021,2022-02-26,2022-02-22,Borussia Mönchengladbach,VfL Wolfsburg,2,2,1.595354386848579,1.3141742197797628,0.463343618899819,0.2717057481933782,0.2649506329068026,2,1,0,2.8388049113041847,0.815298664267463,-0.1654063271139405,-0.0846006462070127,-0.0725863931031523,-0.1897556395589159,0.083076400034029,0.0,0.0,23.0,23.0,-0.0081567803993419,-0.0043435682667057,0.4633436188998191,0.2717057481933783,0.2649506329068026,1.0,False,False,-0.1469783831030398,0.2262150230515951,1845
77afae31bd2f3c49d908,D1,2021,2022-02-27,2022-02-22,VfL Bochum,RB Leipzig,0,1,0.862163045908104,1.637815690749833,0.1852746655392141,0.2341980491045812,0.5805272853562045,0,1,4,2.069895712695475,0.2651327862256946,-0.0018857527887585,0.4204589177970381,0.3110921502932822,0.0501154377421145,-0.1791561319657607,0.0,0.0,23.0,23.0,-0.0301693277670157,0.0510979860174297,0.1852746655392142,0.2341980491045813,0.5805272853562046,1.0,False,False,-0.1469783831030398,0.2262150230515951,1845
ba829e699655bab5c4ac,D1,2021,2022-02-27,2022-02-22,FC Augsburg,Borussia Dortmund,1,1,1.1416832524483094,2.508869610375942,0.1793470579921797,0.2272577377867811,0.5933952042210393,1,2,0,2.312636801487351,0.9814138394133824,-0.2869718061107993,0.45621530884513,0.0231441752203366,0.3910385558248221,-0.1296705156546072,-1.84324337725595,0.0,23.0,23.0,-0.0579914718360668,0.0664536469727833,0.1793470579921797,0.227257737786781,0.5933952042210392,1.0,False,False,-0.1469783831030398,0.2262150230515951,1845
dc1e7d77eb1983a8eb85,D1,2021,2022-03-04,2022-03-01,Arminia Bielefeld,FC Augsburg,0,1,1.0408984274417674,0.9038102463955942,0.3741396555064022,0.2976900664555587,0.328170278038039,1,0,0,2.077803043357866,0.6799550328002502,-0.0485570228097948,-0.2581243923270491,0.1026951083642752,-0.3813893121565522,-0.0349658737421734,0.0,0.0,24.0,24.0,0.0063022236482642,-0.0216362944051064,0.3741396555064024,0.2976900664555586,0.328170278038039,1.0,False,False,-0.1443283051211175,0.2351167755039252,1845
0f6055f68aed41e6f96d,D1,2021,2022-03-05,2022-03-01,VfL Wolfsburg,1. FC Union Berlin,1,0,1.4094275605639608,1.0546156659562833,0.4302901198535377,0.2907718082646633,0.2789380718817991,1,0,4,2.291839177506004,0.4869240399631342,-0.0720563570534059,0.0312473203742931,-0.1722332199022808,-0.1818202730793394,0.0432661256520275,0.0,0.0,24.0,24.0,-0.0066046954414538,0.0045642436074982,0.4302901198535376,0.2907718082646633,0.2789380718817991,1.0,False,False,-0.1443283051211175,0.2351167755039252,1845
24e4c847cad7d1eca821,D1,2021,2022-03-05,2022-03-01,VfL Bochum,SpVgg Greuther Fürth,2,1,1.92546463774299,0.7561320744374282,0.5368130532573144,0.2583052057340303,0.2048817410086552,1,0,3,2.5128419994813633,0.3232402547408488,-0.0986809338478959,-0.1029845251736516,0.0945837179053083,-0.609623899684018,0.0600452211558805,0.0,0.0,24.0,24.0,-0.0017166060683129,-0.0083666668827643,0.5368130532573144,0.2583052057340304,0.2048817410086552,1.0,False,False,-0.1443283051211175,0.2351167755039252,1845
2efbebadcee763f4ab14,D1,2021,2022-03-05,2022-03-01,Stuttgart,Borussia Mönchengladbach,3,2,1.4879278398580256,1.6504155317689804,0.3021693728950686,0.2624320307061279,0.4353985963988034,1,2,0,3.522075360719674,0.7454100926122521,-0.4732647394425755,-0.1383441140676301,-0.3182979338988272,-0.2674981714747652,0.0182429322911419,-0.33216884106116,0.0,24.0,24.0,-0.0394971216263189,0.0089166789508086,0.3021693728950685,0.262432030706128,0.4353985963988033,1.0,False,False,-0.1443283051211175,0.2351167755039252,1845
40cd60c836703ea47184,D1,2021,2022-03-05,2022-03-01,Bayern München,Bayer 04 Leverkusen,1,1,3.0970531554147755,1.3042728901506304,0.6849532312300847,0.1706289188117648,0.1444178499581504,3,1,0,2.775911188614133,1.1778738346704107,0.446775365485364,0.3917324498530873,0.5391399523811865,0.0299941255826369,0.2066744833431649,0.7000040704108339,0.0,24.0,24.0,0.0354246382230402,0.0065007525438822,0.6849532312300847,0.1706289188117648,0.1444178499581504,1.0,False,False,-0.1443283051211175,0.2351167755039252,1845
588d62ce259b5a45c3ae,D1,2021,2022-03-05,2022-03-01,RB Leipzig,SC Freiburg,1,1,2.078146957268298,0.9171250839312356,0.5907277047930772,0.2265614491324037,0.1827108460745191,2,1,0,2.226933683160628,0.9805496664515309,0.501629741657069,0.2636320501278429,0.4703876970957542,-0.0361154197873653,0.1744126997783213,1.2259364821158376,0.0,24.0,24.0,0.0457020066482308,-0.0074389170589852,0.5907277047930771,0.2265614491324037,0.1827108460745191,1.0,False,False,-0.1443283051211175,0.2351167755039252,1845
6d5bda71354f694004de,D1,2021,2022-03-05,2022-03-01,Hertha BSC,Eintracht Frankfurt,1,4,1.317483271377969,1.7058834731152035,0.2907777477720766,0.2710640021604104,0.4381582500675128,1,2,2,3.8167240106366447,0.4736935438338199,-0.4778777750657199,-0.3186159058041107,-0.2530863077153998,0.0765992412641213,-0.1485585782135431,0.0,0.0,24.0,24.0,-0.0392849111270436,-0.0005397729164479,0.2907777477720767,0.2710640021604105,0.4381582500675128,1.0,False,False,-0.1443283051211175,0.2351167755039252,1845
b3e29049cd1cd9f08893,D1,2021,2022-03-06,2022-03-01,1. FC Köln,TSG 1899 Hoffenheim,0,1,1.446975572349349,1.8047409603406197,0.3549083148289092,0.272230809669902,0.3728608755011887,1,2,3,3.0762848107446996,0.593373007145362,0.0992640962486467,0.2479019268848833,0.2387466437582286,-0.0136172582811953,-0.3414129006515385,-0.9456418918923908,0.0,24.0,24.0,-0.0195393317519564,0.0368976329086329,0.3549083148289092,0.272230809669902,0.3728608755011887,1.0,False,False,-0.1443283051211175,0.2351167755039252,1845
4ec3ab8a18844fd85ca2,D1,2021,2022-03-12,2022-03-08,SC Freiburg,VfL Wolfsburg,3,2,1.4513345237589494,1.1360265451621836,0.455958549222798,0.272020725388601,0.2720207253886011,1,0,3,3.633230759828231,0.4439716502456441,0.1567585170523225,0.1242873350702224,0.2760522813098528,-0.1550039814714699,0.007352487426834,0.0,0.0,25.0,25.0,0.0098291093230628,0.0042231832830644,0.4559585492227979,0.272020725388601,0.272020725388601,1.0,False,False,-0.1348403669996998,0.2284270956125626,1835
987d0e45b2ba4db25b8d,D1,2021,2022-03-12,2022-03-08,1. FC Union Berlin,Stuttgart,1,1,1.6531097310290472,1.0314560276282028,0.4528851244044467,0.275895535556732,0.2712193400388213,1,0,0,2.0251490898931537,0.8029921417445969,-0.1316681557839322,-0.2114675551087459,0.2463360283560176,-0.4283307676806689,0.0390616924858412,-0.7683706017975328,0.0,25.0,25.0,-0.0006403531986638,-0.01651643234597,0.4528851244044468,0.2758955355567319,0.2712193400388212,1.0,False,False,-0.1348403669996998,0.2284270956125626,1835
ae84e1d119ee4a740a91,D1,2021,2022-03-12,2022-03-08,TSG 1899 Hoffenheim,Bayern München,1,1,1.431585735290862,2.543130019160181,0.199009018787247,0.1926279680846499,0.6083630131281033,1,2,0,2.592095813694252,1.0615597432200887,0.3600751410855398,0.3003679848780531,0.4307814586977705,0.4046074577178166,-0.2061666619988536,-1.3991898422452833,0.0,25.0,25.0,0.0106807817647086,0.022341374533471,0.199009018787247,0.1926279680846498,0.6083630131281031,1.0,False,False,-0.1348403669996998,0.2284270956125626,1835
c58264113fa287826a1a,D1,2021,2022-03-12,2022-03-08,Borussia Mönchengladbach,Hertha BSC,2,0,2.2107169840430223,1.1149925828925804,0.6047427981685614,0.2118611133273452,0.1833960885040935,2,1,2,2.440809513527711,0.2347475122185221,-0.2339931044853599,-0.5816471250238061,-0.0822564582245764,-0.4407900125818489,-0.0592891487036057,0.0,0.0,25.0,25.0,0.002718588367474,-0.0435005998429323,0.6047427981685612,0.2118611133273452,0.1833960885040934,1.0,False,False,-0.1348403669996998,0.2284270956125626,1835
a8cd4458510895a773b3,D1,2021,2022-03-13,2022-03-08,Eintracht Frankfurt,VfL Bochum,2,1,1.6415626292351575,0.964418370879792,0.5070435671862041,0.266939371025606,0.2260170617881899,1,0,3,2.3628965261924457,0.365346384675415,-0.1091307151057268,0.0958167844084613,-0.2337590330118401,-0.195150919306096,-0.1201839580981969,0.0,0.0,25.0,25.0,-0.0217131086359056,0.0210474121010423,0.5070435671862041,0.266939371025606,0.2260170617881899,1.0,False,False,-0.1348403669996998,0.2284270956125626,1835
ba40afe3c805dff744f8,D1,2021,2022-03-13,2022-03-08,SpVgg Greuther Fürth,RB Leipzig,1,6,0.7548165914162746,3.0114578930169555,0.1134523021451007,0.1781011000154931,0.7084465978394063,0,2,2,4.152589627209568,0.1295948130001687,-0.2049863835417344,0.4121638913668214,0.1440746946694527,0.1978238911011056,-0.1801356634676415,0.0,0.0,25.0,25.0,-0.0501136160958965,0.0604724914871509,0.1134523021451006,0.1781011000154932,0.7084465978394062,1.0,False,False,-0.1348403669996998,0.2284270956125626,1835
f92738dadf29184c2187,D1,2021,2022-03-13,2022-03-08,Bayer 04 Leverkusen,1. FC Köln,0,1,2.5917470900860513,1.000662735110925,0.5920037097840223,0.2184615056606187,0.1895347845553589,2,1,0,3.5132559879430296,1.0550476872992778,0.3186965228812766,-0.0758715897325526,0.4931389316532359,-0.0591538240705737,0.1699305047434292,1.64482766372684,0.0,25.0,25.0,0.0441597570119267,-0.0320185103544905,0.5920037097840223,0.2184615056606187,0.1895347845553589,1.0,False,False,-0.1348403669996998,0.2284270956125626,1835
feeea58cb799a908c141,D1,2021,2022-03-13,2022-03-08,Borussia Dortmund,Arminia Bielefeld,1,0,2.4928545615904163,0.6380101684369066,0.7535117300274146,0.1571362721075232,0.0893519978650622,2,0,2,2.3287320766370616,0.0934320547684058,0.3081119041747788,-0.200449214550057,0.3688619222838527,-0.157098165255601,0.2746397018756908,0.0,0.0,24.0,25.0,0.0545656362387652,-0.0491825017575291,0.7535117300274146,0.1571362721075232,0.0893519978650622,1.0,False,False,-0.1348403669996998,0.2284270956125626,1835
02feac1607a1acbeecfa,D1,2021,2022-03-16,2022-03-15,1. FSV Mainz 05,Borussia Dortmund,0,1,1.2750026714838336,2.150198020634506,0.2364952541546731,0.2500444614239513,0.5134602844213757,1,2,3,2.9276944675724073,0.355173132761806,-0.0269389104273615,0.4295233320091496,0.5999298402831986,0.2579598437716929,-0.1689103680952049,-1.558015293765736,0.0,24.0,25.0,-0.0326155760479538,0.0527447971270432,0.2364952541546731,0.2500444614239512,0.5134602844213757,1.0,False,False,-0.1271149927136878,0.2234358834313646,1834
b91a49a9872bc216230d,D1,2021,2022-03-18,2022-03-15,VfL Bochum,Borussia Mönchengladbach,0,2,1.2499841671739496,1.3199499568169446,0.3318537778666707,0.2688200993892025,0.3993261227441267,0,1,2,2.6252725397450156,0.5432002825376062,-0.0786995415182404,-0.0558744656693799,0.1941911580032431,-0.3198869263799813,-0.0600919790490984,0.0,0.0,26.0,26.0,-0.0080808298208099,0.0013521294614289,0.3318537778666708,0.2688200993892026,0.3993261227441266,1.0,False,False,-0.1271149927136878,0.2234358834313646,1834
066a8ee2c9dc494ad11c,D1,2021,2022-03-19,2022-03-15,SpVgg Greuther Fürth,SC Freiburg,0,0,0.9686313627369744,2.440358757362077,0.2017740163567563,0.2365626398665419,0.5616633437767018,1,2,0,2.934638232186234,0.9390150682667052,-0.3209877671592244,0.2853069795327959,-0.0145848055281485,-0.0924496648822089,-0.120090442311761,0.0,0.0,26.0,26.0,-0.0523686478081502,0.0505846084268288,0.2017740163567563,0.2365626398665419,0.5616633437767018,1.0,False,False,-0.1271149927136878,0.2234358834313646,1834
1dd5fd2f79d156890883,D1,2021,2022-03-19,2022-03-15,Hertha BSC,TSG 1899 Hoffenheim,3,0,1.1919723784354646,1.9778084424781384,0.2203166068578149,0.2276256886019131,0.552057704540272,1,2,0,4.405950819331518,0.9644873567954806,-0.5904425119496445,0.2325594599183314,-0.3604458355801687,0.1722269939662894,-0.1788778278171935,0.0,0.0,26.0,26.0,-0.0796161155817407,0.061721962980175,0.2203166068578149,0.2276256886019131,0.5520577045402719,1.0,False,False,-0.1271149927136878,0.2234358834313646,1834
2202b0cd9a171f73078f,D1,2021,2022-03-19,2022-03-15,Bayern München,1. FC Union Berlin,4,0,2.882929010836753,0.8018374224202237,0.8143396319065268,0.122566424190013,0.0630939439034603,2,0,2,2.5979483143975326,0.0534731463766231,0.2437470219795346,-0.1307233170468728,0.3761379211517361,-0.2696581348660752,0.1909532314579637,2.2497067223738747,0.0,26.0,26.0,0.0404585296231952,-0.0348073443765622,0.8143396319065267,0.1225664241900129,0.0630939439034603,1.0,False,False,-0.1271149927136878,0.2234358834313646,1834
302031fcc6750753a569,D1,2021,2022-03-19,2022-03-15,Stuttgart,FC Augsburg,3,2,1.5669474941045944,1.1904835310187956,0.4681542966995454,0.2703426220377656,0.2615030812626888,2,1,3,3.4965207856227543,0.4243288469192898,-0.1961855857011895,-0.0550361396344156,-0.1043986232819405,-0.1294694247792116,-0.019941263735734,0.7077459799810979,0.0,26.0,25.0,-0.0178638147751848,0.0053027285084046,0.4681542966995454,0.2703426220377656,0.2615030812626889,1.0,False,False,-0.1271149927136878,0.2234358834313646,1834
57984e64314e0be41db5,D1,2021,2022-03-19,2022-03-15,1. FSV Mainz 05,Arminia Bielefeld,4,0,1.2687542401092533,0.6720191181717549,0.5861984081398213,0.2556822844014113,0.1581193074587675,1,0,2,3.9925381533187103,0.2616069033739824,-0.0269389104273615,-0.2849401141995017,0.5999298402831986,-0.2861746167905628,0.0125923986506254,0.0,0.0,24.0,26.0,0.0121827345997702,-0.0277766858311133,0.5861984081398212,0.2556822844014114,0.1581193074587675,1.0,False,False,-0.1271149927136878,0.2234358834313646,1834
597ae195c6ee4c892592,D1,2021,2022-03-20,2022-03-15,RB Leipzig,Eintracht Frankfurt,0,0,2.3336693423702437,1.078316410733706,0.6745342826489809,0.1938944699112454,0.1315712474397737,2,1,0,3.196936547984013,1.122113617261305,0.4837243209911788,0.0872444593801167,0.319738015335833,0.2752456965689775,-0.0242155142821099,0.894983577117516,0.0,26.0,26.0,0.0427994334160065,-0.0142509943974417,0.6745342826489809,0.1938944699112454,0.1315712474397737,1.0,False,False,-0.1271149927136878,0.2234358834313646,1834
a7c4dee2d4373e808802,D1,2021,2022-03-20,2022-03-15,1. FC Köln,Borussia Dortmund,1,1,1.2595872596298516,2.367055031069038,0.2784073506891271,0.2474732006125574,0.4741194486983155,1,2,0,2.2452654678691126,0.8685964883480416,0.0543606425287469,0.4295233320091496,0.0753477765829058,0.2579598437716929,-0.1636407172809759,-1.9989930108361844,0.0,26.0,25.0,-0.0242221382116315,0.0484163369385264,0.2784073506891271,0.2474732006125574,0.4741194486983155,1.0,False,False,-0.1271149927136878,0.2234358834313646,1834
db89813c3c3e63a4ac22,D1,2021,2022-03-20,2022-03-15,VfL Wolfsburg,Bayer 04 Leverkusen,0,2,1.45018853378445,1.5906991933935657,0.3191276549089607,0.2721173488033915,0.4087549962876476,1,2,2,2.7750595935907207,0.5254609660622991,0.0015085766102339,0.140933489136079,0.0387939781321121,0.0018939680909786,0.0954313869246197,0.0,0.0,26.0,26.0,-0.0021242474495495,0.0092463507368652,0.3191276549089608,0.2721173488033915,0.4087549962876476,1.0,False,False,-0.1271149927136878,0.2234358834313646,1834
e1673cfe621b9e28d7c7,D1,2021,2022-04-01,2022-03-29,1. FC Union Berlin,1. FC Köln,1,0,1.479035868341223,1.031002582433591,0.4134400588548591,0.2964047191174837,0.2901552220276571,1,0,4,2.374549368497933,0.5160983749412245,-0.2968640491152766,0.048567970191424,0.139255244385366,0.1315570045688442,0.1280498363758801,0.0951250117637994,0.0,27.0,27.0,-0.0257123116023048,0.0132975076561122,0.4134400588548592,0.2964047191174837,0.2901552220276572,1.0,False,False,-0.1382128825421163,0.2323427162492911,1835
53c7e64feecc7067d3e4,D1,2021,2022-04-02,2022-03-29,Bayer 04 Leverkusen,Hertha BSC,2,1,2.6940237439573163,0.9367218961151134,0.6738081871613029,0.1887194528144083,0.1374723600242888,2,0,2,2.4946955879965684,0.1609147804042129,0.2516910749857942,-0.295322789783138,0.3074053168963963,-0.535059895773239,-0.1113752092837734,0.0,0.0,27.0,27.0,0.0343664865235476,-0.0365480722634148,0.673808187161303,0.1887194528144082,0.1374723600242888,1.0,False,False,-0.1382128825421163,0.2323427162492911,1835
6f8cc146f85a4551d777,D1,2021,2022-04-02,2022-03-29,Borussia Dortmund,RB Leipzig,1,4,1.893009436219478,1.564765422502438,0.3932491135432177,0.2565582451993184,0.3501926412574639,2,1,0,4.081465927898771,0.6427166019582311,0.3212810685798937,0.3339932539362762,0.4191912664372518,0.3513200105923593,0.1136012147783885,0.1758243442304376,0.0,27.0,27.0,0.0211085049000949,0.0116552112257135,0.3932491135432177,0.2565582451993184,0.3501926412574639,1.0,False,False,-0.1382128825421163,0.2323427162492911,1835
7d135be07dd100869375,D1,2021,2022-04-02,2022-03-29,TSG 1899 Hoffenheim,VfL Bochum,1,2,1.7826771947625115,0.8742542113071908,0.6355194545173897,0.2104461351581706,0.1540344103244395,1,0,0,3.116049839853934,1.1638303317882102,0.0580023758735426,-0.1811715614706752,0.2905623521487498,-0.3173906363316468,-0.1194374213105071,0.0,0.0,27.0,27.0,0.0088869445953626,-0.0150454038752193,0.6355194545173898,0.2104461351581707,0.1540344103244395,1.0,False,False,-0.1382128825421163,0.2323427162492911,1835
83af7ad704fd36809cde,D1,2021,2022-04-02,2022-03-29,SC Freiburg,Bayern München,1,4,1.161484914558392,2.3379714947704127,0.1695502050413322,0.1990983735547594,0.6313514214039084,1,2,2,3.119919481582654,0.204289208882627,0.2380214157763004,0.3455660084846669,0.3430562365679047,0.2657761592474649,-0.1541072390145108,-1.7475995496477648,0.0,27.0,27.0,-0.0011815207973288,0.0303608920103772,0.1695502050413322,0.1990983735547594,0.6313514214039083,1.0,False,False,-0.1382128825421163,0.2323427162492911,1835
c0ab183b9cb7516b23d7,D1,2021,2022-04-02,2022-03-29,Arminia Bielefeld,Stuttgart,1,1,0.9770677867635448,1.1105394205993029,0.3042869641294837,0.2878390201224847,0.4078740157480315,0,1,0,2.0339092375767613,0.7661250305216658,-0.3865766392625028,0.0191450056072391,-0.0128895558823366,-0.3474008596445459,0.2309006531559537,0.0,0.0,27.0,27.0,-0.0280698815488145,0.0096982998660513,0.3042869641294838,0.2878390201224847,0.4078740157480315,1.0,False,False,-0.1382128825421163,0.2323427162492911,1835
ef0186eb320b1f1a3f9f,D1,2021,2022-04-02,2022-03-29,Eintracht Frankfurt,SpVgg Greuther Fürth,0,0,3.2620942470780823,0.8200567924898866,0.6620810846726128,0.1995878529678355,0.1383310623595516,2,0,0,3.2188744404141447,1.0981464506114251,0.0488584410482902,-0.2860288878436509,-0.0350483739263195,-0.5939152884513905,0.0597652698945054,0.0,0.0,27.0,27.0,0.0221755519917368,-0.0340340743315048,0.6620810846726128,0.1995878529678354,0.1383310623595516,1.0,False,False,-0.1382128825421163,0.2323427162492911,1835
0ae7512c721e5db81605,D1,2021,2022-04-03,2022-03-29,Borussia Mönchengladbach,1. FSV Mainz 05,1,1,1.795409743277725,1.239720912215592,0.4208872345618745,0.26955699292165,0.3095557725164753,2,1,0,2.073812826114162,0.8065178271050766,0.147095270130948,0.1151931874633978,0.0686004700603648,-0.4435705934506368,0.0914828124468511,0.7546867375520437,0.0,27.0,26.0,0.0135240082622674,-0.0004095853825501,0.4208872345618746,0.26955699292165,0.3095557725164755,1.0,False,False,-0.1382128825421163,0.2323427162492911,1835
ca588b3f7332f8ff1642,D1,2021,2022-04-03,2022-03-29,FC Augsburg,VfL Wolfsburg,3,0,1.194580853758776,1.373613752395047,0.3230488944622556,0.2916277253960179,0.3853233801417265,0,1,0,3.779605397306624,0.6917836367922751,-0.1422820753628717,-0.1354298240993423,-0.0037252883781136,-0.2877714182797125,-0.1720004846963276,0.0,0.0,26.0,27.0,-0.0160567405661364,0.0021711455930257,0.3230488944622556,0.2916277253960179,0.3853233801417265,1.0,False,False,-0.1382128825421163,0.2323427162492911,1835
1b43c899096eb2d09b3c,D1,2021,2022-04-06,2022-04-05,FC Augsburg,1. FSV Mainz 05,2,1,1.305826643741354,1.2614055482352182,0.2870686880144703,0.2905483084752518,0.4223830035102778,1,2,0,2.7183209231232746,0.7710967768216022,0.0723190615128107,0.034988869803116,0.1425557226653928,-0.4233848153371724,0.0588959735688853,-0.2215062197981973,0.0,27.0,27.0,0.0084272613395695,-0.0030618647737732,0.2870686880144703,0.2905483084752518,0.4223830035102779,1.0,False,False,-0.1461702117085428,0.2247861579465403,1835
ba73515a8a0d240f79e1,D1,2021,2022-04-08,2022-04-05,Stuttgart,Borussia Dortmund,0,2,1.3852182383149867,2.380900231653504,0.2420196419464096,0.2414115523937804,0.5165688056598097,1,2,2,2.8477273329304538,0.3505587643782262,0.0163646036511331,0.0739311294848706,0.0911263616110433,0.2557804324650259,-0.0950313632813586,-1.2438779700183251,0.0,28.0,28.0,-0.0068116642731981,0.0113264509299983,0.2420196419464097,0.2414115523937805,0.5165688056598099,1.0,False,False,-0.1461702117085428,0.2247861579465403,1835
777a99dd411dd59adb28,D1,2021,2022-04-09,2022-04-05,Bayern München,FC Augsburg,1,0,3.624659782264259,0.7620540210903464,0.8553578861062644,0.0966701142723528,0.0479719996213829,3,0,2,3.2383579659839445,0.032567764852752,0.4290917230276916,0.0723190615128107,0.4608004128677667,-0.2066570653201963,0.1465859931104322,2.1072963893916663,0.0,28.0,27.0,0.0466225188826502,-0.0215519796556251,0.8553578861062644,0.0966701142723528,0.0479719996213828,1.0,False,False,-0.1461702117085428,0.2247861579465403,1835
7a50f417228ea22855b0,D1,2021,2022-04-09,2022-04-05,Hertha BSC,1. FC Union Berlin,1,4,1.181524376435115,1.3288098999368902,0.3329327066576988,0.2968564071746666,0.3702108861676343,1,1,0,4.416081846881046,0.5956022415448292,-0.3360829755672564,-0.1236125508247332,-0.1066483843930105,-0.3539844735372232,0.0296952906521198,0.0,0.0,28.0,28.0,-0.0259429054828829,0.0029581291632835,0.332932706657699,0.2968564071746666,0.3702108861676344,1.0,False,False,-0.1461702117085428,0.2247861579465403,1835
98684f012a29d01762f7,D1,2021,2022-04-09,2022-04-05,SpVgg Greuther Fürth,Borussia Mönchengladbach,0,2,1.062117424819753,2.4390802295962404,0.2013504050350569,0.2336840467195186,0.5649655482454246,1,2,2,2.573916609545692,0.2844051935123957,-0.2941477841820151,0.118011994961211,-0.0079904184854353,-0.0895393035848274,-0.1801356634676415,0.0,0.0,28.0,28.0,-0.0443221613396441,0.0355153718786039,0.2013504050350569,0.2336840467195186,0.5649655482454244,1.0,False,False,-0.1461702117085428,0.2247861579465403,1835
a1f43c8c82e7ce8b2cd1,D1,2021,2022-04-09,2022-04-05,VfL Wolfsburg,Arminia Bielefeld,4,0,1.417495965237504,0.6278627162845684,0.5728995447783232,0.246583051489639,0.1805174037320376,1,0,2,3.7790477189434326,0.275804533182661,-0.2405575099488413,-0.3799453941272168,-0.141640192015338,-0.3675335276167414,0.142734523949451,0.0,0.0,28.0,28.0,0.0020782449089492,-0.0331033901127521,0.5728995447783233,0.2465830514896391,0.1805174037320377,1.0,False,False,-0.1461702117085428,0.2247861579465403,1835
ba61fed784d2c94897bd,D1,2021,2022-04-09,2022-04-05,1. FC Köln,1. FSV Mainz 05,3,2,1.300939121689583,1.242692815848417,0.3843620108226805,0.2842914281232845,0.331346561054035,1,0,3,3.743712816116099,0.5696222933450054,-0.0806625133025791,0.034988869803116,0.0390991715305303,-0.4233848153371724,-0.0418982899249766,-0.3930881078310344,0.0,28.0,27.0,-0.0119106093166625,0.0096269271416893,0.3843620108226805,0.2842914281232844,0.331346561054035,1.0,False,False,-0.1461702117085428,0.2247861579465403,1835
3602ad99e3e70779a95f,D1,2021,2022-04-10,2022-04-05,RB Leipzig,TSG 1899 Hoffenheim,3,0,2.3532305719178255,1.0437298155900046,0.6395621248225114,0.2002804148713502,0.1601574603061381,2,1,2,2.6421191596567186,0.1956781185352152,0.4229129177944987,-0.0528673189903261,0.2027842239953711,0.0118242554272058,0.0370086353366077,0.7893383324987304,0.0,28.0,28.0,0.0467850894957965,-0.0282828095555879,0.6395621248225116,0.2002804148713502,0.1601574603061381,1.0,False,False,-0.1461702117085428,0.2247861579465403,1835
46c3907a2d2875500513,D1,2021,2022-04-10,2022-04-05,Eintracht Frankfurt,SC Freiburg,1,2,1.7091062764432348,1.2650398856125653,0.3898249208199403,0.2828818009489833,0.3272932782310763,2,1,0,2.460167687948495,0.6845199157135052,0.0407395852918777,0.0023155580719123,-0.0882595949466611,-0.0784951845826336,0.1524622576582947,0.2658670007842429,0.0,28.0,28.0,0.0115812935085068,-0.0094285363403173,0.3898249208199404,0.2828818009489833,0.3272932782310763,1.0,False,False,-0.1461702117085428,0.2247861579465403,1835
de2c6f10dd94f4c7b036,D1,2021,2022-04-10,2022-04-05,VfL Bochum,Bayer 04 Leverkusen,0,0,1.0402032991960215,1.6278640580222912,0.2337502017871216,0.2354689532708505,0.5307808449420277,0,1,0,2.625052910024841,0.920875183605662,0.0080909882619434,0.3197571432160323,-0.0141623911431708,0.1744289410374636,-0.0600452211558805,0.0,0.0,28.0,28.0,-0.0181810193924013,0.0345734259663,0.2337502017871217,0.2354689532708505,0.5307808449420278,1.0,False,False,-0.1461702117085428,0.2247861579465403,1835
0e18286a69f5481bf233,D1,2021,2022-04-16,2022-04-12,Borussia Mönchengladbach,1. FC Köln,1,3,1.987019778698746,1.1891322876583417,0.4786235662148072,0.2532399821242366,0.2681364516609563,2,1,0,3.518554062481661,0.8288352600698793,0.2696846639489602,0.0537452130255741,-0.0098622525935647,-0.012583674241848,-0.0669281846004805,0.9836475648003628,0.0,29.0,29.0,0.0209347965135932,-0.0047633026648665,0.4786235662148071,0.2532399821242366,0.2681364516609563,1.0,False,False,-0.14701710466433,0.2249667934594487,1836
1ee918847c924592c877,D1,2021,2022-04-16,2022-04-12,SC Freiburg,VfL Bochum,3,0,1.441018602350044,0.8272195904733741,0.5716665825213307,0.2389054374716009,0.1894279800070681,1,0,2,2.8246265437576636,0.2764282841920112,0.1786677775630198,-0.0160739498606767,0.151961522973317,-0.0835985172408708,-0.0600452211558805,0.0,0.0,29.0,29.0,0.0156682141915418,-0.0075385228064246,0.5716665825213308,0.2389054374716009,0.1894279800070682,1.0,False,False,-0.14701710466433,0.2249667934594487,1836
3a639416ca7f60c14ca6,D1,2021,2022-04-16,2022-04-12,Borussia Dortmund,VfL Wolfsburg,6,1,2.4744558995354757,1.1150261349700774,0.6267919552979093,0.2131092648012892,0.1600987799008015,2,1,2,4.674934255692479,0.2103314227002289,0.2602088582220939,-0.0517261221309097,0.1509355920117144,-0.3888992581031084,0.3317359327777993,0.0,0.0,29.0,29.0,0.0451939885676448,-0.0347698517630856,0.6267919552979093,0.2131092648012891,0.1600987799008015,1.0,False,False,-0.14701710466433,0.2249667934594487,1836
a7aae898fe3a35f29e1e,D1,2021,2022-04-16,2022-04-12,1. FSV Mainz 05,Stuttgart,0,0,1.6395324573012564,1.1654003865307212,0.477018950592339,0.2693281153625284,0.2536529340451326,2,1,0,2.5911829202340324,0.8257682931735953,-0.219472044028478,-0.1031870820995955,0.4582826037606415,-0.2876406637025679,-0.1490027557985695,-0.2800743458237421,0.0,29.0,29.0,-0.0242379880877965,0.0081050317813928,0.4770189505923389,0.2693281153625284,0.2536529340451326,1.0,False,False,-0.14701710466433,0.2249667934594487,1836
ac10e8b8ca0b9ea8cd30,D1,2021,2022-04-16,2022-04-12,FC Augsburg,Hertha BSC,0,1,1.6711722161998566,1.1040776744615348,0.49663918616758,0.265516240804274,0.2378445730281462,2,1,0,2.9434151271861206,0.8980302502306782,0.0384985751351826,-0.4285309366498691,0.2368590240957573,-0.536062534247137,-0.1159983687708593,0.0,0.0,29.0,29.0,0.0194764859074687,-0.038978103983203,0.4966391861675799,0.265516240804274,0.2378445730281461,1.0,False,False,-0.14701710466433,0.2249667934594487,1836
00bc26311601a7daed28,D1,2021,2022-04-17,2022-04-12,TSG 1899 Hoffenheim,SpVgg Greuther Fürth,0,0,3.0438417882850146,0.7777880116911633,0.7560035634275233,0.1526430088319482,0.0913534277405285,2,0,0,3.3548308676066476,1.2979007071564308,-0.1728285679273541,-0.3512819033389824,0.0777423986356485,-0.4865504309296001,0.1801356634676415,0.0,0.0,29.0,29.0,0.0092880215475957,-0.0354935451109126,0.7560035634275233,0.1526430088319482,0.0913534277405285,1.0,False,False,-0.14701710466433,0.2249667934594487,1836
7346eca035343f133187,D1,2021,2022-04-17,2022-04-12,Bayer 04 Leverkusen,RB Leipzig,0,1,1.489769835617094,1.6656507536591694,0.3231040120739529,0.2614765438309647,0.4154194440950823,1,2,3,2.866085068514907,0.5145006119341741,0.1961704462932836,0.5560243152065885,0.3720909746669622,0.50060885667855,0.0179241678400002,-0.069246033132013,0.0,29.0,29.0,-0.007287962739001,0.0448977008139946,0.3231040120739529,0.2614765438309647,0.4154194440950824,1.0,False,False,-0.14701710466433,0.2249667934594487,1836
c564d0afca3ade749298,D1,2021,2022-04-17,2022-04-12,Arminia Bielefeld,Bayern München,0,3,0.5613234915969232,2.588806726306983,0.0672847573008211,0.1269944094750598,0.8057208332241189,0,2,2,2.081158387001544,0.0583992132460801,-0.4645128293946101,0.4719146359619683,-0.0132292142422168,0.4271194764420212,-0.1448934087161772,0.0,0.0,29.0,29.0,-0.0772916851733683,0.0776617755017362,0.0672847573008211,0.1269944094750598,0.805720833224119,1.0,False,False,-0.14701710466433,0.2249667934594487,1836
f28576e50093d00b1eda,D1,2021,2022-04-17,2022-04-12,1. FC Union Berlin,Eintracht Frankfurt,2,0,1.4749144755674377,1.2765707239667363,0.4432906271072151,0.2799730276466621,0.2767363452461227,2,1,2,2.566216479583005,0.4648932268564977,0.1110048848288399,-0.1238813152634466,0.2976337128650415,0.1662856018401574,-0.1360399511316858,-1.0030966082979351,0.0,29.0,29.0,0.010492556689472,-0.0111363782112023,0.4432906271072151,0.2799730276466622,0.2767363452461228,1.0,False,False,-0.14701710466433,0.2249667934594487,1836
728c2095fda9f5a1e2cc,D1,2021,2022-04-22,2022-04-19,VfL Wolfsburg,1. FSV Mainz 05,5,0,1.5282712591618497,1.103680027829783,0.4099059320406988,0.2833173353810713,0.30677673257823,2,1,2,5.399189379075244,0.5225916852195617,-0.2353745915895355,-0.2027519509688171,0.0962161733747671,-0.4677672062875612,0.0341301020954572,0.0,0.0,30.0,30.0,-0.0116933565057398,-0.0102129706221778,0.4099059320406988,0.2833173353810712,0.30677673257823,1.0,False,False,-0.143598644106984,0.2236452047601017,1836
0649638c3453a13adcc3,D1,2021,2022-04-23,2022-04-19,1. FC Köln,Arminia Bielefeld,3,1,1.4887485017783813,0.6736272111449769,0.6254593043740877,0.2209191120954346,0.1536215835304777,1,0,2,3.0310876636033695,0.212685577695389,0.2403349027678662,-0.5105159342537983,0.145360488410717,-0.4309603842044782,0.0398431146412916,0.0,0.0,30.0,30.0,0.0515514427215411,-0.0650604942958377,0.6254593043740877,0.2209191120954346,0.1536215835304776,1.0,False,False,-0.143598644106984,0.2236452047601017,1836
3a65dd7a0ae51fb0fd5c,D1,2021,2022-04-23,2022-04-19,Eintracht Frankfurt,TSG 1899 Hoffenheim,2,2,1.8038273460970105,1.4433481267412225,0.3800331600955565,0.2598605121734481,0.3601063277309954,2,1,0,2.7109784291710617,0.8219082314842686,-0.2149210334317553,-0.2046002939325515,-0.2363333726876224,-0.1865567044802291,0.1011687628007819,-0.0604325144721713,0.0,30.0,30.0,-0.0062036505065088,-0.0147724158617064,0.3800331600955565,0.259860512173448,0.3601063277309954,1.0,False,False,-0.143598644106984,0.2236452047601017,1836
3f98842c2b240e984538,D1,2021,2022-04-23,2022-04-19,SC Freiburg,Borussia Mönchengladbach,3,3,1.8489364119194511,1.301896147343968,0.5184541674967584,0.2453044015010238,0.2362414310022176,2,1,0,4.145024368433184,0.8941701839104602,0.335605573373371,0.0477676009330736,0.3337533062751884,0.1261082823131404,0.070659186635722,-0.3673012051462142,0.0,30.0,30.0,0.0347051366224695,-0.0155364779071472,0.5184541674967585,0.2453044015010239,0.2362414310022176,1.0,False,False,-0.143598644106984,0.2236452047601017,1836
40b3da16426db3a2d0de,D1,2021,2022-04-23,2022-04-19,Bayern München,Borussia Dortmund,3,1,3.028102940857302,1.463414884785611,0.695377403173001,0.1698443922794231,0.134778204547576,3,1,4,2.560715926294445,0.1398072085074592,0.5995368916137358,0.3590702347792462,0.497926395330462,0.3827009841752682,0.2543764928522932,0.3618378537514015,0.0,30.0,30.0,0.0547190020650259,-0.0067886457453768,0.6953774031730008,0.1698443922794231,0.134778204547576,1.0,False,False,-0.143598644106984,0.2236452047601017,1836
9e274745242e4f95c051,D1,2021,2022-04-23,2022-04-19,RB Leipzig,1. FC Union Berlin,1,2,2.0431119408929286,0.8001664390085849,0.6242458504816607,0.230536836868527,0.1452173126498123,1,0,0,3.1019793213250013,1.1734835575905262,0.5727271946667658,0.2906217705107291,0.3787596993006349,-0.0812920828929248,0.053769015782332,1.852867455268837,0.0,30.0,30.0,0.0454300817302567,-0.0022626334713819,0.6242458504816607,0.230536836868527,0.1452173126498123,1.0,False,False,-0.143598644106984,0.2236452047601017,1836
c58557ff238f99c32ed3,D1,2021,2022-04-23,2022-04-19,SpVgg Greuther Fürth,Bayer 04 Leverkusen,1,4,0.8128153485235264,2.6723406721391836,0.1130614625868378,0.1803043962454261,0.7066341411677362,0,2,2,3.008600757332255,0.1313560967560943,-0.3476771398789498,0.0003093809414651,-0.1800190866701964,0.0802673183104276,-0.1801356634676415,0.0,0.0,30.0,30.0,-0.0437899662083503,0.026421578261476,0.1130614625868377,0.1803043962454261,0.7066341411677362,1.0,False,False,-0.143598644106984,0.2236452047601017,1836
2d2a6fa2ad061adfe380,D1,2021,2022-04-24,2022-04-19,Hertha BSC,Stuttgart,2,0,1.501686575959453,1.393475943627689,0.3165306474098905,0.2871520543868169,0.3963172982032926,1,2,0,2.9677196970474857,0.7066540591236704,-0.1747708350692156,-0.0839887330690107,-0.2804292651550608,-0.2987847153942946,-0.0479589462353335,0.0,0.0,30.0,30.0,-0.0156755941652377,0.0027376157583263,0.3165306474098905,0.2871520543868169,0.3963172982032927,1.0,False,False,-0.143598644106984,0.2236452047601017,1836
392dc6a3d3fd9110d1ef,D1,2021,2022-04-24,2022-04-19,VfL Bochum,FC Augsburg,0,2,1.150872565918552,0.9641621036696244,0.4216200132750453,0.2939735872376462,0.2844063994873085,1,0,0,2.8826197630440644,0.7762581066821368,-0.2061278541577883,-0.0688669763125306,-0.0343291837773442,-0.2900326336710663,0.0600452211558805,0.0,0.0,30.0,30.0,-0.0141671755423582,0.0004174340188423,0.4216200132750452,0.2939735872376461,0.2844063994873086,1.0,False,False,-0.143598644106984,0.2236452047601017,1836
6bdc604dfa612cc8bac7,D1,2021,2022-04-29,2022-04-26,1. FC Union Berlin,SpVgg Greuther Fürth,1,1,2.4982619503545873,0.625571457826064,0.7594742096308666,0.1689198329651839,0.0716059574039495,2,0,0,2.5165507801777505,1.2726227322687835,0.4151755569832303,-0.411356752811321,0.376923074315719,-0.3951605078225026,-0.0600919790490984,0.0,0.0,31.0,31.0,0.0590807943864341,-0.0588898541778386,0.7594742096308664,0.1689198329651839,0.0716059574039495,1.0,False,False,-0.143908327801697,0.2248286897347124,1836
279be235ae7a83307c82,D1,2021,2022-04-30,2022-04-26,Stuttgart,VfL Wolfsburg,1,1,1.3286761866965895,1.5105071002480686,0.4685443820929775,0.2631550639152338,0.2683005539917887,2,1,0,2.082234276031311,0.834459485096954,-0.2055662900727608,0.0160077968406554,-0.0987100875834207,-0.4451727138401249,0.0081222010915744,0.0,0.0,31.0,31.0,-0.0209509087947301,0.0114729841331248,0.4685443820929774,0.2631550639152338,0.2683005539917887,1.0,False,False,-0.143908327801697,0.2248286897347124,1836
37a16ef0357a7ad3b871,D1,2021,2022-04-30,2022-04-26,FC Augsburg,1. FC Köln,1,4,1.421852794723273,1.2691715672473969,0.339757765588233,0.2785223543484933,0.3817198800632736,1,2,2,4.381928433025611,0.5752803478583092,0.1364370542870659,0.3332335690250888,0.0938551132033772,0.162552419160213,0.0759034660338264,0.1715818880328369,0.0,31.0,31.0,0.0007772002791434,0.0227063308864642,0.339757765588233,0.2785223543484933,0.3817198800632737,1.0,False,False,-0.143908327801697,0.2248286897347124,1836
a46168a894884d2573e0,D1,2021,2022-04-30,2022-04-26,TSG 1899 Hoffenheim,SC Freiburg,3,4,1.6492174711391772,1.413118317194112,0.3869511055745873,0.2703207723450638,0.3427281220803488,2,1,0,5.059797638413315,0.654810799570652,-0.227349029606752,0.2158009428670667,0.0042666636173373,0.1123758682182612,-0.0637981270083079,0.3262995152564144,0.0,31.0,31.0,-0.0367148564544439,0.0361374521174596,0.3869511055745874,0.2703207723450638,0.3427281220803488,1.0,False,False,-0.143908327801697,0.2248286897347124,1836
af0f3664ee3f615dfa3e,D1,2021,2022-04-30,2022-04-26,Borussia Dortmund,VfL Bochum,3,4,2.5146317916467287,0.7341915101775803,0.7034131491130498,0.1771559042210643,0.119430946665886,2,0,0,6.253262454633881,1.301576130435258,0.1144642760235819,-0.3057613294535831,0.2760589800189378,-0.2013531908740062,0.0,0.0,0.0,31.0,31.0,0.0267344940750373,-0.0362993467465374,0.7034131491130496,0.1771559042210643,0.119430946665886,1.0,False,False,-0.143908327801697,0.2248286897347124,1836
b7439f2012f84bf18f5e,D1,2021,2022-04-30,2022-04-26,1. FSV Mainz 05,Bayern München,3,1,0.9121742187082053,2.7608606081003604,0.1720582331438713,0.2004352695078919,0.6275064973482369,0,2,0,4.057961157703896,1.1194262707818023,-0.3559516841663787,0.6212701914451164,0.3532341493111013,0.5026223851766458,-0.2343657862787816,-1.885790169593469,0.0,31.0,31.0,-0.0783769673028327,0.0916428926667696,0.1720582331438713,0.2004352695078919,0.6275064973482368,1.0,False,False,-0.143908327801697,0.2248286897347124,1836
ed510e9259145f68cd10,D1,2021,2022-04-30,2022-04-26,Arminia Bielefeld,Hertha BSC,1,1,0.9368184718057084,1.1161583872037553,0.3622901800073862,0.2935990755411538,0.3441107444514598,1,0,0,2.022474245929624,0.7486686450530349,-0.5922585345509582,0.0561898435898186,-0.1636825814148878,-0.2596680719769902,-0.0597948800492621,0.0,0.0,31.0,31.0,-0.0650250896370498,0.0382216550889928,0.3622901800073861,0.2935990755411539,0.3441107444514599,1.0,False,False,-0.143908327801697,0.2248286897347124,1836
53d27d45bf321ce63b86,D1,2021,2022-05-02,2022-04-26,Borussia Mönchengladbach,RB Leipzig,3,1,1.241412658590676,1.9818920350795193,0.2296365365841448,0.2341172494931037,0.5362462139227516,1,2,0,3.6517446265011286,0.9358307542227732,0.0431594650668643,0.3058974606862539,-0.1180724305755503,0.5874353880717162,-0.1747017308147248,-0.7483366426089306,0.0,31.0,31.0,-0.0197140130683625,0.0371668593560184,0.2296365365841448,0.2341172494931037,0.5362462139227515,1.0,False,False,-0.143908327801697,0.2248286897347124,1836
e19bb3b98f72fa7dab36,D1,2021,2022-05-02,2022-04-26,Bayer 04 Leverkusen,Eintracht Frankfurt,2,0,2.2137123704103616,1.2348956610278543,0.6739729382232289,0.1869221820853486,0.1391048796914223,2,1,2,2.4075437212220825,0.1605837147203078,0.2093476923521682,-0.1789627783024684,0.1413084757246882,-0.040369039982057,-0.0274029415307517,0.7805248138388887,0.0,31.0,31.0,0.0285127610738026,-0.0269935153713176,0.673972938223229,0.1869221820853486,0.1391048796914222,1.0,False,False,-0.143908327801697,0.2248286897347124,1836
60d312c2d6828b2878d3,D1,2021,2022-05-06,2022-05-03,VfL Bochum,Arminia Bielefeld,2,1,1.1757668801701429,0.6207198883336917,0.4386440829961102,0.2675851091257609,0.2937708078781289,1,0,3,2.72420410889657,0.4730235437424919,-0.0740585856429325,-0.4818766026396218,-0.1447729882571109,-0.530311038568116,-0.1197169469429157,0.0,0.0,32.0,32.0,0.010702124220542,-0.0384988836346697,0.4386440829961102,0.2675851091257608,0.2937708078781288,1.0,False,False,-0.1491493105046079,0.2220442600762257,1836
11df66df3a7ba7223f3e,D1,2021,2022-05-07,2022-05-03,Hertha BSC,1. FSV Mainz 05,1,2,1.3346972354801487,1.354906338044076,0.3854545170084524,0.2765941635017426,0.3379513194898051,2,1,0,2.541350416677007,0.6633879713307381,0.0500685284950678,-0.0957539472453189,-0.0939676900639868,-0.5165003491701105,-0.162985398400168,0.0,0.0,32.0,32.0,0.0016452802917643,-0.0039295512292768,0.3854545170084523,0.2765941635017425,0.3379513194898051,1.0,False,False,-0.1491493105046079,0.2220442600762257,1836
1355626011f8411d882a,D1,2021,2022-05-07,2022-05-03,TSG 1899 Hoffenheim,Bayer 04 Leverkusen,2,4,1.5353978551094738,1.8625810985496671,0.2958458183365542,0.2374071381713089,0.4667470434921366,1,2,2,3.868633417913117,0.4282456131062937,-0.3438038846079086,0.3011841957585432,-0.117004441402636,0.281569484347873,-0.016807861468959,-0.7200922993667175,0.0,32.0,32.0,-0.0502799913221659,0.0481490068796977,0.2958458183365543,0.237407138171309,0.4667470434921367,1.0,False,False,-0.1491493105046079,0.2220442600762257,1836
6b599d12d9c8908738e4,D1,2021,2022-05-07,2022-05-03,1. FC Köln,VfL Wolfsburg,0,1,1.5207664396819127,1.3564662431468664,0.5932580460622496,0.2145263470135815,0.1922156069241689,2,1,0,3.3453305286814823,1.0504922884774786,0.4624013569390097,-0.0095795118768146,0.3154901523166752,-0.3612169035431247,-0.0024668851426161,0.0,0.0,32.0,32.0,0.0465957670306108,-0.0239546747775011,0.5932580460622497,0.2145263470135813,0.1922156069241689,1.0,False,False,-0.1491493105046079,0.2220442600762257,1836
72c87803105e9870cb35,D1,2021,2022-05-07,2022-05-03,SpVgg Greuther Fürth,Borussia Dortmund,1,3,0.8770201470726936,3.2850966275275204,0.1065196912584003,0.1616656359739635,0.7318146727676363,0,2,3,2.6350427437060153,0.109405592223381,-0.3601617618606126,-0.0266054437981677,-0.300506210791563,0.1973316030362204,-0.1797153534568615,0.0,0.0,32.0,32.0,-0.0436716716689959,0.0243333113860569,0.1065196912584003,0.1616656359739635,0.7318146727676361,1.0,False,False,-0.1491493105046079,0.2220442600762257,1836
ed1c493943cfbf95e480,D1,2021,2022-05-07,2022-05-03,SC Freiburg,1. FC Union Berlin,1,4,1.5160625713455873,1.1269727357339363,0.4924197358512624,0.2588189986280221,0.2487612655207154,2,1,0,4.986806732993818,0.8738241064886761,0.2903151989072548,0.2777602792099323,0.2142814626776578,0.0532287548315462,-0.025776633360353,0.737229607513692,0.0,32.0,32.0,0.0138546742622112,0.0145490996436481,0.4924197358512625,0.258818998628022,0.2487612655207155,1.0,False,False,-0.1491493105046079,0.2220442600762257,1836
41f2fedca833b9f0cdc1,D1,2021,2022-05-08,2022-05-03,Eintracht Frankfurt,Borussia Mönchengladbach,1,1,1.8081390216255953,1.551702540624914,0.4105682816406513,0.2450841273058989,0.3443475910534495,2,1,0,2.229468899768779,0.8570395521991669,-0.2634210395125431,0.2082804871900089,-0.2533807960645114,0.1074250958166623,-0.1370459799474722,-0.1014342043619712,0.0,32.0,32.0,-0.0436084273081283,0.0408513996920016,0.4105682816406514,0.245084127305899,0.3443475910534495,1.0,False,False,-0.1491493105046079,0.2220442600762257,1836
9306d6089a7646107d5a,D1,2021,2022-05-08,2022-05-03,RB Leipzig,FC Augsburg,4,0,2.37364210277891,0.7380151506231343,0.7629659332315226,0.1521102968151453,0.084923769953332,2,0,2,2.7829328852179476,0.086534737909081,0.0774742384365938,-0.0409060497385839,0.1467790663211692,-0.1051604072836869,0.145308253657395,1.5604023193764565,0.0,32.0,32.0,0.0170581390134583,-0.0152297295785578,0.7629659332315226,0.1521102968151453,0.084923769953332,1.0,False,False,-0.1491493105046079,0.2220442600762257,1836
a486c63a6758229fe30e,D1,2021,2022-05-08,2022-05-03,Bayern München,Stuttgart,2,2,3.6829962665169,0.7650102009455676,0.7694891238749968,0.1410353966046548,0.0894754795203484,3,0,0,3.2729958095853786,1.337939563083429,0.3361856397987662,-0.1712887515787075,0.5445449777809648,-0.3617152109342911,0.3292845890159295,1.6057158237697269,0.0,32.0,32.0,0.0586472310096084,-0.0504023865986055,0.7694891238749968,0.1410353966046548,0.0894754795203484,1.0,False,False,-0.1491493105046079,0.2220442600762257,1836
01e2e2d587a16c84156a,D1,2021,2022-05-14,2022-05-10,Bayer 04 Leverkusen,SC Freiburg,2,1,2.193171336011243,1.1934006840490856,0.3996394230769232,0.2397836538461538,0.3605769230769231,1,2,0,2.718057230848005,0.5479447404308431,0.4199472965007422,0.0853256328102135,0.2887955907897924,0.2054719534751105,0.0368299297057716,1.0463918146231317,0.0,33.0,33.0,0.0395699444948521,-0.0143062980293043,0.3996394230769231,0.2397836538461538,0.3605769230769231,1.0,False,False,-0.1459742939625304,0.212897458436977,1836
18b8ccfa9804b7d3d009,D1,2021,2022-05-14,2022-05-10,Borussia Dortmund,Hertha BSC,2,1,3.123983013265343,1.0010919060710468,0.6320761260074073,0.192922833640815,0.1750010403517775,3,1,2,2.752747628822971,0.2032125609179233,0.1142529647920391,-0.052746265525557,0.1260122230011031,-0.2357261738660529,0.159345185337395,0.0,0.0,33.0,33.0,0.0220298690223515,-0.0189545340590274,0.6320761260074074,0.192922833640815,0.1750010403517776,1.0,False,False,-0.1459742939625304,0.212897458436977,1836
1d4044fa30376e432abe,D1,2021,2022-05-14,2022-05-10,Borussia Mönchengladbach,TSG 1899 Hoffenheim,5,1,2.037689091102722,1.5109774059048957,0.470372632864997,0.2180818570555894,0.3115455100794135,2,1,2,4.397892850806305,0.4251254492458118,0.1682043917797603,-0.4554987459539343,0.0960720804466941,-0.2125472352297255,-0.0045431157860346,0.0410016898897997,0.0,33.0,33.0,0.039368220686371,-0.0537329383950797,0.4703726328649969,0.2180818570555894,0.3115455100794135,1.0,False,False,-0.1459742939625304,0.212897458436977,1836
2e8d8096f9b5fc3d8474,D1,2021,2022-05-14,2022-05-10,1. FC Union Berlin,VfL Bochum,3,2,1.5194472775001289,0.8259716717091405,0.6814418004540332,0.1872968691306407,0.131261330415326,1,0,3,3.685264000651983,0.1537889805465097,0.4369504737578701,0.059162648373299,0.2496951497119537,-0.0452616169267856,0.0597187106552535,0.0,0.0,33.0,33.0,0.0437228504898847,-0.0189171943833262,0.6814418004540332,0.1872968691306407,0.131261330415326,1.0,False,False,-0.1459742939625304,0.212897458436977,1836
79dbf8ff724d315aa814,D1,2021,2022-05-14,2022-05-10,VfL Wolfsburg,Bayern München,2,2,1.1555712201404562,2.3800473219520657,0.1930854422279483,0.187795430112114,0.6191191276599376,1,2,0,3.0000482761649003,1.0802667455815302,0.11205711230627,0.2530736929119846,0.2913381595557419,0.2322251804254946,-0.3286252493061307,0.0,0.0,33.0,33.0,-0.0178792358802787,0.0361357761411915,0.1930854422279483,0.1877954301121141,0.6191191276599376,1.0,False,False,-0.1459742939625304,0.212897458436977,1836
98078280c99ec93b8713,D1,2021,2022-05-14,2022-05-10,Stuttgart,1. FC Köln,2,1,1.4499873921080162,1.3742525824906628,0.4327183939229516,0.2360282148670645,0.3312533912099837,2,1,4,2.3109780696723146,0.4872465479948032,-0.2000223936507479,0.2788754631111398,-0.1036866484362823,0.2855886740534804,0.0112553757071594,0.6731624536547766,0.0,33.0,33.0,-0.0333832437352738,0.0373258972082934,0.4327183939229517,0.2360282148670645,0.3312533912099837,1.0,False,False,-0.1459742939625304,0.212897458436977,1836
99b1dabbd9662758934b,D1,2021,2022-05-14,2022-05-10,Arminia Bielefeld,RB Leipzig,1,1,0.56141053446867,1.858313728687743,0.0870118778453279,0.1451953120474987,0.7677928101071734,0,1,0,2.7269913578424667,1.3277679206840134,-0.4957491330299627,0.2525929354284215,-0.1569858822942229,0.3452266553753327,0.0253211300261132,0.0,0.0,33.0,33.0,-0.0609385035731116,0.0487806936930346,0.0870118778453278,0.1451953120474987,0.7677928101071734,1.0,False,False,-0.1459742939625304,0.212897458436977,1836
bb36daa175d5297c355f,D1,2021,2022-05-14,2022-05-10,FC Augsburg,SpVgg Greuther Fürth,2,1,1.9788851798437448,0.8276607692087795,0.6078442286575955,0.2034732799319917,0.1886824914104127,1,0,3,2.357593655188395,0.2307886072082794,-0.2231837691622982,-0.4120649721979353,-0.0758375215369678,-0.3201901227149311,0.0,0.0,0.0,33.0,33.0,-0.001715128306333,-0.0300473087616786,0.6078442286575955,0.2034732799319917,0.1886824914104127,1.0,False,False,-0.1459742939625304,0.212897458436977,1836
cd5466fb76bc7959f810,D1,2021,2022-05-14,2022-05-10,1. FSV Mainz 05,Eintracht Frankfurt,2,2,1.4806962647490254,1.32813029668167,0.5685773961475981,0.2178902039658596,0.2135323998865423,2,1,0,3.114983741997999,0.9805720742638536,0.0982178950051159,-0.2822312358512495,0.4192193436526272,-0.149727695847039,0.0013109784210363,-0.4891252526073572,0.0,33.0,33.0,0.0239989002141258,-0.0331995672564325,0.5685773961475981,0.2178902039658595,0.2135323998865423,1.0,False,False,-0.1459742939625304,0.212897458436977,1836
