match_id,competition,season,match_date,as_of,home_team,away_team,actual_home,actual_away,lambda_home,lambda_away,prob_home,prob_draw,prob_away,tip_home,tip_away,tip_points,log_loss,brier_score,home_form,away_form,home_venue_form,away_venue_form,h2h,market_log_ratio,market_decay,home_season_matches,away_season_matches,home_log_adjustment,away_log_adjustment,book_prob_home,book_prob_draw,book_prob_away,bookmaker_weight,home_external_prior,away_external_prior,rho,home_advantage,training_matches
35fc76a1b06760e2e5b2,D1,2018,2018-08-24,2018-08-21,Bayern München,TSG 1899 Hoffenheim,3,1,3.1292235820038696,0.7965613188536708,0.7906418661716059,0.1311835305067911,0.0781746033216029,2,0,3,2.5612309117150223,0.0671512154808239,0.3779510426899126,0.3773151637676912,0.3800796993537061,-0.0469459771008987,0.0707997540404255,1.503921766863891,1.0,0.0,0.0,0.0600673779542252,-0.022304067631345,0.7906418661716058,0.1311835305067912,0.0781746033216029,1.0,False,False,-0.1219999338268863,0.286430424954068,1836
038ac7fd41b836403dee,D1,2018,2018-08-25,2018-08-21,Borussia Mönchengladbach,Bayer 04 Leverkusen,2,0,1.580833288186904,1.4551433990043494,0.3408371750910896,0.2684736363649121,0.3906891885439982,1,2,0,2.9570845270109767,0.6592117652100619,0.0608689025694106,0.0614417537549769,0.3463896907710382,0.0472846156943629,-0.1593417233271861,-0.3950591869470476,1.0,0.0,0.0,-0.0148287632708432,0.0209442960870626,0.3408371750910896,0.2684736363649121,0.3906891885439982,1.0,False,False,-0.1219999338268863,0.286430424954068,1836
0920a815284a576ce6b7,D1,2018,2018-08-25,2018-08-21,Hertha BSC,1. FC Nürnberg,1,0,1.711632801685353,1.0738014607323143,0.4652202495215647,0.2809714834569736,0.2538082670214616,2,1,3,2.4786704259478753,0.4293529924462275,-0.1433352465386251,-0.5806952191735276,-0.1781194983006253,-0.4806093847049665,-0.0314212622559271,0.0,1.0,0.0,0.0,0.0131301731920175,-0.0493316964776251,0.4652202495215648,0.2809714834569736,0.2538082670214616,1.0,False,True,-0.1219999338268863,0.286430424954068,1836
0cce9e444a8f12743abd,D1,2018,2018-08-25,2018-08-21,Fortuna Düsseldorf,FC Augsburg,1,2,1.2862898914936252,1.2884495838178236,0.3891618923159619,0.2914538746193039,0.3193842330647342,1,0,0,2.607601625420945,0.6996301616624252,-0.5838952086165108,-0.2894441118991273,-0.2744442591996471,-0.1865201779644037,0.0083100577148022,0.0,1.0,0.0,0.0,-0.0435018123809546,-0.0001651536448272,0.3891618923159617,0.2914538746193039,0.3193842330647342,1.0,True,False,-0.1219999338268863,0.286430424954068,1836
d1bb9ddf240825f00c65,D1,2018,2018-08-25,2018-08-21,SC Freiburg,Eintracht Frankfurt,0,2,1.2300912702358635,1.1681387523981923,0.4091603650627484,0.290325617750981,0.3005140171862704,1,0,0,2.87642709993766,0.7409818088136595,-0.1106657102843033,-0.2456834217539931,0.1382775391041156,-0.5438679044956265,0.0810653913601547,-0.1413335637134679,1.0,0.0,0.0,0.0017375305344403,-0.0195549871363551,0.4091603650627484,0.2903256177509811,0.3005140171862704,1.0,False,False,-0.1219999338268863,0.286430424954068,1836
e7647a2c12861f96c104,D1,2018,2018-08-25,2018-08-21,VfL Wolfsburg,FC Schalke 04,2,1,1.0971909750354198,1.3406139264615744,0.3054055623770633,0.2937840686016008,0.4008103690213359,0,1,0,2.6007280050478916,0.7294194636558533,-0.1217074758595197,0.35690725050963,-0.1712342848550922,0.2592624330727022,-0.1522458090620166,0.0,1.0,0.0,0.0,-0.0376284005645343,0.0493883892970398,0.3054055623770633,0.2937840686016008,0.4008103690213359,1.0,False,False,-0.1219999338268863,0.286430424954068,1836
ee2f24fd98941e501458,D1,2018,2018-08-25,2018-08-21,SV Werder Bremen,Hannover 96,1,1,1.93572284034554,1.1255822376125415,0.5038957384001471,0.2595820838366043,0.2365221777632484,2,1,0,2.1086872679099615,0.8580723463274444,0.0573521424865278,-0.1998696992082478,0.1874756403086115,-0.4159578199082835,0.110895617702346,0.0,1.0,0.0,0.0,0.0212734800941824,-0.0283993579302684,0.5038957384001472,0.2595820838366044,0.2365221777632484,1.0,False,False,-0.1219999338268863,0.286430424954068,1836
9c496fe22ede1b0ee6e5,D1,2018,2018-08-26,2018-08-21,1. FSV Mainz 05,Stuttgart,1,0,1.3083156528042148,1.118235797419273,0.3448407275503457,0.2959314388653937,0.3592278335842606,1,1,0,2.4362366102173834,0.6458537252073437,0.0586169162030927,0.4710192854093764,0.0469635161129401,0.367475555518193,0.0177248943777058,-0.1334417185895793,1.0,0.0,0.0,-0.0201390708960137,0.0466208809766372,0.3448407275503457,0.2959314388653937,0.3592278335842606,1.0,False,False,-0.1219999338268863,0.286430424954068,1836
c609a26d8c0f396b3c6c,D1,2018,2018-08-26,2018-08-21,Borussia Dortmund,RB Leipzig,4,1,2.251358967696111,1.4214929726017065,0.5424361999765137,0.2462902598950813,0.2112735401284049,2,1,2,3.271680715078993,0.3146600319695084,-0.1714335349094788,0.1508474945468131,0.3319094291691737,0.0715504751881339,-0.0332827028168285,0.1762759364872974,1.0,0.0,0.0,-0.0219429649469475,0.0209136629288142,0.5424361999765137,0.2462902598950813,0.211273540128405,1.0,False,False,-0.1219999338268863,0.286430424954068,1836
ff3d6cc615c40c3ff9ef,D1,2018,2018-08-31,2018-08-28,Hannover 96,Borussia Dortmund,0,0,1.2384852449198174,1.9929199178244008,0.1785527772654243,0.224276799725859,0.5971704230087163,1,2,0,3.0415726581310967,0.9902400918291604,-0.1666156366838374,0.0116081875201692,-0.0285116893030141,-0.2675479365767041,-0.025379105702104,0.0,0.9,1.0,1.0,-0.0185109283294974,0.0107605558713139,0.1785527772654243,0.2242767997258591,0.5971704230087166,1.0,False,False,-0.1178509185497519,0.2911165042857826,1836
092480c387f8d34a3a94,D1,2018,2018-09-01,2018-08-28,1. FC Nürnberg,1. FSV Mainz 05,1,1,1.3738037137752106,1.3427500633814258,0.4053812691358029,0.2939407902059909,0.3006779406582062,2,1,0,1.9653562696128088,0.7532608050995546,-0.6369809913093621,0.2314832412077758,-0.3908901878216904,-0.1028566432881863,-0.0300225377627675,0.0,0.9,1.0,1.0,-0.0767733880794633,0.056498500574384,0.4053812691358029,0.2939407902059908,0.3006779406582062,1.0,True,False,-0.1178509185497519,0.2911165042857826,1836
1e60604264661163f97b,D1,2018,2018-09-01,2018-08-28,Eintracht Frankfurt,SV Werder Bremen,1,2,1.5403328922266937,1.1698885951470526,0.3953676528294791,0.2817045040154076,0.3229278431551132,2,1,0,2.496429281167155,0.6940997140610453,-0.0720939152262868,-0.0157749189090886,0.3519061567591606,-0.0084443283376816,0.0160896828580994,0.1158219760560592,0.9,1.0,1.0,-0.0030101669730079,-0.0013832747337608,0.3953676528294791,0.2817045040154077,0.3229278431551132,1.0,False,False,-0.1178509185497519,0.2911165042857826,1836
3380dac2c886530e1a56,D1,2018,2018-09-01,2018-08-28,Bayer 04 Leverkusen,VfL Wolfsburg,1,3,1.8968349327187444,1.01538080320293,0.5816543270416902,0.2317449086871421,0.1866007642711677,2,1,0,4.016654542199148,1.0536457755529816,-0.0628939676320987,0.0769272978697311,0.1756951932513139,-0.2804478181580084,0.1017674776823199,0.0,0.9,1.0,1.0,-0.0050473877725804,0.005749054284462,0.5816543270416901,0.2317449086871421,0.1866007642711677,1.0,False,False,-0.1178509185497519,0.2911165042857826,1836
43c648bed9d78a88b7c2,D1,2018,2018-09-01,2018-08-28,TSG 1899 Hoffenheim,SC Freiburg,3,1,2.4879668772624437,0.878565897182776,0.6023156284244915,0.2309282080205023,0.1667561635550063,2,0,3,2.7265208323878403,0.2392883147385515,0.1728576063664857,-0.2073945399055837,0.6011080366928491,-0.4899870676568792,-0.009522489865515,0.6124582693098025,0.9,1.0,1.0,0.0409596741981225,-0.0426865208750774,0.6023156284244914,0.2309282080205022,0.1667561635550063,1.0,False,False,-0.1178509185497519,0.2911165042857826,1836
aba9a55845f11158e6ab,D1,2018,2018-09-01,2018-08-28,FC Augsburg,Borussia Mönchengladbach,1,1,1.3038904820477355,1.3255116738138797,0.3629265395780683,0.2831467316858609,0.353926728736071,2,1,0,2.0000912017217916,0.7708584107365906,-0.0573582606820937,0.2228081649083553,-0.1927775311541317,-0.3550086217530014,-0.0797268068915565,-0.9455107998494898,0.9,1.0,1.0,-0.0421365676548184,0.0504090628661315,0.3629265395780682,0.2831467316858608,0.3539267287360709,1.0,False,False,-0.1178509185497519,0.2911165042857826,1836
d035022a7663f381e09a,D1,2018,2018-09-01,2018-08-28,Stuttgart,Bayern München,0,3,0.6773094722999834,2.276495601298451,0.0898487282177761,0.1742274645365391,0.7359238072456848,0,2,2,2.2648507053099434,0.1081642389407969,0.2290923357153013,0.5029776729760628,0.3224704245116921,0.60244438109998,-0.0556156966172199,-2.087724780413317,0.9,1.0,1.0,-0.0519942424674336,0.0885977429020018,0.0898487282177761,0.174227464536539,0.7359238072456848,1.0,False,False,-0.1178509185497519,0.2911165042857826,1836
8b5d00d9317b238b00dc,D1,2018,2018-09-02,2018-08-28,RB Leipzig,Fortuna Düsseldorf,1,1,2.682555946975726,0.9732725612932012,0.6781891760612241,0.1994740012694701,0.1223368226693058,2,0,0,2.4150134931737455,1.115748731350935,-0.0658815571452107,-0.5728091335049166,0.0133609306005666,-0.5782330332332859,0.0,0.0,0.9,1.0,1.0,0.0220523009607247,-0.0539868354932311,0.6781891760612241,0.1994740012694701,0.1223368226693059,1.0,False,True,-0.1178509185497519,0.2911165042857826,1836
c9271e736f9a82b5d6e5,D1,2018,2018-09-02,2018-08-28,FC Schalke 04,Hertha BSC,0,2,1.6380300704353663,0.852737963571314,0.542015083042226,0.2684156777478731,0.1895692392099009,1,0,0,3.456044841324685,1.02262534434094,0.1354821989410618,0.0023325540944105,0.4107138952087274,-0.0181011110739663,0.0889279157879278,0.0,0.9,1.0,1.0,0.017877987978782,-0.0109872503270084,0.5420150830422258,0.2684156777478731,0.1895692392099009,1.0,False,False,-0.1178509185497519,0.2911165042857826,1836
71f9262fc2de6585223e,D1,2018,2018-09-14,2018-09-11,Borussia Dortmund,Eintracht Frankfurt,3,1,2.285992219356987,0.8914188928532285,0.6720502482665064,0.2008951653688625,0.1270545863646312,2,1,2,2.609627551575014,0.1640527750469302,0.0134966197917619,-0.159589906264978,0.4613151181989037,-0.3133904545428477,0.0990238281846969,1.0252148699961003,0.8,2.0,2.0,0.0347846461015819,-0.0420893104252427,0.6720502482665063,0.2008951653688625,0.1270545863646312,1.0,False,False,-0.1349422222614169,0.2784643563623309,1836
03fd2a490811170cd122,D1,2018,2018-09-15,2018-09-11,Bayern München,Bayer 04 Leverkusen,3,1,3.185923159079591,0.682505529179897,0.7774440054527227,0.1440362512082382,0.0785197433390389,2,0,3,2.6520183943533224,0.0764429624650789,0.5582220768579956,-0.188261508158174,0.4412416975040483,-0.1413044908064775,0.2054254416420003,0.7859960285553296,0.8,2.0,2.0,0.0912264757469148,-0.0727284473119238,0.7774440054527229,0.1440362512082382,0.0785197433390389,1.0,False,False,-0.1349422222614169,0.2784643563623309,1836
2eed56c07a8cba8ca163,D1,2018,2018-09-15,2018-09-11,1. FSV Mainz 05,FC Augsburg,2,1,1.4037112881678524,1.0570891569634429,0.3615576931260885,0.3011428387474724,0.3372994681264391,1,1,0,2.597896924264959,0.6120665197337467,0.1671826134889909,-0.0697642827936159,0.1584413573019953,0.0037033290464124,-0.0113987041241883,0.0093804686854362,0.8,2.0,2.0,0.0198241496560792,-0.0149532331213104,0.3615576931260885,0.3011428387474724,0.3372994681264391,1.0,False,False,-0.1349422222614169,0.2784643563623309,1836
6a5cf0d4ce8de2c39e5d,D1,2018,2018-09-15,2018-09-11,Fortuna Düsseldorf,TSG 1899 Hoffenheim,2,1,1.1991843752799165,1.955797189365902,0.2453688714921751,0.2582282221103183,0.4964029063975064,1,2,0,2.694809903102145,0.8825658002871407,-0.4659215713083818,0.271250088080729,-0.3255850477266325,-0.1484935209213634,-0.0354478536523627,0.0,0.8,2.0,2.0,-0.0619270542174927,0.0521934800561101,0.2453688714921751,0.2582282221103184,0.4964029063975064,1.0,True,False,-0.1349422222614169,0.2784643563623309,1836
6b88eb5b9ea4d87de7f4,D1,2018,2018-09-15,2018-09-11,RB Leipzig,Hannover 96,3,2,2.240958140585501,1.0706289791404366,0.6176096098834785,0.2167374158884043,0.1656529742281171,2,1,3,3.252906013265436,0.2206384257700699,-0.1135531452793789,-0.1393361534641749,-0.0117508298361825,-0.3639361798756144,0.095242629293379,0.0,0.8,2.0,2.0,0.0003736246099398,-0.0130180895471175,0.6176096098834786,0.2167374158884044,0.1656529742281171,1.0,False,False,-0.1349422222614169,0.2784643563623309,1836
b9f3c27cb29338cb6a2b,D1,2018,2018-09-15,2018-09-11,Borussia Mönchengladbach,FC Schalke 04,2,1,1.4443825815163591,1.1922276115660373,0.3923556113698452,0.286991534760817,0.3206528538693376,2,1,4,2.468053537086995,0.5544140967526346,0.1600661416845124,-0.0656381604655333,0.4169193268087352,0.0520659683773886,-0.0016198551073214,-0.2012992514297432,0.8,2.0,2.0,0.0151815444077669,-0.010460145346818,0.3923556113698452,0.2869915347608171,0.3206528538693375,1.0,False,False,-0.1349422222614169,0.2784643563623309,1836
d35c7cff2daacd1cb137,D1,2018,2018-09-15,2018-09-11,VfL Wolfsburg,Hertha BSC,2,2,1.3785657138466991,1.07128541919782,0.4526243282830302,0.2968244250363852,0.2505512466805844,1,0,0,3.079256009578725,0.7621005989922697,0.235981434333955,0.1747887286427289,0.0396134398696761,0.1580262706522875,-0.0197979073842327,0.0,0.8,2.0,2.0,0.0138688116320474,0.0066696965167867,0.4526243282830303,0.2968244250363853,0.2505512466805844,1.0,False,False,-0.1349422222614169,0.2784643563623309,1836
24648be436510cf90da0,D1,2018,2018-09-16,2018-09-11,SV Werder Bremen,1. FC Nürnberg,1,1,1.9769848725218635,1.0633885119191069,0.5736738174239123,0.2383520194292978,0.1879741631467898,2,1,0,2.187660636620251,0.944543581115889,0.1069748008728373,-0.5251934841045636,0.131081622538333,-0.5548770426592734,0.0185084937322857,0.0,0.8,2.0,2.0,0.0378825789791262,-0.0587935131407125,0.5736738174239123,0.2383520194292977,0.1879741631467898,1.0,False,True,-0.1349422222614169,0.2784643563623309,1836
6733d25ff0a3084087b1,D1,2018,2018-09-16,2018-09-11,SC Freiburg,Stuttgart,3,3,1.1058555406831772,1.2118546568585735,0.3577349788035981,0.3018835112792585,0.3403815099171431,1,1,3,5.073411021158606,0.7312005191768621,-0.2834298842999087,0.0351023535378355,-0.0600303096084619,0.2010044720082838,-0.237369019545837,-0.6541599486124877,0.8,2.0,2.0,-0.0550497560564242,0.0426333795183206,0.3577349788035981,0.3018835112792586,0.3403815099171431,1.0,False,False,-0.1349422222614169,0.2784643563623309,1836
a9d98162ef55d45d40fc,D1,2018,2018-09-21,2018-09-18,Stuttgart,Fortuna Düsseldorf,0,0,1.551007008828535,0.978711158963038,0.5429359805126517,0.2577560710332577,0.1993079484540907,1,0,0,2.4529915884536715,0.8854291873401994,0.0327697148359668,-0.2254995124314499,0.1350742535114776,-0.4770004570015038,-0.0228911076069287,0.0,0.7,3.0,3.0,0.0134073917248227,-0.0230438816045969,0.5429359805126516,0.2577560710332577,0.1993079484540907,1.0,False,True,-0.1356734313404174,0.279631514333953,1836
145679ece2241d28c1bf,D1,2018,2018-09-22,2018-09-18,FC Schalke 04,Bayern München,0,2,0.7863316061704828,2.094228078685511,0.1188233348164395,0.1991654835108394,0.6820111816727212,0,1,2,2.068647338852662,0.1549027633001852,-0.1542940223850173,0.5873781881740767,0.2002557666133716,0.6431328687669873,-0.2692703490769002,-1.172032854268117,0.7,3.0,3.0,-0.0787724040507426,0.1004266123401956,0.1188233348164395,0.1991654835108393,0.6820111816727212,1.0,False,False,-0.1356734313404174,0.279631514333953,1836
524cbd0fd1f76d1b0bf6,D1,2018,2018-09-22,2018-09-18,1. FC Nürnberg,Hannover 96,2,0,1.456817622751207,1.1656427432811205,0.3850258314099469,0.2872049594964538,0.3277692090935989,2,1,2,2.6532111940403307,0.5681125712222301,-0.4301755050952586,-0.2716038105242315,-0.3200017627260486,-0.4190542521024513,-0.0580842338503744,0.0,0.7,3.0,3.0,-0.032341571675833,-0.0027473941051414,0.3850258314099471,0.2872049594964539,0.3277692090935989,1.0,True,False,-0.1356734313404174,0.279631514333953,1836
8a5c8b3706adf0d74241,D1,2018,2018-09-22,2018-09-18,VfL Wolfsburg,SC Freiburg,1,3,1.803514280005376,0.9270279676328884,0.5568685585814015,0.2563577511440345,0.1867736902745639,1,0,0,4.100034771549518,1.0371589189378054,0.1307610048119628,-0.2318482763798189,0.0097850317011862,-0.5386210784154081,0.2434341314057892,0.0,0.7,3.0,3.0,0.0368402208704767,-0.0418945844488694,0.5568685585814016,0.2563577511440345,0.1867736902745639,1.0,False,False,-0.1356734313404174,0.279631514333953,1836
a4a7420ba2b8f9159d6b,D1,2018,2018-09-22,2018-09-18,FC Augsburg,SV Werder Bremen,2,3,1.4833661542441936,1.224157708176098,0.3857604600106828,0.2819441041574584,0.3322954358318589,2,1,0,3.68288057986081,0.6741329953877728,-0.1510493574354555,0.0850997555291652,-0.2176503992939232,0.173155796803854,0.0740671551482384,-0.1609303668126371,0.7,3.0,3.0,-0.018472847181813,0.0151753670864985,0.3857604600106828,0.2819441041574583,0.3322954358318588,1.0,False,False,-0.1356734313404174,0.279631514333953,1836
c02e80b470c21a590620,D1,2018,2018-09-22,2018-09-18,Hertha BSC,Borussia Mönchengladbach,4,2,1.3672110309579766,1.2407206571997274,0.3843562146952888,0.2883987903597909,0.3272449949449202,2,1,2,4.78842864058363,0.5692804193818048,0.1407299181085556,0.2512234399156496,0.0105947035891041,-0.290566845450979,-0.1670862784792878,0.0,0.7,3.0,3.0,-0.0068424941088913,0.0264401620101015,0.3843562146952888,0.2883987903597909,0.3272449949449204,1.0,False,False,-0.1356734313404174,0.279631514333953,1836
f7de94dab43533f62cbe,D1,2018,2018-09-22,2018-09-18,TSG 1899 Hoffenheim,Borussia Dortmund,1,1,1.7982412782306174,1.7599465920590809,0.351412936091906,0.2629504144630095,0.3856366494450846,1,2,0,2.2089751954643164,0.8154487685882146,0.1020115011526786,0.1405206364252245,0.6926707140755565,-0.2421903053977512,-0.0196263781071017,-0.6536746287499647,0.7,3.0,3.0,-0.0092455066144728,0.0213721134933679,0.351412936091906,0.2629504144630094,0.3856366494450845,1.0,False,False,-0.1356734313404174,0.279631514333953,1836
20bc2c28389446d6307f,D1,2018,2018-09-23,2018-09-18,Eintracht Frankfurt,RB Leipzig,1,1,1.403212797766506,1.5763863421354802,0.3153678441224619,0.2763094558750645,0.4083227000024734,1,2,0,2.048092957520295,0.7899123080996047,-0.2675846054010697,0.0902460525276953,0.1280648904295927,-0.0740789869355322,-0.078398734325457,-0.759205843870158,0.7,3.0,3.0,-0.0484768021504923,0.0396098745068236,0.315367844122462,0.2763094558750645,0.4083227000024735,1.0,False,False,-0.1356734313404174,0.279631514333953,1836
b7c4d43b613a24505f3c,D1,2018,2018-09-23,2018-09-18,Bayer 04 Leverkusen,1. FSV Mainz 05,1,0,1.839826004385032,1.068252886967203,0.5945007185897178,0.2307049970577194,0.1747942843525627,2,1,3,2.3582466290254027,0.2482075047339822,-0.3345313041732677,0.2938582343942282,-0.0326500194618996,-0.0837176624290146,-0.0421554432380833,1.310256726436598,0.7,3.0,3.0,-0.0273243215863018,0.0252906680973499,0.5945007185897178,0.2307049970577194,0.1747942843525627,1.0,False,False,-0.1356734313404174,0.279631514333953,1836
6a2513ffb6e875e5f289,D1,2018,2018-09-25,2018-09-25,Bayern München,FC Augsburg,1,1,3.3963686734033627,0.4884054133035551,0.8604872687835846,0.0964082322780042,0.0431044989384112,3,0,0,3.0762028062295954,1.5587744202623257,0.6112959771303523,-0.2444156648266687,0.4980445160093482,-0.0940960124108851,0.3916277180661305,2.105633223677364,0.6,4.0,4.0,0.1245162652128356,-0.1061722495976514,0.8604872687835845,0.0964082322780041,0.0431044989384113,1.0,False,False,-0.1416941390071453,0.278146666651737,1836
6b17bdb76e6c5a4a47da,D1,2018,2018-09-25,2018-09-25,SV Werder Bremen,Hertha BSC,3,1,1.6035021038147328,1.2440817039644074,0.4626735526027654,0.2746823618818896,0.262644085515345,2,1,2,2.956759159020213,0.4331520266577383,0.2265227638876302,0.2515240784744579,0.0447079803574669,0.0668116278605284,0.0796797852253057,0.0,0.6,4.0,4.0,0.0140600617263054,0.0098422803917989,0.4626735526027654,0.2746823618818895,0.262644085515345,1.0,False,False,-0.1416941390071453,0.278146666651737,1836
ac696ab3da39ff7d56cd,D1,2018,2018-09-25,2018-09-25,SC Freiburg,FC Schalke 04,1,0,1.1142957026056213,1.4201034347751595,0.2841956815454518,0.2951080342138072,0.420696284240741,0,1,0,2.628832038808509,0.7764499377496843,0.0060524659630295,-0.3033518401496107,-0.0719562590008981,-0.05773716394709,-0.0303928950445851,-1.096469500276386,0.6,4.0,4.0,-0.0021938486525915,-0.0126711200567375,0.2841956815454518,0.2951080342138072,0.4206962842407409,1.0,False,False,-0.1416941390071453,0.278146666651737,1836
f0c841e41e1c65e16a19,D1,2018,2018-09-25,2018-09-25,Hannover 96,TSG 1899 Hoffenheim,1,3,1.3033893650260726,1.794758341574539,0.2786353110862139,0.2546899193403055,0.4666747695734807,1,2,2,2.8880718816062427,0.4269403930071824,-0.3594735714293899,0.0208607319813809,-0.0260446026234671,-0.2423190217699836,-0.0345416727593955,0.0,0.6,4.0,4.0,-0.0387174773799778,0.0217868354075773,0.2786353110862139,0.2546899193403054,0.4666747695734807,1.0,False,False,-0.1416941390071453,0.278146666651737,1836
0fb877ffb9159aeed9cd,D1,2018,2018-09-26,2018-09-25,1. FSV Mainz 05,VfL Wolfsburg,0,0,1.4436799789083297,1.086336778077038,0.3682406843828789,0.2901303048678854,0.3416290107492354,1,1,3,2.357448570847421,0.7562265666872336,0.0804461273708522,-0.0293994873956254,0.3100580251456573,-0.0939829097482649,0.0331217363443075,0.0,0.6,4.0,4.0,0.0111706739240818,-0.0086183419253205,0.3682406843828791,0.2901303048678855,0.3416290107492354,1.0,False,False,-0.1416941390071453,0.278146666651737,1836
25f1501034545103aeb9,D1,2018,2018-09-26,2018-09-25,Borussia Mönchengladbach,Eintracht Frankfurt,3,1,1.7148158865106229,1.0093684553273208,0.5398002888644992,0.2512584314322427,0.2089412797032578,2,1,2,2.8573363313287516,0.3185710318590244,0.0961053939374967,-0.2155350993840493,0.5187819077918499,-0.3670673461799736,0.0018184736167615,0.3489031039000175,0.6,4.0,4.0,0.0257117646022904,-0.0316832498746181,0.5398002888644992,0.2512584314322428,0.2089412797032579,1.0,False,False,-0.1416941390071453,0.278146666651737,1836
2bc91dd739985f750676,D1,2018,2018-09-26,2018-09-25,RB Leipzig,Stuttgart,2,0,1.9953419572351063,1.0554773950527931,0.5531742227307079,0.2443834060298806,0.2024423712394113,2,1,2,2.405257246804598,0.3003594380481081,0.0513207540315992,0.0041708820892398,0.1069611689258159,0.1421798015070511,0.0435037852146,0.6513130402042956,0.6,4.0,4.0,0.0168684161624923,-0.0140938343564504,0.5531742227307079,0.2443834060298806,0.2024423712394114,1.0,False,False,-0.1416941390071453,0.278146666651737,1836
2f9b99e09013e011e232,D1,2018,2018-09-26,2018-09-25,Borussia Dortmund,1. FC Nürnberg,7,0,2.40738612342233,0.8627981102296707,0.7342405045380055,0.1723947369195414,0.0933647585424532,2,0,2,5.60361066518712,0.1090650328834623,0.1159333249688567,-0.1533276373220086,0.5111967182321032,-0.5146934309746853,0.0763563908815517,0.0,0.6,4.0,4.0,0.0230775339070636,-0.0249472495247212,0.7342405045380054,0.1723947369195414,0.0933647585424531,1.0,False,True,-0.1416941390071453,0.278146666651737,1836
762000b98ecad4d090e2,D1,2018,2018-09-26,2018-09-25,Fortuna Düsseldorf,Bayer 04 Leverkusen,1,2,1.2031817053553575,1.4099454027084002,0.2485544189140549,0.2562793803698883,0.4951662007160569,1,2,4,2.220500935438426,0.382315584863938,-0.1876406786387021,-0.1611418008910612,-0.150488135934725,-0.2525844326011732,-0.0449299645495101,0.0,0.6,4.0,4.0,-0.0129534760467926,-0.0044856479296955,0.2485544189140549,0.2562793803698883,0.4951662007160568,1.0,True,False,-0.1416941390071453,0.278146666651737,1836
e8f4c45bee97713bf693,D1,2018,2018-09-28,2018-09-25,Hertha BSC,Bayern München,2,0,0.7496249133889824,2.259212676878832,0.1003885900638351,0.169748103401566,0.7298633065345989,0,2,0,4.238657682877803,1.370815553721381,0.2515240784744579,0.6112959771303523,0.1815664619898467,0.6603482473728801,-0.1398667715177898,0.0,0.6,4.0,4.0,-0.0124057295849613,0.0555467323652018,0.1003885900638351,0.1697481034015659,0.7298633065345989,1.0,False,False,-0.1416941390071453,0.278146666651737,1836
13f535db15235d70585c,D1,2018,2018-09-29,2018-09-25,Bayer 04 Leverkusen,Borussia Dortmund,2,4,1.5466266795347696,1.6918716708840762,0.3410649930058805,0.271337236931136,0.3875977700629833,1,2,2,4.166343978085945,0.5649857168313555,-0.1611418008910612,0.1159333249688567,0.1532990125580577,-0.2581854450443878,-0.2138968888997367,-0.0889756889535518,0.6,4.0,4.0,-0.033940326116839,0.0316799023207288,0.3410649930058806,0.2713372369311359,0.3875977700629835,1.0,False,False,-0.1416941390071453,0.278146666651737,1836
35fcb4c8731a090a04d7,D1,2018,2018-09-29,2018-09-25,FC Schalke 04,1. FSV Mainz 05,1,0,1.5912355336838873,0.8843661653712706,0.5717421684419028,0.2525363365514341,0.1757214950066633,1,0,4,2.0561219561294024,0.2780574153770395,-0.3033518401496107,0.0804461273708522,0.047665340535691,-0.1658105425754203,0.1958250349189806,0.9242199007238104,0.6,4.0,4.0,-0.0107029401266974,-0.0004423455122404,0.5717421684419027,0.252536336551434,0.1757214950066632,1.0,False,False,-0.1416941390071453,0.278146666651737,1836
549a5c0c3d26cf631022,D1,2018,2018-09-29,2018-09-25,Stuttgart,SV Werder Bremen,2,1,1.456801324725137,1.2370847667318348,0.3516617055369112,0.2868701997717792,0.3614680946913097,1,2,0,2.562906315604072,0.633296239064173,0.0041708820892398,0.2265227638876302,0.0512980111974789,0.261961346807992,-0.0265188914094061,0.3303604509327112,0.6,4.0,4.0,-0.0072795877919371,0.0188142700907806,0.3516617055369112,0.2868701997717791,0.3614680946913096,1.0,False,False,-0.1416941390071453,0.278146666651737,1836
762db9661b3884762514,D1,2018,2018-09-29,2018-09-25,VfL Wolfsburg,Borussia Mönchengladbach,2,2,1.435823430008469,1.3565442749928924,0.4030004077216752,0.2787268114354457,0.3182727808428793,2,1,0,2.873858684360722,0.7839419041913751,-0.0293994873956254,0.0961053939374967,-0.108584537597533,-0.3549738016687168,-0.0032871196561302,0.0,0.6,4.0,4.0,-0.0079095744192438,0.0112448697463374,0.4030004077216751,0.2787268114354456,0.3182727808428793,1.0,False,False,-0.1416941390071453,0.278146666651737,1836
9e8c589add07548598b4,D1,2018,2018-09-29,2018-09-25,1. FC Nürnberg,Fortuna Düsseldorf,3,0,1.3598564493801215,0.9902445758184888,0.4534227605686519,0.2764941135678919,0.2700831258634562,1,0,2,3.1775316046316755,0.448140568378263,-0.1533276373220086,-0.1876406786387021,-0.1264304089469945,-0.3939557955388346,0.0328752697070245,0.0,0.6,4.0,4.0,-0.0043069663149145,-0.012741449483121,0.453422760568652,0.2764941135678919,0.2700831258634561,1.0,True,True,-0.1416941390071453,0.278146666651737,1836
debfaeb5adba4815a393,D1,2018,2018-09-29,2018-09-25,TSG 1899 Hoffenheim,RB Leipzig,1,2,2.1648385865124347,1.5270754293991482,0.4603464875564115,0.2522199066930382,0.2874336057505503,2,1,0,2.6627964851362393,0.7832846361514325,0.0208607319813809,0.0513207540315992,0.5053993676936612,-0.12027778676477,0.214247756167783,-0.3876656026240227,0.6,4.0,4.0,0.0044174392655869,-0.0008083649649379,0.4603464875564116,0.2522199066930381,0.2874336057505502,1.0,False,False,-0.1416941390071453,0.278146666651737,1836
68513491c1add8972477,D1,2018,2018-09-30,2018-09-25,Eintracht Frankfurt,Hannover 96,4,1,1.5633421324170669,0.9752665280704512,0.4805829235549458,0.2703188294004527,0.2490982470446014,1,0,2,3.980261073770528,0.4049163055118517,-0.2155350993840493,-0.3594735714293899,0.0422332483490638,-0.4804323819149422,0.0999939641213352,0.0,0.6,4.0,4.0,0.0014198668391313,-0.0301703003798032,0.4805829235549458,0.2703188294004527,0.2490982470446014,1.0,False,False,-0.1416941390071453,0.278146666651737,1836
a45cbb822ef485d61f38,D1,2018,2018-09-30,2018-09-25,FC Augsburg,SC Freiburg,4,1,1.6137316661409555,1.0291674469197052,0.4923468670396219,0.2812689205759191,0.2263842123844588,1,0,2,3.8794600793684553,0.3880737207033617,-0.2444156648266687,0.0060524659630295,-0.3424772242359483,-0.2489188442975462,-0.1072224304929602,0.1628691308671393,0.6,4.0,4.0,-0.0276622743424592,0.0157441143992773,0.492346867039622,0.2812689205759191,0.2263842123844588,1.0,False,False,-0.1416941390071453,0.278146666651737,1836
567e9624bea2a86131ba,D1,2018,2018-10-05,2018-10-02,SV Werder Bremen,VfL Wolfsburg,2,0,1.7646847445766427,1.1609184082643298,0.4741654471384619,0.2727717492579025,0.2530628036036356,2,1,2,2.535373507788191,0.4149471867440419,0.1929213510969033,-0.0158650857219614,0.1727538879848754,-0.0764382250664263,0.089949553386,0.0,0.4,6.0,6.0,0.0245828670650884,-0.0157300537963413,0.474165447138462,0.2727717492579025,0.2530628036036356,1.0,False,False,-0.1402263686385126,0.2969218678199846,1836
11f8111417710d5f5a62,D1,2018,2018-10-06,2018-10-02,Hannover 96,Stuttgart,3,1,1.2495606286882874,1.1954297018756028,0.3888725188227762,0.2839182633849391,0.3272092177922848,1,0,2,3.30747413811691,0.5611522507417767,-0.4615895970369314,-0.0222957424639014,-0.1948295722424961,-0.0568291457909147,-0.0262577559498757,0.0,0.4,6.0,6.0,-0.0463570603779918,0.0221627934029502,0.3888725188227762,0.283918263384939,0.3272092177922848,1.0,False,False,-0.1402263686385126,0.2969218678199846,1836
32667b0cf11f3201fcd8,D1,2018,2018-10-06,2018-10-02,1. FSV Mainz 05,Hertha BSC,0,0,1.2362324870972308,1.1159825933741123,0.3475650643905795,0.2924347568463925,0.3600001787630281,0,1,0,2.2532119639495103,0.7510501760132635,-0.1092538476887738,0.1944011484275031,0.2316402868438962,-0.081859422303547,0.0726593485064417,0.0,0.4,6.0,6.0,-0.0170124747649304,0.0212698398018669,0.3475650643905794,0.2924347568463925,0.360000178763028,1.0,False,False,-0.1402263686385126,0.2969218678199846,1836
9dffc2a42e8df0564912,D1,2018,2018-10-06,2018-10-02,Borussia Dortmund,FC Augsburg,4,3,2.5267019170612204,0.9065112795726242,0.6527910453707916,0.2059451210873304,0.1412638335418778,2,0,2,5.080616041361697,0.1829229217413303,0.3703430269298288,-0.0269773202566987,0.6083908202999861,-0.0999015594369743,0.117153552001578,1.408612884075586,0.4,6.0,6.0,0.0583269751466525,-0.041158689812996,0.6527910453707916,0.2059451210873304,0.1412638335418778,1.0,False,False,-0.1402263686385126,0.2969218678199846,1836
d1dbf961abbb0163a1bd,D1,2018,2018-10-06,2018-10-02,Bayern München,Borussia Mönchengladbach,0,3,2.991842096743051,0.6886257251860091,0.788835283570506,0.1347736234653765,0.0763910929641173,2,0,0,6.151778491784961,1.4934784473437654,0.1770229064049287,0.1481543552292483,0.3858522517511886,-0.3507057346096165,0.1183086130719545,1.3733321056978602,0.4,6.0,6.0,0.0299433245896067,-0.0136844615078979,0.788835283570506,0.1347736234653765,0.0763910929641173,1.0,False,False,-0.1402263686385126,0.2969218678199846,1836
eb380b9c7a4f588017cc,D1,2018,2018-10-06,2018-10-02,Fortuna Düsseldorf,FC Schalke 04,0,2,0.8986426689337629,1.3270220866078644,0.2678024399663282,0.2743355335301392,0.4578620265035326,0,1,2,2.3311559743983628,0.4408917141160412,-0.3381340851207693,-0.146282356191663,-0.2807521760344011,-0.2079800088981203,-0.0115192436844769,0.0,0.4,6.0,6.0,-0.0270752528867176,0.002854430821096,0.2678024399663282,0.2743355335301392,0.4578620265035326,1.0,True,False,-0.1402263686385126,0.2969218678199846,1836
192d4cc7826de21f3467,D1,2018,2018-10-07,2018-10-02,RB Leipzig,1. FC Nürnberg,6,0,2.549687598350006,1.007494010194072,0.6628540668750613,0.1987857358500881,0.1383601972748503,2,1,2,4.570474221315084,0.1723266931900821,0.3816405843931803,0.0057456589177337,0.2806750984073277,-0.5483661214264165,0.0,0.0,0.4,6.0,6.0,0.0378767754934313,-0.0185074633278856,0.6628540668750614,0.1987857358500881,0.1383601972748503,1.0,False,True,-0.1402263686385126,0.2969218678199846,1836
c3f93d16c6dea3b71a1f,D1,2018,2018-10-07,2018-10-02,TSG 1899 Hoffenheim,Eintracht Frankfurt,1,2,2.0408984760060864,1.0599371513424272,0.5477234876248744,0.242388099249914,0.2098884131252114,2,1,0,2.791647360100061,0.9830293292677388,-0.0403864456411192,-0.0195431862222504,0.2940924338028853,-0.4177298671689992,0.0645848811852346,0.3715402412461352,0.4,6.0,6.0,0.0038831612187236,-0.0068796428118921,0.5477234876248745,0.242388099249914,0.2098884131252114,1.0,False,False,-0.1402263686385126,0.2969218678199846,1836
c9b6c30cfe414b950b54,D1,2018,2018-10-07,2018-10-02,SC Freiburg,Bayer 04 Leverkusen,0,0,1.2924279184132756,1.6786923464153043,0.2858226265835311,0.2747017064553962,0.4394756669610729,1,2,0,2.690480622482821,0.8008910503367026,-0.0405448428476254,-0.0746043078105197,0.0608872612476366,-0.0872884158477545,-0.0824671943685855,-1.4825063259891735,0.4,6.0,6.0,-0.0192726918725575,0.0135152343396503,0.2858226265835311,0.2747017064553962,0.4394756669610728,1.0,False,False,-0.1402263686385126,0.2969218678199846,1836
7701fb2c73dfee9c591a,D1,2018,2018-10-19,2018-10-16,Eintracht Frankfurt,Fortuna Düsseldorf,7,1,1.7712655407992928,0.671158917372216,0.5760671027454358,0.2439525994450679,0.1799802978094963,1,0,2,7.443019721930252,0.2716248797502495,0.0972540889864623,-0.3939948901575349,0.1868866042315726,-0.4559502392561279,-0.0069295125853279,0.0,0.3,7.0,7.0,0.0290786777772565,-0.0439157178358102,0.5760671027454358,0.2439525994450679,0.1799802978094963,1.0,False,True,-0.1480553260757454,0.2938802266078036,1836
46a28f88def6fe29d5ce,D1,2018,2018-10-20,2018-10-16,Bayer 04 Leverkusen,Hannover 96,2,2,2.2108526637953014,0.9835734925610726,0.6189010930064995,0.2209133448907835,0.1601855621027168,2,1,0,3.0157418001381946,1.0156739934000705,-0.0839118250044377,-0.2458946499020132,0.0124597894700122,-0.5268900405272974,0.1827001142738209,0.0,0.3,7.0,7.0,0.0130385557083479,-0.0295288794536704,0.6189010930064995,0.2209133448907835,0.1601855621027169,1.0,False,False,-0.1480553260757454,0.2938802266078036,1836
99a42c19b22856400888,D1,2018,2018-10-20,2018-10-16,1. FC Nürnberg,TSG 1899 Hoffenheim,1,3,1.2570606703387188,2.0763097830626323,0.2514242709608498,0.247487337586389,0.5010883914527613,1,2,2,2.795359081404112,0.3733769394369872,-0.1247462698284779,-0.1302644134254779,0.1086932961829356,-0.0058517911735267,0.0498059558177356,0.0,0.3,7.0,7.0,-0.0034711085206871,-0.0092794256420106,0.2514242709608498,0.2474873375863889,0.5010883914527613,1.0,True,False,-0.1480553260757454,0.2938802266078036,1836
ab3cf5a3861e3dd8d81b,D1,2018,2018-10-20,2018-10-16,VfL Wolfsburg,Bayern München,1,3,0.7826188625925475,2.2032733510155804,0.1168496968417201,0.1885920511547273,0.6945582520035525,0,2,3,2.639298373527202,0.1425154748298745,-0.1229967668269881,-0.0477236758291871,-0.0917311911356969,0.3682427507203545,-0.2725447113765646,0.0,0.3,7.0,7.0,-0.0235407284600676,0.0150047063272589,0.1168496968417201,0.1885920511547273,0.6945582520035525,1.0,False,False,-0.1480553260757454,0.2938802266078036,1836
c49d240ea9601f96a91c,D1,2018,2018-10-20,2018-10-16,FC Augsburg,RB Leipzig,0,0,1.4435331447564417,1.7051094923858672,0.3134700910823783,0.2692409371084936,0.417288971809128,1,2,0,2.8242721806124025,0.8064023919947865,-0.1225791682687485,0.4586849730984264,-0.0718522794406947,0.0781001223822528,-0.0704332034338475,-1.142603857949644,0.3,7.0,7.0,-0.0472833545881108,0.0640886448295947,0.3134700910823783,0.2692409371084936,0.4172889718091281,1.0,False,False,-0.1480553260757454,0.2938802266078036,1836
d8a8d1b4febe464f9109,D1,2018,2018-10-20,2018-10-16,Stuttgart,Borussia Dortmund,0,4,1.10735571991897,1.9390381545743256,0.2268803919190127,0.2511715538789722,0.5219480542020152,1,2,2,3.6318163929942022,0.3430955245965417,-0.1950689841981261,0.4805737222491686,0.1619970968702838,-0.0757202979745281,-0.2145727929788421,-0.9173220663302376,0.3,7.0,7.0,-0.0611441396786899,0.075419376581242,0.2268803919190127,0.2511715538789722,0.5219480542020151,1.0,False,False,-0.1480553260757454,0.2938802266078036,1836
f35593ad64b77482c827,D1,2018,2018-10-20,2018-10-16,FC Schalke 04,SV Werder Bremen,0,2,1.6850552507770082,1.053870553145097,0.4598610201137463,0.2778475452115224,0.262291434674731,2,1,0,3.1512903521347435,0.8328853435543911,0.0160777622578262,0.3311354572828363,0.1590170886896875,0.1144474360421368,-0.0282556486548208,0.7726700025966096,0.3,7.0,7.0,-0.0105667540516256,0.0279274150286587,0.4598610201137464,0.2778475452115225,0.262291434674731,1.0,False,False,-0.1480553260757454,0.2938802266078036,1836
3ab0df2810f6316def70,D1,2018,2018-10-21,2018-10-16,Hertha BSC,SC Freiburg,1,1,1.7539804152422505,0.8893613010733514,0.5135541570644715,0.2690114237541146,0.2174344191814136,1,0,0,2.0511344416595807,0.8453598974849451,0.1601334139641197,-0.0326010894311302,0.3451911925423138,-0.3570271179936349,-0.0299607977718189,0.0,0.3,7.0,7.0,0.0161453559793775,-0.009768739752728,0.5135541570644717,0.2690114237541146,0.2174344191814137,1.0,False,False,-0.1480553260757454,0.2938802266078036,1836
a0f3bac6d26e175f088f,D1,2018,2018-10-21,2018-10-16,Borussia Mönchengladbach,1. FSV Mainz 05,4,0,1.814509866700483,0.9075214903836492,0.5907204596016429,0.2238400920171116,0.1854394483812453,1,0,2,3.4837110247839185,0.25200191799886,0.2704626986636015,-0.1491329686832995,0.6185062108363242,-0.2966364224301399,0.018153647311929,0.7229206492940672,0.3,7.0,7.0,0.040832505535827,-0.0347660190368119,0.590720459601643,0.2238400920171117,0.1854394483812453,1.0,False,False,-0.1480553260757454,0.2938802266078036,1836
976859444ed331a8b331,D1,2018,2018-10-26,2018-10-23,SC Freiburg,Borussia Mönchengladbach,3,1,1.1911967979953817,1.6944324364842638,0.2759027117582623,0.2679812180984555,0.456116070143282,1,2,0,3.5304633404085664,0.8041726855355213,-0.0895667354382983,0.4309640104224016,0.0539219862817105,-0.0752876829382402,-0.090142416057074,-0.8951702488466428,0.1999999999999999,8.0,8.0,-0.0394878461120368,0.056557709861242,0.2759027117582623,0.2679812180984555,0.4561160701432821,1.0,False,False,-0.1565446562492163,0.2915065783496472,1836
20c32b785190e3b35b11,D1,2018,2018-10-27,2018-10-23,1. FSV Mainz 05,Bayern München,1,2,0.6825280291665835,2.220740780503882,0.086380909791895,0.1527331674919017,0.7608859227162035,0,2,2,2.316525785302846,0.0879646239838662,-0.2551134184287962,0.1604111201947465,0.187367261345099,0.4315314300328637,-0.240403149474094,-2.096252754991928,0.1999999999999999,8.0,8.0,-0.0560333191012812,0.0512982041895788,0.086380909791895,0.1527331674919016,0.7608859227162034,1.0,False,False,-0.1565446562492163,0.2915065783496472,1836
33c2ca60b1876d60cbe9,D1,2018,2018-10-27,2018-10-23,Borussia Dortmund,Hertha BSC,2,2,2.42899594280408,0.9416855528197974,0.6706984996162325,0.1982662530508562,0.131035247332911,2,1,0,3.089428094230258,1.1097837144281764,0.6066402462458472,0.1353371143027751,0.6190000247546843,-0.0698076341666597,0.0663409300397914,0.0,0.1999999999999999,8.0,8.0,0.0572142154114355,-0.0201153473840044,0.6706984996162326,0.1982662530508563,0.1310352473329111,1.0,False,False,-0.1565446562492163,0.2915065783496472,1836
823497e503d881abc590,D1,2018,2018-10-27,2018-10-23,Fortuna Düsseldorf,VfL Wolfsburg,0,3,0.9726360762924652,1.6517568073773798,0.3143383926098927,0.2794100268920106,0.4062515804980966,0,1,2,3.1472429949545035,0.5294157738573734,-0.449352840975577,-0.280992329358603,-0.3669782991070628,-0.1993723414024222,-0.0293685197184996,0.0,0.1999999999999999,8.0,8.0,-0.0323540936155525,-0.0041631649011564,0.3143383926098926,0.2794100268920106,0.4062515804980965,1.0,True,False,-0.1565446562492163,0.2915065783496472,1836
92b55c3edaadf8325597,D1,2018,2018-10-27,2018-10-23,TSG 1899 Hoffenheim,Stuttgart,4,0,2.122260902125261,0.9235175147348376,0.6014227620664248,0.2173165322098117,0.1812607057237633,2,1,2,3.2672450555931,0.2389457332099327,0.0259031125501844,-0.3562785438638495,0.0773235149368794,-0.2200832214212967,-0.0679777689734145,0.2636474375802729,0.1999999999999999,8.0,8.0,0.0183235871874415,-0.0348423587531248,0.6014227620664249,0.2173165322098117,0.1812607057237633,1.0,False,False,-0.1565446562492163,0.2915065783496472,1836
93e38aefb0bab2a6ada5,D1,2018,2018-10-27,2018-10-23,Hannover 96,FC Augsburg,1,2,1.3812569537311108,1.3081546284176573,0.3700835801047386,0.2829324002178285,0.3469840196774329,2,1,0,2.4860846171589284,0.6434424699128052,-0.2043715309964414,-0.0998967469803136,0.0331054833112114,-0.2425689532831614,-0.056628775499126,0.0,0.1999999999999999,8.0,8.0,-0.0182737545255847,0.003060340626747,0.3700835801047387,0.2829324002178285,0.3469840196774329,1.0,False,False,-0.1565446562492163,0.2915065783496472,1836
079c395fd3c55eb4e55f,D1,2018,2018-10-28,2018-10-23,1. FC Nürnberg,Eintracht Frankfurt,1,1,1.0946108683752656,1.7751621155814403,0.2826940280288028,0.2729373385720047,0.4443686333991924,1,2,0,2.041859467605211,0.805999509474975,-0.2123158517535405,0.2888748639393174,-0.020817122263299,-0.1659103358913629,-0.0451136455986739,0.0,0.1999999999999999,8.0,8.0,-0.0379310106522536,0.0417589612615424,0.2826940280288028,0.2729373385720047,0.4443686333991923,1.0,True,False,-0.1565446562492163,0.2915065783496472,1836
19d6bdd133fc308597e6,D1,2018,2018-10-28,2018-10-23,RB Leipzig,FC Schalke 04,0,0,1.76886972228128,1.077925835996293,0.5159349720882274,0.2622710456061365,0.221793982305636,2,1,0,2.609716577055455,0.8596254761617358,0.3101378570792259,-0.1602751070517167,0.4192857852335716,-0.034535003639961,0.0366279330133927,0.2090034885403972,0.1999999999999999,8.0,8.0,0.04190395515388,-0.0344108176525045,0.5159349720882274,0.2622710456061364,0.2217939823056361,1.0,False,False,-0.1565446562492163,0.2915065783496472,1836
296dab0310d6d8a38f99,D1,2018,2018-10-28,2018-10-23,SV Werder Bremen,Bayer 04 Leverkusen,2,6,1.7358820934918997,1.3970827063981106,0.4184703873658645,0.2689959752535511,0.3125336373805842,2,1,0,7.234624803132822,0.7200862995379158,0.4077204742388177,-0.1283440114825911,0.2744797387144763,-0.1311139483341354,-0.0035481504715005,-1.158706828309397,0.1999999999999999,8.0,8.0,0.0412183063328893,-0.0272494831950779,0.4184703873658645,0.2689959752535513,0.3125336373805842,1.0,False,False,-0.1565446562492163,0.2915065783496472,1836
d58cb5cc3e14d2a8e479,D1,2018,2018-11-02,2018-10-30,Stuttgart,Eintracht Frankfurt,0,3,1.1538467423967107,1.251827130743175,0.3266834673248823,0.27493760982651,0.3983789228486076,0,1,2,3.4341353640269894,0.5442606975933233,-0.4250422575899396,0.1741513552177427,-0.0199382431065094,-0.1387575702874879,0.0346627974953153,0.1078928036658625,0.0999999999999999,9.0,9.0,-0.0492089216359506,0.0366643765173408,0.3266834673248823,0.27493760982651,0.3983789228486077,1.0,False,False,-0.1653361885319535,0.2868762395518937,1836
0d276215c4823e04d10e,D1,2018,2018-11-03,2018-10-30,Bayer 04 Leverkusen,TSG 1899 Hoffenheim,1,4,1.8963764306375712,1.5598156129954053,0.4437279399594706,0.2531263803163213,0.303145679724208,2,1,0,4.221373969935965,0.7465733927997545,0.1071235003656398,0.233657869772221,-0.0526017033029125,0.1279631853170826,0.0260157221807515,0.564698939796413,0.0999999999999999,9.0,9.0,0.0017419900064815,0.0152970785004115,0.4437279399594706,0.2531263803163214,0.3031456797242079,1.0,False,False,-0.1653361885319535,0.2868762395518937,1836
8e2e70e212aaa423c897,D1,2018,2018-11-03,2018-10-30,VfL Wolfsburg,Borussia Dortmund,0,1,1.233242606910057,2.006821750378637,0.250409984681088,0.2525552175485235,0.4970347977703885,1,2,3,2.8489229894491057,0.3794632929928387,-0.0782667651280207,0.4315107987498227,-0.1918618843989783,0.1269220408631786,-0.3091779475970255,0.0,0.0999999999999999,9.0,9.0,-0.0448611138301444,0.0625233155112345,0.250409984681088,0.2525552175485235,0.4970347977703884,1.0,False,False,-0.1653361885319535,0.2868762395518937,1836
9407b624ddd885392e9d,D1,2018,2018-11-03,2018-10-30,Hertha BSC,RB Leipzig,0,3,1.390461113315682,1.4325645161618854,0.3027876792337025,0.279177923651464,0.4180343971148333,1,2,2,3.3984296639815645,0.5083046546915696,0.0515136451982884,0.2583910625483333,0.2604612662279084,0.0413570181016937,-0.2309601697251885,0.0,0.0999999999999999,9.0,9.0,-0.0193161970938472,0.0348114324811783,0.3027876792337026,0.279177923651464,0.4180343971148334,1.0,False,False,-0.1653361885319535,0.2868762395518937,1836
b0a587d1e15584617d48,D1,2018,2018-11-03,2018-10-30,FC Schalke 04,Hannover 96,3,1,1.795613717988044,0.8253495428513,0.5844608376202722,0.247537498836632,0.1680016635430959,1,0,2,2.851341805542576,0.2621721677547889,-0.1341347928311322,-0.2881577290579212,-0.0430169238157437,-0.4348819848015392,0.0468085342614525,0.0,0.0999999999999999,9.0,9.0,0.0033348338828554,-0.0244494599773081,0.5844608376202721,0.2475374988366319,0.1680016635430958,1.0,False,False,-0.1653361885319535,0.2868762395518937,1836
b7e6437faa3216aa3da7,D1,2018,2018-11-03,2018-10-30,FC Augsburg,1. FC Nürnberg,2,2,2.2101994113240755,0.8068865763273059,0.5907791259661039,0.2378029900046216,0.1714178840292745,2,0,0,3.1345284540269995,0.9593483486882424,0.0379666910940155,-0.1768256556630055,-0.0582836865743923,-0.5826184889143727,-0.0125960642403316,0.0,0.0999999999999999,9.0,9.0,0.0120081486805352,-0.0189510969089847,0.5907791259661039,0.2378029900046216,0.1714178840292745,1.0,False,True,-0.1653361885319535,0.2868762395518937,1836
cfcfb3450dace55df797,D1,2018,2018-11-03,2018-10-30,Bayern München,SC Freiburg,1,1,3.3827445754593963,0.5543348548942983,0.8680540764906852,0.0910072472343681,0.0409386762749465,3,0,0,3.1369417852399426,1.5814616795076823,0.2481917034954073,0.1227710445046071,0.1202716850410287,-0.3155932415406811,0.3266249551370309,2.268502354544503,0.0999999999999999,9.0,9.0,0.0406831217675231,-0.0221349843675224,0.8680540764906853,0.0910072472343681,0.0409386762749465,1.0,False,False,-0.1653361885319535,0.2868762395518937,1836
04c86fb9bc27df9ce60a,D1,2018,2018-11-04,2018-10-30,1. FSV Mainz 05,SV Werder Bremen,2,1,1.356780946166459,1.3109217691450232,0.3181629450099957,0.2802552839985035,0.4015817709915007,1,2,0,2.60413857861876,0.704712712559194,-0.3665799943965748,0.1816373311465059,0.0331994526195786,0.2667605302390713,-0.0985233589375337,-0.1515498981272009,0.0999999999999999,9.0,9.0,-0.0510449086891774,0.041797775526674,0.3181629450099958,0.2802552839985034,0.4015817709915006,1.0,False,False,-0.1653361885319535,0.2868762395518937,1836
e1e64af43ef8abf98bcd,D1,2018,2018-11-04,2018-10-30,Borussia Mönchengladbach,Fortuna Düsseldorf,3,0,3.220680804176056,0.5768197310575356,0.6905356862301808,0.1902704980699471,0.1191938156998723,2,0,2,2.308528515375372,0.1461781896339059,0.1767560165497932,-0.5013943942462492,0.6964205911184688,-0.5268622910817409,0.0109423130627602,0.0,0.0999999999999999,9.0,9.0,0.0432924370204298,-0.0595243559052526,0.6905356862301805,0.1902704980699471,0.1191938156998723,1.0,False,True,-0.1653361885319535,0.2868762395518937,1836
50a777ce26adcb186223,D1,2018,2018-11-09,2018-11-06,Hannover 96,VfL Wolfsburg,2,1,1.3571301032238403,1.300791223556932,0.3262215936866828,0.2814058648192377,0.3923725414940794,1,2,0,2.5841144975079255,0.6871228128872998,-0.3730533360830456,-0.2248211665915739,-0.0699763857246797,0.0521711845434775,-0.1221120973623756,0.0,0.0,10.0,10.0,-0.0321698801468446,0.0022761550131136,0.3262215936866828,0.2814058648192378,0.3923725414940794,1.0,False,False,-0.1606656128183619,0.2699086106699569,1836
1d87bed88fe461fb9195,D1,2018,2018-11-10,2018-11-06,Fortuna Düsseldorf,Hertha BSC,4,1,0.6484631141579328,1.8961178943106107,0.2775775664256726,0.2743276355213299,0.4480947980529973,0,1,0,5.832351560176161,0.7979387721843335,-0.5641417381440282,-0.150683360303392,-0.4271901761380752,-0.1167738450704828,0.0,0.0,0.0,10.0,10.0,-0.0488800057992332,0.0131387508768622,0.2775775664256727,0.27432763552133,0.4480947980529973,1.0,False,False,-0.1606656128183619,0.2699086106699569,1836
1dcb25f03151102e2e7b,D1,2018,2018-11-10,2018-11-06,TSG 1899 Hoffenheim,FC Augsburg,2,1,2.1976079221522933,1.0770077224789134,0.5798524033327783,0.2237217815450445,0.1964258151221771,2,1,4,2.37541274175368,0.2651585393693427,0.3406042547061154,0.0084341454580496,0.2090429215867908,-0.0422754630084928,0.1690050233236632,0.7797713144390461,0.0,10.0,10.0,0.0420889693638922,-0.0246370493556839,0.5798524033327783,0.2237217815450445,0.1964258151221772,1.0,False,False,-0.1606656128183619,0.2699086106699569,1836
456491f984bd7f3a1c6b,D1,2018,2018-11-10,2018-11-06,Borussia Dortmund,Bayern München,3,2,1.4201130253244287,1.840331176011948,0.3054972513950036,0.2543379871769596,0.4401647614280368,1,2,0,3.3936541306302086,0.7407668967441225,0.5106959903530255,0.1374627858222215,0.4482794310315456,0.5307687326922357,-0.2770858553842299,-0.5367001262272411,0.0,10.0,10.0,0.0303421669749799,0.0020657718337823,0.3054972513950036,0.2543379871769596,0.4401647614280368,1.0,False,False,-0.1606656128183619,0.2699086106699569,1836
c613189534e351dbe553,D1,2018,2018-11-10,2018-11-06,1. FC Nürnberg,Stuttgart,0,2,1.2785265174511888,1.3165767582889245,0.3922205299293603,0.284729889875932,0.3230495801947076,2,1,0,2.8371628429825972,0.6931699251613902,-0.1677676107865873,-0.4748220941913385,-0.0798999305364932,-0.3701691380830781,0.029786005781103,0.0,0.0,10.0,10.0,0.0084536439199633,-0.0405831291688596,0.3922205299293603,0.2847298898759321,0.3230495801947076,1.0,False,False,-0.1606656128183619,0.2699086106699569,1836
e2b71c922b0d3f2fd170,D1,2018,2018-11-10,2018-11-06,SV Werder Bremen,Borussia Mönchengladbach,1,3,1.5795176682907386,1.6286631039150932,0.3950582929526977,0.2652905442507604,0.339651162796542,2,1,0,3.1834557396042205,0.6625107144955231,-0.0082979127571164,0.3340372882219842,0.0355383438880925,-0.1984285110160949,-0.1932575160392694,-0.565042199080305,0.0,10.0,10.0,-0.0271945314887743,0.0434815002620177,0.3950582929526976,0.2652905442507603,0.339651162796542,1.0,False,False,-0.1606656128183619,0.2699086106699569,1836
f109f207a612958a41fb,D1,2018,2018-11-10,2018-11-06,SC Freiburg,1. FSV Mainz 05,1,3,1.330113722769253,1.0737026352101795,0.4572543512804906,0.2817604258910807,0.2609852228284287,1,0,0,3.769202377464861,0.8346133202412127,0.1013727071616667,-0.1440061045691425,0.2371651816306214,-0.3961715344388585,-0.0768409766696069,-0.2030913182803405,0.0,10.0,10.0,0.0134955271111434,-0.0156271969815172,0.4572543512804906,0.2817604258910807,0.2609852228284288,1.0,False,False,-0.1606656128183619,0.2699086106699569,1836
ca7c279d5a205d70d8b8,D1,2018,2018-11-11,2018-11-06,Eintracht Frankfurt,FC Schalke 04,3,0,1.2994331162451922,1.1091499934715858,0.418078961174356,0.2853440272344048,0.2965770115912392,1,0,2,3.3397462460408227,0.5080112331106554,0.3519564102091691,0.086210291276688,0.30555086642715,-0.0878384591500375,-0.0234149314174717,-0.4718787469899798,0.0,10.0,10.0,0.0297143798862089,-0.007806044811916,0.4180789611743559,0.2853440272344048,0.2965770115912393,1.0,False,False,-0.1606656128183619,0.2699086106699569,1836
ec724b612aabf5f95c6a,D1,2018,2018-11-11,2018-11-06,RB Leipzig,Bayer 04 Leverkusen,3,0,2.154906922892537,1.3122635711898187,0.5177624357977109,0.2400537188171051,0.2421838453851841,2,1,2,3.020494147852112,0.3488318712112335,0.4010054027438965,-0.0415824421730239,0.284446779254199,0.1048512232324096,-0.0690802238214466,-0.2028171505089947,0.0,10.0,10.0,0.0387256511919685,-0.0207545031634248,0.5177624357977108,0.2400537188171051,0.2421838453851841,1.0,False,False,-0.1606656128183619,0.2699086106699569,1836
20ae0c933f8ae8434578,D1,2018,2018-11-23,2018-11-20,Bayer 04 Leverkusen,Stuttgart,2,0,1.9654991196808764,0.9345314368127058,0.6265329820392821,0.2142025130675181,0.1592645048931998,2,1,2,2.194733161321728,0.2107255126277875,-0.1635711844859301,-0.2166380996294603,-0.1959812262454004,-0.1041022928763465,0.1267781701576119,0.894147800142542,0.0,11.0,11.0,0.0008136950407605,-0.0198241592465301,0.6265329820392821,0.2142025130675181,0.1592645048931998,1.0,False,False,-0.1615797936856717,0.276560323444947,1827
1e7b81b2df4f5b5d93fd,D1,2018,2018-11-24,2018-11-20,1. FSV Mainz 05,Borussia Dortmund,1,2,1.1161236069477347,1.9373058594799757,0.1768047889320679,0.2303012428363073,0.5928939682316244,1,2,4,2.2358909578447483,0.2500339169434545,0.0179450519429495,0.5355427671607884,0.1438354748868066,0.2875163499629534,-0.1166556989404523,-1.4754831497778518,0.0,11.0,11.0,-0.030815418110767,0.0584898090659539,0.176804788932068,0.2303012428363073,0.5928939682316245,1.0,False,False,-0.1615797936856717,0.276560323444947,1827
427786aa12ccc51a0104,D1,2018,2018-11-24,2018-11-20,FC Augsburg,Eintracht Frankfurt,1,3,1.3504248760417354,1.2647751486703704,0.3611850823906928,0.2684272239493315,0.3703876936599757,1,2,2,3.2816511782343007,0.5989194945935208,-0.0935298909348882,0.5011309177847686,-0.0471528901148914,0.1018956243853686,0.0826646633360623,-0.3876074907081579,0.0,11.0,11.0,-0.0302763018159241,0.0506563531584181,0.3611850823906927,0.2684272239493315,0.3703876936599756,1.0,False,False,-0.1615797936856717,0.276560323444947,1827
ccc44f60e926b6387399,D1,2018,2018-11-24,2018-11-20,Bayern München,Fortuna Düsseldorf,3,3,4.659164156569599,0.4608248563840804,0.8792808133821569,0.0832565369068017,0.0374626497110414,4,0,0,5.446371819246294,1.6149567760294696,-0.047850588611439,-0.3105442361873648,0.0325254719429453,-0.5583486676145449,0.0111553158416074,0.0,0.0,11.0,11.0,0.0112999187403047,-0.0292196599802449,0.8792808133821568,0.0832565369068017,0.0374626497110414,1.0,False,False,-0.1615797936856717,0.276560323444947,1827
e45d55384a968191e6e9,D1,2018,2018-11-24,2018-11-20,Hertha BSC,TSG 1899 Hoffenheim,3,3,1.3238280018800248,1.663362455734559,0.2877277893290552,0.2564890486350409,0.4557831620359039,1,2,0,4.274820185963039,0.8433341063472586,-0.2764410772587078,0.4561779559497986,0.0608353963174738,0.294010803642078,-0.0771116368553519,0.0,0.0,11.0,11.0,-0.0543085873661283,0.0632954313006828,0.2877277893290553,0.2564890486350409,0.4557831620359039,1.0,False,False,-0.1615797936856717,0.276560323444947,1827
f732c2859c2c01c590cf,D1,2018,2018-11-24,2018-11-20,FC Schalke 04,1. FC Nürnberg,5,2,2.274685734186386,0.6608053566385469,0.6309469287835843,0.2375891258987928,0.1314639453176229,2,0,2,5.276871309508616,0.2099315310380962,-0.0620530214855217,-0.2742930655511294,0.0974753129999583,-0.4805980013489039,0.0150851287293627,0.0,0.0,11.0,11.0,0.0082636075654724,-0.0250809119173049,0.6309469287835842,0.2375891258987928,0.1314639453176229,1.0,False,False,-0.1615797936856717,0.276560323444947,1827
f9257080bc2fda4c5256,D1,2018,2018-11-24,2018-11-20,VfL Wolfsburg,RB Leipzig,1,0,1.1970444416411992,1.6854239276365968,0.2757233343997013,0.2713381838476723,0.4529384817526261,1,2,0,2.9353459791074408,0.8033543665992141,-0.3049332881540806,0.4812000872326848,-0.2778956236628614,0.1861678015796516,-0.121997388297965,0.0,0.0,11.0,11.0,-0.0606532025919405,0.0694665425458707,0.2757233343997013,0.2713381838476724,0.4529384817526261,1.0,False,False,-0.1615797936856717,0.276560323444947,1827
16f12d2451f1ac358312,D1,2018,2018-11-25,2018-11-20,Borussia Mönchengladbach,Hannover 96,4,1,2.3484007816192323,0.9785792108736676,0.654730913006361,0.2063352315833897,0.1389338554102495,2,1,2,3.1280243313519773,0.1810875864051482,0.4101009487553577,-0.129260597857781,0.7603365120053365,-0.4934164306534423,0.1125994839884519,0.0,0.0,11.0,11.0,0.0531030989678474,-0.0390610814229685,0.6547309130063609,0.2063352315833896,0.1389338554102494,1.0,False,False,-0.1615797936856717,0.276560323444947,1827
81a8009d6c6b444a6c2b,D1,2018,2018-11-25,2018-11-20,SC Freiburg,SV Werder Bremen,1,1,1.5141150919533295,1.4253403503992044,0.343843863739725,0.2798701605638985,0.3762859756963762,1,2,0,2.0296801028774567,0.7784067237835017,-0.0535077470110394,-0.1434744340456928,0.0812581731331505,0.0582169225857418,-0.0108399852745333,-0.4180533438532476,0.0,11.0,11.0,0.001280947737454,-0.0111300567902906,0.3438438637397251,0.2798701605638986,0.3762859756963763,1.0,False,False,-0.1615797936856717,0.276560323444947,1827
b2d25fd20323acbf94d6,D1,2018,2018-11-30,2018-11-27,Fortuna Düsseldorf,1. FSV Mainz 05,0,1,1.236242547761141,1.5616427220378093,0.3532286268869723,0.2841115086812826,0.3626598644317452,2,1,0,2.7366773361947936,0.611692260623772,-0.2774616901458736,-0.0857277580776425,-0.1614011267660758,-0.1254329779479173,0.0,0.0,0.0,12.0,12.0,-0.0234597811107052,0.0053003086995294,0.3532286268869724,0.2841115086812826,0.3626598644317451,1.0,False,False,-0.1549014413920248,0.2736123381781625,1827
06b53084b0812809f440,D1,2018,2018-12-01,2018-11-27,Stuttgart,FC Augsburg,1,0,1.1815872628933255,1.1673044098685024,0.3669718782340018,0.2810676640002528,0.3519604577657456,1,0,4,2.3139764194599777,0.6035997985238197,-0.3143832554143148,-0.1933374214390987,-0.1691862349967428,-0.155184593417589,-0.0608670494260829,0.3803741861146379,0.0,12.0,12.0,-0.0248148069407806,-0.0005712269018899,0.3669718782340018,0.2810676640002527,0.3519604577657455,1.0,False,False,-0.1549014413920248,0.2736123381781625,1827
477c9565e20d16c37a50,D1,2018,2018-12-01,2018-11-27,Hannover 96,Hertha BSC,0,2,1.380393030878106,1.3395255686336465,0.357290041231433,0.2809949990071284,0.3617149597614384,1,2,2,2.775990043811968,0.6140221556225174,-0.2354966755436784,-0.2895972986617323,0.1193641401121583,-0.228568085239781,0.0003158562532387,0.0,0.0,12.0,12.0,-0.0090540098086192,-0.0172006889016512,0.3572900412314331,0.2809949990071284,0.3617149597614385,1.0,False,False,-0.1549014413920248,0.2736123381781625,1827
6e47e3d492940360364f,D1,2018,2018-12-01,2018-11-27,TSG 1899 Hoffenheim,FC Schalke 04,1,1,1.8373738265788864,1.1719810185640187,0.5212160525529326,0.2484575177207835,0.2303264297262837,2,1,0,2.1487357651556325,0.8895325403397246,0.351507632299923,0.1615043432449845,0.2880860896036427,-0.2048313651295142,-0.0262342484593639,-0.0797149232590916,0.0,12.0,12.0,0.0257638336447748,-0.0001132348675294,0.5212160525529327,0.2484575177207835,0.2303264297262837,1.0,False,False,-0.1549014413920248,0.2736123381781625,1827
97d0262ed297dcc5988f,D1,2018,2018-12-01,2018-11-27,Borussia Dortmund,SC Freiburg,2,0,2.9749449543574222,0.8229409098090397,0.7383313931983522,0.1706190045763247,0.091049602225323,2,0,4,2.3866992050241707,0.1058713345735208,0.5960370921956104,-0.1067172058270429,0.48102552225978,-0.2582330154923288,0.1850418856240583,1.6785744680581922,0.0,12.0,12.0,0.0741916637921161,-0.0497256694736877,0.7383313931983522,0.1706190045763247,0.091049602225323,1.0,False,False,-0.1549014413920248,0.2736123381781625,1827
aa0c662452a5f2566ff1,D1,2018,2018-12-01,2018-11-27,SV Werder Bremen,Bayern München,1,2,0.9979619039181123,2.389325858012651,0.1327472603965931,0.1884396366072803,0.6788131029961265,1,2,4,2.326277382316686,0.1562923545944616,-0.177205325575193,-0.1020764387773151,-0.1075140028446031,0.2714774508448447,-0.2906318664022693,-1.7972212504321856,0.0,12.0,12.0,-0.027148303938767,0.0131842157211416,0.1327472603965931,0.1884396366072802,0.6788131029961265,1.0,False,False,-0.1549014413920248,0.2736123381781625,1827
4a43588ce3a4f5d72ff0,D1,2018,2018-12-02,2018-11-27,Eintracht Frankfurt,VfL Wolfsburg,1,2,1.6965921868936973,0.9602861517165904,0.5288065104530744,0.2544865177395716,0.2167069718073539,1,0,0,2.797186644910709,0.9579476812239762,0.5839706618966861,-0.0700645795994658,0.3962658872222422,-0.0777066691743155,-0.036203477927907,0.0,0.0,12.0,12.0,0.0600901212732465,-0.0343948171583855,0.5288065104530744,0.2544865177395716,0.2167069718073538,1.0,False,False,-0.1549014413920248,0.2736123381781625,1827
b6baed82162eb3c50356,D1,2018,2018-12-02,2018-11-27,RB Leipzig,Borussia Mönchengladbach,2,0,1.9044500957392965,1.3380110357413844,0.4998442518212898,0.2464181939190647,0.2537375542596455,2,1,2,2.6311159555464148,0.3752604451722057,0.2742409084508017,0.548828938512956,0.4490651151306292,0.036782615569622,0.0672224408739684,0.3369572026830942,0.0,12.0,12.0,0.0033437659631307,0.037809726385057,0.4998442518212897,0.2464181939190648,0.2537375542596455,1.0,False,False,-0.1549014413920248,0.2736123381781625,1827
d62c2ad1f2aa8c88756c,D1,2018,2018-12-03,2018-11-27,1. FC Nürnberg,Bayer 04 Leverkusen,1,1,1.1515471331077214,2.360854696793427,0.2218958779982597,0.2441469820293411,0.5339571399723988,1,2,0,2.2220884936182865,0.9056617927754756,-0.4179541243556932,0.0018951251440936,-0.1788415485340611,-0.1102433937274362,-0.1114211003400067,0.0,0.0,12.0,12.0,-0.0474612237097743,0.0266582737491943,0.2218958779982597,0.2441469820293411,0.533957139972399,1.0,False,False,-0.1549014413920248,0.2736123381781625,1827
a9d5c2d99eea9a7084bb,D1,2018,2018-12-07,2018-12-04,SV Werder Bremen,Fortuna Düsseldorf,3,1,2.4995755965997755,0.9726653917786124,0.553836499981829,0.2447205957666241,0.2014429042515469,2,1,2,2.7701893056034206,0.2995292824141338,-0.3059839657988882,-0.3280603530161337,-0.208702074219463,-0.4606886088526679,0.0,0.0,0.0,13.0,13.0,-0.0141953789290821,-0.0175068370116689,0.5538364999818289,0.2447205957666241,0.2014429042515469,1.0,False,False,-0.1515369461740477,0.273843767528345,1818
04e943f1c0e4acaafa3f,D1,2018,2018-12-08,2018-12-04,FC Schalke 04,Borussia Dortmund,1,2,1.313819917437174,1.6325667656854268,0.2855287412644519,0.2777411391115915,0.4367301196239566,1,2,4,2.375969248678886,0.475939760581909,0.1298322670839543,0.6183991822434932,0.2288888885143108,0.4159428052018676,0.057553552102984,-0.5707403204915932,0.0,13.0,13.0,-0.01505905479863,0.0524706272650024,0.2855287412644519,0.2777411391115914,0.4367301196239565,1.0,False,False,-0.1515369461740477,0.273843767528345,1818
1599399bbb70f68f4ded,D1,2018,2018-12-08,2018-12-04,VfL Wolfsburg,TSG 1899 Hoffenheim,2,2,1.4013182879937462,1.616133575897148,0.3217140676109919,0.264246545434015,0.4140393869549929,1,2,0,2.8061163736053336,0.8162617011546571,0.0992359737901962,0.2255312295485839,-0.0478846274734465,0.2184761836788241,-0.0697764972851928,0.0,0.0,13.0,13.0,-0.0048417889626692,0.0210801491296082,0.3217140676109919,0.2642465454340151,0.4140393869549929,1.0,False,False,-0.1515369461740477,0.273843767528345,1818
279abd0853ae432eafea,D1,2018,2018-12-08,2018-12-04,Hertha BSC,Eintracht Frankfurt,1,0,1.3905832942343817,1.2477224883803322,0.3691066259138177,0.2765947679633306,0.3542986061228516,2,1,3,2.557695978889372,0.6000586174311318,-0.0413210987896968,0.3819177966624467,-0.0096027481483644,0.2831491221018677,0.164105060491563,0.0,0.0,13.0,13.0,-0.0150227466875138,0.0320525815811513,0.3691066259138177,0.2765947679633307,0.3542986061228516,1.0,False,False,-0.1515369461740477,0.273843767528345,1818
284c2ea9611165c067dd,D1,2018,2018-12-08,2018-12-04,Bayern München,1. FC Nürnberg,3,0,4.486987758836515,0.5345652394155074,0.8816117673343677,0.0879431231948296,0.0304451094708027,4,0,2,2.3782544789799944,0.022676671241642,0.0729755138950688,-0.3388885322483876,-0.039455849017193,-0.5203964350261177,0.0831946861878679,0.0,0.0,13.0,13.0,0.0284017123113196,-0.0416973632289856,0.8816117673343676,0.0879431231948296,0.0304451094708027,1.0,False,False,-0.1515369461740477,0.273843767528345,1818
5c1ff395fe0fa472c1d7,D1,2018,2018-12-08,2018-12-04,SC Freiburg,RB Leipzig,3,0,1.0771454814690558,1.8112770449943647,0.2325112938292335,0.2505305275636769,0.5169581786070895,1,2,0,4.344447064717315,0.9190502177697708,-0.2610081609115644,0.3577331297785464,0.0071507777413882,0.0322154933658735,-0.2264687695879747,-1.3200527456166469,0.0,13.0,13.0,-0.0553109110594825,0.0601471595028316,0.2325112938292335,0.2505305275636769,0.5169581786070896,1.0,False,False,-0.1515369461740477,0.273843767528345,1818
92d42269373a1375c58f,D1,2018,2018-12-08,2018-12-04,Bayer 04 Leverkusen,FC Augsburg,1,0,1.8847344136772668,1.0803497456858044,0.5731965852368247,0.2271101551004932,0.199693259662682,2,1,3,2.4607398123656106,0.2736175753579845,-0.0579535364845659,-0.2791060588659711,-0.0313214469793842,-0.2478079451082478,0.0497188402609135,1.2745219862571802,0.0,13.0,13.0,0.0106458913078876,-0.0274988710754144,0.5731965852368247,0.2271101551004933,0.1996932596626821,1.0,False,False,-0.1515369461740477,0.273843767528345,1818
16128c7b010dfab4e7cc,D1,2018,2018-12-09,2018-12-04,Borussia Mönchengladbach,Stuttgart,3,0,2.0147565775441825,0.8427725946536128,0.6440598948418652,0.2159034908400665,0.1400366143180683,1,0,2,2.5290417753004455,0.1929179291665781,0.2734447842957728,-0.0778167218561506,0.7759721006732876,-0.2588630553652259,0.1329274294222065,0.3543734469504532,0.0,13.0,13.0,0.0378816859934951,-0.028100282871514,0.6440598948418652,0.2159034908400666,0.1400366143180683,1.0,False,False,-0.1515369461740477,0.273843767528345,1818
ee73f7cf7ecf3ce20534,D1,2018,2018-12-09,2018-12-04,1. FSV Mainz 05,Hannover 96,1,1,1.654413769914816,0.9715640513674196,0.4906705334164566,0.2690105066365132,0.24031895994703,1,0,0,2.050086225019223,0.8328564142810193,0.08638691469709,-0.30648305974316,-0.0459375809481669,-0.5342265802823651,-0.0016002622037722,0.0,0.0,13.0,13.0,0.0238828313466783,-0.0348876385989819,0.4906705334164566,0.2690105066365132,0.2403189599470301,1.0,False,False,-0.1515369461740477,0.273843767528345,1818
bc168ab6829110408a31,D1,2018,2018-12-14,2018-12-11,1. FC Nürnberg,VfL Wolfsburg,0,2,1.0674089228234216,1.713299719941869,0.264074947327321,0.2775643731856955,0.4583606794869835,1,2,2,2.500593846454669,0.4401507125936976,-0.4742588040145183,0.0586955042909535,-0.1427360322358457,0.052855261981586,-0.0439635390797493,0.0,0.0,14.0,14.0,-0.0525588325699869,0.0317806675838087,0.264074947327321,0.2775643731856955,0.4583606794869835,1.0,False,False,-0.1458662240130531,0.281716208450272,1818
2171ffac018563acf375,D1,2018,2018-12-15,2018-12-11,TSG 1899 Hoffenheim,Borussia Mönchengladbach,0,0,2.0208079348116077,1.4871401116885803,0.4816713430037431,0.2391688601609055,0.2791597968353512,2,1,0,3.153232446772108,0.8888014981890398,0.182355785653878,0.4133545029328222,0.1735042957422772,-0.1064932827917654,-0.0474519088503089,0.0450236813739551,0.0,14.0,14.0,-0.0048047420237687,0.0345902564531037,0.4816713430037432,0.2391688601609055,0.2791597968353512,1.0,False,False,-0.1458662240130531,0.281716208450272,1818
8abf958a7f44821fb2e4,D1,2018,2018-12-15,2018-12-11,Hannover 96,Bayern München,0,4,0.8043267763809266,2.690669840026558,0.0856006222002675,0.1440184460833416,0.770380931716391,0,2,2,2.7032077372015664,0.080793695852766,-0.2474448767749148,0.2722730248876113,-0.0755456395038437,0.3359886069004675,-0.306318261072908,0.0,0.0,14.0,14.0,-0.0536740519755174,0.0549154593811522,0.0856006222002675,0.1440184460833415,0.7703809317163909,1.0,False,False,-0.1458662240130531,0.281716208450272,1818
a198aed052c6945a5e9d,D1,2018,2018-12-15,2018-12-11,Borussia Dortmund,SV Werder Bremen,2,1,2.9676258738105954,1.0374660134179872,0.6888033687548025,0.1864594924928968,0.1247371387523006,3,1,2,2.577780401888859,0.1471698394231788,0.6238955034234142,-0.0580783956986844,0.5240511250751865,0.0451019440863437,0.066635379819146,1.2605211242049446,0.0,14.0,14.0,0.0686252391182329,-0.0403343837319964,0.6888033687548025,0.1864594924928967,0.1247371387523006,1.0,False,False,-0.1458662240130531,0.281716208450272,1818
aebfb5dfe80f47142d80,D1,2018,2018-12-15,2018-12-11,Fortuna Düsseldorf,SC Freiburg,2,0,1.2401715204284287,1.6164082059929454,0.3508532342220282,0.2836348095418547,0.3655119562361172,2,1,2,2.881471166576884,0.6354392188553986,-0.3791015825666526,0.0016091426036228,-0.2328517694375202,-0.3251344832692469,-0.0106742199902497,0.0,0.0,14.0,14.0,-0.0385243263863588,0.0196497043882074,0.3508532342220282,0.2836348095418546,0.3655119562361171,1.0,False,False,-0.1458662240130531,0.281716208450272,1818
af64bd752142ef1ce2f7,D1,2018,2018-12-15,2018-12-11,FC Augsburg,FC Schalke 04,1,1,1.141902882075604,1.207287711541702,0.3743687866415052,0.2867665997759206,0.3388646135825741,1,0,0,1.9964276431032943,0.7636830979451018,-0.3928914746096683,-0.0507954384278683,-0.1486632589823597,-0.1907416844320422,-0.1279340506508884,-0.8594862376981377,0.0,14.0,14.0,-0.0431460780721178,0.020961732420241,0.3743687866415053,0.2867665997759207,0.3388646135825741,1.0,False,False,-0.1458662240130531,0.281716208450272,1818
eda9307e4e0a2148072b,D1,2018,2018-12-15,2018-12-11,Stuttgart,Hertha BSC,2,1,1.0985483187128948,1.203222739880893,0.3547814923562203,0.279998369645475,0.3652201379983046,0,1,0,2.4977165457508264,0.6280917588096908,-0.2534628985143435,0.0827036318165932,0.0179229753218046,-0.0580535995537101,-0.0176106537909135,0.0,0.0,14.0,14.0,-0.0303620041318096,0.0218240407969221,0.3547814923562203,0.279998369645475,0.3652201379983047,1.0,False,False,-0.1458662240130531,0.281716208450272,1818
213c5bb2669089ffac41,D1,2018,2018-12-16,2018-12-11,RB Leipzig,1. FSV Mainz 05,4,1,1.912558171640407,0.89603863135527,0.6630872538389936,0.2032207921978222,0.1336919539631843,1,0,2,3.3978153965887263,0.1726824274617553,0.1038340440854795,0.0682107845937388,0.5679445298873715,0.0538153190194465,-0.0455505227589021,1.1169614273363062,0.0,14.0,14.0,0.0046953390409159,0.003906902393045,0.6630872538389935,0.2032207921978222,0.1336919539631843,1.0,False,False,-0.1458662240130531,0.281716208450272,1818
d4fab7de098d1ecb6f89,D1,2018,2018-12-16,2018-12-11,Eintracht Frankfurt,Bayer 04 Leverkusen,2,1,1.5881378172592302,1.331018936016196,0.4037422342137454,0.2671420656675789,0.3291157001186756,2,1,4,2.436302436913905,0.5352053505741631,0.1493697652447777,0.1325416429130234,0.2045663812480112,-0.0864625404910861,-0.281346799734253,-0.8869144955490221,0.0,14.0,14.0,-0.005757445607886,0.0198530160157761,0.4037422342137454,0.2671420656675788,0.3291157001186757,1.0,False,False,-0.1458662240130531,0.281716208450272,1818
03bcfe5db5b580df7cb0,D1,2018,2018-12-18,2018-12-18,Hertha BSC,FC Augsburg,2,2,1.5067942872989963,1.0056252056093231,0.4221777834363077,0.2800744241662479,0.2977477923974444,1,0,0,3.127492804905885,0.785180663444305,-0.0526598231707397,-0.324958223524988,0.1488349518185093,-0.300419603034483,0.0657921562153978,0.0,0.0,15.0,15.0,0.0142715366699453,-0.0331524390047317,0.4221777834363077,0.2800744241662479,0.2977477923974444,1.0,False,False,-0.1559096299944839,0.2842929377496286,1818
6952de05ff64bb455418,D1,2018,2018-12-18,2018-12-18,VfL Wolfsburg,Stuttgart,2,0,1.5666112434375912,0.8663661623426403,0.5619782499773698,0.2561395601466649,0.1818821898759654,1,0,2,2.150037727212765,0.2905516587590913,0.2443958017153928,-0.0278415991905003,-0.1054190965485483,-0.4086110759458888,0.036429982737461,0.0,0.0,15.0,15.0,0.0276531592679373,-0.0168254491416927,0.5619782499773697,0.2561395601466649,0.1818821898759654,1.0,False,False,-0.1559096299944839,0.2842929377496286,1818
769f92009581bbe23e6b,D1,2018,2018-12-18,2018-12-18,Borussia Mönchengladbach,1. FC Nürnberg,2,0,3.053863812895065,0.6943789064668694,0.6988686743830285,0.1784694326121199,0.1226618930048513,2,0,4,2.380770230533028,0.1375773536402601,0.2729516696979315,-0.4990333409141776,0.7821690578911,-0.5563592317745114,0.0445653944933312,0.0,0.0,15.0,15.0,0.0544751037401686,-0.0657791873009809,0.6988686743830287,0.1784694326121199,0.1226618930048513,1.0,False,False,-0.1559096299944839,0.2842929377496286,1818
e00c115ab493b3e2a70f,D1,2018,2018-12-18,2018-12-18,Fortuna Düsseldorf,Borussia Dortmund,2,1,1.0015005807130866,2.941696678226272,0.1360976770222384,0.209215126537081,0.6546871964406806,0,2,0,3.128901833438815,1.218713518001658,-0.1147446273910483,0.6317190645045271,0.0019145306390387,0.4979250148235392,-0.0113723186663105,0.0,0.0,15.0,15.0,-0.0436290318976467,0.0694777537533206,0.1360976770222384,0.209215126537081,0.6546871964406806,1.0,False,False,-0.1559096299944839,0.2842929377496286,1818
12b432e7d347c6821bc6,D1,2018,2018-12-19,2018-12-18,FC Schalke 04,Bayer 04 Leverkusen,1,2,1.5594463695043588,1.1484127672834383,0.3858653635461462,0.280666763193765,0.3334678732600888,2,1,0,2.4375892329504847,0.6719309867226935,-0.1044922031998646,-0.0117759405952369,0.0672611114254504,-0.1914328153552092,0.1068283699830892,-0.4150357485590422,0.0,15.0,15.0,-0.0045190047910701,-0.0012944023986849,0.3858653635461461,0.280666763193765,0.3334678732600888,1.0,False,False,-0.1559096299944839,0.2842929377496286,1818
9df0e4ae2e00a14cc10c,D1,2018,2018-12-19,2018-12-18,1. FSV Mainz 05,Eintracht Frankfurt,2,2,1.2028805537680065,1.2435918526790086,0.2992298326163047,0.2703933601578006,0.4303768072258948,0,1,0,3.176299205023756,0.8070885378273616,-0.0968744709765325,0.2424488241409682,-0.0403396776499441,0.1318285172308482,-0.1245919703596998,-0.4328640822962787,0.0,15.0,15.0,-0.0280394868226866,0.0353182044809084,0.2992298326163047,0.2703933601578006,0.4303768072258948,1.0,False,False,-0.1559096299944839,0.2842929377496286,1818
a45dbbf831b235ff6134,D1,2018,2018-12-19,2018-12-18,Bayern München,RB Leipzig,1,0,2.6405099667337,0.920576227917502,0.6931803963318468,0.1859810585827455,0.1208385450854078,2,0,2,2.7957431998184634,0.1433291773249993,0.4390785540083649,0.2307904459538585,0.1132446804831812,-0.0997173942737497,0.1357843902565397,0.8952218486687865,0.0,15.0,15.0,0.0391575526159705,-0.0056641026178593,0.6931803963318467,0.1859810585827455,0.1208385450854078,1.0,False,False,-0.1559096299944839,0.2842929377496286,1818
aeb5f64ef63e8ea7aab9,D1,2018,2018-12-19,2018-12-18,SC Freiburg,Hannover 96,1,1,1.6461504835617995,1.100146734937525,0.4994788430058036,0.2594259535269477,0.2410952034672487,2,1,0,2.087730733567843,0.856055930054801,-0.1353473262593534,-0.3959296058577969,0.1547924787267473,-0.4409004077533768,-0.0559175079144738,0.0,0.0,15.0,15.0,0.0034658722712308,-0.0300297188770883,0.4994788430058035,0.2594259535269477,0.2410952034672487,1.0,False,False,-0.1559096299944839,0.2842929377496286,1818
b3703c813e24c92f28d6,D1,2018,2018-12-19,2018-12-18,SV Werder Bremen,TSG 1899 Hoffenheim,1,1,1.6040437748730156,1.8218363586229012,0.2975095616732158,0.2378348555117583,0.464655582815026,1,2,0,2.2736083951292856,0.8853124574009427,-0.2082599333685457,0.1469374425157265,0.0016695616949278,0.1130860942945327,-0.0530514189127547,-0.6100658804542599,0.0,15.0,15.0,-0.0308254364082786,0.0277593118656376,0.2975095616732158,0.2378348555117583,0.4646555828150259,1.0,False,False,-0.1559096299944839,0.2842929377496286,1818
9522d0ef807076ae1a35,D1,2018,2018-12-21,2018-12-18,Borussia Dortmund,Borussia Mönchengladbach,2,1,2.418669251491655,1.1836578350911948,0.6160794609801854,0.2110317868899101,0.1728887521299047,2,1,4,2.38884301339944,0.221819915972249,0.6317190645045271,0.2729516696979315,0.6066659096624977,-0.0900156608801049,0.2998005622463307,0.6954789251246398,0.0,15.0,15.0,0.0645143510778726,-0.0192808143677497,0.6160794609801853,0.21103178688991,0.1728887521299046,1.0,False,False,-0.1559096299944839,0.2842929377496286,1818
0e37445f5f845b60969c,D1,2018,2018-12-22,2018-12-18,RB Leipzig,SV Werder Bremen,3,2,2.3469961800315207,1.1138198559182373,0.6458124809387884,0.2037281201793898,0.1504593988818219,2,1,3,3.1544632836009185,0.1895919763224432,0.2307904459538585,-0.2082599333685457,0.6115166865510312,-0.0601352648038799,0.0357896619761624,0.9019994017633992,0.0,15.0,15.0,0.0352815243626212,-0.0341549987333556,0.6458124809387884,0.2037281201793898,0.1504593988818219,1.0,False,False,-0.1559096299944839,0.2842929377496286,1818
4e2f9cfc5c393e21ee7f,D1,2018,2018-12-22,2018-12-18,1. FC Nürnberg,SC Freiburg,0,1,1.1269781582898064,1.5405850473559453,0.3591441684173959,0.2893179308447597,0.3515379007378443,2,1,0,2.6746160027891333,0.633192492995998,-0.4990333409141776,-0.1353473262593534,-0.2303882243917316,-0.3833308571447087,-0.0519978337265603,0.0,0.0,15.0,15.0,-0.0457358594647781,0.0140168261061015,0.3591441684173959,0.2893179308447597,0.3515379007378443,1.0,False,False,-0.1559096299944839,0.2842929377496286,1818
8f65141e01569d632f63,D1,2018,2018-12-22,2018-12-18,Bayer 04 Leverkusen,Hertha BSC,3,1,1.7833091081976489,1.1130657705264486,0.5606905650389679,0.2319756078724755,0.2073338270885565,2,1,2,2.757807403805733,0.2897927781487733,-0.0117759405952369,-0.0526598231707397,0.1510741530492337,-0.1447574044200049,0.0314106333440775,0.0,0.0,15.0,15.0,0.0030259287662171,-0.006247716954516,0.5606905650389679,0.2319756078724756,0.2073338270885565,1.0,False,False,-0.1559096299944839,0.2842929377496286,1818
ac3464cbe803874f7060,D1,2018,2018-12-22,2018-12-18,Hannover 96,Fortuna Düsseldorf,0,1,1.9597305303995476,1.1614893507760982,0.4257385264518847,0.2780449076733509,0.2962165658747644,2,1,0,2.977021319878701,0.7538733857376142,-0.3959296058577969,-0.1147446273910483,-0.1881176615702157,-0.4912159645242383,0.0347801727453588,0.0,0.0,15.0,15.0,-0.0321167205789593,0.006583008916517,0.4257385264518847,0.2780449076733509,0.2962165658747644,1.0,False,False,-0.1559096299944839,0.2842929377496286,1818
b7170894ab57067b9a76,D1,2018,2018-12-22,2018-12-18,Eintracht Frankfurt,Bayern München,0,3,0.9654429792373798,2.0667488648277055,0.1631624175080281,0.2034585146474967,0.6333790678444753,1,2,2,2.6130285615810576,0.2024282495642156,0.2424488241409682,0.4390785540083649,0.3512107475745233,0.4245497763787395,-0.2355519389562698,-1.579319193708814,0.0,15.0,15.0,-0.0094866422341349,0.0435630111416015,0.1631624175080281,0.2034585146474967,0.6333790678444752,1.0,False,False,-0.1559096299944839,0.2842929377496286,1818
e8b0a00f110436c04252,D1,2018,2018-12-22,2018-12-18,Stuttgart,FC Schalke 04,1,3,0.997463311623736,1.235930874884691,0.3077563624139143,0.2923002939990651,0.3999433435870207,0,1,2,3.38200196284717,0.5402214313837086,-0.0278415991905003,-0.1044922031998646,0.1313036404441946,-0.2159803222483809,-0.2070620915983348,-0.4791120515834998,0.0,15.0,15.0,-0.0079126543389735,0.0012959642194552,0.3077563624139143,0.2923002939990651,0.3999433435870206,1.0,False,False,-0.1559096299944839,0.2842929377496286,1818
53ac4fdf980085790987,D1,2018,2018-12-23,2018-12-18,TSG 1899 Hoffenheim,1. FSV Mainz 05,1,1,2.151186982546046,0.9470080794663392,0.6430279298853974,0.2043999517326045,0.1525721183819981,2,1,0,2.3361041923200596,1.069742606723352,0.1469374425157265,-0.0968744709765325,0.0795087990830202,-0.0853130280957732,0.1619343853545159,0.8250279060271671,0.0,15.0,15.0,0.027634187068125,-0.0251310384911653,0.6430279298853974,0.2043999517326045,0.1525721183819981,1.0,False,False,-0.1559096299944839,0.2842929377496286,1818
67ddb995b8648f7bab81,D1,2018,2018-12-23,2018-12-18,FC Augsburg,VfL Wolfsburg,2,3,1.3254241102362403,1.1356064699684605,0.3668715448278855,0.2917228482034935,0.341405606968621,1,1,0,3.868274790825731,0.6534435251007282,-0.324958223524988,0.2443958017153928,-0.1847766366161249,0.2429195789506172,0.0514382404043277,0.0,0.0,15.0,15.0,-0.042143700418052,0.0381155793275723,0.3668715448278855,0.2917228482034935,0.3414056069686209,1.0,False,False,-0.1559096299944839,0.2842929377496286,1818
e02c89c78e4abcf083bd,D1,2018,2019-01-18,2019-01-15,TSG 1899 Hoffenheim,Bayern München,1,3,1.1575585899246832,2.181345213342972,0.1553605078961571,0.2009961732920947,0.6436433188117481,1,2,2,2.563020061869425,0.1915264333193231,-0.0187919310589413,0.5433708832818882,0.0024009698679339,0.4938849003819001,-0.1238568061154685,-1.014790283152789,0.0,17.0,17.0,-0.0352405775757619,0.0614695251869093,0.1553605078961571,0.2009961732920947,0.6436433188117482,1.0,False,False,-0.1470318781312624,0.2755166070331823,1836
350c267786fbf79940cd,D1,2018,2019-01-19,2019-01-15,Stuttgart,1. FSV Mainz 05,2,3,1.1417277475362078,1.097886321052048,0.3983921306288003,0.288757327351644,0.3128505420195557,1,0,0,4.218459027428967,0.714271461449038,-0.2189402684781622,-0.0645871169109156,-0.0690659797376597,-0.1294934679193608,-0.0552626958671347,0.2072449652464114,0.0,17.0,17.0,-0.0214278057956271,0.0072514365261732,0.3983921306288003,0.2887573273516439,0.3128505420195558,1.0,False,False,-0.1470318781312624,0.2755166070331823,1836
81027ba3af4bf90648b5,D1,2018,2019-01-19,2019-01-15,RB Leipzig,Borussia Dortmund,0,1,1.7304528345722758,1.7129052199717587,0.3789839857182666,0.2749127426024288,0.3461032716793046,2,1,0,3.265625165412762,0.6467868087846018,0.2131687466882101,0.4473495124425329,0.658361184405901,0.311331510137789,-0.0942986590566525,-0.3920245147822001,0.0,17.0,17.0,-0.0057655339061382,0.0387914468626754,0.3789839857182666,0.2749127426024288,0.3461032716793046,1.0,False,False,-0.1470318781312624,0.2755166070331823,1836
88d4a746a92521170309,D1,2018,2019-01-19,2019-01-15,Eintracht Frankfurt,SC Freiburg,3,1,1.7387690814143686,0.9439470488412012,0.578194049280921,0.2410972470514658,0.1807087036676131,1,0,2,2.8124397732849604,0.2687037781790509,-0.0439292771092257,0.0068879331489218,0.0918540343796238,-0.1343768772675261,0.000420833647407,0.7948319204839017,0.0,17.0,17.0,-0.0047162826859983,0.0028642154879831,0.5781940492809211,0.2410972470514658,0.1807087036676132,1.0,False,False,-0.1470318781312624,0.2755166070331823,1836
9218f6ec366da600da32,D1,2018,2019-01-19,2019-01-15,Bayer 04 Leverkusen,Borussia Mönchengladbach,0,1,1.7258539363275625,1.4148468142582262,0.4771643004322292,0.2516866538878003,0.2711490456799706,2,1,0,3.190236220441278,0.8222556549654336,0.2500810051434298,0.1927403629697947,0.2600098201271458,-0.1943475656344729,0.0158102741017878,0.3128074497529706,0.0,17.0,17.0,0.0161615960709426,0.0059794723347185,0.477164300432229,0.2516866538878003,0.2711490456799705,1.0,False,False,-0.1470318781312624,0.2755166070331823,1836
e24455ac7f9b729d1160,D1,2018,2019-01-19,2019-01-15,FC Augsburg,Fortuna Düsseldorf,1,2,1.8224122011876696,1.046113237934462,0.5010487735504812,0.2644438755096998,0.2345073509398191,2,1,0,2.7100658499304195,0.9069594325362044,-0.3946129659989126,0.2566279320130258,-0.2520275266322204,-0.2195641107483845,0.066587153178257,0.0,0.0,17.0,17.0,-0.0489633355416297,0.0420640838423353,0.501048773550481,0.2644438755096997,0.2345073509398191,1.0,False,False,-0.1470318781312624,0.2755166070331823,1836
ed6fe518f10a5c223acf,D1,2018,2019-01-19,2019-01-15,Hannover 96,SV Werder Bremen,0,1,1.404995757383619,1.5728546189822652,0.3060469961543838,0.2669460745745576,0.4270069292710585,1,2,3,2.6882886423316763,0.4932460296892684,-0.3855204457598434,-0.2855036454220277,-0.3149357408322402,-0.2066325213289671,-0.093334613729894,0.0,0.0,17.0,17.0,-0.0289435929913776,-0.0046076115677158,0.3060469961543838,0.2669460745745576,0.4270069292710586,1.0,False,False,-0.1470318781312624,0.2755166070331823,1836
202d6cc90ff8c3163fd8,D1,2018,2019-01-20,2019-01-15,1. FC Nürnberg,Hertha BSC,1,3,0.8965392300084425,1.6929971454690214,0.2853788104862506,0.2828497149846575,0.4317714745290921,0,1,2,3.144055243788675,0.4843286839002915,-0.5492704506887666,-0.1907356566162807,-0.309500142496488,-0.2955286152561733,-0.0328942173461302,0.0,0.0,17.0,17.0,-0.0470349731053691,0.0100346677401167,0.2853788104862504,0.2828497149846575,0.4317714745290921,1.0,False,False,-0.1470318781312624,0.2755166070331823,1836
8f50e02e7a0cf888d5d7,D1,2018,2019-01-20,2019-01-15,FC Schalke 04,VfL Wolfsburg,2,1,1.5216058070941163,0.9981730737734238,0.4348673443527256,0.2958766381397652,0.2692560175075091,1,0,3,2.4656130724126815,0.4794167064398343,0.0228747723631886,0.4387396056583039,-0.1021247696807964,0.3826732316659219,0.1330484443184237,0.0,0.0,17.0,17.0,-0.0129970808306751,0.0360777997317497,0.4348673443527256,0.2958766381397652,0.2692560175075091,1.0,False,False,-0.1470318781312624,0.2755166070331823,1836
c68a1bdc16723a8095a7,D1,2018,2019-01-25,2019-01-22,Hertha BSC,FC Schalke 04,2,2,1.280209098702404,1.232036669119986,0.3664152173566332,0.2959456621572133,0.3376391204861535,1,1,3,3.0042135124885707,0.7439527978284167,0.0430933360224086,0.135365774633016,0.126068586336217,0.0157547752753054,0.0147547552609533,0.0,0.0,18.0,18.0,-0.0017212173663622,0.0106441728991335,0.3664152173566332,0.2959456621572132,0.3376391204861534,1.0,False,False,-0.1245552615055825,0.264871146363499,1836
6ef0b0966eaac11ba0bb,D1,2018,2019-01-26,2019-01-22,Borussia Dortmund,Hannover 96,5,1,3.1289538672817923,0.7497611984196603,0.8188135480108288,0.1217856952900736,0.0594007566990975,2,0,2,3.2642635812306624,0.0511887358581362,0.4868921461415047,-0.4133900362832119,0.6109555505942982,-0.3843974665552708,0.0318983983324636,0.0,0.0,18.0,18.0,0.0709536363449342,-0.0672785308520196,0.8188135480108286,0.1217856952900737,0.0594007566990975,1.0,False,False,-0.1245552615055825,0.264871146363499,1836
844138611258c484cedc,D1,2018,2019-01-26,2019-01-22,SC Freiburg,TSG 1899 Hoffenheim,2,4,1.2552119710786194,1.7261333122447309,0.2693712331725885,0.2500332967331897,0.4805954700942217,1,2,2,4.194148134630976,0.4048585764228308,-0.1310169477380858,-0.1955094183111048,0.1276410218041613,0.0934278000831691,-0.0698510165987959,-1.017106522942813,0.0,18.0,18.0,-0.0068187746881931,-0.0095075436142663,0.2693712331725886,0.2500332967331897,0.4805954700942218,1.0,False,False,-0.1245552615055825,0.264871146363499,1836
a47c28a8e9af66bd5738,D1,2018,2019-01-26,2019-01-22,Borussia Mönchengladbach,FC Augsburg,2,0,2.0230856359803133,0.91615739855213,0.5871979624195502,0.2349434101998918,0.177858627380558,2,1,2,2.2750164230356136,0.2572376195606218,0.2713977898874836,-0.4442195043680772,0.7744045490759544,-0.3059529966512909,0.0407508858351361,0.8000784087982986,0.0,18.0,18.0,0.051388298498909,-0.0600293842229387,0.5871979624195501,0.2349434101998918,0.177858627380558,1.0,False,False,-0.1245552615055825,0.264871146363499,1836
beb8e10939ce234df8d7,D1,2018,2019-01-26,2019-01-22,1. FSV Mainz 05,1. FC Nürnberg,2,1,2.1574062249136587,0.6792420007091533,0.5693066463127471,0.2487395980205425,0.1819537556667104,2,0,2,2.59110267064579,0.2804753217350152,0.0669324290474932,-0.5872533335402085,-0.0926002384705252,-0.566383224549051,0.0156508858635435,0.0,0.0,18.0,18.0,0.0368384538749369,-0.0628544990995726,0.569306646312747,0.2487395980205424,0.1819537556667104,1.0,False,False,-0.1245552615055825,0.264871146363499,1836
de71404115c4a93cd6bc,D1,2018,2019-01-26,2019-01-22,VfL Wolfsburg,Bayer 04 Leverkusen,0,3,1.507207926219769,1.3630551419148167,0.3581399505881132,0.2730958843685863,0.3687641650433005,1,2,2,3.618546879487031,0.601304265599798,0.2594648919505178,0.1113310407117462,0.0495993389047932,0.0230438711610314,-0.025450363719648,0.0,0.0,18.0,18.0,0.019107418973482,-0.0005676223403688,0.3581399505881132,0.2730958843685862,0.3687641650433005,1.0,False,False,-0.1245552615055825,0.264871146363499,1836
f54f18ac92e3a1a140b9,D1,2018,2019-01-26,2019-01-22,SV Werder Bremen,Eintracht Frankfurt,2,2,1.5966777932827223,1.3803392097848322,0.3751052257843831,0.2644563832361187,0.3604383909794982,2,1,0,2.80536685091592,0.8116441762647341,-0.0574404912010162,0.0934121428468949,-0.0213416731096063,0.0453206844809516,0.0388180997967117,-0.4826547467992944,0.0,18.0,18.0,-0.0084737512726107,0.0102723338549047,0.375105225784383,0.2644563832361187,0.3604383909794982,1.0,False,False,-0.1245552615055825,0.264871146363499,1836
0a4f4a57fcc53374699f,D1,2018,2019-01-27,2019-01-22,Fortuna Düsseldorf,RB Leipzig,0,4,1.2371822937855137,1.9020354546620275,0.2369921573844132,0.2625735853540618,0.5004342572615251,1,2,2,3.7771252138089007,0.3746761017052493,0.3939186783556512,0.0109389532582117,0.1783388005811047,-0.2457326105776736,0.0,0.0,0.0,18.0,18.0,0.0388449201726545,-0.0186020385919613,0.2369921573844131,0.2625735853540618,0.500434257261525,1.0,False,False,-0.1245552615055825,0.264871146363499,1836
18cf758222b08272c7ee,D1,2018,2019-01-27,2019-01-22,Bayern München,Stuttgart,4,1,3.369235175770948,0.4991195099157652,0.8771851304066254,0.085004433057094,0.0378104365362806,3,0,3,2.901380987841545,0.0237388749436597,0.6186215990305161,-0.2734236927597781,0.2762963276663834,-0.4518096575164063,0.1460862232861912,1.5751384035998872,0.0,18.0,18.0,0.08283765570535,-0.0655777603918131,0.8771851304066254,0.085004433057094,0.0378104365362806,1.0,False,False,-0.1245552615055825,0.264871146363499,1836
08e6a0f1d8347039847b,D1,2018,2019-02-01,2019-01-29,Hannover 96,RB Leipzig,0,3,1.014908189380894,2.0305584409350703,0.1640568587958083,0.2171900815373044,0.6187530596668871,1,2,2,2.6757561689195155,0.2194354139494889,-0.5287455528715298,0.1545853185487099,-0.3788574594952743,0.0141402166249877,-0.1210119493094993,0.0,0.0,19.0,19.0,-0.0666544186800634,0.0479464069639224,0.1640568587958084,0.2171900815373044,0.6187530596668872,1.0,False,False,-0.1227012480702567,0.2562794723529848,1836
698a96b72298b3398707,D1,2018,2019-02-02,2019-01-29,1. FC Nürnberg,SV Werder Bremen,1,1,0.9839732760878144,2.007830534809811,0.2609289822537802,0.2568265780355138,0.4822444397107059,1,2,0,2.1058337417318933,0.8529503685262904,-0.5788786565989664,-0.0464611871380889,-0.4306729079458182,-0.0495924383550379,-0.0141639846182319,0.0,0.0,19.0,19.0,-0.0562730055339038,0.025006013347051,0.2609289822537802,0.2568265780355138,0.4822444397107059,1.0,False,False,-0.1227012480702567,0.2562794723529848,1836
743fd8fb82f5d8c69ad6,D1,2018,2019-02-02,2019-01-29,Bayer 04 Leverkusen,Bayern München,3,1,1.0517295977861056,2.2316031921217734,0.1736135901562177,0.217339062322129,0.6090473475216535,1,2,0,4.013901908301033,1.1010894379087195,0.3070521541228811,0.7165710659021219,0.1161612641968967,0.537914862094283,-0.2134288027634022,-0.6914238421603449,0.0,19.0,19.0,-0.0157947780209881,0.0669759390222382,0.1736135901562177,0.2173390623221289,0.6090473475216533,1.0,False,False,-0.1227012480702567,0.2562794723529848,1836
9ef5e7b4d5b46483bed0,D1,2018,2019-02-02,2019-01-29,FC Schalke 04,Borussia Mönchengladbach,0,2,1.3800971925481609,1.2491231996066985,0.3966080937739478,0.2822406367635805,0.3211512694624719,2,1,0,2.8846509732153525,0.6977933560401295,0.1150193440746253,0.355400819099735,0.0963064186036973,0.0206527984530183,-0.0087911874264227,-0.0787155674654739,0.0,19.0,19.0,-0.0067076659188453,0.0302286740775633,0.3966080937739478,0.2822406367635804,0.3211512694624718,1.0,False,False,-0.1227012480702567,0.2562794723529848,1836
d2aa63a49b72461cf1e7,D1,2018,2019-02-02,2019-01-29,Hertha BSC,VfL Wolfsburg,0,1,1.5122499807206469,1.1393924521099374,0.4070336684588318,0.2870669550928277,0.3058993764483407,2,1,0,2.6059382723241984,0.7298595195801241,0.0393250002972998,0.0800738530382055,0.0439103440091751,0.1533042097765443,0.044178508919255,0.0,0.0,19.0,19.0,0.0021377328237824,0.0038322098429928,0.4070336684588319,0.2870669550928276,0.3058993764483406,1.0,False,False,-0.1227012480702567,0.2562794723529848,1836
e266e8bd6f72b36a4669,D1,2018,2019-02-02,2019-01-29,TSG 1899 Hoffenheim,Fortuna Düsseldorf,1,1,2.8118753393715843,0.979961574415716,0.6607966999020474,0.1971387988177981,0.1420645012801546,2,0,0,2.443716095489948,1.1014207094891435,-0.0243049372711361,0.12688885998131,-0.1346977623585882,-0.0234037773178269,-0.0319233951813458,0.0,0.0,19.0,19.0,-0.0103711064852464,0.0155003026207551,0.6607966999020474,0.1971387988177981,0.1420645012801546,1.0,False,False,-0.1227012480702567,0.2562794723529848,1836
e55a1a7df7bbb96fe08d,D1,2018,2019-02-02,2019-01-29,Eintracht Frankfurt,Borussia Dortmund,1,1,1.3194941609448223,1.917489379151685,0.2918883423488921,0.264048679889671,0.444062977761437,1,2,0,2.1250152857725264,0.8240150781896745,0.0104916398349183,0.5516560194540985,0.2682821818111219,0.4121086708447283,-0.1179396050364254,-0.956038778490175,0.0,19.0,19.0,-0.0324306172410343,0.0605380002054852,0.2918883423488921,0.2640486798896709,0.4440629777614368,1.0,False,False,-0.1227012480702567,0.2562794723529848,1836
1e0cb02fc858f7b51012,D1,2018,2019-02-03,2019-01-29,Stuttgart,SC Freiburg,2,2,1.3332742019739354,1.1139431527814396,0.4329393831791823,0.2815374369538168,0.2855231798670008,1,0,0,3.1157683237980525,0.7851484502478253,-0.4172409471173967,-0.2207746450381782,-0.1504765147494464,-0.2235309140248721,0.1802970083436149,0.4567584024957149,0.0,19.0,19.0,-0.02167051204265,-0.0102302675651287,0.4329393831791823,0.2815374369538168,0.2855231798670009,1.0,False,False,-0.1227012480702567,0.2562794723529848,1836
594addd0cb7ae5581574,D1,2018,2019-02-03,2019-01-29,FC Augsburg,1. FSV Mainz 05,3,0,1.3161073184503038,1.1332024842870172,0.4356634142302309,0.2748137188670413,0.2895228669027279,1,0,2,3.311824945228719,0.4778218525753879,-0.4810205103229947,0.1715078281139973,-0.3272516272036962,0.050484355533157,-0.028542608828629,-0.0219263318653155,0.0,19.0,19.0,-0.0581045728794308,0.0426289387689809,0.4356634142302307,0.2748137188670413,0.2895228669027278,1.0,False,False,-0.1227012480702567,0.2562794723529848,1836
cfa706b65c045bcdb033,D1,2018,2019-02-08,2019-02-05,1. FSV Mainz 05,Bayer 04 Leverkusen,1,5,1.2537643980710345,1.5332171030337487,0.2534158554675331,0.2508204565311747,0.4957636880012922,1,2,2,5.052967256878084,0.3813847555549067,0.007919563762487,0.3846493546780058,0.0439522750000056,0.2313123329693385,0.0108969360246036,-1.0909595266859538,0.0,20.0,20.0,-0.0178956645564214,0.037524110478446,0.2534158554675331,0.2508204565311748,0.4957636880012921,1.0,False,False,-0.125559263037276,0.2557131851937015,1836
923f2884726e1913006a,D1,2018,2019-02-09,2019-02-05,Borussia Mönchengladbach,Hertha BSC,0,3,1.950567063016648,0.9540446090552608,0.5970205631248293,0.2288816911764396,0.1740977456987308,2,1,0,4.789014120473745,1.0909349150095935,0.420996739485037,-0.0882448483012434,0.7680350479728574,-0.0695573197573336,0.0252404956344944,0.0,0.0,20.0,20.0,0.0477739411452906,-0.0311363465861009,0.5970205631248293,0.2288816911764397,0.1740977456987309,1.0,False,False,-0.125559263037276,0.2557131851937015,1836
93e0d9860ba031e43d9c,D1,2018,2019-02-09,2019-02-05,RB Leipzig,Eintracht Frankfurt,0,0,2.0266296045838637,1.0480037772304156,0.5269700438598144,0.2464915120984473,0.2265384440417382,2,1,0,2.7912452755104695,0.8967921350941506,0.3359056985526195,-0.0542162460344935,0.3827755191237622,0.0378374384987416,0.0635288720535859,0.5640142637079749,0.0,20.0,20.0,0.0394778257596659,-0.0253933531337596,0.5269700438598143,0.2464915120984474,0.2265384440417382,1.0,False,False,-0.125559263037276,0.2557131851937015,1836
aecacf8bf1aca6d9cd21,D1,2018,2019-02-09,2019-02-05,Bayern München,FC Schalke 04,3,1,2.54557486319186,0.7050033268046854,0.7850808161876478,0.1425264609959494,0.0723927228164025,2,0,3,2.560782463713971,0.07174475397137,0.4511612176216264,-0.0857392982865744,0.3755820892423397,0.0102687433555881,0.2805182262072904,1.0829468593787894,0.0,20.0,20.0,0.0634289979868558,-0.0451579020201032,0.785080816187648,0.1425264609959495,0.0723927228164025,1.0,False,False,-0.125559263037276,0.2557131851937015,1836
b13ab0143b385496fdb1,D1,2018,2019-02-09,2019-02-05,Hannover 96,1. FC Nürnberg,2,0,1.7648450250125554,0.9156237159379986,0.4198731572668313,0.2888072794231179,0.2913195633100508,1,0,2,2.5257486162590768,0.5048238862744964,-0.5598935738453271,-0.4709006156965358,-0.4402498058934606,-0.5650729027990372,-0.0853740301753678,0.0,0.0,20.0,20.0,-0.0367130281084743,-0.0148266813686188,0.4198731572668311,0.2888072794231178,0.2913195633100509,1.0,False,False,-0.125559263037276,0.2557131851937015,1836
c83b0a68ca520542ec0c,D1,2018,2019-02-09,2019-02-05,Borussia Dortmund,TSG 1899 Hoffenheim,3,3,2.4808989646224147,1.291087358459234,0.5642834692568324,0.227879458333589,0.2078370724095787,2,1,0,3.732717230778733,0.9577822132075428,0.3930347624683093,-0.0426494729660525,0.65011488202415,0.2728879319490626,0.0169123926314403,0.7337641760312639,0.0,20.0,20.0,0.0422815695267055,-0.0247623050515927,0.5642834692568323,0.227879458333589,0.2078370724095787,1.0,False,False,-0.125559263037276,0.2557131851937015,1836
d64ab7ced16be19c353c,D1,2018,2019-02-09,2019-02-05,SC Freiburg,VfL Wolfsburg,3,3,1.2350112815656538,1.3289302061934296,0.3402679609121388,0.2901667074556496,0.3695653316322116,0,1,0,4.685920065783284,0.7562241227720848,-0.2038205206318454,0.1856029373311158,-0.0319589197670681,0.2824732891439607,-0.1184310459070364,0.0,0.0,20.0,20.0,-0.0355837512250921,0.0346728720600556,0.3402679609121388,0.2901667074556496,0.3695653316322116,1.0,False,False,-0.125559263037276,0.2557131851937015,1836
7123f8b18e0561d44de5,D1,2018,2019-02-10,2019-02-05,SV Werder Bremen,FC Augsburg,4,0,1.6958522058212089,1.1976567123684154,0.5449369502419441,0.2398573858044328,0.2152056639536231,2,1,2,3.8241969347774014,0.3109274225777592,-0.0608250280884534,-0.1821895008661299,-0.0402186026051592,-0.367595605491212,-0.039353649068906,0.0845900683006194,0.0,20.0,20.0,0.0010592897810158,-0.013210016228745,0.5449369502419441,0.2398573858044328,0.2152056639536231,1.0,False,False,-0.125559263037276,0.2557131851937015,1836
ca3fc4134dddb3156331,D1,2018,2019-02-10,2019-02-05,Fortuna Düsseldorf,Stuttgart,3,0,1.4674884832818418,1.175176286690773,0.4497531410552097,0.279545834278919,0.2707010246658712,2,1,2,3.2230831480404603,0.4541965239964574,0.0813801445291795,-0.3416182222339634,-0.0433294668224552,-0.5234656254862078,0.0,0.0,0.0,20.0,20.0,0.0252189255646161,-0.0382308294498553,0.4497531410552097,0.2795458342789191,0.2707010246658712,1.0,False,False,-0.125559263037276,0.2557131851937015,1836
a12e7443c3db785042c6,D1,2018,2019-02-15,2019-02-12,FC Augsburg,Bayern München,2,3,0.7967401796225386,2.451399637342536,0.077554484884985,0.1429727386133172,0.7794727765016978,0,2,2,3.428404866696722,0.0750881584162374,-0.2822308605253762,0.5061818490764266,-0.0593621838788135,0.3279737693254916,-0.3232054380069638,-1.8043097007116145,0.0,21.0,21.0,-0.0696924504067071,0.0808899998342596,0.077554484884985,0.1429727386133172,0.7794727765016977,1.0,False,False,-0.1311224001459912,0.2521482329098016,1836
12f51cf114107738c60b,D1,2018,2019-02-16,2019-02-12,VfL Wolfsburg,1. FSV Mainz 05,3,0,1.5973782956016769,0.9972533918576404,0.5546348203982451,0.2363415820104151,0.2090235975913399,1,0,2,2.8732903310826043,0.2978983509389156,0.0927484770272591,-0.1831303921286058,-0.1121420979015904,-0.0913602697023972,0.0,0.0,0.0,21.0,21.0,0.0184313673091562,-0.0229504630642235,0.5546348203982449,0.2363415820104151,0.2090235975913399,1.0,False,False,-0.1311224001459912,0.2521482329098016,1836
2a958cd2cdef3a299ba0,D1,2018,2019-02-16,2019-02-12,FC Schalke 04,SC Freiburg,0,0,1.8014552763284213,0.9041656564849284,0.5530196150162167,0.2581070375100211,0.1888733474737621,1,0,0,2.5094841644616688,0.8919090037707861,-0.2070023406137255,-0.1665419006936368,-0.0342932503813367,-0.2461932210688814,0.0072203306181983,0.9489499467168128,0.0,21.0,21.0,-0.0120121224957807,-0.0066650895695873,0.5530196150162168,0.2581070375100212,0.1888733474737622,1.0,False,False,-0.1311224001459912,0.2521482329098016,1836
3a106c0d71e473112a4c,D1,2018,2019-02-16,2019-02-12,Hertha BSC,SV Werder Bremen,1,1,1.623775991191289,1.3097537964859145,0.3993672247844262,0.2737302578933331,0.3269025173222408,2,1,0,2.0511908636309517,0.7938271743633168,0.0765360738754936,0.1591969751562934,-0.1245949642715283,-0.1001906052175919,-0.1457463606699398,0.0,0.0,21.0,21.0,-0.0075935594037623,0.0193802118553516,0.399367224784426,0.273730257893333,0.3269025173222409,1.0,False,False,-0.1311224001459912,0.2521482329098016,1836
630b579925e82aab15b7,D1,2018,2019-02-16,2019-02-12,TSG 1899 Hoffenheim,Hannover 96,3,0,2.63686604762425,0.9227421989019468,0.7267023683452595,0.1663156919868339,0.1069819396679066,2,0,2,2.4469899435508844,0.1137976402842572,-0.0576981441861365,-0.2630546899199695,-0.1131527926665646,-0.4481092040465579,0.0986296019036997,0.0,0.0,21.0,21.0,0.0123144001725698,-0.0283520418778751,0.7267023683452593,0.1663156919868339,0.1069819396679066,1.0,False,False,-0.1311224001459912,0.2521482329098016,1836
bf3b4557f34a282b01de,D1,2018,2019-02-16,2019-02-12,Stuttgart,RB Leipzig,1,3,0.930831793487286,1.86843310363545,0.1936742311895375,0.2319451374742291,0.5743806313362335,0,1,2,2.797149290373927,0.2724601016065406,-0.4698685962421256,0.2127324116735821,-0.1461524788947674,0.200637798098202,-0.1275992387583114,-0.9020877816961616,0.0,21.0,21.0,-0.0640034421458072,0.05114663291738,0.1936742311895375,0.231945137474229,0.5743806313362335,1.0,False,False,-0.1311224001459912,0.2521482329098016,1836
118f72ca373ab243fa0f,D1,2018,2019-02-17,2019-02-12,Bayer 04 Leverkusen,Fortuna Düsseldorf,2,0,2.516313232954712,0.9945784383650326,0.6668576807260592,0.2000683368550419,0.1330739824188988,2,1,2,2.399059910736728,0.1687198290999882,0.5045795437670076,0.275852906061707,0.2313695430212088,-0.0419102195949347,0.0844000921332565,0.0,0.0,21.0,21.0,0.0408853136802782,-0.0018636911888425,0.6668576807260592,0.200068336855042,0.1330739824188988,1.0,False,False,-0.1311224001459912,0.2521482329098016,1836
ab101e7190c1ee5005c2,D1,2018,2019-02-17,2019-02-12,Eintracht Frankfurt,Borussia Mönchengladbach,1,1,1.375786709640726,1.3450278173929118,0.4133641631741451,0.2659179262588442,0.3207179105670106,2,1,0,2.0651926296750815,0.812606400543246,-0.0471309593208038,0.2158988731812571,0.1973700855295408,0.1898174728207944,-0.0372618528548689,-0.232833593698385,0.0,21.0,21.0,-0.0173711322338866,0.0258095279269093,0.4133641631741452,0.2659179262588442,0.3207179105670106,1.0,False,False,-0.1311224001459912,0.2521482329098016,1836
11b744a0ae4ad50c9427,D1,2018,2019-02-18,2019-02-12,1. FC Nürnberg,Borussia Dortmund,0,0,0.7055562479907189,2.966061372215016,0.1293666645913924,0.195567980536188,0.6750653548724196,0,2,0,3.004240916499027,1.1195598411951542,-0.522963787051597,0.2595974026592426,-0.4194338568854031,0.3153560396142529,-0.2026609571818174,0.0,0.0,21.0,21.0,-0.0754092966972127,0.0622409774775949,0.1293666645913924,0.195567980536188,0.6750653548724196,1.0,False,False,-0.1311224001459912,0.2521482329098016,1836
02af14eea6c00d0c934d,D1,2018,2019-02-22,2019-02-19,SV Werder Bremen,Stuttgart,1,1,2.036629542733715,0.939509097510262,0.6068991059637638,0.2228658338997383,0.170235060136498,2,1,0,2.2435439388715004,1.001244012639642,0.0677719981566018,-0.4954318982582644,0.115933701236301,-0.5588769972232446,-0.0387344461409897,-0.1445812288111075,0.0,22.0,22.0,0.0296120724215239,-0.050995067426607,0.6068991059637637,0.2228658338997383,0.170235060136498,1.0,False,False,-0.1480853510551211,0.2591638375499095,1836
094a87fcf63b17cfa93e,D1,2018,2019-02-23,2019-02-19,Bayern München,Hertha BSC,1,0,2.891705959506172,0.708806802747702,0.7988470426552226,0.1378883228009211,0.0632646345438563,2,0,2,2.6619003880194994,0.0634781157973685,0.5285249229803306,0.0032770727657548,0.4408668834014073,0.1553483020505902,0.0135799640832922,0.0,0.0,22.0,22.0,0.0533676368639099,-0.0267775370766056,0.7988470426552226,0.1378883228009211,0.0632646345438563,1.0,False,False,-0.1480853510551211,0.2591638375499095,1836
b06541123b0f26f10499,D1,2018,2019-02-23,2019-02-19,Fortuna Düsseldorf,1. FC Nürnberg,2,1,1.8730966371178273,0.7967988716895561,0.548212784737897,0.254578559172726,0.1972086560893771,1,0,3,2.446867030093959,0.3078131847013251,0.1129950813274504,-0.4250316712802738,0.1735492026359895,-0.600216643717881,-0.1833081974769208,0.0,0.0,22.0,22.0,0.0233856818229126,-0.0389875113205538,0.5482127847378968,0.2545785591727259,0.1972086560893771,1.0,False,False,-0.1480853510551211,0.2591638375499095,1836
d2a4eba0e0288046d3e6,D1,2018,2019-02-23,2019-02-19,1. FSV Mainz 05,FC Schalke 04,3,0,1.0909055220643449,1.2902008778127927,0.3378740275700468,0.2863015468925601,0.3758244255373931,0,1,0,3.7735075131629814,0.6616233779498955,-0.3030585246624358,-0.1724667946104748,-0.1167745840803223,-0.1081877318253142,-0.1926709502718886,-0.6994365094675093,0.0,22.0,22.0,-0.0313160602493142,0.0075397942856687,0.3378740275700467,0.2863015468925601,0.3758244255373931,1.0,False,False,-0.1480853510551211,0.2591638375499095,1836
e5702c1e67b3606e9295,D1,2018,2019-02-23,2019-02-19,Borussia Mönchengladbach,VfL Wolfsburg,0,3,1.7691242949464716,1.042608533880672,0.5351608117236092,0.2593664397121252,0.2054727485642656,2,1,0,4.479342380710874,0.9849415977276386,0.1109718353699689,0.2651229333804405,0.4404192142180263,0.2323821048731097,-0.0241567397566476,0.0,0.0,22.0,22.0,-0.0033668001198575,0.0221715385573779,0.5351608117236092,0.2593664397121252,0.2054727485642656,1.0,False,False,-0.1480853510551211,0.2591638375499095,1836
f05acb923beebfa9156c,D1,2018,2019-02-23,2019-02-19,SC Freiburg,FC Augsburg,5,1,1.4190365740593949,1.2356273537822369,0.4396247843112693,0.2771316824055144,0.2832435332832162,2,1,2,5.372479123477331,0.4710492508978627,-0.2027578530185287,-0.3319726720972641,-0.0857252064690624,-0.4543818611372742,-0.0058850242865097,-0.2275871053839878,0.0,22.0,22.0,-0.0039714029113151,-0.0227651233444744,0.4396247843112693,0.2771316824055144,0.2832435332832163,1.0,False,False,-0.1480853510551211,0.2591638375499095,1836
210893b8131f592147e7,D1,2018,2019-02-24,2019-02-19,Borussia Dortmund,Bayer 04 Leverkusen,3,2,2.229589281384065,1.2992920245296318,0.523395387514259,0.2381979985289026,0.2384066139568385,2,1,3,3.173465761170826,0.3407279567242235,0.1534487530848028,0.5500027906722302,0.4671745795683193,0.3419948624271439,0.2196352399355852,0.4103977350388194,0.0,22.0,22.0,-0.0011735022283519,0.0363460794162036,0.5233953875142588,0.2381979985289027,0.2384066139568384,1.0,False,False,-0.1480853510551211,0.2591638375499095,1836
ac9124fb2743352004e5,D1,2018,2019-02-24,2019-02-19,Hannover 96,Eintracht Frankfurt,0,3,1.0754198952381404,1.5888101279572813,0.2140718213796236,0.2472463914148691,0.5386817872055074,1,2,2,2.941097716322314,0.3197720162323689,-0.3686232519447746,-0.041318648122113,-0.2283888647372055,0.0316986672418326,-0.2162657354800825,0.0,0.0,22.0,22.0,-0.0456096795623759,0.0251125845590315,0.2140718213796235,0.2472463914148691,0.5386817872055073,1.0,False,False,-0.1480853510551211,0.2591638375499095,1836
4e6e2c7232bd98715ed1,D1,2018,2019-02-25,2019-02-19,RB Leipzig,TSG 1899 Hoffenheim,1,1,2.0436582210993643,1.3657565324660426,0.525835646758734,0.2350858472776094,0.2390785059636565,2,1,0,2.2694211880149484,0.9187553204510026,0.3740724574606873,0.1417062508072033,0.2511813826178247,0.2212041629769224,-0.1322470935603494,0.3417396612490636,0.0,22.0,22.0,0.023709578527691,0.0020793568857034,0.5258356467587341,0.2350858472776094,0.2390785059636564,1.0,False,False,-0.1480853510551211,0.2591638375499095,1836
57998bc424117db6aa45,D1,2018,2019-03-01,2019-02-26,FC Augsburg,Borussia Dortmund,2,1,1.145670120316109,2.1432189545605516,0.1604429330044755,0.221869782618548,0.6176872843769763,1,2,0,3.071692996631333,1.135619850462333,-0.4251591093895135,0.245794962082866,-0.2126278046915805,0.1958747998925416,-0.0973791013544813,-1.5232835935900888,0.0,23.0,23.0,-0.0596746141108187,0.0507064067454863,0.1604429330044755,0.221869782618548,0.6176872843769764,1.0,False,False,-0.1517946717460598,0.255966361304041,1836
1dcb798d54ace5c596be,D1,2018,2019-03-02,2019-02-26,FC Schalke 04,Fortuna Düsseldorf,0,4,1.8192834903999,0.9100560716876324,0.5151652520712605,0.2612212510863719,0.2236134968423676,1,0,0,6.0011373390325495,0.936407781246111,-0.2943107985960775,0.209294650370732,-0.0876401404045579,-0.1443625109949402,0.1194374213105071,0.0,0.0,23.0,23.0,-0.033923941312619,0.0296731339013517,0.5151652520712605,0.2612212510863718,0.2236134968423676,1.0,False,False,-0.1517946717460598,0.255966361304041,1836
241248ea197d81620b1f,D1,2018,2019-03-02,2019-02-26,Hertha BSC,1. FSV Mainz 05,2,1,1.5613920371642958,1.0044928056718054,0.5197428863292173,0.2634241890320837,0.2168329246386989,1,0,3,2.292818162096093,0.3470557158059738,-0.0977604199978791,-0.0328862575141989,-0.1650325635060184,-0.2077204308427756,-0.0916796166902721,0.0,0.0,23.0,23.0,-0.0127157099585915,0.0061833760829876,0.5197428863292174,0.2634241890320837,0.2168329246386989,1.0,False,False,-0.1517946717460598,0.255966361304041,1836
6a6408eeacf87e2b6247,D1,2018,2019-03-02,2019-02-26,Bayer 04 Leverkusen,SC Freiburg,2,0,2.30162588584692,1.027741250670674,0.6616168789297954,0.2033919094460246,0.13499121162418,2,1,2,2.331786840978059,0.1740940326690768,0.3507380164394607,0.0460791951773605,0.3860464207504535,-0.1979869905024074,0.0693498023008025,1.3404729639352573,0.0,23.0,23.0,0.0362373320001181,-0.0163964714192771,0.6616168789297954,0.2033919094460246,0.13499121162418,1.0,False,False,-0.1517946717460598,0.255966361304041,1836
7cdb06441e4d5bd9300c,D1,2018,2019-03-02,2019-02-26,Eintracht Frankfurt,TSG 1899 Hoffenheim,3,2,1.5926152233058577,1.4951814792641818,0.4120525540416856,0.2548203563871154,0.333127089571199,2,1,3,3.3049108451849416,0.5215892710443392,0.1183460294947763,0.093535374107443,0.0957720157553083,0.1186386866524699,-0.0171962957597533,-0.2222746024589111,0.0,23.0,23.0,0.0062980194561178,0.0042960507239931,0.4120525540416856,0.2548203563871153,0.333127089571199,1.0,False,False,-0.1517946717460598,0.255966361304041,1836
988ca643846b1636de12,D1,2018,2019-03-02,2019-02-26,1. FC Nürnberg,RB Leipzig,0,1,0.6837034615413982,2.3162310309514735,0.1480988101306519,0.2202944781129223,0.6316067117564259,0,2,2,2.4132726261970543,0.2061765294720727,-0.4458024915368121,0.2407272189408393,-0.3434171436491934,0.3006686305334274,-0.1792958096835163,0.0,0.0,23.0,23.0,-0.065581400584899,0.0553276369551003,0.1480988101306519,0.2202944781129223,0.6316067117564258,1.0,False,False,-0.1517946717460598,0.255966361304041,1836
af7149d8a0529ffeaecf,D1,2018,2019-03-02,2019-02-26,Borussia Mönchengladbach,Bayern München,1,5,1.047386157141044,2.017960411542969,0.1812879863335737,0.2213131287993133,0.597398884867113,1,2,2,4.272222679424593,0.2439324928740676,-0.061796069164753,0.5468537364655947,0.1683496281117677,0.3856492689236599,-0.0152934366270907,-1.0042312919133154,0.0,23.0,23.0,-0.0342869655711095,0.0585398489361516,0.1812879863335737,0.2213131287993133,0.597398884867113,1.0,False,False,-0.1517946717460598,0.255966361304041,1836
4532cada1aa2d84f2c45,D1,2018,2019-03-03,2019-02-26,Stuttgart,Hannover 96,5,1,1.4769279949850065,1.038367180946542,0.5596414114922086,0.2391770480946633,0.201181540413128,1,0,2,5.105941121376498,0.2915953590108503,-0.4659284772795581,-0.4285395891098151,-0.2933583096828346,-0.4970594604140879,-0.0693147743235968,0.0,0.0,23.0,23.0,-0.0286316069886449,-0.0160917963308237,0.5596414114922086,0.2391770480946634,0.201181540413128,1.0,False,False,-0.1517946717460598,0.255966361304041,1836
abd08005be347c07e8b1,D1,2018,2019-03-03,2019-02-26,VfL Wolfsburg,SV Werder Bremen,1,1,1.7016429838869698,1.2343807365916466,0.443278628885915,0.2696453562158971,0.2870760148981877,2,1,0,2.063318136362266,0.812326486853805,0.3664161588629671,0.052940310406445,0.120414502911115,-0.0848453516284939,-0.1979038766305137,0.0,0.0,23.0,23.0,0.0240994065344487,-0.0031315830709781,0.443278628885915,0.2696453562158972,0.2870760148981877,1.0,False,False,-0.1517946717460598,0.255966361304041,1836
aebd56432784cdec6dd7,D1,2018,2019-03-08,2019-03-05,SV Werder Bremen,FC Schalke 04,4,2,1.5510938306982278,1.1604611670563754,0.4623335331884741,0.2776332936243929,0.260033173187133,2,1,2,4.491881828967312,0.4337827264200875,0.0207175347874342,-0.3742079252147112,0.0322816049433889,-0.2816920462789591,0.1416342454419407,-0.6367727730322054,0.0,24.0,24.0,0.027863862011576,-0.0455383815329398,0.462333533188474,0.2776332936243929,0.260033173187133,1.0,False,False,-0.1503152589310605,0.2543279430349298,1836
3244abdd754304a46b96,D1,2018,2019-03-09,2019-03-05,Bayern München,VfL Wolfsburg,6,0,2.8519816537138385,0.7126570344683977,0.7718112254887183,0.1475352251790131,0.0806535493322685,2,0,2,3.8952688190600058,0.0803417545014753,0.6008446319993949,0.237761220994228,0.5183711173865208,0.3362429651641705,0.2713183562651153,0.0,0.0,24.0,24.0,0.0617623199634838,-0.0198320273138027,0.7718112254887183,0.1475352251790131,0.0806535493322685,1.0,False,False,-0.1503152589310605,0.2543279430349298,1836
5552c8c710de87da7397,D1,2018,2019-03-09,2019-03-05,1. FSV Mainz 05,Borussia Mönchengladbach,0,1,1.2351587400318875,1.445149591188527,0.3020823456818424,0.274952457426366,0.4229651968917914,1,2,3,2.4647950217724195,0.4998217614155708,-0.1474822961857985,-0.2436353251745214,0.0932437584549426,0.089576340520091,-0.1447713416371301,-0.7781520769329833,0.0,24.0,24.0,-0.0098050304417102,-0.0097508506263057,0.3020823456818425,0.274952457426366,0.4229651968917914,1.0,False,False,-0.1503152589310605,0.2543279430349298,1836
6d40a090a0539e07b4a8,D1,2018,2019-03-09,2019-03-05,RB Leipzig,FC Augsburg,0,0,2.2493443036160894,0.8754630320589739,0.6998567675044185,0.1868887076713774,0.1132545248242041,2,1,0,2.9805290372233366,1.1637760561272126,0.3742452922583033,-0.1920606237214874,0.1399153253094584,-0.5055198772909646,0.0567825683868794,1.131259078807889,0.0,24.0,24.0,0.0498666888312486,-0.0407574554044078,0.6998567675044184,0.1868887076713774,0.1132545248242041,1.0,False,False,-0.1503152589310605,0.2543279430349298,1836
91f7c25d73415423c3df,D1,2018,2019-03-09,2019-03-05,Borussia Dortmund,Stuttgart,3,1,2.8115458763014587,0.8149063616781308,0.7263728185936678,0.1724883100881468,0.1011388713181851,2,0,3,2.5890178909476,0.114853122812955,0.1011855790732942,-0.1698089725665633,0.5031553496400119,-0.4578072818210597,0.3021479002502703,1.2941122964783618,0.0,24.0,24.0,0.0337164015481711,-0.0371475712228345,0.726372818593668,0.1724883100881469,0.1011388713181852,1.0,False,False,-0.1503152589310605,0.2543279430349298,1836
fe38dfecbe6496cfd0f1,D1,2018,2019-03-09,2019-03-05,SC Freiburg,Hertha BSC,2,1,1.3136047383138738,1.329783577517923,0.3682049779263427,0.2930448694505413,0.3387501526231158,1,1,0,2.446302283709946,0.5997919113305222,-0.0988669698495978,0.0765160966970331,0.1187146606914911,0.0069331682477236,0.0252204751408049,0.0,0.0,24.0,24.0,-0.0124514780627712,0.0113339344051429,0.3682049779263427,0.2930448694505413,0.3387501526231158,1.0,False,False,-0.1503152589310605,0.2543279430349298,1836
d268e49ff33a18ce1134,D1,2018,2019-03-10,2019-03-05,TSG 1899 Hoffenheim,1. FC Nürnberg,2,1,2.9512880555147953,0.6112400418403418,0.7512002756646379,0.1607224595252198,0.0880772648101421,2,0,2,2.6886990198118097,0.095490616401624,-0.0437741620023924,-0.4628415297665301,0.1162706597720247,-0.5861981837793546,0.0862818478001788,0.0,0.0,24.0,24.0,0.0230787526780962,-0.0484095372665423,0.751200275664638,0.1607224595252199,0.0880772648101421,1.0,False,False,-0.1503152589310605,0.2543279430349298,1836
f5c8f468df7a07a865f5,D1,2018,2019-03-10,2019-03-05,Hannover 96,Bayer 04 Leverkusen,2,3,1.021706478363973,2.134630403893009,0.1184887180083557,0.1784547515205126,0.7030565304711318,1,2,3,3.1885025565163367,0.1340610987313534,-0.5043763656355646,0.423801146583228,-0.3201298321338815,0.160045940801825,-0.132440645472658,0.0,0.0,24.0,24.0,-0.0782497261663507,0.0742209652137339,0.1184887180083557,0.1784547515205125,0.7030565304711317,1.0,False,False,-0.1503152589310605,0.2543279430349298,1836
ab0a3052d5de3bd29411,D1,2018,2019-03-11,2019-03-05,Fortuna Düsseldorf,Eintracht Frankfurt,0,3,1.370420594429334,1.5358994248265625,0.35216180576203,0.2672049626659604,0.3806332315720094,1,2,2,3.451101972943246,0.5790316233438231,0.3239329789341529,0.2537958578771373,0.3224515248262277,0.1782447148885807,-0.1928370500388444,0.0,0.0,24.0,24.0,0.0100616524976162,0.0188247893429483,0.3521618057620301,0.2672049626659604,0.3806332315720095,1.0,False,False,-0.1503152589310605,0.2543279430349298,1836
b5b7482ed9a34fc8a9aa,D1,2018,2019-03-15,2019-03-12,Borussia Mönchengladbach,SC Freiburg,1,1,1.973193903848942,0.9928199879840188,0.6073916527986938,0.2311051448164314,0.1615032023848748,2,1,0,2.2093160153483944,0.9862072025978598,-0.0230944278053363,0.0388114536831498,-0.0581534071548109,-0.2990830911686367,-0.0029836384314454,1.0276655141822866,0.0,25.0,25.0,-0.0043991973862634,0.005185048680154,0.6073916527986938,0.2311051448164314,0.1615032023848748,1.0,False,False,-0.1492113070628411,0.2546572643405245,1836
997678df2a77aac17943,D1,2018,2019-03-16,2019-03-12,FC Schalke 04,RB Leipzig,0,1,1.127080056583467,1.4661850864086987,0.248844299891473,0.273883207311156,0.477272492797371,0,1,4,2.292311738069302,0.4101795436217975,-0.4837549899184367,0.2474984704145727,-0.2013539427615879,0.4033615337084177,-0.029527543093657,-0.4098962374750638,0.0,25.0,25.0,-0.0622267996672551,0.0504139736920619,0.2488442998914729,0.273883207311156,0.477272492797371,1.0,False,False,-0.1492113070628411,0.2546572643405245,1836
a393e771e816785ec7ac,D1,2018,2019-03-16,2019-03-12,FC Augsburg,Hannover 96,3,1,1.9302957145778177,0.9452358178737728,0.5866726606079832,0.2308874226421346,0.1824399167498824,2,1,2,2.753878079558818,0.2574328146469152,-0.1602095759643152,-0.5142064841173271,-0.0177136802193407,-0.5339003519087605,0.1102457215372477,0.0,0.0,25.0,25.0,0.0152016526862972,-0.0489224556903793,0.5866726606079831,0.2308874226421345,0.1824399167498824,1.0,False,False,-0.1492113070628411,0.2546572643405245,1836
ace6488c2e3bf29ab11d,D1,2018,2019-03-16,2019-03-12,VfL Wolfsburg,Fortuna Düsseldorf,5,2,1.8729910996916015,1.07285676342813,0.5333001253816994,0.2572316986038949,0.2094681760144059,2,1,2,5.169650173628583,0.3278538364981847,0.0054168455819798,0.0761065853094321,0.0760690005170806,0.097297693354719,0.1756274026308903,0.0,0.0,25.0,25.0,0.0055177254242709,-0.0014415538797003,0.5333001253816991,0.2572316986038949,0.2094681760144059,1.0,False,False,-0.1492113070628411,0.2546572643405245,1836
e09d30dd4f60711173ac,D1,2018,2019-03-16,2019-03-12,Stuttgart,TSG 1899 Hoffenheim,1,1,1.2231020271192754,1.9167078923942575,0.2526381662254759,0.2406513619276885,0.5067104718468356,1,2,0,2.1969454549305834,0.8971918994552885,-0.2525971145361044,0.1208029328692809,-0.0249288282055571,-0.0632926627053803,-0.0459143886477101,-0.560348120447098,0.0,25.0,25.0,-0.03359557752946,0.0270058684461188,0.252638166225476,0.2406513619276885,0.5067104718468356,1.0,False,False,-0.1492113070628411,0.2546572643405245,1836
e200b0a7f4a06b5e5fba,D1,2018,2019-03-16,2019-03-12,Hertha BSC,Borussia Dortmund,2,3,1.2573112673386435,1.80761404237864,0.2357669875197096,0.2602814286123159,0.5039515838679742,1,2,3,3.282435065174886,0.3693965256316784,-0.0343651247383118,0.2190844590338801,0.0213303789028867,-0.0032478827431901,-0.0302294973146038,0.0,0.0,25.0,25.0,-0.0159022102912553,0.0251381770060337,0.2357669875197096,0.260281428612316,0.5039515838679743,1.0,False,False,-0.1492113070628411,0.2546572643405245,1836
69a41ef9c78a2453cb06,D1,2018,2019-03-17,2019-03-12,Bayern München,1. FSV Mainz 05,6,0,3.2993836549477344,0.5734757187864082,0.8460911654973821,0.1074130582691813,0.0464957762334365,3,0,2,3.3239616073267504,0.0373873516322425,0.6385058035297858,-0.2414894783665303,0.6409615203312585,-0.2642196632588053,0.2047291822112586,1.7823833688462989,0.0,25.0,25.0,0.086161513381868,-0.0663106971237052,0.8460911654973822,0.1074130582691813,0.0464957762334365,1.0,False,False,-0.1492113070628411,0.2546572643405245,1836
75a41b05f975b4469cc5,D1,2018,2019-03-17,2019-03-12,Eintracht Frankfurt,1. FC Nürnberg,1,0,2.419610916154513,0.5566457681767142,0.6829512415960097,0.1971157476177718,0.1199330107862184,2,0,2,2.3076623581334026,0.1537584602406721,0.4239210806308152,-0.4801339897479837,0.1918512262538156,-0.5746983454550048,0.0342395616459616,0.0,0.0,25.0,25.0,0.0681107856327788,-0.0709214310886372,0.6829512415960097,0.1971157476177718,0.1199330107862184,1.0,False,False,-0.1492113070628411,0.2546572643405245,1836
cbab15fb96c4696e41f6,D1,2018,2019-03-17,2019-03-12,Bayer 04 Leverkusen,SV Werder Bremen,1,3,2.1750998671281545,1.2434623499852182,0.5966973179707804,0.220530178639346,0.1827725033898734,2,1,0,3.8604179740901663,1.072542030179879,0.4642598545616634,0.2099263960930258,0.4895627800510811,-0.132424550867329,0.0795584249281805,1.02829579025065,0.0,25.0,25.0,0.039907586897924,-0.0061982743651896,0.5966973179707805,0.2205301786393461,0.1827725033898734,1.0,False,False,-0.1492113070628411,0.2546572643405245,1836
a2330d48fc3bd3478580,D1,2018,2019-03-29,2019-03-26,TSG 1899 Hoffenheim,Bayer 04 Leverkusen,4,1,1.9946437828926016,1.4989107040261624,0.4039618261331599,0.2487149940300514,0.3473231798367885,2,1,2,3.6756576120736617,0.5377540442138242,0.0997581956026386,0.2642372280102247,0.2086669886909425,0.2445773994388582,0.1091564204871334,-0.3233664409924444,0.0,26.0,26.0,0.0022217791841093,0.0159779919965338,0.4039618261331599,0.2487149940300515,0.3473231798367884,1.0,False,False,-0.14850766690419,0.2560599079653807,1836
2955f10fc793f25b8b96,D1,2018,2019-03-30,2019-03-26,Fortuna Düsseldorf,Borussia Mönchengladbach,3,1,1.2929093540178136,1.7954417577809614,0.3111519171913662,0.2744720624290577,0.4143760203795762,1,2,0,3.347191661027495,0.7215540805088059,-0.1271941675327921,-0.0784533502998083,0.1383734839205238,0.2535656170874018,-0.1792958096835163,0.0,0.0,26.0,26.0,-0.0177615397224646,0.0074791638308345,0.3111519171913662,0.2744720624290577,0.4143760203795761,1.0,False,False,-0.14850766690419,0.2560599079653807,1836
2d684a383da384f9dc50,D1,2018,2019-03-30,2019-03-26,Borussia Dortmund,VfL Wolfsburg,2,0,2.4756515779197863,1.0517379822639796,0.638454026733513,0.2138329962979822,0.1477129769685045,2,1,2,2.4610713609323183,0.1982591646558821,0.299638252289415,0.2135375261763413,0.5856313749233704,0.1430576210615079,0.289152364931788,0.0,0.0,26.0,26.0,0.0337445671667138,-0.008085778243426,0.6384540267335131,0.2138329962979822,0.1477129769685045,1.0,False,False,-0.14850766690419,0.2560599079653807,1836
6af629e6e9ef23322a93,D1,2018,2019-03-30,2019-03-26,SC Freiburg,Bayern München,1,1,0.7977215780437256,2.719858528624043,0.0817672977356335,0.1520677628449636,0.766164939419403,0,2,0,2.641244264486434,1.31268368418127,0.032497686334891,0.6727153285740839,0.2139866235445462,0.4686029077283603,-0.2549457150191455,-2.031896806095602,0.0,26.0,26.0,-0.0431332835461723,0.0783939342916211,0.0817672977356335,0.1520677628449636,0.7661649394194029,1.0,False,False,-0.14850766690419,0.2560599079653807,1836
7558c9fd2ef3af693ecb,D1,2018,2019-03-30,2019-03-26,RB Leipzig,Hertha BSC,5,0,1.976207361396177,0.8627519658386636,0.6348191276184048,0.221673463129852,0.1435074092517432,1,0,2,4.195557806512328,0.2030905703195121,0.3797999892466256,-0.1888070987931628,0.0920662146016673,-0.114817013377372,0.3071652337751621,0.0,0.0,26.0,26.0,0.0627786155530788,-0.0532289710304056,0.6348191276184048,0.221673463129852,0.1435074092517433,1.0,False,False,-0.14850766690419,0.2560599079653807,1836
7eb2b76cda2ead7cbaaa,D1,2018,2019-03-30,2019-03-26,SV Werder Bremen,1. FSV Mainz 05,3,1,1.9921472179873927,1.0091085011927146,0.5859075322558173,0.2328273167953378,0.181265150948845,2,1,2,2.7181938627546764,0.2585381862370912,0.308288395876323,-0.3877294474950373,0.2260422806798087,-0.4096905563000114,0.0183253258631408,0.0626637364353039,0.0,26.0,26.0,0.0511315782555412,-0.0551036308364769,0.5859075322558172,0.2328273167953377,0.181265150948845,1.0,False,False,-0.14850766690419,0.2560599079653807,1836
ac4c66a24540cd1f05f7,D1,2018,2019-03-30,2019-03-26,1. FC Nürnberg,FC Augsburg,3,0,0.8161288308502719,1.514972283641115,0.3309544648961111,0.2935848472633791,0.3754606878405099,0,1,0,4.146767301146083,0.6747847186987794,-0.4910048715738672,0.061505490283056,-0.4022217612147166,-0.474204003150746,0.0016225242176584,0.0,0.0,26.0,26.0,-0.0520946354606566,0.030619666396116,0.3309544648961111,0.2935848472633791,0.3754606878405098,1.0,False,False,-0.14850766690419,0.2560599079653807,1836
00fae813a40a388cbc5f,D1,2018,2019-03-31,2019-03-26,Eintracht Frankfurt,Stuttgart,3,0,1.9996797969134428,0.8372745639157306,0.6574875048202483,0.2001534248461452,0.1423590703336066,1,0,2,2.50792068815942,0.1776423077381496,0.4643582407012884,-0.2098697997081772,0.2706683996030415,-0.4855375755987393,0.1054041388024535,0.3380735179881867,0.0,26.0,26.0,0.0621995209956603,-0.0494750989460048,0.6574875048202482,0.2001534248461452,0.1423590703336066,1.0,False,False,-0.14850766690419,0.2560599079653807,1836
03f8ff9cb47d21e82560,D1,2018,2019-03-31,2019-03-26,Hannover 96,FC Schalke 04,0,1,1.0829822045395614,1.4951572759429124,0.212521537906595,0.2612342957292453,0.5262441663641599,0,1,4,2.1918530303865915,0.3378533512433288,-0.5384333042714949,-0.5541427593426748,-0.4199152572796757,-0.3677493078987333,-0.1312383198006837,0.0,0.0,26.0,26.0,-0.0326981084500499,-0.0219306947306585,0.212521537906595,0.2612342957292452,0.5262441663641598,1.0,False,False,-0.14850766690419,0.2560599079653807,1836
2c9173fc314b9b3b3127,D1,2018,2019-04-05,2019-04-02,1. FSV Mainz 05,SC Freiburg,5,0,1.3789523432143114,1.2030706524229304,0.432835900379079,0.2809006269333865,0.2862634726875345,2,1,2,5.661224111310971,0.4825270539055064,-0.4915324382227829,0.0273182797495076,-0.023957566864212,-0.2680597076666801,0.143194238245639,0.2037833040296683,0.0,27.0,27.0,-0.0433594458974717,0.0201487379738079,0.432835900379079,0.2809006269333865,0.2862634726875345,1.0,False,False,-0.1466996330214704,0.2776799745707517,1836
1dfd6faf2eaf6fdb03aa,D1,2018,2019-04-06,2019-04-02,Stuttgart,1. FC Nürnberg,1,1,1.571914771032095,0.7884049806662204,0.5304507345685046,0.2605266237788947,0.2090226416526009,1,0,0,2.106804858938717,0.8718893206675381,-0.2983085193518645,-0.1936947598966234,-0.0164759860110584,-0.5919499082359612,0.0894295096805297,0.0,0.0,27.0,27.0,-0.0156746384563287,-0.0089255255060956,0.5304507345685043,0.2605266237788946,0.2090226416526009,1.0,False,False,-0.1466996330214704,0.2776799745707517,1836
1ff45388c23afd065859,D1,2018,2019-04-06,2019-04-02,FC Schalke 04,Eintracht Frankfurt,1,2,1.2175708434506407,1.2606937352161809,0.2862063522313459,0.2771739193660669,0.4366197284025871,0,1,3,2.3063821248672847,0.4761367880594948,-0.2978704721249784,0.5699675611598894,-0.3257939302755817,0.3352585201037215,-0.1233895455960629,-0.0873935669426862,0.0,27.0,27.0,-0.0644549025502954,0.078059757002041,0.286206352231346,0.2771739193660669,0.4366197284025871,1.0,False,False,-0.1466996330214704,0.2776799745707517,1836
66659425027717640a3a,D1,2018,2019-04-06,2019-04-02,Bayer 04 Leverkusen,RB Leipzig,2,4,1.4562165471625714,1.5615415431951878,0.409818041548797,0.2618933173595764,0.3282886410916266,2,1,0,4.516170191061283,0.687735086543029,0.0205065812446077,0.4571750678236116,0.2916235813781214,0.4441777829680974,-0.0666079459098597,-0.110049312376608,0.0,27.0,27.0,-0.0241384925622127,0.0480225750156237,0.409818041548797,0.2618933173595765,0.3282886410916265,1.0,False,False,-0.1466996330214704,0.2776799745707517,1836
90d4b637deaa8d5c9ee8,D1,2018,2019-04-06,2019-04-02,Hertha BSC,Fortuna Düsseldorf,1,2,1.8644111751489412,1.2282840344380783,0.498072062910095,0.2652360915398031,0.2366918455501019,2,1,0,2.747526013974381,0.901065302756538,-0.307715327845056,0.0952186660909676,-0.0763211857022596,-0.0463281645761398,-0.1791561319657607,0.0,0.0,27.0,27.0,-0.044490272687342,0.0338654395996376,0.4980720629100949,0.2652360915398031,0.2366918455501019,1.0,False,False,-0.1466996330214704,0.2776799745707517,1836
c65d182a753b51ce33ae,D1,2018,2019-04-06,2019-04-02,VfL Wolfsburg,Hannover 96,3,1,2.181126233302503,0.8418954462020206,0.7031159980351551,0.1841230238898331,0.1127609780750116,2,1,2,2.5941361477993605,0.1347564367254313,0.065190306473688,-0.5355151260192628,0.2748107213369842,-0.5746446980856397,0.039064789133021,0.0,0.0,27.0,27.0,0.035248026404983,-0.0587642673822617,0.7031159980351552,0.1841230238898331,0.1127609780750117,1.0,False,False,-0.1466996330214704,0.2776799745707517,1836
e1cc83feedd8fff6bdfd,D1,2018,2019-04-06,2019-04-02,Bayern München,Borussia Dortmund,5,0,2.5772329118772848,1.0888057582592992,0.6172965795876725,0.2042202073403422,0.1784832130719854,2,1,2,3.8219645910272098,0.2200240584299268,0.4857145249347907,0.3752527343887934,0.7148414754272575,0.1172511715457102,0.1577630385684746,0.2465435327342721,0.0,27.0,27.0,0.0376969677024631,0.005351395263716,0.6172965795876724,0.2042202073403422,0.1784832130719854,1.0,False,False,-0.1466996330214704,0.2776799745707517,1836
632d62b1a0125777fbf8,D1,2018,2019-04-07,2019-04-02,Borussia Mönchengladbach,SV Werder Bremen,1,1,1.7795578533999885,1.297481936823196,0.4529686429557952,0.264952519498126,0.2820788375460789,2,1,0,2.0976784741473793,0.8250438606847148,-0.2411370554147322,0.4257751230335106,-0.1138429395842244,0.0842985287376734,0.2560929654291947,0.7554629846232647,0.0,27.0,27.0,-0.032597813421689,0.0418297168026279,0.4529686429557952,0.2649525194981259,0.2820788375460789,1.0,False,False,-0.1466996330214704,0.2776799745707517,1836
eeee6ec9a315e0dc5e67,D1,2018,2019-04-07,2019-04-02,FC Augsburg,TSG 1899 Hoffenheim,0,4,1.3679974161414297,1.811619614123855,0.259555565222027,0.2265337831809892,0.5139106515969836,1,2,2,3.879962055727204,0.3549695009908865,-0.0790045087144803,0.2307616178269042,0.1583440938803453,-0.118058852615915,-0.1567784920779943,-0.891664459409633,0.0,27.0,27.0,-0.0272774563666929,0.0348653118223141,0.259555565222027,0.2265337831809892,0.5139106515969837,1.0,False,False,-0.1466996330214704,0.2776799745707517,1836
a41326e72b309bf41ee9,D1,2018,2019-04-12,2019-04-09,1. FC Nürnberg,FC Schalke 04,1,1,0.8323892429486013,1.3569705975522262,0.2871362767762062,0.29182493700616,0.4210387862176339,0,1,0,2.010375943907173,0.7612328207868497,-0.1816059334136022,-0.3414876639573947,-0.1175481009634339,-0.1182800470304281,-0.2032075975260316,0.0,0.0,28.0,28.0,-0.011246590019792,-0.0149080898487577,0.2871362767762061,0.2918249370061599,0.4210387862176339,1.0,False,False,-0.1508100032545624,0.2754927813871116,1836
b45987e37de3d6e6228c,D1,2018,2019-04-13,2019-04-09,Hannover 96,Borussia Mönchengladbach,0,1,1.0327714418112368,1.778206869006563,0.1805759506792917,0.2274709869371573,0.5919530623835507,1,2,3,2.2976457718743326,0.2508530271600568,-0.5492840676336581,-0.2606361613338531,-0.4416053162361489,0.0312298423981431,-0.188627805843016,0.0,0.0,28.0,28.0,-0.0513279889888239,0.0108319775404483,0.1805759506792917,0.2274709869371574,0.5919530623835508,1.0,False,False,-0.1508100032545624,0.2754927813871116,1836
b671f2dc4b7e56f6aee8,D1,2018,2019-04-13,2019-04-09,RB Leipzig,VfL Wolfsburg,2,0,2.123867576366875,0.9234384805806348,0.6076581315153629,0.2277506735693158,0.1645911949153213,2,1,2,2.2783928275818597,0.2328927725209466,0.5044857540443484,0.1895562642712901,0.2211368793648182,-0.0561090393741989,0.0574949517516276,0.0,0.0,28.0,28.0,0.0438455097784517,-0.0091434088626697,0.6076581315153629,0.2277506735693159,0.1645911949153213,1.0,False,False,-0.1508100032545624,0.2754927813871116,1836
c774e9557fadf6d6ad91,D1,2018,2019-04-13,2019-04-09,SV Werder Bremen,SC Freiburg,2,1,2.0834322803539287,1.0649325136834302,0.6018077835279354,0.2298470532067461,0.1683451632653185,2,1,4,2.296578806674616,0.2397268031215871,0.3265671135358991,-0.1304200384959689,0.3816762791010748,-0.3493584927023049,0.009106388174931,0.2604194428277144,0.0,28.0,28.0,0.0396330326871349,-0.0298256789351384,0.6018077835279353,0.2298470532067461,0.1683451632653185,1.0,False,False,-0.1508100032545624,0.2754927813871116,1836
cc6f0bb0ff1b68fa2827,D1,2018,2019-04-13,2019-04-09,Stuttgart,Bayer 04 Leverkusen,0,1,1.2243040626027384,1.7165440832125145,0.2262770538859964,0.2382597827658526,0.535463163348151,1,2,3,2.4797282752501317,0.323763501805464,-0.2674242990196148,-0.1599567247407521,-0.0730240084942835,0.0744905855470926,-0.1882679816369396,-0.8826474446627192,0.0,28.0,28.0,-0.0281579927467708,0.0067889415587525,0.2262770538859964,0.2382597827658526,0.5354631633481509,1.0,False,False,-0.1508100032545624,0.2754927813871116,1836
f95f6fecd7eb38b8c742,D1,2018,2019-04-13,2019-04-09,Borussia Dortmund,1. FSV Mainz 05,2,1,2.661826535244165,0.8904997005465615,0.7386314673241436,0.1647726443065042,0.0965958883693521,2,0,2,2.4043337497976327,0.1047942998347522,0.1550028962178729,-0.1874980724928791,0.6164924734389556,-0.5095479122326338,0.1123365830799102,1.5104065318279216,0.0,28.0,28.0,0.0304920224004267,-0.032116781214177,0.7386314673241436,0.1647726443065042,0.0965958883693521,1.0,False,False,-0.1508100032545624,0.2754927813871116,1836
845d91f0c88acbe69671,D1,2018,2019-04-14,2019-04-09,Eintracht Frankfurt,FC Augsburg,1,3,2.0253536825709237,0.8868125133393117,0.638541167361056,0.2087419924098807,0.1527168402290631,2,1,0,4.281300698359832,1.1691967946414898,0.6242769678363527,-0.2610667510481331,0.4311327541757881,-0.5217806812164201,0.0086337133102808,0.8393686108121213,0.0,28.0,28.0,0.0759127200015559,-0.0577522091621449,0.6385411673610562,0.2087419924098808,0.1527168402290631,1.0,False,False,-0.1508100032545624,0.2754927813871116,1836
c1d977bd37b31fd76a5b,D1,2018,2019-04-14,2019-04-09,TSG 1899 Hoffenheim,Hertha BSC,2,0,2.3301970068569675,1.0218836031387395,0.6649097735058034,0.1892572501720357,0.145832976322161,2,1,2,2.33545900341005,0.1693710236175925,0.3783399923720497,-0.3528784816686187,0.3234180858666104,-0.2203333580376655,0.0799478177345721,0.0,0.0,28.0,28.0,0.0594753142073645,-0.0582022386721929,0.6649097735058033,0.1892572501720358,0.145832976322161,1.0,False,False,-0.1508100032545624,0.2754927813871116,1836
d97e564752a04677e362,D1,2018,2019-04-14,2019-04-09,Fortuna Düsseldorf,Bayern München,1,4,0.91659192286944,2.9690460979693194,0.0755397810581658,0.1350877401764915,0.7893724787653429,0,2,2,2.7836137095182445,0.0683189087697628,0.2348236639857557,0.6108574284471219,0.2429615432174099,0.3817560773088588,0.0,0.0,0.0,28.0,28.0,-0.0070605050237805,0.0493445596454244,0.0755397810581657,0.1350877401764915,0.7893724787653428,1.0,False,False,-0.1508100032545624,0.2754927813871116,1836
2c0011bd6651e26c0d93,D1,2018,2019-04-20,2019-04-16,1. FSV Mainz 05,Fortuna Düsseldorf,3,1,1.755781322168656,1.3243479292864222,0.4561727569352835,0.2630145414173598,0.2808127016473568,2,1,2,2.912128728330088,0.4437804927028417,-0.2476305477225289,-0.0036224052708584,0.1325879382691541,0.1187077942587013,0.0599984916563264,0.0,0.0,29.0,29.0,-0.0215820099258936,0.0090193622762242,0.4561727569352835,0.2630145414173598,0.2808127016473567,1.0,False,False,-0.1461370597968514,0.2719261317858679,1836
33b1651aec20dffa2845,D1,2018,2019-04-20,2019-04-16,Bayern München,SV Werder Bremen,1,0,3.288677790254155,0.7806668633842468,0.8181193167027423,0.1199542594977124,0.0619264237995452,2,0,2,3.0269212301436865,0.0513044892929227,0.650034388957614,0.3811806049564742,0.7754478146927621,0.0464417899859477,0.2742212244945027,1.700313925764148,0.0,29.0,29.0,0.0596554698726628,-0.0080947201769584,0.8181193167027423,0.1199542594977124,0.0619264237995452,1.0,False,False,-0.1461370597968514,0.2719261317858679,1836
46cc57d3f67d57de3495,D1,2018,2019-04-20,2019-04-16,FC Augsburg,Stuttgart,6,0,1.6758263544587473,0.9839445979836942,0.4658721173352567,0.2716065490795478,0.2625213335851957,1,0,2,6.2494964814540825,0.4279801631301722,-0.0146017473667518,-0.3131968572146859,0.0004356216427843,-0.5912454647102583,-0.0010620388836327,-0.34859283591028,0.0,29.0,29.0,0.0141465661798774,-0.0305364964089493,0.4658721173352567,0.2716065490795477,0.2625213335851957,1.0,False,False,-0.1461370597968514,0.2719261317858679,1836
a6db9cbf310f02b5dc22,D1,2018,2019-04-20,2019-04-16,Borussia Mönchengladbach,RB Leipzig,1,2,1.2500024306366149,1.505128679863214,0.317560637295586,0.2683641159993684,0.4140752467050456,1,2,4,2.40774144791599,0.5161718736394544,-0.0304113458100288,0.5867227526940357,-0.1595270319956062,0.5573058095393929,-0.1377415832589242,-0.3666715400305217,0.0,29.0,29.0,-0.0392643513786508,0.0670799217228512,0.3175606372955861,0.2683641159993683,0.4140752467050456,1.0,False,False,-0.1461370597968514,0.2719261317858679,1836
ead880cd961446d584d2,D1,2018,2019-04-20,2019-04-16,Bayer 04 Leverkusen,1. FC Nürnberg,2,0,2.42022491844054,0.6874686336693141,0.7335735412798845,0.1665200344408094,0.0999064242793059,2,0,4,2.0501716342324574,0.1086932733885864,-0.0179321011224049,-0.1483184893793965,0.0624501360834966,-0.4816234255616353,0.0780981351236286,0.0,0.0,29.0,29.0,0.0095276211129107,-0.0178401506380008,0.7335735412798846,0.1665200344408094,0.0999064242793059,1.0,False,False,-0.1461370597968514,0.2719261317858679,1836
ecc380a43dbf87795cda,D1,2018,2019-04-20,2019-04-16,FC Schalke 04,TSG 1899 Hoffenheim,2,5,1.3060710164669016,1.6127933901667857,0.2628375165215056,0.2387692344664855,0.4983932490120087,1,2,2,5.327036695947789,0.3777036400556329,-0.2794751257241557,0.483240924383736,-0.43119118622371,0.0921902275685877,0.0082191922853055,-0.1396894155401979,0.0,29.0,29.0,-0.0516985991773371,0.0618868891103161,0.2628375165215056,0.2387692344664855,0.4983932490120088,1.0,False,False,-0.1461370597968514,0.2719261317858679,1836
0396715fbe15b358af43,D1,2018,2019-04-21,2019-04-16,SC Freiburg,Borussia Dortmund,0,4,1.1619369922830562,2.152469467919546,0.1633787908153496,0.2193803020229358,0.6172409071617145,1,2,2,3.3746398811105576,0.2213248693543475,-0.2274927051302498,0.2838667816905533,0.1762000716668381,-0.093441808734868,-0.2172702181838841,-1.71418983585759,0.0,29.0,29.0,-0.0478061205067468,0.050624824334762,0.1633787908153496,0.2193803020229358,0.6172409071617145,1.0,False,False,-0.1461370597968514,0.2719261317858679,1836
aa2fa52072c66fcbab00,D1,2018,2019-04-21,2019-04-16,Hertha BSC,Hannover 96,0,0,1.9351060683706856,0.8559933195432626,0.6188376687053109,0.2169689093948842,0.1641934218998048,1,0,0,2.6891697288370775,1.0230572288580284,-0.4695724277428582,-0.6112133131282934,-0.1831135034641176,-0.5846981735544062,0.1019751110955019,0.0,0.0,29.0,29.0,-0.011297821563096,-0.0427414654804615,0.618837668705311,0.2169689093948842,0.1641934218998048,1.0,False,False,-0.1461370597968514,0.2719261317858679,1836
1082623b0ca32ee59db4,D1,2018,2019-04-22,2019-04-16,VfL Wolfsburg,Eintracht Frankfurt,1,1,1.4001232187113928,1.3208905542569078,0.366382751925268,0.2709965722050473,0.3626206758696848,1,2,0,2.0456310659577284,0.7971760732133102,0.0188323427045032,0.3754491058274395,0.4183680207402661,0.3883104730574959,0.0578859659589182,0.0,0.0,29.0,29.0,-0.0139949227229757,0.0337089951495728,0.366382751925268,0.2709965722050473,0.3626206758696846,1.0,False,False,-0.1461370597968514,0.2719261317858679,1836
793598c4e578495536c9,D1,2018,2019-04-26,2019-04-23,FC Augsburg,Bayer 04 Leverkusen,1,4,1.5219807474157463,1.6137216466002056,0.2141478211632876,0.2233362180495998,0.5625159607871124,1,2,2,3.601399677978084,0.2871306401677052,0.1971155666029714,0.118053279954487,0.1893954342945357,0.2178196866534412,-0.0820701323280168,-1.2312402805729992,0.0,30.0,30.0,0.0097053860461719,0.0060530562817009,0.2141478211632876,0.2233362180495998,0.5625159607871125,1.0,False,False,-0.1501352485482106,0.2689036178396931,1836
1cead9a880b6914f28b2,D1,2018,2019-04-27,2019-04-23,Eintracht Frankfurt,Hertha BSC,0,0,1.7496292300766187,0.9360436429893864,0.6776997094976166,0.1876264752072443,0.1346738152951391,1,0,0,2.823470464506628,1.1373646765635093,0.2852829022947103,-0.4079181382808002,0.1802091775060518,-0.3575262420727337,-0.1795439233888088,0.0,0.0,30.0,30.0,0.0399470009740706,-0.046078762773375,0.6776997094976166,0.1876264752072442,0.134673815295139,1.0,False,False,-0.1501352485482106,0.2689036178396931,1836
5a4e0e3dfe777463ce99,D1,2018,2019-04-27,2019-04-23,Borussia Dortmund,FC Schalke 04,2,4,2.453559385368578,0.913415929981893,0.7274459368485737,0.1727191348688456,0.0998349282825808,2,0,0,5.894183770208433,1.369306646927368,0.4219040358759801,-0.3820935159960022,0.622331362777441,-0.1197405780862981,-0.0234544950551968,0.9209504174562616,0.0,30.0,30.0,0.0601223546346382,-0.0581318286406393,0.7274459368485736,0.1727191348688455,0.0998349282825808,1.0,False,False,-0.1501352485482106,0.2689036178396931,1836
a989e25d3b26fd3fcc99,D1,2018,2019-04-27,2019-04-23,Hannover 96,1. FSV Mainz 05,1,0,1.1652355592075951,1.4380094062608475,0.3247013360099912,0.2659270810419678,0.4093715829480411,1,2,0,2.5711607046844476,0.6943305909435771,-0.4974258776719059,-0.0035795547282513,-0.456083703982784,-0.5118194176576435,0.0013280713593597,0.0,0.0,30.0,30.0,-0.04949720646281,0.0244469348428021,0.3247013360099911,0.2659270810419679,0.409371582948041,1.0,False,False,-0.1501352485482106,0.2689036178396931,1836
baa76ebbeda8f13336fb,D1,2018,2019-04-27,2019-04-23,Fortuna Düsseldorf,SV Werder Bremen,4,1,1.5574309820993462,1.8263433731388528,0.3117875841761137,0.2669512654804417,0.4212611503434448,1,2,0,4.204383875794615,0.7223602642244413,-0.1162683976898949,0.1921913908500467,0.0665355725799133,-0.0623508763300831,-0.1199969833126529,0.0,0.0,30.0,30.0,-0.0272362584771244,0.031032408135132,0.3117875841761138,0.2669512654804415,0.4212611503434447,1.0,False,False,-0.1501352485482106,0.2689036178396931,1836
f6422efe146979186cee,D1,2018,2019-04-27,2019-04-23,RB Leipzig,SC Freiburg,2,1,2.57118230751201,0.736357650067283,0.7654060335413754,0.1566835521244642,0.0779104143341604,2,0,2,2.4091138336161655,0.0856540972668505,0.597910208311909,-0.3394504984919616,0.3141700171728563,-0.3837251076478244,0.0568606234893798,1.3825539674815006,0.0,30.0,30.0,0.0796065769302579,-0.0666835914392606,0.7654060335413754,0.1566835521244642,0.0779104143341604,1.0,False,False,-0.1501352485482106,0.2689036178396931,1836
feabcabd913e6d957e96,D1,2018,2019-04-27,2019-04-23,Stuttgart,Borussia Mönchengladbach,1,0,1.0381393489416773,1.580794925455936,0.2680359495149612,0.2598464603305983,0.4721175901544404,0,1,0,2.704336796120851,0.8261865730820418,-0.3863860923459382,-0.1454520386118707,-0.2172056134727255,0.2057019217787346,-0.2365932894447915,-0.6260252170088056,0.0,30.0,30.0,-0.0431956717762398,0.0166037652283494,0.2680359495149613,0.2598464603305983,0.4721175901544405,1.0,False,False,-0.1501352485482106,0.2689036178396931,1836
245debff2c8da13e5f7d,D1,2018,2019-04-28,2019-04-23,1. FC Nürnberg,Bayern München,1,1,0.4754502521251972,2.986203708171409,0.0537488523247738,0.1096380394826478,0.8366131081925783,0,2,0,2.9547911772423454,1.49555485266218,-0.2583382636175257,0.653161716474868,-0.119140136848852,0.4654091849990264,-0.2087594835259402,0.0,0.0,30.0,30.0,-0.0689298863617929,0.0886710590046601,0.0537488523247738,0.1096380394826478,0.8366131081925784,1.0,False,False,-0.1501352485482106,0.2689036178396931,1836
abd4b410f3bcc49e59a3,D1,2018,2019-04-28,2019-04-23,TSG 1899 Hoffenheim,VfL Wolfsburg,1,4,2.342209911085274,1.0978838303945866,0.6427010257560386,0.1898896806173191,0.1674092936266421,2,1,0,5.292811687122143,1.1423299836520988,0.5420313241750759,-0.0506888070658689,0.4381865426579784,-0.222807227156827,0.0862769788832807,0.0,0.0,30.0,30.0,0.061051421714965,-0.0364842958595047,0.6427010257560387,0.1898896806173192,0.1674092936266421,1.0,False,False,-0.1501352485482106,0.2689036178396931,1836
a91f1d644095114d9a86,D1,2018,2019-05-03,2019-04-30,1. FSV Mainz 05,RB Leipzig,3,3,0.98550379251108,1.8173155676980377,0.2129769975069227,0.232124498118004,0.5548985043750732,1,2,0,4.752323550486214,0.942904338015284,-0.166867341748312,0.6471993092356003,0.3016976433599207,0.6405753720598645,-0.0868935558491566,-1.1787706634518322,0.0,31.0,31.0,-0.053391377429069,0.0774079758034334,0.2129769975069227,0.232124498118004,0.5548985043750733,1.0,False,False,-0.1450848687667431,0.2646223002791931,1836
104188fcd88e0d6fd12f,D1,2018,2019-05-04,2019-04-30,Hertha BSC,Stuttgart,3,1,1.6059490390906457,0.8990977767043966,0.4161608250779541,0.2664672799957307,0.3173718949263152,1,0,2,3.21008239553029,0.5125979131710986,-0.337285127017253,-0.1602537469815557,-0.2097226556983678,-0.6144791957632466,-0.0375488076763503,0.0,0.0,31.0,31.0,-0.027593265736465,0.0027163220365245,0.416160825077954,0.2664672799957306,0.3173718949263152,1.0,False,False,-0.1450848687667431,0.2646223002791931,1836
8cf62ef3def484a665f6,D1,2018,2019-05-04,2019-04-30,SV Werder Bremen,Borussia Dortmund,2,2,1.5420990714396148,1.956068817265293,0.3018876927828828,0.2482639838532845,0.4498483233638328,1,2,0,2.662210096395472,0.8586067310591586,0.0048312037947786,0.1726385335940846,0.4898707897037921,0.0755875579772687,-0.0696619284768389,-1.4537703930298755,0.0,31.0,31.0,-0.0116319027240683,0.0205053895935114,0.3018876927828828,0.2482639838532845,0.4498483233638327,1.0,False,False,-0.1450848687667431,0.2646223002791931,1836
baa0abe38a6ac6e6f59b,D1,2018,2019-05-04,2019-04-30,Borussia Mönchengladbach,TSG 1899 Hoffenheim,2,2,1.5882893099220177,1.591598080413104,0.3534093862303398,0.2421750266571865,0.4044155871124737,1,2,0,2.803761818261699,0.8627488515972683,-0.2131386995500427,0.2918172700446548,-0.2947965710309206,0.2646649816120203,0.0406070915345767,0.0829535935094526,0.0,31.0,31.0,-0.0338743788805081,0.0378083074052387,0.3534093862303399,0.2421750266571864,0.4044155871124736,1.0,False,False,-0.1450848687667431,0.2646223002791931,1836
c7c6b68fe5ec15a7011b,D1,2018,2019-05-04,2019-04-30,VfL Wolfsburg,1. FC Nürnberg,2,0,1.9497692001895228,0.6612224616060619,0.6043293989375625,0.2269668419649328,0.1687037590975045,1,0,2,2.0652174842937017,0.2365301302302741,0.1040298878433018,-0.2145794672837779,0.283693904591852,-0.5050748003528934,0.1458524330612334,0.0,0.0,31.0,31.0,0.0284245838015807,-0.0339520627736045,0.6043293989375625,0.2269668419649328,0.1687037590975046,1.0,False,False,-0.1450848687667431,0.2646223002791931,1836
d108e7b8cb41ff0e864d,D1,2018,2019-05-04,2019-04-30,Bayern München,Hannover 96,3,1,4.002541303850291,0.4679981295894768,0.926963813045616,0.0513480590383927,0.0216881279159912,3,0,2,2.868349374626729,0.0084412826643463,0.4763034745706456,-0.2246583220611529,0.7494133147449477,-0.4756745712099691,0.3506679702854414,0.0,0.0,31.0,31.0,0.0763966620743942,-0.0638144044489196,0.926963813045616,0.0513480590383927,0.0216881279159912,1.0,False,False,-0.1450848687667431,0.2646223002791931,1836
5a5ec9ab05f69368f1a1,D1,2018,2019-05-05,2019-04-30,Bayer 04 Leverkusen,Eintracht Frankfurt,6,1,1.799446727345517,1.2310357251276818,0.5820315173366879,0.2193239622721215,0.1986445203911906,2,1,2,5.708381795496929,0.2622602984080606,0.3059371756667429,0.1678900075939979,0.1873084056187308,0.25572190102354,0.1735876031930253,0.3918716697608778,0.0,31.0,31.0,0.0308785973466256,-0.0071872381835886,0.5820315173366879,0.2193239622721215,0.1986445203911906,1.0,False,False,-0.1450848687667431,0.2646223002791931,1836
7c1bffb4b842cbd21104,D1,2018,2019-05-05,2019-04-30,FC Schalke 04,FC Augsburg,0,0,1.6861108996126175,1.123260569282156,0.5298688051120719,0.252503334532934,0.2176278603549943,2,1,0,2.649362491489576,0.8868741011179706,-0.1138842816767147,0.0355559660108905,-0.4864957467296886,-0.2351040710660044,0.1234800164807094,0.751975043869435,0.0,31.0,31.0,-0.0069922256441805,0.0030758098608893,0.5298688051120718,0.2525033345329339,0.2176278603549943,1.0,False,False,-0.1450848687667431,0.2646223002791931,1836
c960842bb188e82a8bc0,D1,2018,2019-05-05,2019-04-30,SC Freiburg,Fortuna Düsseldorf,1,1,1.6881940184636133,1.5405360286421943,0.4464707093700649,0.2592397416142513,0.2942895490156837,2,1,0,2.1493216150545935,0.8346681933889846,-0.4423941519733367,0.0568621000004066,-0.0082870407204106,-0.0159166099083281,-0.120090442311761,0.0,0.0,31.0,31.0,-0.053087042312942,0.0338104397142955,0.4464707093700649,0.2592397416142514,0.2942895490156837,1.0,False,False,-0.1450848687667431,0.2646223002791931,1836
19e2152d0158b35bc75c,D1,2018,2019-05-11,2019-05-07,Stuttgart,VfL Wolfsburg,3,0,1.0998097849791917,1.5237731644336836,0.307005456488489,0.258281241120112,0.434713302391399,1,2,0,3.946697838002934,0.7359262921273089,-0.3115555474374697,0.2582146471286533,0.0019015336419858,-0.030535468598986,-0.0838976831331511,0.0,0.0,32.0,32.0,-0.0482611712568372,0.0455941262413963,0.3070054564884889,0.2582812411201121,0.434713302391399,1.0,False,False,-0.1514395156245002,0.2705310957962483,1836
2fb1655015efa9149f7c,D1,2018,2019-05-11,2019-05-07,1. FC Nürnberg,Borussia Mönchengladbach,0,4,0.7810857646538467,1.5106399620358382,0.2534129199433409,0.2418351113629707,0.5047519686936885,0,1,2,3.864345384425188,0.3679729415949278,-0.2926386687478389,-0.1708711978245888,-0.0970755879161514,0.0482400228136842,-0.1534367497562177,0.0,0.0,32.0,32.0,-0.0283921444713653,0.0052166511427439,0.2534129199433408,0.2418351113629706,0.5047519686936884,1.0,False,False,-0.1514395156245002,0.2705310957962483,1836
5b1a31f920a2903a115a,D1,2018,2019-05-11,2019-05-07,TSG 1899 Hoffenheim,SV Werder Bremen,0,1,2.370613145118194,1.2942300065679802,0.6500818092269607,0.1801293332685107,0.1697888575045286,2,1,0,3.940256576311919,1.1443034765151925,0.2367325682825589,-0.0187480663120565,0.2066297242292911,-0.1839229998031327,0.0708216470857744,0.672509391113812,0.0,32.0,32.0,0.0281517424981474,-0.0172525173996223,0.6500818092269606,0.1801293332685107,0.1697888575045286,1.0,False,False,-0.1514395156245002,0.2705310957962483,1836
6ae802a9e32d3ad4050a,D1,2018,2019-05-11,2019-05-07,FC Augsburg,Hertha BSC,3,4,1.4809576336095605,1.1894171425009847,0.4024004072246239,0.2617635919191531,0.335836000856223,2,1,0,5.607479809036719,0.6715600835476151,-0.0303403586085856,-0.1406085637458293,0.0225933995467234,-0.2959468729015089,-0.0437227479293138,0.0,0.0,32.0,32.0,0.0018102549299672,-0.0103577010476879,0.4024004072246239,0.2617635919191531,0.335836000856223,1.0,False,False,-0.1514395156245002,0.2705310957962483,1836
82642e32691e0a5168ec,D1,2018,2019-05-11,2019-05-07,Bayer 04 Leverkusen,FC Schalke 04,1,1,2.0252037160481726,1.0859515490970666,0.7121096704626408,0.1702103821985725,0.1176799473387867,2,1,0,2.530658799230189,1.2094995625831098,0.3998975248390829,-0.0894492896031413,0.3025821505289987,0.0746478222962998,-0.0518288991425121,0.4792652367035642,0.0,32.0,32.0,0.0418707720069397,-0.0263483602451426,0.7121096704626408,0.1702103821985725,0.1176799473387866,1.0,False,False,-0.1514395156245002,0.2705310957962483,1836
90e6dd07695543677324,D1,2018,2019-05-11,2019-05-07,Borussia Dortmund,Fortuna Düsseldorf,3,2,3.1195006128965996,1.1375615547803024,0.7347247015824496,0.1543426128025745,0.1109326856149756,3,1,2,3.1007985563777667,0.1064986868149968,0.13896603708784,-0.0194916525756499,0.3370561561614537,-0.0725651324999081,-0.0598584734714578,0.0,0.0,32.0,32.0,0.0118782626639936,-0.0059045434383841,0.7347247015824497,0.1543426128025745,0.1109326856149757,1.0,False,False,-0.1514395156245002,0.2705310957962483,1836
bd7b4bf769233073d05e,D1,2018,2019-05-11,2019-05-07,RB Leipzig,Bayern München,0,0,1.2224498464239548,1.786620975697652,0.2068268437629143,0.2288049784569065,0.5643681777801793,1,2,0,2.870089625078087,0.9560305446447016,0.4714123011053585,0.5201774624030353,0.3710108284980364,0.3156539658425755,-0.1506827683952451,-0.5781794011103614,0.0,32.0,32.0,0.0135982185706218,0.0359812696047978,0.2068268437629143,0.2288049784569064,0.5643681777801792,1.0,False,False,-0.1514395156245002,0.2705310957962483,1836
f853d31aaa78326cffa3,D1,2018,2019-05-11,2019-05-07,Hannover 96,SC Freiburg,3,0,1.2898627711738246,1.273265388004285,0.3643263968038834,0.2537250743083565,0.3819485288877601,1,2,0,3.5559746618997665,0.614342021852639,-0.2942772406912857,-0.3622522854941939,-0.1973733442682579,-0.4720847102588099,0.0534741224903849,0.0,0.0,32.0,32.0,-0.0086414036698996,-0.0241850726393743,0.3643263968038835,0.2537250743083565,0.3819485288877601,1.0,False,False,-0.1514395156245002,0.2705310957962483,1836
f55659a746ea89171f45,D1,2018,2019-05-12,2019-05-07,Eintracht Frankfurt,1. FSV Mainz 05,0,2,1.8033407821974765,0.9883159553386232,0.6003153877318834,0.2133539359933121,0.1863306762748047,2,1,0,3.51859112732379,1.0679562351229364,-0.0519009811373835,-0.1395426360278496,0.1518059729350711,-0.5403681006159343,0.1202485133663678,0.6768496813143464,0.0,32.0,32.0,0.0077994593559725,-0.0173716402142341,0.6003153877318833,0.213353935993312,0.1863306762748047,1.0,False,False,-0.1514395156245002,0.2705310957962483,1836
0b812c10f6b2de460836,D1,2018,2019-05-18,2019-05-14,SV Werder Bremen,RB Leipzig,2,1,1.304662693052142,1.640504972819481,0.3693618584487843,0.247492963831161,0.3831451777200546,2,1,4,2.363358959154081,0.6057574599352358,0.1012210884503102,0.3640049042566524,0.3390354195358278,0.5228311700597541,-0.0699970606103465,-1.1221345246537864,0.0,33.0,33.0,-0.0115779893983189,0.034839289033667,0.3693618584487843,0.247492963831161,0.3831451777200547,1.0,False,False,-0.1487436035073792,0.2650319993516215,1836
1dfce4cfb9b0cd489b06,D1,2018,2019-05-18,2019-05-14,FC Schalke 04,Stuttgart,0,0,1.7437729891178595,0.8721908150180803,0.5909014697050181,0.2230354047206571,0.1860631255743248,1,0,0,2.5937406360481963,0.9874580159156304,-0.072719136170673,-0.0431714002066115,-0.4017451174184007,-0.6140610858989012,0.2248250674745884,0.4033822079591551,0.0,33.0,33.0,0.0061279097669927,-0.0119224365858569,0.5909014697050181,0.223035404720657,0.1860631255743248,1.0,False,False,-0.1487436035073792,0.2650319993516215,1836
25d18a6920031378763d,D1,2018,2019-05-18,2019-05-14,VfL Wolfsburg,FC Augsburg,8,1,1.8153900045627476,1.139719970739211,0.6769170118587062,0.1853705690951631,0.1377124190461307,2,1,2,8.386755496221282,0.1577095754725091,0.085677701985665,-0.1453938053007028,0.4055993922698374,-0.1955196376654757,-0.004165733139481,0.0,0.0,33.0,33.0,0.0156291738066275,-0.0186149789723794,0.6769170118587062,0.185370569095163,0.1377124190461307,1.0,False,False,-0.1487436035073792,0.2650319993516215,1836
297017ea1b3736394d97,D1,2018,2019-05-18,2019-05-14,Fortuna Düsseldorf,Hannover 96,2,1,2.108810145218459,1.154922767927974,0.609267894770856,0.2119926386765179,0.1787394665526262,2,1,4,2.268691171252939,0.2295602538133489,-0.1098089414281601,-0.0323121287800217,0.2035079255420493,-0.5268800315472739,0.0331416134925428,0.0,0.0,33.0,33.0,-0.0077082070291877,0.0006021535187786,0.6092678947708559,0.211992638676518,0.1787394665526261,1.0,False,False,-0.1487436035073792,0.2650319993516215,1836
377ea8bb0ed844389ff4,D1,2018,2019-05-18,2019-05-14,Borussia Mönchengladbach,Borussia Dortmund,0,2,1.5288451600584525,1.7158294098207638,0.331584272089003,0.2340674372785824,0.4343482906324147,1,2,2,2.797224236035194,0.4846975510014282,0.0120694925128987,0.2305995436102898,-0.3046549591800565,0.0593516904543308,-0.256401290411864,-0.698307408406611,0.0,33.0,33.0,-0.0231430924498178,0.0352765442559772,0.3315842720890029,0.2340674372785823,0.4343482906324147,1.0,False,False,-0.1487436035073792,0.2650319993516215,1836
895dd6f154ea531c93fa,D1,2018,2019-05-18,2019-05-14,1. FSV Mainz 05,TSG 1899 Hoffenheim,4,2,1.3979862115857786,1.775659120292766,0.2269661549779094,0.1986767366584499,0.5743571083636407,1,2,0,4.796180143521176,0.9669398591667318,0.078459311813425,0.0368986582132128,0.2247819700753342,0.1944027683164599,-0.1629784212530975,-0.7291455299118581,0.0,33.0,33.0,-0.002147922791973,0.0079158212933049,0.2269661549779094,0.1986767366584499,0.5743571083636406,1.0,False,False,-0.1487436035073792,0.2650319993516215,1836
a4d227e73da8190434d0,D1,2018,2019-05-18,2019-05-14,Hertha BSC,Bayer 04 Leverkusen,1,5,1.4357725390224585,1.6089485202846887,0.1515485255071898,0.1929993070756158,0.6554521674171943,1,2,2,4.6023109323491935,0.1789288970525804,0.0614220672095837,0.2685419037611173,0.0008323426240957,0.3877790864237322,-0.1192571935190279,0.0,0.0,33.0,33.0,-0.0132477481430488,0.0297459466915839,0.1515485255071898,0.1929993070756159,0.6554521674171943,1.0,False,False,-0.1487436035073792,0.2650319993516215,1836
d46b998e3f52d256ad09,D1,2018,2019-05-18,2019-05-14,Bayern München,Eintracht Frankfurt,5,1,2.8612088667577456,0.6641679383437178,0.7562457301671416,0.1557764535530581,0.0879778162798004,2,0,2,3.539170670093576,0.0914225437006803,0.3605823201847181,-0.2226699426942785,0.7508485893501108,0.0770033452435898,0.3185008459347447,1.0801003832478475,0.0,33.0,33.0,0.0631167714499229,-0.0562211525754009,0.7562457301671415,0.1557764535530581,0.0879778162798004,1.0,False,False,-0.1487436035073792,0.2650319993516215,1836
febb896038bd3c3e4d13,D1,2018,2019-05-18,2019-05-14,SC Freiburg,1. FC Nürnberg,5,1,1.5837925176086156,0.7460316378409598,0.5431979748574935,0.2316831253567682,0.2251188997857384,1,0,2,5.135831696742242,0.3130236797901164,-0.4867954478725909,-0.3728362179803654,-0.0729357961224533,-0.5276275267303989,0.0952763534262753,0.0,0.0,33.0,33.0,-0.025273916216927,-0.0177076670757207,0.5431979748574934,0.2316831253567682,0.2251188997857383,1.0,False,False,-0.1487436035073792,0.2650319993516215,1836
ffcf10d7c6a88fa57969,D1,2019,2019-08-16,2019-08-13,Bayern München,Hertha BSC,2,2,3.147417347087923,0.6202266581984601,0.8098813050877196,0.1265774754971535,0.0635412194151269,2,0,0,3.671839224368857,1.4228121212042746,0.4414101344320748,-0.0823876781004068,0.7615593532856397,-0.0626927054440149,0.0210302994132744,0.0,1.0,0.0,0.0,0.0493119123188915,-0.0313607895023081,0.8098813050877196,0.1265774754971535,0.0635412194151269,1.0,False,False,-0.1545288797425776,0.2733717479539285,1827
2911255cda453e8b3249,D1,2019,2019-08-17,2019-08-13,Borussia Dortmund,FC Augsburg,5,1,3.1356763281468885,0.9495425904457596,0.7840241609692713,0.1444878363115575,0.0714880027191712,2,0,2,3.221917810320542,0.0726328324197989,0.3252473097046962,-0.3122135038090384,0.3964146064513882,-0.3132218608105899,0.0181381305947782,1.6729254613256963,1.0,0.0,0.0,0.0908654492238028,-0.0902137589290199,0.7840241609692713,0.1444878363115575,0.0714880027191712,1.0,False,False,-0.1545288797425776,0.2733717479539285,1827
460be51beccc87e4e53f,D1,2019,2019-08-17,2019-08-13,SC Freiburg,1. FSV Mainz 05,3,0,1.4024709345525326,1.3727604880208288,0.4333542550097209,0.2829018875434379,0.283743857446841,2,1,2,3.3701096275049207,0.4816314549300416,-0.2102974385743417,0.2639234862846562,0.1292062661813044,-0.3072047071919933,-0.2275526636971143,-0.2037833040296682,1.0,0.0,0.0,-0.0506981339572644,0.0533794363427801,0.4333542550097209,0.282901887543438,0.2837438574468411,1.0,False,False,-0.1545288797425776,0.2733717479539285,1827
88b52bc6244cf730c0a7,D1,2019,2019-08-17,2019-08-13,Borussia Mönchengladbach,FC Schalke 04,0,0,1.5526088998880705,0.9823289276293992,0.4624320007066774,0.2729541322222795,0.2646138670710432,1,0,0,2.391537179346703,0.812459547776531,-0.1267663313925631,-0.0623095342878368,-0.426698232765011,-0.0015866612549452,0.0944162347732645,0.2226430090496505,1.0,0.0,0.0,0.00072573054004,-0.01017952382406,0.4624320007066774,0.2729541322222794,0.2646138670710432,1.0,False,False,-0.1545288797425776,0.2733717479539285,1827
966b1de14dc1f9640eb9,D1,2019,2019-08-17,2019-08-13,Bayer 04 Leverkusen,SC Paderborn 07,3,2,3.0082952185030067,1.14837727413955,0.7468035581388834,0.1601186858321224,0.0930777560289942,3,1,2,3.0504210206993836,0.0984099003911287,0.4327030489415046,-0.3042106654753758,0.245563380347063,-0.2740677410780247,0.0488505709579649,2.5,1.0,0.0,0.0,0.1234233667158175,-0.116998747542511,0.7468035581388834,0.1601186858321224,0.0930777560289942,1.0,False,True,-0.1545288797425776,0.2733717479539285,1827
e73827ab9b38708fb4c8,D1,2019,2019-08-17,2019-08-13,VfL Wolfsburg,1. FC Köln,2,1,2.1567201038472623,1.4254188572342985,0.5002035238704425,0.2554515322439959,0.2443449438855615,2,1,4,2.440121099399531,0.3747564544797668,0.2158961565936107,-0.4508647526665151,0.4816539647766927,-0.4451754824144917,0.0490344213757889,0.0,1.0,0.0,0.0,0.0465845743614762,-0.0583330041651215,0.5002035238704425,0.255451532243996,0.2443449438855614,1.0,False,True,-0.1545288797425776,0.2733717479539285,1827
f9a8f691d69becb46f46,D1,2019,2019-08-17,2019-08-13,SV Werder Bremen,Fortuna Düsseldorf,1,3,2.240122504095215,1.2805767944217477,0.5483983255012961,0.242802312054009,0.2087993624446947,2,1,0,3.708433625442378,0.9856921350193192,0.1996360277322318,0.0933175553269501,0.4348351672235717,-0.2168291812705162,-0.0661001912323541,0.0,1.0,0.0,0.0,0.0119927154452579,0.0026549637077011,0.5483983255012961,0.2428023120540089,0.2087993624446948,1.0,False,False,-0.1545288797425776,0.2733717479539285,1827
a65d226a20ddb4afa401,D1,2019,2019-08-18,2019-08-13,1. FC Union Berlin,RB Leipzig,0,4,1.000155035796666,1.778103570683669,0.2064579314792806,0.2377861250619577,0.5557559434587616,1,2,2,3.624058247507199,0.2965199005148994,0.0,0.1413046552544444,0.0,0.2649659875768951,0.0,-2.5,1.0,0.0,0.0,-0.0695652327627222,0.0766304655254444,0.2064579314792807,0.2377861250619577,0.5557559434587616,1.0,True,False,-0.1545288797425776,0.2733717479539285,1827
d9559104a3731c7b1931,D1,2019,2019-08-18,2019-08-13,Eintracht Frankfurt,TSG 1899 Hoffenheim,1,0,1.581293170049335,1.5958139361688664,0.4114994363021421,0.2615558060879367,0.326944757609921,2,1,3,2.8766646758440566,0.5216372276996168,-0.3722911169994422,-0.1063980889084233,-0.0522471915147695,-0.0173035342107935,0.0502046378238526,-0.0522958485975116,1.0,0.0,0.0,-0.0307063715782682,0.0067719112828749,0.4114994363021421,0.2615558060879369,0.3269447576099211,1.0,False,False,-0.1545288797425776,0.2733717479539285,1827
da4fee7c2213a3e6272a,D1,2019,2019-08-23,2019-08-20,1. FC Köln,Borussia Dortmund,1,3,0.6740864207449594,3.525632323567813,0.1543335357321999,0.2012196731698302,0.6444467910979699,0,3,2,2.9155694949026896,0.1907262814827062,-0.5304764693466942,0.4157383105196625,-0.2064824939691424,0.1847666411204587,-0.0940171740529649,-2.019354220769712,0.9,1.0,1.0,-0.1239708911306193,0.1182339831892677,0.1543335357321999,0.2012196731698302,0.6444467910979699,1.0,True,False,-0.1532647439359691,0.2729722584139608,1827
3a384d22d929e40e5ad3,D1,2019,2019-08-24,2019-08-20,SC Paderborn 07,SC Freiburg,1,3,0.8042405504827606,2.0561424920963987,0.4001377626099752,0.2645355208365948,0.3353267165534301,2,1,0,3.3696702730599917,0.6718798445784495,-0.3466887487266502,0.0165236543187406,-0.3391577173336818,-0.5167274158381789,0.0169651349344471,-1.8622151673937148,0.9,1.0,1.0,-0.0765466421082382,0.0600383873878428,0.4001377626099753,0.2645355208365947,0.33532671655343,1.0,True,False,-0.1532647439359691,0.2729722584139608,1827
930af2ec5e3e3d16a29d,D1,2019,2019-08-24,2019-08-20,Fortuna Düsseldorf,Bayer 04 Leverkusen,1,3,1.7084652071239936,2.080519351638201,0.2186758366832953,0.2270063447474209,0.5543178185692836,1,2,2,2.6519271113281015,0.2979836089495661,0.2093153064835961,0.5383593220852614,0.2868602711420291,0.4703500723255133,-0.1442779783954995,0.0,0.9,1.0,1.0,-0.0132003343756784,0.0505840658041213,0.2186758366832954,0.2270063447474209,0.5543178185692837,1.0,False,False,-0.1532647439359691,0.2729722584139608,1827
b15561bf6fbe4f2664e4,D1,2019,2019-08-24,2019-08-20,FC Schalke 04,Bayern München,0,3,0.7861964872385123,2.1362198895759157,0.1172179474367942,0.1930648546017787,0.6897171979614269,0,2,2,2.4092997475780296,0.1472895025246093,-0.1106228886370078,0.3393930661777236,-0.3890738985660791,0.1928044648218664,-0.2678284679156468,-1.1674939501905337,0.9,1.0,1.0,-0.0676919794476563,0.0791304883246921,0.1172179474367942,0.1930648546017787,0.689717197961427,1.0,False,False,-0.1532647439359691,0.2729722584139608,1827
b5df2b792723c05cf4d4,D1,2019,2019-08-24,2019-08-20,FC Augsburg,1. FC Union Berlin,1,1,2.52471115524083,0.420052155624777,0.4252720546121576,0.2869305428708534,0.2877974025169889,2,0,0,2.0412276744550915,0.7721517160200276,-0.3822646782905848,-0.2945454545454545,-0.0819145541912534,0.0,0.0,1.5815250666906135,0.9,1.0,1.0,0.012085118898753,-0.045925625540555,0.4252720546121577,0.2869305428708534,0.2877974025169889,1.0,False,True,-0.1532647439359691,0.2729722584139608,1827
c3220176bc7d095ab391,D1,2019,2019-08-24,2019-08-20,TSG 1899 Hoffenheim,SV Werder Bremen,3,2,2.138793166603199,1.3006669096473054,0.5074973972065604,0.2433916088643708,0.2491109939290688,2,1,3,3.202233245184602,0.363854576320228,-0.2512130205891869,-0.0130105064848759,0.0490011319672662,-0.0309630149293794,0.0219037138693913,0.672509391113812,0.9,1.0,1.0,-0.0082441297411445,-0.0049670466125585,0.5074973972065604,0.2433916088643708,0.2491109939290688,1.0,False,False,-0.1532647439359691,0.2729722584139608,1827
dc691189c1d99d3c7441,D1,2019,2019-08-24,2019-08-20,1. FSV Mainz 05,Borussia Mönchengladbach,1,3,1.267017940587993,1.3775218400583455,0.3334601664684898,0.2788585017835908,0.3876813317479191,1,2,2,3.208871089397558,0.5638918981281837,0.0870461300978448,-0.1033316249321501,0.3572718494951311,0.2486668925160897,-0.1730780332525901,-0.8120991234213106,0.9,1.0,1.0,-0.013054937683217,0.0122406629415017,0.3334601664684899,0.2788585017835909,0.3876813317479191,1.0,False,False,-0.1532647439359691,0.2729722584139608,1827
29b6e9d25e86e00aac00,D1,2019,2019-08-25,2019-08-20,Hertha BSC,VfL Wolfsburg,0,3,1.4498366749647351,1.3784872843938454,0.3932939387218402,0.2750784195684547,0.331627641709705,2,1,0,3.682663556641887,0.6770698684741479,-0.0636115120953394,0.3571902283768919,-0.1521473891569396,-0.157823695975515,0.0003953738491565,0.0,0.9,1.0,1.0,-0.0242008939359207,0.0388798297499983,0.3932939387218402,0.2750784195684547,0.331627641709705,1.0,False,False,-0.1532647439359691,0.2729722584139608,1827
4fa4c6add662fcb1e3cb,D1,2019,2019-08-25,2019-08-20,RB Leipzig,Eintracht Frankfurt,2,1,2.008564448278123,0.8928484033979669,0.6378816848126331,0.2052794190865709,0.1568388961007959,2,1,4,2.2817607898480823,0.1978677534247735,0.2615289131069751,-0.1921175103886028,0.2448451254343004,-0.0896616226056182,0.0507882932524412,0.5019209821374859,0.9,1.0,1.0,0.0495914035908431,-0.0461208334549245,0.6378816848126332,0.2052794190865709,0.1568388961007959,1.0,False,False,-0.1532647439359691,0.2729722584139608,1827
81dac56e86f1569b42ea,D1,2019,2019-08-30,2019-08-27,Borussia Mönchengladbach,RB Leipzig,1,3,1.2390721708968946,1.4708015974857422,0.2918137947269302,0.2545609698681731,0.4536252354048964,1,2,2,3.0199753825342337,0.4484819615595108,0.0881086667237204,0.3311422041427669,-0.3460616335333147,0.3629726761820915,-0.1520385065651731,-0.3666715400305217,0.8,2.0,2.0,-0.0226815996636353,0.0436441432069597,0.2918137947269303,0.2545609698681732,0.4536252354048964,1.0,False,False,-0.1562862425838285,0.2498872733574517,1827
6d5dbd7cd13bd6a89953,D1,2019,2019-08-31,2019-08-27,SC Freiburg,1. FC Köln,1,2,2.1105907014673493,1.2033625880171128,0.3900454984144491,0.2769888322073626,0.3329656693781884,2,1,0,2.364981676139871,0.6737931022290629,0.2131154766441871,-0.5451506794183664,0.3184010990829176,-0.525809359809077,0.0483300148222693,0.3051643849121222,0.8,2.0,2.0,0.0570888700746929,-0.0736906302134019,0.3900454984144491,0.2769888322073625,0.3329656693781883,1.0,False,True,-0.1562862425838285,0.2498872733574517,1827
c21952dbe6fb673be8f5,D1,2019,2019-08-31,2019-08-27,Bayern München,1. FSV Mainz 05,6,1,3.466670402277267,0.5879360680175129,0.8799429868558858,0.0867998059432502,0.0332572072008639,3,0,2,3.713451457171451,0.0230539345476731,0.4240278402027106,-0.1086867147328944,0.5619111540649466,-0.3781557853345713,0.3005193721022918,1.7569500645621938,0.8,2.0,2.0,0.0980020896532742,-0.0822350333797834,0.8799429868558858,0.0867998059432502,0.0332572072008639,1.0,False,False,-0.1562862425838285,0.2498872733574517,1827
df61522acfda2a388176,D1,2019,2019-08-31,2019-08-27,Bayer 04 Leverkusen,TSG 1899 Hoffenheim,0,0,2.2294941300954942,1.5439675729614262,0.6162412623917433,0.1957323681777053,0.1880263694305515,2,1,0,3.4924960555295135,1.061953632672446,0.6378809904496691,-0.092792867065169,0.3180451131423129,-0.1346992373171309,-0.2083888190937803,0.3395758211633661,0.8,2.0,2.0,0.0647998178668036,-0.0375454116975786,0.6162412623917431,0.1957323681777053,0.1880263694305515,1.0,False,False,-0.1562862425838285,0.2498872733574517,1827
e392c67e6ffdacec99ea,D1,2019,2019-08-31,2019-08-27,1. FC Union Berlin,Borussia Dortmund,3,1,0.7424985913281906,2.86064614991329,0.1060725187309222,0.1715093423365091,0.7224181389325689,0,2,0,4.665628562377726,1.3504097637355756,-0.2445110819752792,0.5406053737622372,-0.2945454545454545,0.3244458603711705,0.0,-2.5,0.8,2.0,2.0,-0.1014813768856398,0.1162860914749876,0.1060725187309222,0.1715093423365091,0.7224181389325687,1.0,True,False,-0.1562862425838285,0.2498872733574517,1827
fae61c9447218d3fa2a3,D1,2019,2019-08-31,2019-08-27,FC Schalke 04,Hertha BSC,3,0,1.4458031950670691,1.031102262820765,0.4507588024433551,0.276988017733308,0.272253179823337,1,0,2,3.1536524640859924,0.4525100489852031,-0.2235222382041388,-0.1849571438924201,-0.4486307120757396,-0.1142519519730732,0.014790741087737,0.0,0.8,2.0,2.0,-0.012364829571406,-0.0080591395334219,0.450758802443355,0.276988017733308,0.2722531798233369,1.0,False,False,-0.1562862425838285,0.2498872733574517,1827
fb0cf5c49a7137658b66,D1,2019,2019-08-31,2019-08-27,VfL Wolfsburg,SC Paderborn 07,1,1,2.837203780784691,0.9061421752556452,0.6548629283749552,0.1971339949334916,0.1480030766915533,2,0,0,2.418911606282994,1.095344187761442,0.4419422160805412,-0.4578653019878159,0.5785154890538202,-0.3453319943675799,0.0339594326184104,0.0,0.8,2.0,2.0,0.0687854583383654,-0.0695816126337291,0.6548629283749551,0.1971339949334916,0.1480030766915533,1.0,False,True,-0.1562862425838285,0.2498872733574517,1827
28d78c8209f78effcf9e,D1,2019,2019-09-01,2019-08-27,SV Werder Bremen,FC Augsburg,3,2,2.1221664391775397,1.1521662337177814,0.5623568371505219,0.2372224871354557,0.2004206757140225,2,1,3,3.251622793924736,0.2879744936452916,-0.1311775148892397,-0.3096112178048515,0.220043298879026,-0.3864066036796856,0.0919732652087809,0.2191550682958209,0.8,2.0,2.0,0.011344574027674,-0.0333840106623786,0.5623568371505218,0.2372224871354558,0.2004206757140224,1.0,False,False,-0.1562862425838285,0.2498872733574517,1827
a849f07a48cfcd2c5959,D1,2019,2019-09-01,2019-08-27,Eintracht Frankfurt,Fortuna Düsseldorf,2,1,1.968176494646896,1.252675442737854,0.565446669049134,0.2342168800718226,0.2003364508790433,2,1,4,2.260117509989062,0.2838288379018828,-0.3149022237473982,-0.0017555174152281,0.1138522071877817,-0.00499739156111,0.2851202846768644,0.0,0.8,2.0,2.0,-0.0171464322701351,0.0013135452120038,0.5654466690491341,0.2342168800718226,0.2003364508790433,1.0,False,False,-0.1562862425838285,0.2498872733574517,1827
373f784571a769ad1c07,D1,2019,2019-09-13,2019-09-10,Fortuna Düsseldorf,VfL Wolfsburg,1,1,1.5721061484036378,1.7416403093634365,0.3158595669445018,0.2643796927739891,0.419760740281509,1,2,0,2.143659047099941,0.8171035815153394,-0.0952593626771358,0.3632001038237855,0.1253395465685727,0.022772819587269,-0.2836515693071996,0.0,0.7,3.0,3.0,-0.0418685199242628,0.0552655569815953,0.3158595669445018,0.2643796927739891,0.419760740281509,1.0,False,False,-0.1665383752396376,0.2535624063710134,1827
2e41f07e3d5947001d26,D1,2019,2019-09-14,2019-09-10,1. FC Köln,Borussia Mönchengladbach,0,1,1.5887558498808716,1.5614544466860862,0.3711662140635067,0.2702258272360375,0.3586079587004557,2,1,0,3.0109486828011813,0.6221701068100339,-0.2904939510390219,-0.1011856093931352,-0.3060522530294849,0.3400685948014498,-0.0010389546116801,-0.9973066756342436,0.7,3.0,3.0,-0.0414949291884287,0.0219109511668208,0.3711662140635067,0.2702258272360375,0.3586079587004557,1.0,True,False,-0.1665383752396376,0.2535624063710134,1827
3221a750598e3d9e8960,D1,2019,2019-09-14,2019-09-10,1. FSV Mainz 05,Hertha BSC,2,1,1.514173727045425,1.2452122246447292,0.4015228664985037,0.2777977971704765,0.3206793363310197,2,1,4,2.436891420910697,0.5381817321866402,-0.2219339262952153,-0.2811865214633999,0.1196184659697988,-0.2899814749620299,0.0397420905492308,0.0,0.7,3.0,3.0,-0.00614696202889,-0.0190090603590407,0.4015228664985037,0.2777977971704765,0.3206793363310198,1.0,False,False,-0.1665383752396376,0.2535624063710134,1827
3ad886609ad08dd0cdac,D1,2019,2019-09-14,2019-09-10,1. FC Union Berlin,SV Werder Bremen,1,2,1.4878397998261623,1.5191683397476907,0.3422146174529455,0.2727939379124908,0.3849914446345638,1,2,4,2.418504926119385,0.5697629001329505,0.0497210465913084,0.0123059712152544,0.0567379193647245,-0.1459045922952916,0.0,-1.5340405721948966,0.7,3.0,3.0,-0.0224889039150425,0.0255902548053707,0.3422146174529454,0.2727939379124908,0.3849914446345637,1.0,True,False,-0.1665383752396376,0.2535624063710134,1827
4cc258de5ff99592038f,D1,2019,2019-09-14,2019-09-10,Borussia Dortmund,Bayer 04 Leverkusen,4,0,2.357206321213263,1.464174745030391,0.5251106918972882,0.2383295409608639,0.2365597671418477,2,1,2,3.6370413851244687,0.3382813484750937,0.2700134378675902,0.4637681547467089,0.4708046257432112,0.5152936760528181,0.2072126523783821,0.4410543603972838,0.7,3.0,3.0,0.0218920199752951,0.0147970596554198,0.5251106918972883,0.238329540960864,0.2365597671418477,1.0,False,False,-0.1665383752396376,0.2535624063710134,1827
798a15e6ddb1b8883f64,D1,2019,2019-09-14,2019-09-10,FC Augsburg,Eintracht Frankfurt,2,1,1.3597500539219929,1.5355578005276207,0.2746761947297901,0.259044216167932,0.4662795891022779,1,2,0,2.691675182019064,0.8106151836351049,-0.4146012005386141,-0.0782424499284273,-0.1333350485975142,-0.1940571355205316,0.0695567458084937,-0.553317168968091,0.7,3.0,3.0,-0.0437532107239569,0.0191110282006048,0.27467619472979,0.2590442161679321,0.4662795891022778,1.0,False,False,-0.1665383752396376,0.2535624063710134,1827
b6e2dcba4d0e31cd7190,D1,2019,2019-09-14,2019-09-10,RB Leipzig,Bayern München,1,1,1.21825178192858,1.7676339677191228,0.2527145370735852,0.2364507302322157,0.5108347326941989,1,2,0,2.1976616191435907,0.9078242487379866,0.4044112744373107,0.4934567376831243,0.3776233565476229,0.307090762212042,-0.1241708864963698,-0.5067760639708127,0.7,3.0,3.0,0.0006911651152671,0.0442022354907546,0.2527145370735852,0.2364507302322158,0.5108347326941989,1.0,False,False,-0.1665383752396376,0.2535624063710134,1827
c70c67067ff8236f8b53,D1,2019,2019-09-15,2019-09-10,SC Paderborn 07,FC Schalke 04,1,5,1.3594965554713474,1.538000767947688,0.3144359844662568,0.262605877136654,0.4229581383970888,1,2,2,5.162666392694403,0.5008091450761288,-0.3716290823599191,0.0056748836063013,-0.3882051428748349,-0.0240128679224307,-0.0314920925224468,-2.146330461116576,0.7,3.0,3.0,-0.0765820401119694,0.0582843301742885,0.3144359844662569,0.262605877136654,0.4229581383970889,1.0,True,False,-0.1665383752396376,0.2535624063710134,1827
fefa63ccb90ef2aae2b9,D1,2019,2019-09-15,2019-09-10,TSG 1899 Hoffenheim,SC Freiburg,0,3,2.394979097590479,1.0744720917981632,0.5650444548432381,0.2273631258773982,0.2075924192793636,2,1,0,4.657091116446844,0.9988790009413656,-0.1389441787724501,0.0743774417518091,0.2202803389341361,-0.2510145165812357,0.1294649000749694,0.8188726995416304,0.7,3.0,3.0,0.0031902272808915,-0.0064185641319235,0.5650444548432382,0.2273631258773982,0.2075924192793636,1.0,False,False,-0.1665383752396376,0.2535624063710134,1827
df2ac68821c4191481c1,D1,2019,2019-09-20,2019-09-17,FC Schalke 04,1. FSV Mainz 05,2,1,1.7482118516786909,0.9916772074486664,0.577128744467415,0.2353891193650881,0.1874821361674967,2,1,4,2.2435745532255105,0.2693776876531042,0.220378672869387,-0.0654594563346924,-0.1789895564474943,-0.4363594632817887,0.0622529121687774,0.3482323551526995,0.6,4.0,4.0,0.0336469710394026,-0.0259010102126679,0.577128744467415,0.2353891193650881,0.1874821361674968,1.0,False,False,-0.1698746768093277,0.2478883699504252,1827
1355390f7654f9290a51,D1,2019,2019-09-21,2019-09-17,Hertha BSC,SC Paderborn 07,2,1,2.0656009868195295,1.2676027935308922,0.5520574961584532,0.2375769821776428,0.210365521663904,2,1,4,2.32002111829313,0.3013489619133966,-0.3511717816093569,-0.4576906648203136,-0.2575862541211964,-0.3427962191846813,0.0044034607562152,0.0,0.6,4.0,4.0,-0.0120124718821092,-0.0284306504393742,0.5520574961584532,0.2375769821776428,0.2103655216639039,1.0,False,True,-0.1698746768093277,0.2478883699504252,1827
2ef106fb7fd809ebff6c,D1,2019,2019-09-21,2019-09-17,SC Freiburg,FC Augsburg,1,1,1.848063911858093,1.2809208047189615,0.5028479655930369,0.2534247041450319,0.2437273302619312,2,1,0,2.1459902842061083,0.8696337603985975,0.2767378103643176,-0.2268259678314224,0.1406911425492791,-0.4108022484666143,0.0861588507336425,-0.120294939305045,0.6,4.0,4.0,0.0415185978751093,-0.0390230057484645,0.5028479655930369,0.2534247041450319,0.2437273302619312,1.0,False,False,-0.1698746768093277,0.2478883699504252,1827
5934ec42ea9e09d75b75,D1,2019,2019-09-21,2019-09-17,Bayer 04 Leverkusen,1. FC Union Berlin,2,0,2.4085048011429446,1.018942938110908,0.699284282851417,0.1791010592613799,0.1216146578872029,2,1,2,2.3151866065800406,0.1372972569817563,0.1875035895527657,-0.1181278834207816,0.1980807419825134,-0.053030303030303,0.0,2.4519060121650296,0.6,4.0,4.0,0.0614353433087911,-0.0579665580021919,0.6992842828514172,0.1791010592613799,0.1216146578872029,1.0,False,True,-0.1698746768093277,0.2478883699504252,1827
e9806d1a8b7cb877dab5,D1,2019,2019-09-21,2019-09-17,Bayern München,1. FC Köln,4,0,3.73739016303864,0.7099713747388999,0.8515617069388584,0.1031080120834077,0.0453302809777339,3,0,2,2.394707971392169,0.0347200233762178,0.3452918339373284,-0.3387511773954989,0.613196764026315,-0.2512570304741358,0.2106875228447879,2.2128657951263433,0.6,4.0,4.0,0.0951941053326423,-0.0948670725055508,0.8515617069388584,0.1031080120834077,0.0453302809777339,1.0,False,True,-0.1698746768093277,0.2478883699504252,1827
f86bb32199948c3a6d47,D1,2019,2019-09-21,2019-09-17,SV Werder Bremen,RB Leipzig,0,3,1.2712900258172002,1.746366979612858,0.2283017419998465,0.2250786585833781,0.5466195994167754,1,2,2,2.980200282969998,0.3083358755828626,0.1868632666856268,0.2722446921447088,0.2937953535366366,0.4305229360495812,-0.018547589457629,-1.1520348859839211,0.6,4.0,4.0,-0.013133810701313,0.0360892086428298,0.2283017419998465,0.2250786585833781,0.5466195994167754,1.0,False,False,-0.1698746768093277,0.2478883699504252,1827
a0e1a023771f58de6edd,D1,2019,2019-09-22,2019-09-17,Eintracht Frankfurt,Borussia Dortmund,2,2,1.3218199689376005,1.9188286092234976,0.2231094581783708,0.2268103259680594,0.5500802158535695,1,2,0,2.8863080490211357,0.9501883462317744,-0.1846895844370755,0.3671132781132397,0.2501094165550939,0.1294870475428252,-0.1115626893223588,-1.055108952120013,0.6,4.0,4.0,-0.0582293910972876,0.0673505757810958,0.2231094581783708,0.2268103259680595,0.5500802158535696,1.0,False,False,-0.1698746768093277,0.2478883699504252,1827
ea83c52cfeba7d4f5e61,D1,2019,2019-09-22,2019-09-17,Borussia Mönchengladbach,Fortuna Düsseldorf,2,1,2.0852297299854925,1.133124273215259,0.5657706618101251,0.2337780974227656,0.2004512407671093,2,1,4,2.3352929368383184,0.2833880169044984,0.0937621105033739,-0.0774853445342586,-0.3938686694283077,-0.1012335211479801,0.0310055639308237,0.0,0.6,4.0,4.0,0.0148007564735915,-0.0139869181751357,0.565770661810125,0.2337780974227656,0.2004512407671093,1.0,False,False,-0.1698746768093277,0.2478883699504252,1827
71ce30e04a38810d188b,D1,2019,2019-09-23,2019-09-17,VfL Wolfsburg,TSG 1899 Hoffenheim,1,1,1.737201083099287,1.44802196092014,0.4904754449141487,0.2510307395229894,0.2584938155628619,2,1,0,2.1701813827395857,0.8683401678874592,0.2752346128753045,-0.3102373816241181,0.408439066046073,-0.1332098203954976,0.0559160430219685,0.0,0.6,4.0,4.0,0.0458311325198347,-0.0475812709572754,0.4904754449141486,0.2510307395229894,0.258493815562862,1.0,False,False,-0.1698746768093277,0.2478883699504252,1827
f656736bb52bf112e956,D1,2019,2019-09-27,2019-09-24,1. FC Union Berlin,Eintracht Frankfurt,1,2,1.158045423382314,1.412128746916022,0.320366132723112,0.263157894736842,0.4164759725400458,1,2,4,2.4012632429120258,0.512386827181375,-0.2529936609833667,-0.1742186695970828,-0.1299447390730084,-0.2796964657731871,0.0,-1.8378514204423009,0.5,5.0,5.0,-0.0395615753740112,0.0182009588449888,0.3203661327231121,0.2631578947368421,0.4164759725400458,1.0,True,False,-0.1754547788573578,0.2474071244812651,1827
075f3cefe78207f2ba20,D1,2019,2019-09-28,2019-09-24,1. FSV Mainz 05,VfL Wolfsburg,0,1,1.3351894301497296,1.4972693254716156,0.3305578163150316,0.2713954798722845,0.398046703812684,1,2,3,2.677303894776329,0.5452717472128443,-0.1541474250682239,0.1596470405158618,0.2815249692526642,-0.0040299245335716,-0.11012664720569,0.0,0.5,5.0,5.0,-0.0289034268928999,0.0291784076652818,0.3305578163150316,0.2713954798722845,0.398046703812684,1.0,False,False,-0.1754547788573578,0.2474071244812651,1827
2bf9a330806a90190d58,D1,2019,2019-09-28,2019-09-24,TSG 1899 Hoffenheim,Borussia Mönchengladbach,0,3,1.7119196306385875,1.329084655110851,0.3930666292016438,0.2645850163324085,0.3423483544659479,2,1,0,3.776451323093592,0.6570122927332099,-0.2505246797516978,0.253684617707554,0.0278735610212201,0.3955710818863304,-0.0077456610014577,0.005819609053264,0.5,5.0,5.0,-0.0380512367974545,0.0382092336952473,0.3930666292016437,0.2645850163324084,0.3423483544659478,1.0,False,False,-0.1754547788573578,0.2474071244812651,1827
4c5b29671c958bcd5c2f,D1,2019,2019-09-28,2019-09-24,FC Augsburg,Bayer 04 Leverkusen,0,3,1.3912471149054415,2.012824991064967,0.2027737029402131,0.2112973762938946,0.5859289207658922,1,2,2,2.944876206115567,0.2572186144908683,-0.1820993479229664,0.2832647059119278,0.0673887888482036,0.2264570619276416,-0.185321790450393,-1.1673717606908205,0.5,5.0,5.0,-0.0562314066190479,0.061289674518496,0.2027737029402131,0.2112973762938947,0.5859289207658921,1.0,False,False,-0.1754547788573578,0.2474071244812651,1827
63b9c530aaed1263ca35,D1,2019,2019-09-28,2019-09-24,RB Leipzig,FC Schalke 04,1,3,1.987075682488014,0.8475677600238479,0.6120650345729768,0.2165128013455428,0.1714221640814801,1,0,0,4.194589730684999,1.1080426298687314,0.3755731238635038,0.2973852071676653,0.2870665170333017,0.192710026160748,0.0609779302297394,0.896660875829269,0.5,5.0,5.0,0.0369452094873199,-0.0032972929357614,0.612065034572977,0.2165128013455429,0.1714221640814801,1.0,False,False,-0.1754547788573578,0.2474071244812651,1827
6cf9cc8e4b7d1613e1bb,D1,2019,2019-09-28,2019-09-24,Borussia Dortmund,SV Werder Bremen,2,2,2.701059231255455,1.1736415664599524,0.7533214904073484,0.1518600464789417,0.0948184631137098,2,1,0,3.1473143677059565,1.2958251896154975,0.3018152803567058,0.0271456419082985,0.5752557587282175,0.0370217299757421,0.0465808582818551,1.358919800367417,0.5,5.0,5.0,0.0481397863589411,-0.0316917402456909,0.7533214904073485,0.1518600464789417,0.0948184631137098,1.0,False,False,-0.1754547788573578,0.2474071244812651,1827
e88f00d39a9cdfec9295,D1,2019,2019-09-28,2019-09-24,SC Paderborn 07,Bayern München,2,3,0.7631194942744298,3.76905439219282,0.0599142294411702,0.104965502295501,0.8351202682633289,0,3,2,3.6338336299663503,0.0417927974992326,-0.5327612719342071,0.4722931779786261,-0.444603306577229,0.2525766884064227,-0.0867754355697146,-2.5,0.5,5.0,5.0,-0.1124795578708377,0.1094561531730586,0.0599142294411702,0.104965502295501,0.8351202682633287,1.0,True,False,-0.1754547788573578,0.2474071244812651,1827
6b8d52c81898cc0ef920,D1,2019,2019-09-29,2019-09-24,Fortuna Düsseldorf,SC Freiburg,1,2,1.7979078955480938,1.440620025472678,0.390737628971214,0.2663127973993749,0.3429495736294111,2,1,0,2.454611060651079,0.6553136635464993,-0.2274948741398487,0.2243623543572867,0.0366828179333405,-0.0168780043636355,0.0903786012469977,0.0,0.5,5.0,5.0,-0.0294486750694993,0.0292920490803712,0.3907376289712141,0.2663127973993749,0.342949573629411,1.0,False,False,-0.1754547788573578,0.2474071244812651,1827
f2d131f138f18c522e85,D1,2019,2019-09-29,2019-09-24,1. FC Köln,Hertha BSC,0,4,1.6772907560523034,1.324526959035132,0.4438395662898485,0.2607254282850202,0.2954350054251313,2,1,0,5.016232055722174,0.7613831411390528,-0.4307197569465406,-0.1313662028468987,-0.3515142025977197,-0.3383307751504343,-0.1024129388849454,0.0,0.5,5.0,5.0,-0.0416243124965564,0.0135200145068844,0.4438395662898484,0.2607254282850202,0.2954350054251313,1.0,True,False,-0.1754547788573578,0.2474071244812651,1827
57b75b3488bf61a982ec,D1,2019,2019-10-04,2019-10-01,Hertha BSC,Fortuna Düsseldorf,3,1,1.867727553657012,1.3285670612335148,0.5697939980815786,0.2340474124149272,0.1961585895034942,2,1,2,2.666135058883193,0.2783335875807561,0.0411621021427517,-0.3071266249875549,-0.054594685837736,-0.2469763430567981,-0.1821084349073634,0.0,0.4,6.0,6.0,0.0103671197182847,-0.0236653458605249,0.5697939980815786,0.2340474124149271,0.1961585895034942,1.0,False,False,-0.1707221406112061,0.2263898586518628,1827
16729a19ad2aee0d33f0,D1,2019,2019-10-05,2019-10-01,SC Paderborn 07,1. FSV Mainz 05,1,2,1.6649496460401876,1.6852892448169532,0.3835559119913526,0.2546811255622582,0.3617629624463893,2,1,0,2.5211210766252923,0.6193241294463858,-0.534176891841817,-0.2469571192411315,-0.4585430614565412,-0.4584098143104055,-0.0453915002677292,-1.798098105963876,0.4,6.0,6.0,-0.0613203892951503,0.0222636887410029,0.3835559119913525,0.2546811255622581,0.3617629624463893,1.0,True,False,-0.1707221406112061,0.2263898586518628,1827
203782e18c86eca476df,D1,2019,2019-10-05,2019-10-01,FC Schalke 04,1. FC Köln,1,1,1.965944214493486,0.9968708995632352,0.5820669700048593,0.2300216459778238,0.1879113840173167,2,1,0,2.213133911997204,0.9669793114766408,0.4168308518425755,-0.4861090166257694,0.0365662508762372,-0.395742115830553,-0.0452263951422534,0.8094288553262616,0.4,6.0,6.0,0.0718215048116959,-0.0752854130508556,0.5820669700048593,0.2300216459778238,0.1879113840173167,1.0,False,True,-0.1707221406112061,0.2263898586518628,1827
6d87d56cdac565b0cf2d,D1,2019,2019-10-05,2019-10-01,Bayern München,TSG 1899 Hoffenheim,1,2,3.1798148365585748,0.8483939725248987,0.863359074199915,0.0955462185804492,0.0410947072196357,2,0,0,4.2291617320827335,1.6740173314105533,0.504039582399941,-0.358344441592606,0.6486386941535425,-0.111932181266554,0.1465132543611534,1.2097395104388355,0.4,6.0,6.0,0.0877442381420704,-0.0804594811017036,0.8633590741999151,0.0955462185804492,0.0410947072196357,1.0,False,False,-0.1707221406112061,0.2263898586518628,1827
c1bbe6699f1b4b750dc5,D1,2019,2019-10-05,2019-10-01,SC Freiburg,Borussia Dortmund,2,2,1.3009474663813256,2.19165194756042,0.17985012489592,0.2206494587843463,0.5995004163197336,1,2,0,2.834053609905316,0.9991340826857442,0.3407647974758461,0.2248784718629715,0.0492762748874587,0.1035673474157215,-0.2693602215992621,-1.728721060393149,0.4,6.0,6.0,-0.0079226655294585,0.0362048289963994,0.1798501248959201,0.2206494587843463,0.5995004163197335,1.0,False,False,-0.1707221406112061,0.2263898586518628,1827
e776f43b698d1abfb24d,D1,2019,2019-10-05,2019-10-01,Bayer 04 Leverkusen,RB Leipzig,1,1,1.5397874817198067,1.5870308833442346,0.4099452396964165,0.2560783936977615,0.3339763666058219,2,1,0,2.1428793508515263,0.8330146693242815,0.3779837618019441,0.1714285494415046,0.2952562525051822,0.505414363425471,-0.1285783325650927,-0.2341694460137877,0.4,6.0,6.0,0.0204563376197266,0.0070142779424457,0.4099452396964165,0.2560783936977615,0.3339763666058219,1.0,False,False,-0.1707221406112061,0.2263898586518628,1827
0214c212dce3ba5b4d71,D1,2019,2019-10-06,2019-10-01,VfL Wolfsburg,1. FC Union Berlin,1,0,1.950015692258698,0.8634780646683097,0.5716803445994452,0.2454257520516898,0.1828939033488647,1,0,4,2.371663702475094,0.2771417068547714,0.2475649019200112,-0.332884610950615,0.3123457330553407,-0.2556237807621309,0.0,0.0,0.4,6.0,6.0,0.0414007207395318,-0.045666706191062,0.5716803445994454,0.2454257520516899,0.1828939033488647,1.0,False,True,-0.1707221406112061,0.2263898586518628,1827
3de0b39acab7138db990,D1,2019,2019-10-06,2019-10-01,Eintracht Frankfurt,SV Werder Bremen,2,2,1.6628760586278502,1.2886792100922673,0.4391916180126457,0.2611084413938194,0.2996999405935349,2,1,0,2.879239852860965,0.828670067103805,0.0404799780391417,-0.0004427437780917,0.1456654226262604,0.0076589604426774,-0.0178344285768453,0.3038108482474039,0.4,6.0,6.0,0.0062165220464505,-0.004214660333398,0.4391916180126456,0.2611084413938194,0.2996999405935349,1.0,False,False,-0.1707221406112061,0.2263898586518628,1827
8cf82a4c0d62823b6855,D1,2019,2019-10-06,2019-10-01,Borussia Mönchengladbach,FC Augsburg,5,1,2.176189713219149,0.9528034408330496,0.6235054181956584,0.2105879227018448,0.1659066591024968,2,1,2,4.09853849274918,0.2136204628504563,0.3971445396399055,-0.3022127226469429,-0.1397066827694837,-0.3330215955947976,0.1050857997768371,0.6927581511833212,0.4,6.0,6.0,0.0670069615970127,-0.0622603707473646,0.6235054181956583,0.2105879227018448,0.1659066591024968,1.0,False,False,-0.1707221406112061,0.2263898586518628,1827
b3e8358e9373256976c5,D1,2019,2019-10-18,2019-10-15,Eintracht Frankfurt,Bayer 04 Leverkusen,3,0,1.4570371612727844,1.583543906944937,0.3355223743908906,0.2523057432754719,0.4121718823336374,1,2,0,3.695592098029048,0.6750743636113621,0.033866435856471,0.2873621702059123,0.0599863216837914,0.394864630744265,-0.2218059117368451,-0.6140545917227291,0.3,7.0,7.0,-0.0266771699494112,0.0427386002525304,0.3355223743908907,0.2523057432754719,0.4121718823336373,1.0,False,False,-0.1726350866092592,0.2267973990014984,1827
0303d9e15110be4d887b,D1,2019,2019-10-19,2019-10-15,Borussia Dortmund,Borussia Mönchengladbach,1,0,2.095753542535834,1.288883562705175,0.6495413673128192,0.1976865030952058,0.1527721295919751,2,1,3,2.718524565451096,0.1852405303110463,0.1249675866298393,0.4714034157452753,0.4123944629874312,0.513539022744667,0.2702757453563781,0.9156679699047828,0.3,7.0,7.0,0.0093078849178249,0.0205106652009307,0.6495413673128191,0.1976865030952057,0.152772129591975,1.0,False,False,-0.1726350866092592,0.2267973990014984,1827
0fa453a3436b4e592961,D1,2019,2019-10-19,2019-10-15,1. FC Union Berlin,SC Freiburg,2,0,1.100942387293328,1.3642958979104785,0.3694216553816023,0.2762631509810244,0.3543151936373734,1,0,2,2.6900608654604103,0.5994896337339324,-0.3922445307255761,0.2835154246020194,-0.2520551329994631,0.1662373541786501,0.0,-1.1642393121691643,0.3,7.0,7.0,-0.0621320191439273,0.0566955638377494,0.3694216553816023,0.2762631509810244,0.3543151936373733,1.0,True,False,-0.1726350866092592,0.2267973990014984,1827
4d7e144efa3795749e01,D1,2019,2019-10-19,2019-10-15,SV Werder Bremen,Hertha BSC,1,1,1.7989645937880512,1.268831095479283,0.446431904203776,0.2596098573358914,0.2939582384603324,2,1,0,2.114136494413856,0.8338904544038902,-0.0598713730191461,0.1698450787172474,0.0881805266970691,-0.0684508006539622,0.1188957257194818,0.0,0.3,7.0,7.0,-0.0085346049518028,0.0140332902367079,0.446431904203776,0.2596098573358915,0.2939582384603325,1.0,False,False,-0.1726350866092592,0.2267973990014984,1827
8e6576a59c5df245ab35,D1,2019,2019-10-19,2019-10-15,RB Leipzig,VfL Wolfsburg,1,1,1.8965340876085437,0.9784558105818888,0.6191797346200241,0.2192038600723763,0.1616164053075995,2,1,0,2.256908045458809,1.0191460183545509,0.1179176265389779,0.3864839543377901,0.0988234506184227,0.1099801660366842,0.120867671451017,0.0,0.3,7.0,7.0,-0.0014890514904408,0.0267091305342792,0.6191797346200242,0.2192038600723763,0.1616164053075995,1.0,False,False,-0.1726350866092592,0.2267973990014984,1827
973656e4a94ac92da697,D1,2019,2019-10-19,2019-10-15,FC Augsburg,Bayern München,2,2,0.8183598882140168,3.077502382383443,0.0581997860626699,0.1169687631870774,0.8248314507502528,0,2,0,3.555833180413224,1.463478302431867,-0.3806901528941231,0.2929769538498674,-0.1343456841964161,0.3271131121952291,-0.2748048914744082,-1.9083172706754208,0.3,7.0,7.0,-0.0807704870856917,0.0763848271334789,0.0581997860626698,0.1169687631870774,0.8248314507502528,1.0,False,False,-0.1726350866092592,0.2267973990014984,1827
b7066a973018c0424e3a,D1,2019,2019-10-19,2019-10-15,Fortuna Düsseldorf,1. FSV Mainz 05,1,0,1.7296852976092028,1.453547527740202,0.3712290117001756,0.2687488901604088,0.3600220981394155,1,2,0,3.0586401076198806,0.5971948328386963,-0.3685583743102618,-0.0859868662284283,-0.1272092249587524,-0.1926520658334799,-0.1449396959466766,0.0,0.3,7.0,7.0,-0.0398034789169386,0.017076216890004,0.3712290117001756,0.2687488901604088,0.3600220981394156,1.0,False,False,-0.1726350866092592,0.2267973990014984,1827
5acc58f7f4035b7897d2,D1,2019,2019-10-20,2019-10-15,1. FC Köln,SC Paderborn 07,3,0,2.207613791260602,1.3344242952541971,0.5686165403074355,0.2190999513111219,0.2122835083814425,2,1,2,2.938796824795318,0.2791607658915964,-0.3981131345516731,-0.5386529093919482,-0.4411897177695389,-0.3783418426655253,0.0,1.3369016057903145,0.3,7.0,7.0,-0.0028519059421425,-0.0439863962550385,0.5686165403074355,0.2190999513111219,0.2122835083814425,1.0,True,True,-0.1726350866092592,0.2267973990014984,1827
5ff0390550cb4d22a1e1,D1,2019,2019-10-20,2019-10-15,TSG 1899 Hoffenheim,FC Schalke 04,2,0,1.7379505487542513,1.2305804672047571,0.3547223199219104,0.2710804092585054,0.3741972708195841,1,2,0,2.8461432585885236,0.6298914701795454,-0.1171943716594874,0.3192298116442544,-0.173390891662088,0.3576473867128943,0.1488026032479776,0.1936974293612461,0.3,7.0,7.0,-0.0187880668655532,0.0288898388647915,0.3547223199219105,0.2710804092585054,0.374197270819584,1.0,False,False,-0.1726350866092592,0.2267973990014984,1827
6624a39a52dafba6494f,D1,2019,2019-10-25,2019-10-22,1. FSV Mainz 05,1. FC Köln,3,1,1.5733489671795182,1.2376963382891508,0.3752650176678446,0.2703180212014135,0.3544169611307421,2,1,2,3.170475294035639,0.5889770130729564,-0.2311542384761918,-0.1108629147578535,0.0670139794309605,-0.3239819708165223,-0.0332822494885263,0.461196500173562,0.1999999999999999,8.0,8.0,-0.016930408083285,-0.0001704495784172,0.3752650176678445,0.2703180212014134,0.354416961130742,1.0,False,True,-0.1675852589220418,0.2420323135280613,1827
06e930cdbabd32b6f590,D1,2019,2019-10-26,2019-10-22,Hertha BSC,TSG 1899 Hoffenheim,2,3,1.4705506746713968,1.6616951459959766,0.4551835614011779,0.2611708958859218,0.2836455427129002,2,1,0,3.679300402764371,0.7885660199028102,0.1433039362654589,0.1001071177094485,0.0912923999591258,0.0648904998714394,-0.1288449159625365,0.0,0.1999999999999999,8.0,8.0,0.0028827919429466,0.0092877607557987,0.455183561401178,0.2611708958859218,0.2836455427129002,1.0,False,False,-0.1675852589220418,0.2420323135280613,1827
070166f42f4d70c709de,D1,2019,2019-10-26,2019-10-22,SC Paderborn 07,Fortuna Düsseldorf,2,0,1.568349765323157,2.053162129995835,0.401610185358547,0.2482681145852837,0.3501217000561692,2,1,2,3.0614721449416553,0.5422926318365863,-0.5746503976620996,-0.1824259406072887,-0.4966636219849132,-0.3125855023901341,0.0,0.0,0.1999999999999999,8.0,8.0,-0.0483437427358455,0.0104899258223761,0.4016101853585471,0.2482681145852836,0.3501217000561692,1.0,True,False,-0.1675852589220418,0.2420323135280613,1827
684aa44530793fb33053,D1,2019,2019-10-26,2019-10-22,Bayer 04 Leverkusen,SV Werder Bremen,2,2,2.1149783771303685,1.2873240598627833,0.5898767349315734,0.2227506551489856,0.1873726099194409,2,1,0,2.8526849085655437,0.9871796014328876,0.0394767889333631,-0.1086227787446523,0.24286842167287,-0.0565399930921831,0.0307461646163235,0.9178654399701331,0.1999999999999999,8.0,8.0,0.0155054532612357,-0.0189627527518002,0.5898767349315733,0.2227506551489857,0.1873726099194409,1.0,False,False,-0.1675852589220418,0.2420323135280613,1827
7791c88dc3e66b48d7c7,D1,2019,2019-10-26,2019-10-22,FC Schalke 04,Borussia Dortmund,0,0,1.3582622950351262,1.7260464459646476,0.3110173000205077,0.2720293763712132,0.4169533236082789,1,2,0,2.748787544284484,0.8005230638465214,0.1252081383534772,0.2191161197702705,0.0273411326017227,0.0254517821687176,0.0952102544426479,-1.103545790212765,0.1999999999999999,8.0,8.0,0.0008077916179027,0.0164084212882846,0.3110173000205077,0.2720293763712133,0.4169533236082789,1.0,False,False,-0.1675852589220418,0.2420323135280613,1827
8df4ad5368be37b51d28,D1,2019,2019-10-26,2019-10-22,SC Freiburg,RB Leipzig,2,1,1.065879008979169,1.8488015852810744,0.2413690031385443,0.2555671797937528,0.5030638170677029,1,2,0,2.6700360544184405,0.8939087768294656,0.052483993918757,0.0940765423177282,-0.0190851041417913,0.3551010971076824,-0.0835876029414741,-1.5218361460096532,0.1999999999999999,8.0,8.0,-0.0112439886011326,0.0185720154129569,0.2413690031385443,0.2555671797937527,0.5030638170677029,1.0,False,False,-0.1675852589220418,0.2420323135280613,1827
f9d67859a48af62643c9,D1,2019,2019-10-26,2019-10-22,Bayern München,1. FC Union Berlin,2,1,3.0669192864869856,0.5360257683614719,0.8608549762735074,0.0933153343421477,0.045829689384345,2,0,2,2.6771583060765627,0.0301694496802985,0.1742017101156388,-0.1439212965680633,0.3681703476428125,-0.3547954650752774,0.0,2.5,0.1999999999999999,8.0,8.0,0.037116235839967,-0.0356022151625882,0.8608549762735073,0.0933153343421477,0.045829689384345,1.0,False,True,-0.1675852589220418,0.2420323135280613,1827
328048d7f98be81e6736,D1,2019,2019-10-27,2019-10-22,VfL Wolfsburg,FC Augsburg,0,0,2.126167007771227,1.032540417552029,0.6011770402842934,0.2281316214921304,0.1706913382235761,2,1,0,2.8645711792640896,0.9863301604499058,0.2509088086501053,-0.3083195789532021,0.3695143037370352,-0.4260195784202875,0.1389055284693649,0.0,0.1999999999999999,8.0,8.0,0.0474521362361388,-0.0503226747512937,0.6011770402842934,0.2281316214921304,0.1706913382235761,1.0,False,False,-0.1675852589220418,0.2420323135280613,1827
5cafe7982f738c5ce7d7,D1,2019,2019-10-27,2019-10-22,Borussia Mönchengladbach,Eintracht Frankfurt,4,2,1.6318381573697591,1.1018399498939984,0.4990965690272887,0.2425634724789113,0.2583399584937998,2,1,2,4.407728731772668,0.3764808194958395,0.2895749047160296,0.2435051999209379,0.0744317471127671,-0.1161588442105098,-0.0089657708642515,0.1394409822152301,0.1999999999999999,8.0,8.0,0.0170311468434196,0.0096228583884287,0.4990965690272887,0.2425634724789113,0.2583399584937998,1.0,False,False,-0.1675852589220418,0.2420323135280613,1827
3891635c737069d14f28,D1,2019,2019-11-01,2019-10-29,TSG 1899 Hoffenheim,SC Paderborn 07,3,0,3.337338263024463,0.9693905769276636,0.6622468865571691,0.1930436268506728,0.1447094865921583,3,1,2,2.687232449411681,0.1722838430177536,0.2588896514528203,-0.2784749687284937,-0.0061603278381505,-0.4365120926886147,0.0133950106388749,2.340027890477822,0.0999999999999999,9.0,9.0,0.046332533839845,-0.0473117997036286,0.662246886557169,0.1930436268506727,0.1447094865921583,1.0,False,True,-0.1776178193004042,0.246912743644274,1827
0cf4ab980274c6094eb8,D1,2019,2019-11-02,2019-10-29,Eintracht Frankfurt,Bayern München,5,1,0.993940375472887,2.261895687691859,0.1426685354106332,0.1841771073701816,0.6731543572191852,1,2,0,7.218518587089339,1.2220752356973703,0.0262916609895568,0.2996162475243014,0.1948206089873455,0.2022048077246142,-0.3708985431439319,-1.3550001017073297,0.0999999999999999,9.0,9.0,-0.0342840736887243,0.0505794691144172,0.1426685354106332,0.1841771073701816,0.6731543572191852,1.0,False,False,-0.1776178193004042,0.246912743644274,1827
55da36cab7be3aff6d29,D1,2019,2019-11-02,2019-10-29,SV Werder Bremen,SC Freiburg,2,2,1.9085924040707536,1.221807114460518,0.4891940512050834,0.2557448793163304,0.2550610694785862,2,1,0,2.836244956712307,0.8582826535618656,-0.0884478272114829,0.1563405314496619,0.0095146946274059,-0.0002969837080526,0.0359314836128087,0.3698012600257321,0.0999999999999999,9.0,9.0,-0.0139407319629266,0.0173353671748355,0.4891940512050833,0.2557448793163304,0.2550610694785861,1.0,False,False,-0.1776178193004042,0.246912743644274,1827
619367ff4d465b2e82b2,D1,2019,2019-11-02,2019-10-29,RB Leipzig,1. FSV Mainz 05,8,0,2.2858202341825327,0.8355711192048361,0.7062052064253848,0.1792062083974191,0.1145885851771958,2,0,2,7.08242228782459,0.1315607897126414,-0.0867565926117819,0.0099365442830345,0.0583570969479753,-0.2551732851737021,0.0696834222049285,1.2448932309819687,0.0999999999999999,9.0,9.0,-0.0025760822876285,-0.0012649201288087,0.7062052064253851,0.1792062083974191,0.1145885851771958,1.0,False,False,-0.1776178193004042,0.246912743644274,1827
986d7411cc3d147eded9,D1,2019,2019-11-02,2019-10-29,Bayer 04 Leverkusen,Borussia Mönchengladbach,1,2,1.679800322207018,1.3887699690593402,0.4773295251695823,0.2499107461620849,0.2727597286683327,2,1,0,2.6779991124260984,0.8191772688924659,-0.0271239689406361,0.4104237846003855,0.1998928318165772,0.2639727795795982,-0.0087943760036334,0.4746136095074991,0.0999999999999999,9.0,9.0,-0.0224867709004958,0.0416517616834832,0.4773295251695822,0.2499107461620849,0.2727597286683327,1.0,False,False,-0.1776178193004042,0.246912743644274,1827
fa3fb43f01486610c4ec,D1,2019,2019-11-02,2019-10-29,Borussia Dortmund,VfL Wolfsburg,3,0,2.1774783668030553,1.093315711450141,0.6240357609082638,0.2246528739269748,0.1513113651647613,2,1,2,2.6957822180095383,0.2147131520675011,0.1136110564959316,0.1463211922251114,0.454902548713239,0.094194631809283,0.2728569324486429,0.0,0.0999999999999999,9.0,9.0,0.0176878926607697,-0.0046912802247175,0.6240357609082638,0.2246528739269749,0.1513113651647613,1.0,False,False,-0.1776178193004042,0.246912743644274,1827
fc0852d0564fdc1bedb1,D1,2019,2019-11-02,2019-10-29,1. FC Union Berlin,Hertha BSC,1,0,1.2262601176075425,1.1735591210030438,0.3387546151718387,0.2850001403092415,0.3762452445189196,0,1,0,2.466061988686121,0.660031022955932,-0.2118829777305802,-0.0029472508465082,-0.0015375567466669,-0.0521785987736754,0.0,0.0,0.0999999999999999,9.0,9.0,-0.0210409352307326,0.0102994238018781,0.3387546151718387,0.2850001403092416,0.3762452445189197,1.0,True,False,-0.1776178193004042,0.246912743644274,1827
1dd5fe82f595909fd88b,D1,2019,2019-11-03,2019-10-29,FC Augsburg,FC Schalke 04,2,3,1.2740471183290545,1.4642947538754758,0.2542943260315595,0.2516104809019388,0.4940951930665016,1,2,3,3.3701251751398376,0.3839131120299702,-0.2489514384148996,0.0800013891542616,-0.173031423806932,0.180093985731902,-0.1039228295727631,-0.504880330875339,0.0999999999999999,9.0,9.0,-0.0353535556050295,0.0269060531419976,0.2542943260315595,0.2516104809019388,0.4940951930665017,1.0,False,False,-0.1776178193004042,0.246912743644274,1827
571b7d102f3540bd028b,D1,2019,2019-11-03,2019-10-29,Fortuna Düsseldorf,1. FC Köln,2,0,1.7525189608800065,1.3166200236585042,0.3502624085100374,0.2624555788284578,0.3872820126615048,1,2,0,2.9088368477212936,0.6410292259845043,-0.3264294472996554,-0.2075563137075998,0.0790434875422479,-0.3757559414529992,0.0,0.0,0.0999999999999999,9.0,9.0,-0.0222651290445855,-0.0044341590057772,0.3502624085100374,0.2624555788284578,0.3872820126615048,1.0,False,True,-0.1776178193004042,0.246912743644274,1827
54f1c49a9545029b02ea,D1,2019,2019-11-08,2019-11-05,1. FC Köln,TSG 1899 Hoffenheim,1,2,1.1457668365976656,1.9730922497171868,0.3709287307737465,0.2665727368791829,0.3624985323470704,2,1,0,2.730744094193984,0.6150572686203198,-0.2835625930693783,0.3646175118030269,-0.1528296279659746,0.1665180269271666,-0.2250092643161218,-0.8758095109131697,0.0,10.0,10.0,-0.0578375981128952,0.0618903440495777,0.3709287307737466,0.2665727368791828,0.3624985323470706,1.0,False,False,-0.1729964135810856,0.2638253811071747,1827
0535d602d5bac2b4b6e6,D1,2019,2019-11-09,2019-11-05,SC Paderborn 07,FC Augsburg,0,1,1.4363160902968044,1.8540044414481225,0.3689558066477896,0.25482547712474,0.3762187162274705,2,1,0,3.154430771452341,0.5901675010358776,-0.3579024995933603,-0.3247282032808296,-0.2713523781550865,-0.3455049093798298,-0.0248234697421197,-1.618455106084289,0.0,10.0,10.0,-0.0207950132824005,-0.0133365218613089,0.3689558066477895,0.2548254771247399,0.3762187162274704,1.0,False,False,-0.1729964135810856,0.2638253811071747,1827
67c291b5db3e3c97bf1e,D1,2019,2019-11-09,2019-11-05,Bayern München,Borussia Dortmund,4,0,2.4836108437595352,1.251014843238334,0.6117742974474595,0.2088332393912553,0.1793924631612851,2,1,2,3.303808942264744,0.226512173836132,0.049529241812889,0.242125609399528,0.4153092088186382,0.0248530099362043,0.2411848309836444,0.320679624698503,0.0,10.0,10.0,0.0049058852604947,0.0096768573001261,0.6117742974474596,0.2088332393912553,0.1793924631612851,1.0,False,False,-0.1729964135810856,0.2638253811071747,1827
8548d73d534ee17fecf7,D1,2019,2019-11-09,2019-11-05,Hertha BSC,RB Leipzig,2,4,1.087866338422333,1.8369426437093657,0.2351329275683081,0.246041156166838,0.518825916264854,1,2,2,4.2171974052134455,0.3473522430131149,-0.0962369837457512,0.0810716771255886,-0.0255583352305763,0.1306858129578205,-0.3511900186646508,0.0,0.0,10.0,10.0,-0.0312367831640871,0.0304785178330789,0.2351329275683081,0.2460411561668379,0.5188259162648539,1.0,False,False,-0.1729964135810856,0.2638253811071747,1827
9b87597ea3481097f71b,D1,2019,2019-11-09,2019-11-05,FC Schalke 04,Fortuna Düsseldorf,3,3,1.903136898460026,1.0211196817750068,0.6272260127389124,0.2212026773464377,0.1515713099146498,2,1,0,4.665619516520153,1.022911602817954,0.2490256804392085,-0.0715358125551137,0.0197734419177864,-0.4298892032633338,-0.0606169264747774,0.0,0.0,10.0,10.0,0.0254485123479376,-0.0165740189537329,0.6272260127389124,0.2212026773464378,0.1515713099146497,1.0,False,False,-0.1729964135810856,0.2638253811071747,1827
b2736080ee97b136c61e,D1,2019,2019-11-09,2019-11-05,1. FSV Mainz 05,1. FC Union Berlin,2,3,1.223070255662233,1.0291780483050363,0.434078748799561,0.2817030228197741,0.284218228380665,1,0,0,4.254782633328581,0.7801244978077044,-0.1213083383903467,-0.0171026723291244,0.2479050064915608,-0.4196643368771405,0.0,1.443317734978154,0.0,10.0,10.0,-0.0112757002225784,0.0043551496866048,0.434078748799561,0.2817030228197741,0.2842182283806649,1.0,False,False,-0.1729964135810856,0.2638253811071747,1827
1b09dcbf86b2f351894b,D1,2019,2019-11-10,2019-11-05,VfL Wolfsburg,Bayer 04 Leverkusen,0,2,1.5328200479893954,1.371148602036528,0.3218266132201525,0.2745264481647409,0.4036469386151066,1,2,2,2.7357915114500044,0.5345741135418363,-0.0762241119501825,-0.1828669226739697,0.24030273877246,0.1342943271492903,-0.0863201286690779,0.0,0.0,10.0,10.0,-0.0027950714947736,-0.0101594802364339,0.3218266132201524,0.274526448164741,0.4036469386151065,1.0,False,False,-0.1729964135810856,0.2638253811071747,1827
3261a259c9821f92ba57,D1,2019,2019-11-10,2019-11-05,SC Freiburg,Eintracht Frankfurt,1,0,1.410366011429758,1.519944036088027,0.3473609242700008,0.2688612803671758,0.3837777953628233,1,2,0,2.8491025699016586,0.6455095474639337,0.0654287563916065,0.2306618753053097,0.1410562399388502,-0.2753829396746615,-0.0978662223143421,-0.4702350839395126,0.0,10.0,10.0,-0.0098835292418219,0.0246880608266677,0.3473609242700008,0.2688612803671757,0.3837777953628234,1.0,False,False,-0.1729964135810856,0.2638253811071747,1827
b8864c79172877db76b3,D1,2019,2019-11-10,2019-11-05,Borussia Mönchengladbach,SV Werder Bremen,3,1,1.9824991242777408,1.1113928825290056,0.5501748267848756,0.231020012217921,0.2188051609972034,2,1,2,2.741858079299716,0.3035886309821971,0.4532859315570254,-0.0752123356523338,0.2339342458153059,-0.0690930289589371,0.1735322792473461,0.4536500949906932,0.0,10.0,10.0,0.0577658239006865,-0.0388621441054519,0.5501748267848755,0.231020012217921,0.2188051609972033,1.0,False,False,-0.1729964135810856,0.2638253811071747,1827
dba97fede5dd604ea2f3,D1,2019,2019-11-22,2019-11-19,Borussia Dortmund,SC Paderborn 07,3,3,3.7920599048849,0.6646023213085215,0.8296025678296026,0.1113235651113235,0.0590738670590738,3,0,0,4.866941850358653,1.4814759482452315,0.0691645610030726,-0.414104610840072,0.5220990871699909,-0.4875459399396092,0.0464856755260539,2.5,0.0,11.0,11.0,0.0299459704186135,-0.0471929729104635,0.8296025678296025,0.1113235651113235,0.0590738670590738,1.0,False,False,-0.1588578933858574,0.2608733946655079,1827
16829ca2b4d7da9917bc,D1,2019,2019-11-23,2019-11-19,Bayer 04 Leverkusen,SC Freiburg,1,1,2.143707992610741,1.102780094538987,0.6360797094069319,0.2087788980547917,0.1551413925382761,2,1,0,2.3402142398004777,1.054697080561312,0.0228630499355113,0.2304417655753867,0.0033629853949138,0.0037303869139266,0.1180767276290706,1.1236059700549748,0.0,11.0,11.0,-0.0033319469037646,0.0159971876793095,0.6360797094069321,0.2087788980547917,0.1551413925382761,1.0,False,False,-0.1588578933858574,0.2608733946655079,1827
1fe3b876bb081cb27d71,D1,2019,2019-11-23,2019-11-19,RB Leipzig,1. FC Köln,4,1,2.7734841036990368,0.6909892805632911,0.7070475897416172,0.1748194590020482,0.1181329512563346,2,0,2,3.050934102200932,0.1303383520944962,0.199269579629656,-0.38991785820348,0.1934840983336735,-0.4248574290655029,0.0408475040278956,1.7167596937365397,0.0,11.0,11.0,0.0414652260745344,-0.0509976400032256,0.7070475897416172,0.1748194590020482,0.1181329512563345,1.0,False,False,-0.1588578933858574,0.2608733946655079,1827
3f179c308f5b62688dfc,D1,2019,2019-11-23,2019-11-19,1. FC Union Berlin,Borussia Mönchengladbach,2,0,1.1246922092988434,1.3503779589878708,0.2806282296456036,0.2628473776294909,0.4565243927249054,0,1,0,2.9696249468079143,0.7949990090623622,0.1025708633090717,0.5680922803439117,0.1618418956387144,0.396629182009747,0.0,-2.0167531598304262,0.0,11.0,11.0,-0.0181475276862884,0.0516806848689375,0.2806282296456036,0.262847377629491,0.4565243927249054,1.0,False,False,-0.1588578933858574,0.2608733946655079,1827
5c6eec6095594172c93e,D1,2019,2019-11-23,2019-11-19,SV Werder Bremen,FC Schalke 04,1,2,1.5638259767850458,1.2838369749025835,0.3889603463420755,0.263246643242565,0.3477930104153595,2,1,0,2.428916071297901,0.645962903468085,-0.23516360202082,0.1381469265953169,-0.0550176687290982,0.2676529884923305,0.1621858163574148,-0.1904351915681244,0.0,11.0,11.0,-0.0223144157139771,0.0174635819427019,0.3889603463420755,0.2632466432425649,0.3477930104153595,1.0,False,False,-0.1588578933858574,0.2608733946655079,1827
928fc0595276c30edae6,D1,2019,2019-11-23,2019-11-19,Eintracht Frankfurt,VfL Wolfsburg,0,2,1.569855623418999,1.1012169126407745,0.4718265738115156,0.2596974602450304,0.2684759659434539,2,1,0,3.090933311669117,0.8251904990147956,0.0319186541285079,-0.1991966968429825,0.3722268643479186,-0.0521884501629789,-0.0597399027455379,0.0,0.0,11.0,11.0,0.010164705117723,-0.0185286072534467,0.4718265738115156,0.2596974602450304,0.2684759659434539,1.0,False,False,-0.1588578933858574,0.2608733946655079,1827
cf98d0383bcb7f25a01f,D1,2019,2019-11-23,2019-11-19,Fortuna Düsseldorf,Bayern München,0,4,1.0196473121254896,2.8340716043775576,0.0704908450246842,0.1262689377192495,0.8032402172560662,0,2,2,2.780824841591101,0.0596272159704818,-0.0613388120883948,0.1862422966486485,0.1976057840057552,0.0130455636914298,-0.1470745896105806,0.0,0.0,11.0,11.0,-0.0227997255218009,0.0290448997498136,0.0704908450246842,0.1262689377192495,0.8032402172560663,1.0,False,False,-0.1588578933858574,0.2608733946655079,1827
a172b47bdad2aa4ebfbf,D1,2019,2019-11-24,2019-11-19,FC Augsburg,Hertha BSC,4,0,1.621608583274418,1.4110766527487757,0.3668313697697474,0.2691482288112312,0.3640204014190214,1,2,0,4.384511231336858,0.6058541360291427,-0.0896177828363586,-0.1889286764053433,-0.2357630443225051,-0.13993793356357,-0.0738523835813435,0.0,0.0,11.0,11.0,-0.0032079636424358,-0.0107193593196492,0.3668313697697475,0.2691482288112312,0.3640204014190215,1.0,False,False,-0.1588578933858574,0.2608733946655079,1827
f1886156b9a8db7a5ea9,D1,2019,2019-11-24,2019-11-19,TSG 1899 Hoffenheim,1. FSV Mainz 05,1,5,2.59711525782594,1.0116447446289,0.5720737587345113,0.2333273807123559,0.1945988605531329,2,1,0,6.846034003160047,1.0303810474450323,0.4558210619910047,-0.1933327686334772,0.1405581737030508,-0.3421020392081131,0.0465046147142636,0.4318974145196776,0.0,11.0,11.0,0.0575739753664875,-0.0444495606986111,0.5720737587345113,0.2333273807123559,0.1945988605531329,1.0,False,False,-0.1588578933858574,0.2608733946655079,1827
bdbfc07cec9235c29751,D1,2019,2019-11-29,2019-11-26,FC Schalke 04,1. FC Union Berlin,2,1,1.3255198572516758,1.0182439036975888,0.5590601017959334,0.2470265566075054,0.1939133415965611,1,0,3,2.159595865959473,0.2930524975467183,0.226612863823546,0.2770735754862334,0.0201948666649241,-0.1479178485154598,0.0,1.7535382564078572,0.0,12.0,12.0,0.0088076076080429,0.016376714357446,0.5590601017959335,0.2470265566075054,0.1939133415965611,1.0,False,False,-0.1607929867999433,0.248552816379261,1827
827976da85fcc96bb85c,D1,2019,2019-11-30,2019-11-26,SC Paderborn 07,RB Leipzig,2,3,0.8729548462562925,2.803609253311473,0.1280154709748082,0.1749075848849945,0.6970769441401972,0,2,2,3.4314284126584,0.1387430018306447,-0.3357306402080943,0.3525059600061038,-0.3431044861575014,0.2432845438998516,0.0,-2.5,0.0,12.0,12.0,-0.0511983620211146,0.0520371280110151,0.1280154709748083,0.1749075848849945,0.6970769441401973,1.0,False,False,-0.1607929867999433,0.248552816379261,1827
975d5ace11a80b070e4a,D1,2019,2019-11-30,2019-11-26,Bayern München,Bayer 04 Leverkusen,1,2,2.828024218968384,0.9579083840003868,0.7400557315783074,0.1580582605523206,0.1018860078693721,2,0,0,3.3965694081495346,1.3792736424315426,0.3418192191840669,0.0227293813580686,0.4929340050812723,0.309726923467895,0.0988795230707197,0.7540479975418879,0.0,12.0,12.0,0.0379894290040392,-0.0197619989769324,0.7400557315783073,0.1580582605523206,0.101886007869372,1.0,False,False,-0.1607929867999433,0.248552816379261,1827
b90e105d149f56e487c0,D1,2019,2019-11-30,2019-11-26,1. FC Köln,FC Augsburg,1,1,1.4207909069129314,1.510695061462882,0.4967077961600177,0.2536380235710728,0.2496541802689094,2,1,0,2.1272799229485506,0.8661020443507771,-0.4526377764945933,0.0787245416241048,-0.2859877192226955,-0.1668291027356234,-0.1085099112616223,-0.3533463017666218,0.0,12.0,12.0,-0.0546255002937457,0.0359298385502212,0.4967077961600177,0.2536380235710728,0.2496541802689094,1.0,False,False,-0.1607929867999433,0.248552816379261,1827
cc635fc4dba6f798943f,D1,2019,2019-11-30,2019-11-26,TSG 1899 Hoffenheim,Fortuna Düsseldorf,1,1,2.6348870905287916,1.1918976337087397,0.5608154935517263,0.2401476924528802,0.1990368139953934,2,1,0,2.2927229953311485,0.9315052004177858,0.2477812306711652,-0.2031485854914165,-0.0776369853119054,-0.3519940339423165,-0.0406539517402624,0.0,0.0,12.0,12.0,0.0329028547546742,-0.0306712224956867,0.5608154935517263,0.2401476924528802,0.1990368139953934,1.0,False,False,-0.1607929867999433,0.248552816379261,1827
e668d22c0f8594daa9d6,D1,2019,2019-11-30,2019-11-26,Hertha BSC,Borussia Dortmund,1,2,1.3044085558473009,2.0676038513453383,0.2330068560235064,0.2449559255631734,0.5220372184133202,1,2,4,2.3716450558382194,0.3427440210045462,-0.2877592444905349,-0.0093995088492579,-0.137577951092009,-0.1758687565117537,-0.0607921944711703,0.0,0.0,12.0,12.0,-0.0313455587301491,0.0164876210631594,0.2330068560235064,0.2449559255631734,0.5220372184133203,1.0,False,False,-0.1607929867999433,0.248552816379261,1827
c629d8b66a9b76bbf53a,D1,2019,2019-12-01,2019-11-26,Borussia Mönchengladbach,SC Freiburg,4,2,1.9000117328365829,0.976605635767988,0.6095679482879532,0.2156294783059426,0.1748025734061042,2,1,2,4.165698723014746,0.2294891985879678,0.2925619191638169,0.1229018841794881,0.3848356026408526,0.0004047124483823,-0.0110305336924942,0.6949973198481066,0.0,12.0,12.0,0.0225595710227825,-0.0017863808556173,0.6095679482879531,0.2156294783059426,0.1748025734061042,1.0,False,False,-0.1607929867999433,0.248552816379261,1827
f022d999e00ee197bb76,D1,2019,2019-12-01,2019-11-26,VfL Wolfsburg,SV Werder Bremen,2,3,1.674696763879923,1.1676492295658196,0.4384625615108392,0.2613911424391539,0.3001462960500066,2,1,0,3.639270996960611,0.7503699541248177,0.00946715882905,-0.3502144546512506,0.0604614699305529,-0.1732909995703473,-0.1459170185241387,0.0,0.0,12.0,12.0,0.0111615876892605,-0.0281989524803706,0.4384625615108392,0.2613911424391541,0.3001462960500066,1.0,False,False,-0.1607929867999433,0.248552816379261,1827
d7a8c074f705cdc012d6,D1,2019,2019-12-02,2019-11-26,1. FSV Mainz 05,Eintracht Frankfurt,2,1,1.4216099357308158,1.5258186075758873,0.3385741063113263,0.2650120442158292,0.3964138494728446,1,2,0,2.5070065225005926,0.6648595364751924,-0.0063565281731014,-0.0904275445638774,0.0394343353103672,-0.383207799323906,-0.0119964121080797,-0.3486731889436784,0.0,12.0,12.0,0.0032859038054797,-0.0081251074423286,0.3385741063113263,0.2650120442158292,0.3964138494728445,1.0,False,False,-0.1607929867999433,0.248552816379261,1827
1d6feff3b5cad51ae2c8,D1,2019,2019-12-06,2019-12-03,Eintracht Frankfurt,Hertha BSC,2,2,1.8115996699066323,1.074168472323965,0.5226609684941799,0.2446213740011122,0.2327176575047078,2,1,0,3.024544373774538,0.89792886471772,-0.1946854483828342,-0.3933605197410945,0.1686834944504932,-0.2676262237886419,-0.1226315388748324,0.0,0.0,13.0,13.0,-0.0059320957949703,-0.0234702026112261,0.5226609684941799,0.2446213740011123,0.2327176575047078,1.0,False,False,-0.1651431992021131,0.2451362778222324,1827
018a847e1af4f9b18eab,D1,2019,2019-12-07,2019-12-03,FC Augsburg,1. FSV Mainz 05,2,1,1.8021496647966193,1.4120941504986362,0.4179944853367112,0.2632672449082048,0.3187382697550839,2,1,4,2.4608433121170616,0.509634145946501,0.0418692512827565,0.1715537586058874,-0.0477930524644629,-0.0715445018973169,0.1077681587781415,-0.0905657946268704,0.0,13.0,13.0,0.0009976451368883,0.0096735053575438,0.4179944853367112,0.2632672449082048,0.318738269755084,1.0,False,False,-0.1651431992021131,0.2451362778222324,1827
20c116133fcf9ddbf5f3,D1,2019,2019-12-07,2019-12-03,SC Freiburg,VfL Wolfsburg,1,0,1.346248847458923,1.3089011720232044,0.3302646720368238,0.283084004602992,0.3866513233601841,1,2,0,2.681703305089597,0.6781812090401915,-0.0358466019175735,-0.1127382913117197,0.2991111331935773,0.1534337734628914,-0.0659342426209467,0.0,0.0,13.0,13.0,-0.0012444577572187,-0.0061847869042459,0.3302646720368239,0.283084004602992,0.3866513233601841,1.0,False,False,-0.1651431992021131,0.2451362778222324,1827
3d281d54fdee7fd3fef6,D1,2019,2019-12-07,2019-12-03,Bayer 04 Leverkusen,FC Schalke 04,2,1,1.7642350864741,1.1592878910043447,0.4916539894767694,0.2606034807609105,0.2477425297623201,2,1,4,2.3448154275312514,0.3877062016526206,0.1352465052510705,0.3058140689127152,-0.0633788678016403,0.3762776352408137,-0.0559285891593745,0.691823553629437,0.0,13.0,13.0,-0.0045624823784974,0.0266155110866867,0.4916539894767694,0.2606034807609105,0.2477425297623201,1.0,False,False,-0.1651431992021131,0.2451362778222324,1827
5fb6369173221b90d5df,D1,2019,2019-12-07,2019-12-03,RB Leipzig,TSG 1899 Hoffenheim,3,1,2.3389393871891997,1.1997065061902,0.6616474756421611,0.191319751992914,0.1470327723649247,2,1,2,2.524863695852466,0.1727043143912679,0.4024591578100371,0.1805524304776492,0.307648289610905,0.2498866805146024,-0.100637874316646,0.8409501828233696,0.0,13.0,13.0,0.0261864005412889,0.0029641788730953,0.6616474756421613,0.1913197519929141,0.1470327723649247,1.0,False,False,-0.1651431992021131,0.2451362778222324,1827
6812a3d9ab158da1ed75,D1,2019,2019-12-07,2019-12-03,Borussia Mönchengladbach,Bayern München,2,1,1.19778655002125,1.9239385557822417,0.1819626338481469,0.2068295447644879,0.6112078213873653,1,2,0,2.9833902305133244,1.0855385939332356,0.3760772371134778,0.1164754844136512,0.4885695031460813,0.1563134455684133,-0.118691049169762,-1.182656647748756,0.0,13.0,13.0,0.0258493970321771,-0.0012217609558206,0.1819626338481469,0.206829544764488,0.6112078213873652,1.0,False,False,-0.1651431992021131,0.2451362778222324,1827
b7bc4bb1cfca216e5dd9,D1,2019,2019-12-07,2019-12-03,Borussia Dortmund,Fortuna Düsseldorf,5,0,2.976461344251475,1.063454914718768,0.7316468595507938,0.1654158117245273,0.1029373287246788,3,1,2,3.3988194122749187,0.1099718924024082,0.1490016762012965,-0.1693054230302491,0.3687881659005322,-0.3114644247436265,0.0063236174051167,0.0,0.0,13.0,13.0,0.0236816196418979,-0.0246968069833455,0.7316468595507939,0.1654158117245273,0.1029373287246788,1.0,False,False,-0.1651431992021131,0.2451362778222324,1827
638f5512b586ba182810,D1,2019,2019-12-08,2019-12-03,SV Werder Bremen,SC Paderborn 07,0,1,2.727170868368616,1.0467777945496,0.6214491605606531,0.2053600897749026,0.1731907496644442,2,0,0,3.864494962445572,1.11198536207434,-0.1038955869491126,-0.3758604329096168,-0.2024343763310578,-0.3959771590606373,0.0401832681677714,1.8288062305727384,0.0,13.0,13.0,0.0104126263589581,-0.0344004273518946,0.6214491605606531,0.2053600897749026,0.1731907496644442,1.0,False,False,-0.1651431992021131,0.2451362778222324,1827
8acacc794c095aceb026,D1,2019,2019-12-08,2019-12-03,1. FC Union Berlin,1. FC Köln,2,0,1.7536860476506226,0.8111888854695314,0.4365180418382525,0.2742390003479511,0.2892429578137964,1,0,2,2.4183989927455083,0.4763804351305145,0.1301592660242211,-0.3673407583733973,0.2999607939011381,-0.4812999417964448,0.0,-0.9994056385846616,0.0,13.0,13.0,0.0313829645210919,-0.0432420391385507,0.4365180418382524,0.2742390003479511,0.2892429578137964,1.0,False,False,-0.1651431992021131,0.2451362778222324,1827
5309b4e2253bbe72bf32,D1,2019,2019-12-13,2019-12-10,TSG 1899 Hoffenheim,FC Augsburg,2,4,2.3695110613204924,1.2311400771346497,0.5208270941027879,0.2407843852133492,0.2383885206838632,2,1,0,4.599409030821374,0.9092900275402392,0.0381314662507554,0.217744539543055,-0.0597143508354011,-0.1595670849820541,0.2235723423854187,0.522463209146548,0.0,14.0,14.0,0.0041045367671937,0.0086892635224967,0.5208270941027878,0.2407843852133491,0.2383885206838631,1.0,False,False,-0.1471907416746451,0.2523819753785621,1827
146b7e561522291183a4,D1,2019,2019-12-14,2019-12-10,Hertha BSC,SC Freiburg,1,0,1.5191350772561,1.312734160500288,0.4706572812343119,0.2632050360621634,0.2661376827035246,2,1,3,2.4766380277708,0.420309871073537,-0.3888251856239857,0.0905092896463993,-0.233364593907994,-0.1162795451312471,-0.0381876938902118,0.0,0.0,14.0,14.0,-0.0453173677392291,0.0304015729403498,0.470657281234312,0.2632050360621634,0.2661376827035246,1.0,False,False,-0.1471907416746451,0.2523819753785621,1827
554418820f6fa8292532,D1,2019,2019-12-14,2019-12-10,1. FC Köln,Bayer 04 Leverkusen,2,0,1.0660139132203337,1.9365896038104389,0.2317064856388729,0.245371227099627,0.5229222872615003,1,2,0,3.367422789856086,0.9239296818125472,-0.4113246878795277,0.2242335456475416,-0.257317111059354,0.3739954706203023,0.0157601222043063,-1.4459561714526326,0.0,14.0,14.0,-0.0515561399601145,0.0422015828485152,0.2317064856388729,0.245371227099627,0.5229222872615,1.0,False,False,-0.1471907416746451,0.2523819753785621,1827
6146bbf2937367a678da,D1,2019,2019-12-14,2019-12-10,Bayern München,SV Werder Bremen,6,1,3.0624864029871266,0.8538721220151892,0.8330270412181676,0.1096088212129167,0.0573641375689157,2,0,2,3.900494280489016,0.0431847069310701,-0.061752479494828,-0.2057337597276522,0.2437550205899034,0.0412409785607813,0.2222226166381413,1.636306742739449,0.0,14.0,14.0,0.0152225708688068,-0.0285968828299308,0.8330270412181674,0.1096088212129167,0.0573641375689157,1.0,False,False,-0.1471907416746451,0.2523819753785621,1827
7c4abbc004a6654da4ee,D1,2019,2019-12-14,2019-12-10,1. FSV Mainz 05,Borussia Dortmund,0,4,1.3160198015403175,2.2798221586374092,0.1929986181483187,0.2280055274067249,0.5789958544449563,1,2,2,3.4770830354938047,0.2664794777097118,0.0402828949885715,0.311269421551443,0.1489501695986206,0.0124410666557593,-0.1028509592797358,-1.4354124479025252,0.0,14.0,14.0,-0.0166777295427017,0.0342553453697025,0.1929986181483187,0.228005527406725,0.5789958544449563,1.0,False,False,-0.1471907416746451,0.2523819753785621,1827
acb0f47a540f1799fdf0,D1,2019,2019-12-14,2019-12-10,SC Paderborn 07,1. FC Union Berlin,1,1,1.0565341324416722,1.6279792275881575,0.3407867624591615,0.2665371326496235,0.3926761048912149,1,2,0,2.0593216589476424,0.8082979186017694,-0.1315633586323541,0.2997053176492477,-0.3785947249624189,-0.2513485831516237,0.0,-0.2657031657330056,0.0,14.0,14.0,-0.0281416017456977,0.0365486996965424,0.3407867624591615,0.2665371326496235,0.3926761048912149,1.0,False,False,-0.1471907416746451,0.2523819753785621,1827
cdcaf603e202b0fae49b,D1,2019,2019-12-14,2019-12-10,Fortuna Düsseldorf,RB Leipzig,0,3,1.1037052716517668,2.445255366516882,0.1459791575847802,0.1930596566841313,0.6609611857310886,1,2,2,2.651987815669195,0.1735292630690261,-0.2716615959470489,0.5263972808074566,0.0359581086785243,0.3562873385706901,-0.1374656541512309,0.0,0.0,14.0,14.0,-0.0603593063426392,0.0730960905856596,0.1459791575847802,0.1930596566841313,0.6609611857310884,1.0,False,False,-0.1471907416746451,0.2523819753785621,1827
4cca95df039d39a0994f,D1,2019,2019-12-15,2019-12-10,VfL Wolfsburg,Borussia Mönchengladbach,2,1,1.2663070983244196,1.3425141437157564,0.3659501537672989,0.279023577652486,0.3550262685802152,2,1,4,2.4383698806125143,0.6059170157756959,-0.2497846438063551,0.4217955098074694,-0.1110174904964876,0.1519046773496872,0.1115690181104311,0.0,0.0,14.0,14.0,-0.0404897889654874,0.0490903322655431,0.3659501537672988,0.2790235776524859,0.3550262685802153,1.0,False,False,-0.1471907416746451,0.2523819753785621,1827
88f9ecae144a8b1f1836,D1,2019,2019-12-15,2019-12-10,FC Schalke 04,Eintracht Frankfurt,1,0,1.5280007844442625,1.1428594457308232,0.4854164670987976,0.2510333180774784,0.263550214823724,2,1,3,2.341302914946443,0.3972726548517024,0.0902539211369436,-0.219215531252964,0.1732789887745468,-0.4348634429034093,-0.1363723826235907,-0.0384526675139749,0.0,14.0,14.0,0.013167549545163,-0.019615630050964,0.4854164670987976,0.2510333180774784,0.2635502148237239,1.0,False,False,-0.1471907416746451,0.2523819753785621,1827
bcc8df18684ce0c765db,D1,2019,2019-12-17,2019-12-17,FC Augsburg,Fortuna Düsseldorf,3,0,2.181295751734014,1.2933247397396062,0.5366543191957946,0.2364467049922065,0.2268989758119987,2,1,2,2.97596490694371,0.3220794094461181,0.378184083160847,-0.352313249007081,0.1441913816781148,-0.3882796512272827,-0.0059065253616448,0.0,0.0,15.0,15.0,0.0551387444983565,-0.0538452027906682,0.5366543191957948,0.2364467049922065,0.2268989758119987,1.0,False,False,-0.1413791475428744,0.2526848424629465,1827
d2b43b1f2ff4c84bf6bf,D1,2019,2019-12-17,2019-12-17,Borussia Dortmund,RB Leipzig,3,3,1.8894594730797143,1.6303086083661285,0.437325394836736,0.2547187805033116,0.3079558246599524,2,1,0,3.693741968193114,0.8415343870455694,0.4443833902018122,0.6208603792117551,0.5149386020820766,0.5013689969548103,0.1044004555251016,0.162564850559478,0.0,15.0,15.0,0.0186153428358485,0.0346468456348298,0.437325394836736,0.2547187805033116,0.3079558246599523,1.0,False,False,-0.1413791475428744,0.2526848424629465,1827
de5e28e2c9577c65420c,D1,2019,2019-12-17,2019-12-17,SV Werder Bremen,1. FSV Mainz 05,0,5,2.0184983812565656,1.2595377641804395,0.5260172244855862,0.2393378371409416,0.2346449383734722,2,1,0,6.856689987079131,0.9197450911001696,-0.3216008662687709,-0.1565816072856627,-0.2865686125958518,-0.2193066563910375,0.0866462851939036,0.1197853298615791,0.0,15.0,15.0,-0.0199986920028987,-0.0039104316748229,0.5260172244855861,0.2393378371409417,0.2346449383734722,1.0,False,False,-0.1413791475428744,0.2526848424629465,1827
fb4c3451a902b2e82d1e,D1,2019,2019-12-17,2019-12-17,1. FC Union Berlin,TSG 1899 Hoffenheim,0,2,1.5350637252346409,1.2528351362204466,0.3914972622569073,0.2744980804330039,0.3340046573100887,2,1,0,2.90285437924851,0.6721690990007099,0.2432034126224778,-0.14218367393539,0.4047985643134514,0.0683235161915498,0.0,-1.8752151494978313,0.0,15.0,15.0,0.0314295249590172,-0.0263785380246629,0.3914972622569073,0.2744980804330039,0.3340046573100888,1.0,False,False,-0.1413791475428744,0.2526848424629465,1827
7ab40e6f92af64cf3644,D1,2019,2019-12-18,2019-12-17,VfL Wolfsburg,FC Schalke 04,1,1,1.3301413087515772,1.117189777246425,0.4003828538431724,0.2861595171611862,0.3134576289956415,1,0,0,1.992181534682446,0.7681303497667233,-0.0849916501100111,0.2307509081664095,0.0222144830241049,0.1480576759062721,-0.1012709965616034,0.0,0.0,15.0,15.0,-0.0251002602474017,0.0323882231502216,0.4003828538431723,0.2861595171611862,0.3134576289956415,1.0,False,False,-0.1413791475428744,0.2526848424629465,1827
7de47eeba806030f541b,D1,2019,2019-12-18,2019-12-17,Borussia Mönchengladbach,SC Paderborn 07,2,0,2.5436891151700887,0.8471316860161596,0.7302177662785683,0.1611686071582578,0.1086136265631737,2,0,4,2.2172338497749156,0.1105546934402626,0.1820828632543704,-0.1105815304699326,0.5808738151948069,-0.2049185391567848,0.0415394888065814,2.282456325563432,0.0,15.0,15.0,0.0258143372892627,-0.0222392706500408,0.7302177662785684,0.1611686071582579,0.1086136265631737,1.0,False,False,-0.1413791475428744,0.2526848424629465,1827
ae2cc655b61bedc4b989,D1,2019,2019-12-18,2019-12-17,Eintracht Frankfurt,1. FC Köln,2,4,1.876980935974939,0.9178654833755928,0.5447189556586471,0.2475995252993851,0.2076815190419678,1,0,0,5.517430756829752,0.9857928408499717,-0.300334787292933,-0.1645489322170994,0.139036313133208,-0.5048094351832132,0.0868332886113842,0.7925852853371705,0.0,15.0,15.0,-0.0174643676878691,-0.0057798182876325,0.5447189556586471,0.247599525299385,0.2076815190419678,1.0,False,False,-0.1413791475428744,0.2526848424629465,1827
b329ce94e58e22a34023,D1,2019,2019-12-18,2019-12-17,Bayer 04 Leverkusen,Hertha BSC,0,1,2.178149953782428,1.0446263126408368,0.6197266500607737,0.220410863993901,0.1598624859453252,2,1,0,3.5380833152875346,1.1384731122840552,0.0472793426676675,-0.2023662569707224,0.1047204995580298,-0.2790514282129604,0.1974373239177629,0.0,0.0,15.0,15.0,0.024718113311191,-0.0324724590263437,0.6197266500607737,0.220410863993901,0.1598624859453252,1.0,False,False,-0.1413791475428744,0.2526848424629465,1827
e41dde9ecc99771d5ad6,D1,2019,2019-12-18,2019-12-17,SC Freiburg,Bayern München,1,3,0.93995312787818,2.4309867829387333,0.0860689251148277,0.1386110014930655,0.7753200733921066,1,2,2,2.444388937228714,0.0771019390258608,-0.0462565660760518,0.1584361539766653,0.4020838635736508,0.0077249095990155,-0.212600409096845,-1.8776539675968624,0.0,15.0,15.0,-0.0231774847612807,0.0287864641563113,0.0860689251148277,0.1386110014930656,0.7753200733921067,1.0,False,False,-0.1413791475428744,0.2526848424629465,1827
bc04adbf782655cf4bc9,D1,2019,2019-12-20,2019-12-17,TSG 1899 Hoffenheim,Borussia Dortmund,2,1,1.6742283796385462,2.095440083855762,0.2542418931953104,0.2426267813234434,0.5031313254812461,1,2,0,2.8603990130524366,0.8681640395608045,-0.14218367393539,0.4443833902018122,-0.1655973383129954,0.1591322897667012,0.0113167252401555,-1.0035150333828475,0.0,15.0,15.0,-0.0358717006416218,0.0509816864549429,0.2542418931953105,0.2426267813234435,0.5031313254812461,1.0,False,False,-0.1413791475428744,0.2526848424629465,1827
11d892f1569606c2116a,D1,2019,2019-12-21,2019-12-17,Hertha BSC,Borussia Mönchengladbach,0,0,1.2578211814210811,1.5655226074009745,0.3069831758469693,0.2643466236460015,0.4286702005070292,1,2,0,2.6400166771743088,0.8191827011968658,-0.2023662569707224,0.1820828632543704,-0.0748364371202262,0.0241640589210434,0.1224613123255649,0.0,0.0,15.0,15.0,-0.0232177032435125,0.0222035335576949,0.3069831758469694,0.2643466236460014,0.4286702005070292,1.0,False,False,-0.1413791475428744,0.2526848424629465,1827
4513615166fc70c4da66,D1,2019,2019-12-21,2019-12-17,1. FC Köln,SV Werder Bremen,1,0,1.3604139664884296,1.52398284917746,0.4581574519585559,0.2548041444047584,0.2870384036366857,2,1,3,2.4704755631471533,0.4409095440361826,-0.1645489322170994,-0.3216008662687709,-0.0382110718584485,-0.1557956574573689,-0.0359686861159427,-0.5636974262550711,0.0,15.0,15.0,-0.0021732842140685,-0.0221342057102249,0.4581574519585559,0.2548041444047583,0.2870384036366857,1.0,False,False,-0.1413791475428744,0.2526848424629465,1827
5d61f0e13d1bc56cac1d,D1,2019,2019-12-21,2019-12-17,FC Schalke 04,SC Freiburg,2,2,1.6736236621720146,0.9797904633561532,0.5676389072192161,0.2438960010558267,0.188465091724957,1,0,0,3.172105206482456,0.9294262770072926,0.2307509081664095,-0.0462565660760518,0.2988593065844609,-0.1892074717249849,0.0056476962785513,0.4317824164255378,0.0,15.0,15.0,0.0256703039343711,-0.0164455868298532,0.5676389072192161,0.2438960010558268,0.1884650917249571,1.0,False,False,-0.1413791475428744,0.2526848424629465,1827
7e2f5642b26504292e29,D1,2019,2019-12-21,2019-12-17,1. FSV Mainz 05,Bayer 04 Leverkusen,0,1,1.3508554404342783,1.8542514276057436,0.2473602111831054,0.2393008559315255,0.5133389328853691,1,2,3,2.7299555471666657,0.3552909679712625,-0.1565816072856627,0.0472793426676675,-0.030641098834715,0.1267079746807525,-0.121742955162001,-1.0020440750591404,0.0,15.0,15.0,-0.0241092756200497,0.0186441623891499,0.2473602111831054,0.2393008559315254,0.5133389328853691,1.0,False,False,-0.1413791475428744,0.2526848424629465,1827
830da2e2ed28b64e4234,D1,2019,2019-12-21,2019-12-17,RB Leipzig,FC Augsburg,3,1,2.8741224695897096,0.948393064458372,0.7561300612056793,0.1544122977502684,0.0894576410440522,2,0,3,2.5045207231400264,0.0913183742852297,0.6208603792117551,0.378184083160847,0.3884531201850529,0.0686620173302214,0.0430921615468616,1.3634133919699176,0.0,15.0,15.0,0.0453314418404762,0.0046207812781538,0.7561300612056794,0.1544122977502684,0.0894576410440522,1.0,False,False,-0.1413791475428744,0.2526848424629465,1827
d77d33c200aee60a1c9f,D1,2019,2019-12-21,2019-12-17,Bayern München,VfL Wolfsburg,2,0,2.6885099796316165,0.770213028948699,0.8223181708832845,0.1198353113347499,0.0578465177819654,2,0,4,2.1073351652535526,0.0492775538604573,0.1584361539766653,-0.0849916501100111,0.3455725700275515,-0.0380637572686868,0.2981219980030439,0.0,0.0,15.0,15.0,0.0349992978033192,-0.0313270726099865,0.8223181708832846,0.11983531133475,0.0578465177819654,1.0,False,False,-0.1413791475428744,0.2526848424629465,1827
53f8e0bb39778f653727,D1,2019,2019-12-22,2019-12-17,Fortuna Düsseldorf,1. FC Union Berlin,2,1,1.180566629715483,1.480388785366083,0.3436547977884879,0.2902206676445461,0.3661245345669658,1,1,0,2.4426048633041564,0.6490642352059941,-0.352313249007081,0.2432034126224778,-0.1667588513814727,-0.2269978834319537,0.0,0.0,0.0,15.0,15.0,-0.047391495531832,0.0419360037126018,0.3436547977884879,0.2902206676445462,0.3661245345669659,1.0,False,False,-0.1413791475428744,0.2526848424629465,1827
54319ded53ac48f49284,D1,2019,2019-12-22,2019-12-17,SC Paderborn 07,Eintracht Frankfurt,2,1,1.2380885651418485,1.696225442967105,0.2748726419628267,0.2458268215492291,0.4793005364879441,1,2,0,2.630661954825226,0.8159695158445985,-0.1105815304699326,-0.300334787292933,-0.3132300943133596,-0.4505531069222125,-0.018466771951524,-2.057694089654838,0.0,15.0,15.0,0.0030352477200771,-0.0235810636082204,0.2748726419628267,0.245826821549229,0.4793005364879441,1.0,False,False,-0.1413791475428744,0.2526848424629465,1827
889c90e14c971bd95883,D1,2019,2020-01-17,2020-01-14,FC Schalke 04,Borussia Mönchengladbach,2,0,1.3049862356294604,1.2681923657486256,0.3557820080047283,0.2732079603016252,0.3710100316936466,0,1,0,2.74502892867123,0.6273078543999151,0.1331134018733498,0.2179779490747139,0.2491388688129601,-0.0463150117452417,-0.1229207335490722,-0.2490286202537433,0.0,17.0,17.0,-0.0037335939438543,0.0212881614912575,0.3557820080047282,0.2732079603016251,0.3710100316936466,1.0,False,False,-0.1281279055800658,0.2443067214467182,1837
27f8fcf15700b08f2fc4,D1,2019,2020-01-18,2020-01-14,1. FSV Mainz 05,SC Freiburg,1,2,1.6221959092995788,1.3216469347014863,0.4303794542239277,0.2733156878835864,0.296304857892486,2,1,0,2.6005139086546207,0.7551147928870782,-0.0944606638602056,-0.1835779146759171,-0.1857521486777541,-0.2180364878103959,0.0541177689270839,-0.0312737927471009,0.0,17.0,17.0,0.0024387177941294,-0.0163406467209356,0.4303794542239277,0.2733156878835862,0.296304857892486,1.0,False,False,-0.1281279055800658,0.2443067214467182,1837
332753b6b833999d1e64,D1,2019,2020-01-18,2020-01-14,TSG 1899 Hoffenheim,Eintracht Frankfurt,1,2,2.068548533787474,1.2448793341543698,0.4020200527950671,0.2589096535663884,0.3390702936385443,2,1,0,2.3796522176720507,0.6654824083102557,0.1331436961395146,-0.4469815646554703,-0.0159298268867922,-0.4634238930407177,-0.0809742440467143,0.08606524941891,0.0,17.0,17.0,0.0316147356443892,-0.047306629070187,0.4020200527950672,0.2589096535663884,0.3390702936385443,1.0,False,False,-0.1281279055800658,0.2443067214467182,1837
384ca22bf960ebe47ebf,D1,2019,2020-01-18,2020-01-14,RB Leipzig,1. FC Union Berlin,3,1,2.2647436420299876,0.7477028771137195,0.7454515546531569,0.1619996587361699,0.0925487866106732,2,0,3,2.589163106420435,0.0996040783622381,0.5921082610954498,-0.0818030212628128,0.4915370806885668,-0.30630799080927,0.1783198517917433,2.5,0.0,17.0,17.0,0.0722169697622727,-0.0467017077706409,0.7454515546531569,0.1619996587361699,0.0925487866106732,1.0,False,False,-0.1281279055800658,0.2443067214467182,1837
6007efd3dfffc9b6342d,D1,2019,2020-01-18,2020-01-14,FC Augsburg,Borussia Dortmund,3,5,1.4760985698194162,2.2714077968228628,0.2012383900928792,0.2218782249742001,0.5768833849329205,1,2,2,4.999468880937128,0.2687545063106988,0.2729062717501342,0.1297266491852729,0.3273791846495589,-0.0300743283786354,-0.1294450321128516,-1.6333793237989316,0.0,17.0,17.0,0.0143320431101071,0.0057996029366631,0.2012383900928792,0.2218782249742002,0.5768833849329206,1.0,False,False,-0.1281279055800658,0.2443067214467182,1837
ae735a917c1da6ea50a0,D1,2019,2020-01-18,2020-01-14,Fortuna Düsseldorf,SV Werder Bremen,0,1,1.675081204211064,1.6110483244380522,0.3506673607165137,0.2692092202667854,0.3801234190167009,1,2,3,2.991481730596371,0.5796881778000806,-0.2125640635751753,-0.462297878049809,-0.016882657123329,-0.2282534047765723,0.1427108673380019,0.0,0.0,17.0,17.0,0.008994030911873,-0.0427371279931222,0.3506673607165138,0.2692092202667853,0.3801234190167009,1.0,False,False,-0.1281279055800658,0.2443067214467182,1837
bc7859be1e6450778ec1,D1,2019,2020-01-18,2020-01-14,1. FC Köln,VfL Wolfsburg,3,1,1.2040430846729655,1.3206431274195256,0.3433879192037894,0.2865013663236437,0.3701107144725669,0,1,0,3.417153240072083,0.650204398520238,0.1755412528322676,-0.2124933626691414,0.1487370846605577,-0.1412071219531677,-0.0827346689131089,0.0,0.0,17.0,17.0,0.0240420599710283,-0.025889665462872,0.3433879192037895,0.2865013663236437,0.3701107144725669,1.0,False,False,-0.1281279055800658,0.2443067214467182,1837
b645b3b84fd086522f6b,D1,2019,2020-01-19,2020-01-14,SC Paderborn 07,Bayer 04 Leverkusen,1,4,1.1471264203199292,1.9998413593964244,0.1967467164917294,0.2154421058416222,0.5878111776666484,1,2,2,3.3643993519619717,0.255024196676305,-0.0480372470158129,0.1115658162602754,-0.0768707430338644,0.2172290871323576,-0.0910765356096554,-2.5,0.0,17.0,17.0,-0.0149358422950778,0.0181122707573009,0.1967467164917294,0.2154421058416222,0.5878111776666484,1.0,False,False,-0.1281279055800658,0.2443067214467182,1837
e2ddd7cf96315c349b78,D1,2019,2020-01-19,2020-01-14,Hertha BSC,Bayern München,0,4,0.930911149161709,2.433438429133223,0.1124852749753423,0.1756676117478642,0.7118471132767932,1,2,2,2.960298684166997,0.126544133030394,-0.0102811044705336,0.3845136575152712,-0.0574169621375634,0.1792122685153187,0.0238395827020794,0.0,0.0,17.0,17.0,-0.0190618141877129,0.0377734418399498,0.1124852749753423,0.1756676117478643,0.7118471132767933,1.0,False,False,-0.1281279055800658,0.2443067214467182,1837
8e3160cd63b7e607919f,D1,2019,2020-01-24,2020-01-21,Borussia Dortmund,1. FC Köln,5,1,2.8596781085328806,1.0011671479672235,0.7453403823354314,0.1533819436317286,0.1012776740328399,2,0,2,3.3974241799413627,0.0986347087588132,0.2358682389665286,0.3402485004430106,0.3629141668167507,-0.2211819579094604,0.1744122235221396,1.9864621664894535,0.0,18.0,18.0,0.0152950100506093,0.0135108269198676,0.7453403823354314,0.1533819436317286,0.1012776740328399,1.0,False,False,-0.1216790153002763,0.2365065656880613,1846
0d5c79aaa29753e9094c,D1,2019,2020-01-25,2020-01-21,Bayern München,FC Schalke 04,5,0,2.676792001152436,0.772287943352758,0.8135685487300752,0.1214126533181362,0.0650187979517888,2,0,2,3.256512535911541,0.0537251624954558,0.5311535133334988,0.2452759809171125,0.4563606493093095,0.0987456726772435,0.3163115596786467,1.2858999454284832,0.0,18.0,18.0,0.0566671302714265,-0.017845655558896,0.813568548730075,0.1214126533181361,0.0650187979517887,1.0,False,False,-0.1216790153002763,0.2365065656880613,1846
255d0c065898bc8b2043,D1,2019,2020-01-25,2020-01-21,VfL Wolfsburg,Hertha BSC,1,2,1.5684671860436703,1.0208133644874646,0.539389638041164,0.2512420156139106,0.2093683463449255,1,0,0,2.8939266358584543,0.979162143797276,-0.2842978943976215,-0.1412083249674927,-0.0412848488042202,-0.0722033270680692,0.1287925657424337,0.0,0.0,18.0,18.0,-0.0149297449042658,-0.0063455660639898,0.539389638041164,0.2512420156139106,0.2093683463449255,1.0,False,False,-0.1216790153002763,0.2365065656880613,1846
33b297077be38a298e69,D1,2019,2020-01-25,2020-01-21,1. FC Union Berlin,FC Augsburg,2,0,1.5196733444612962,1.2388572085301617,0.4496208829082625,0.2700272724548206,0.2803518446369167,2,1,2,2.554393575792751,0.4544290571913923,-0.2405701744474267,0.1072631185311918,0.2220884982842846,-0.0536561956523814,0.0,-1.1473624696304834,0.0,18.0,18.0,-0.0294201733713022,0.0227548205754905,0.4496208829082627,0.2700272724548206,0.2803518446369167,1.0,False,False,-0.1216790153002763,0.2365065656880613,1846
bcebd445d48825c2a811,D1,2019,2020-01-25,2020-01-21,Borussia Mönchengladbach,1. FSV Mainz 05,3,1,2.0810477889851295,0.975713360288054,0.624398451480433,0.2108895432152455,0.1647120053043211,2,1,2,2.6620434278153366,0.2126809673792022,0.0053507545787234,-0.1713086719898167,0.6493865800326304,0.0358183611605233,0.2096411515461563,0.7819697616326149,0.0,18.0,18.0,0.019582566634671,-0.0278804625052256,0.6243984514804332,0.2108895432152456,0.1647120053043211,1.0,False,False,-0.1216790153002763,0.2365065656880613,1846
c3cf5f6539a38cfc6457,D1,2019,2020-01-25,2020-01-21,Eintracht Frankfurt,RB Leipzig,2,0,1.2023676910728878,1.98850586647498,0.2357319785263944,0.2262131100348297,0.5380549114387758,1,2,0,3.425592480529294,0.9247810675221984,-0.2533887253568806,0.615176223184249,-0.0594078604451771,0.3451530709852912,-0.0352155212358271,-0.9858100194779652,0.0,18.0,18.0,-0.0578584597566918,0.0759478346480602,0.2357319785263943,0.2262131100348297,0.5380549114387758,1.0,False,False,-0.1216790153002763,0.2365065656880613,1846
d25509a050afa332ff1a,D1,2019,2020-01-25,2020-01-21,SC Freiburg,SC Paderborn 07,0,2,2.0923808966132693,1.0298573770503312,0.5410655002102382,0.2374751322618502,0.2214593675279115,2,1,0,3.4707416409746887,0.955271830370578,0.0061169716486412,-0.1655515546253491,0.1497498765138201,-0.2847134678334178,0.0981460299520289,1.5550536837114948,0.0,18.0,18.0,0.013796576393733,-0.0217683055425684,0.5410655002102382,0.2374751322618502,0.2214593675279114,1.0,False,False,-0.1216790153002763,0.2365065656880613,1846
023892b3f44edd53f59f,D1,2019,2020-01-26,2020-01-21,SV Werder Bremen,TSG 1899 Hoffenheim,0,3,1.6318534606140327,1.7431898326738264,0.3943556728398217,0.2625406551226438,0.3431036720375344,2,1,0,3.647699860239608,0.6559567779837466,-0.2225268687321161,-0.0547084250731815,-0.4247094551215639,0.2522940002855142,-0.0565955784149762,-0.340855004776308,0.0,18.0,18.0,-0.0223470445403013,0.0084852798500364,0.3943556728398217,0.2625406551226438,0.3431036720375344,1.0,False,False,-0.1216790153002763,0.2365065656880613,1846
647a938f1892e5e25600,D1,2019,2020-01-26,2020-01-21,Bayer 04 Leverkusen,Fortuna Düsseldorf,3,0,2.609366076090601,0.9409405153012323,0.6881383899346252,0.1843943646815112,0.1274672453838634,2,0,2,2.513177883561227,0.1475068442046161,0.3006152798275652,-0.3349899887240845,-0.0713955091812285,-0.5114613506964356,0.2044393243971138,0.0,0.0,18.0,18.0,0.0570329936388164,-0.0587517290836424,0.6881383899346253,0.1843943646815112,0.1274672453838634,1.0,False,False,-0.1216790153002763,0.2365065656880613,1846
b9750fcfeab758ad8c2a,D1,2019,2020-01-31,2020-01-28,Hertha BSC,FC Schalke 04,0,0,1.3038687163274665,1.2836301110580777,0.3523741777696076,0.2859083897471966,0.3617174324831959,0,1,0,2.434098393222746,0.7649338899544842,0.0642447963635411,0.0483783698859645,-0.1732460665690005,-0.0718256226898973,-0.1557257894496485,0.0,0.0,19.0,19.0,-0.0037807283304265,0.0094118866429018,0.3523741777696076,0.2859083897471967,0.3617174324831957,1.0,False,False,-0.1221870411653874,0.2416371298215723,1846
2a2ab4dfafb0e94d732b,D1,2019,2020-02-01,2020-01-28,Borussia Dortmund,1. FC Union Berlin,5,0,2.340189068404607,0.9369488853562852,0.7658827779593662,0.1493230573379897,0.0847941647026441,2,1,2,3.6896335237078497,0.0842982994764071,0.4092144209894117,-0.0612698686981991,0.4433230306691183,-0.3879426375184703,-0.1187871795410822,2.5,0.0,19.0,19.0,0.038045576556797,-0.0206483489422363,0.7658827779593663,0.1493230573379896,0.0847941647026441,1.0,False,False,-0.1221870411653874,0.2416371298215723,1846
56b5b42d62971cee8a1d,D1,2019,2020-02-01,2020-01-28,RB Leipzig,Borussia Mönchengladbach,2,2,2.045675146098424,1.0772512454077967,0.6226383644836107,0.2084544196192394,0.1689072158971497,2,1,0,3.04144825121594,1.042752586329267,0.327871807686738,0.1371530296749466,0.5393035970795608,-0.2147728400150778,0.2060457457271533,0.6234770317020318,0.0,19.0,19.0,0.0362318165712841,-0.0129805747031999,0.6226383644836108,0.2084544196192394,0.1689072158971497,1.0,False,False,-0.1221870411653874,0.2416371298215723,1846
8dee37f09d7243dc53c6,D1,2019,2020-02-01,2020-01-28,FC Augsburg,SV Werder Bremen,2,1,1.8344747209276016,1.491807118263048,0.4603638666632299,0.2568607018848748,0.2827754314518949,2,1,4,2.3757194417789,0.4371465212082562,-0.085472535350522,-0.312006295064881,0.1318933571590228,-0.0673288134752287,-0.1305576971060608,-0.3114868411272714,0.0,19.0,19.0,0.0005251763628887,-0.0203991178836589,0.46036386666323,0.256860701884875,0.282775431451895,1.0,False,False,-0.1221870411653874,0.2416371298215723,1846
c8f03921d73482b3112e,D1,2019,2020-02-01,2020-01-28,TSG 1899 Hoffenheim,Bayer 04 Leverkusen,2,1,1.7856000338305582,1.5684029536798614,0.294157010137961,0.2541516567591983,0.4516913331028407,1,2,0,2.7936491001750325,0.7668324513710492,0.1073619220527587,0.3955317855212155,-0.1068870498836538,0.3271271434504709,0.1358070496253004,-0.60515088039046,0.0,19.0,19.0,-0.0022500445895198,0.0273947299682185,0.294157010137961,0.2541516567591983,0.4516913331028406,1.0,False,False,-0.1221870411653874,0.2416371298215723,1846
d092b8c85891beb9c0ed,D1,2019,2020-02-01,2020-01-28,Fortuna Düsseldorf,Eintracht Frankfurt,1,1,1.2477515422700045,1.7334050922050972,0.2846130865663715,0.2569956442041359,0.4583912692294925,1,2,0,2.117452614921144,0.843182637482289,-0.427634320898764,-0.0149326604063828,-0.1109834247042083,-0.2033947608722613,-0.2669825648977956,0.0,0.0,19.0,19.0,-0.055365927314447,0.0332375782491897,0.2846130865663715,0.256995644204136,0.4583912692294926,1.0,False,False,-0.1221870411653874,0.2416371298215723,1846
f511e726c4ba34b19323,D1,2019,2020-02-01,2020-01-28,1. FSV Mainz 05,Bayern München,1,3,0.881039582749552,2.977718773621229,0.0698922648723723,0.1284023439445333,0.8017053911830945,0,2,3,2.4861731178993796,0.0606928425052896,-0.2571421054856335,0.5813357148884274,-0.2495130391773364,0.2926258685267343,-0.3427931733156497,-1.8188410868073548,0.0,19.0,19.0,-0.0719206549587672,0.0881303354289069,0.0698922648723723,0.1284023439445333,0.8017053911830945,1.0,False,False,-0.1221870411653874,0.2416371298215723,1846
52fd61a814385c905809,D1,2019,2020-02-02,2020-01-28,SC Paderborn 07,VfL Wolfsburg,2,4,1.2395181085644589,1.5063237086830008,0.2510160706961483,0.2402401282672732,0.5087438010365786,1,2,2,4.356434394475662,0.3620570399975983,0.0571232763163716,-0.330353598575482,-0.1892046908462621,-0.2959309275140631,-0.0247967605364842,0.0,0.0,19.0,19.0,0.020990169533587,-0.0346516856465425,0.2510160706961483,0.2402401282672732,0.5087438010365785,1.0,False,False,-0.1221870411653874,0.2416371298215723,1846
e2f0c6017f1ebadeb644,D1,2019,2020-02-02,2020-01-28,1. FC Köln,SC Freiburg,4,0,1.501795940800842,1.286872965832658,0.4632793432438428,0.2638118482360773,0.2729088085200798,2,1,2,4.213849734132493,0.4321449724263454,0.1463435032704763,-0.1684462957622199,0.3182600936033823,-0.0655769842369804,0.0114941892869987,-0.5309964580656108,0.0,19.0,19.0,0.0236313745795085,-0.0247365142040957,0.4632793432438429,0.2638118482360773,0.2729088085200798,1.0,False,False,-0.1221870411653874,0.2416371298215723,1846
06ff924e6235b7ebcba2,D1,2019,2020-02-07,2020-02-04,Eintracht Frankfurt,FC Augsburg,5,0,1.9643743295432596,1.2386302191298182,0.4943704581604965,0.262847103099107,0.2427824387403965,2,1,2,4.683988878103118,0.3836931457491532,-0.0115905106300609,0.0431699128979698,0.0873439826540037,-0.1606276194241834,-0.0981160965830664,0.5662765964846693,0.0,20.0,20.0,-0.0082233515370579,0.0098023216504533,0.4943704581604966,0.2628471030991069,0.2427824387403965,1.0,False,False,-0.1288918405455069,0.249083498501569,1845
00f79c8883dd9356b3da,D1,2019,2020-02-08,2020-02-04,FC Schalke 04,SC Paderborn 07,1,1,2.1696768439818013,0.9244852809161505,0.6345358502927807,0.2129314933868392,0.1525326563203799,2,1,0,2.2946419564862652,1.0453787906532044,-0.0198216873608531,-0.0898071196166499,0.3338263046664696,-0.0406294541777206,0.1899721589536449,2.0567210323432654,0.0,20.0,20.0,0.0120067951924294,-0.0174882355413045,0.6345358502927808,0.2129314933868392,0.15253265632038,1.0,False,False,-0.1288918405455069,0.249083498501569,1845
26b76f288cce3869d34c,D1,2019,2020-02-08,2020-02-04,Bayer 04 Leverkusen,Borussia Dortmund,4,3,1.7110155798069218,1.929149578258163,0.3118852089161628,0.2477213247901813,0.4403934662936557,1,2,0,4.566537186832561,0.7288142256182968,0.2039641716677537,0.5247311361849262,0.1304698180175879,0.1715747694296471,-0.320279112074063,-0.375886597504892,0.0,20.0,20.0,-0.021854095246174,0.058288860638808,0.3118852089161628,0.2477213247901813,0.4403934662936557,1.0,False,False,-0.1288918405455069,0.249083498501569,1845
35a9b211c7261269d7c3,D1,2019,2020-02-08,2020-02-04,VfL Wolfsburg,Fortuna Düsseldorf,1,1,2.012187011847854,0.9395925432412828,0.6116392347880739,0.2282672742271281,0.1600934909847979,2,1,0,2.2194507020370744,0.9953038794166668,-0.1382371203831223,-0.3468295397257715,-0.1543719575616609,-0.5523442006792136,0.2204147007657534,0.0,0.0,20.0,20.0,0.014538499986264,-0.0387918329917087,0.611639234788074,0.2282672742271281,0.1600934909847979,1.0,False,False,-0.1288918405455069,0.249083498501569,1845
68b178ca0e25e6816262,D1,2019,2020-02-08,2020-02-04,SV Werder Bremen,1. FC Union Berlin,0,2,1.5295468246820814,1.104846401046562,0.4586452841890754,0.2672219022726266,0.2741328135382979,1,0,0,3.0701830883911905,0.8086462141449065,-0.3563985137905108,-0.2432036643274595,-0.4778638190492135,-0.4477026986415119,0.0597187106552535,1.4588493107577547,0.0,20.0,20.0,-0.0204937326299154,-0.009486376275983,0.4586452841890754,0.2672219022726266,0.2741328135382979,1.0,False,False,-0.1288918405455069,0.249083498501569,1845
86a31512ab4aa552989b,D1,2019,2020-02-08,2020-02-04,SC Freiburg,TSG 1899 Hoffenheim,1,0,1.3561807157711931,1.7814507222172389,0.3734916842017666,0.2698027747066585,0.3567055410915748,2,1,3,2.8049562790261544,0.5925450500491841,-0.2910126412420661,0.2714704929350559,-0.0572486145937328,0.4160595847702178,0.0197030548965124,-0.4744282305284906,0.0,20.0,20.0,-0.0416896360261337,0.0407125286107832,0.3734916842017666,0.2698027747066586,0.3567055410915748,1.0,False,False,-0.1288918405455069,0.249083498501569,1845
e130f3fbb88000a6f862,D1,2019,2020-02-08,2020-02-04,Hertha BSC,1. FSV Mainz 05,1,3,1.726303960778388,1.164509669606947,0.4692791132926003,0.2646212777733274,0.2660996089340722,2,1,0,3.5881331836885413,0.8288570908297994,0.0566762910463242,-0.391036493503908,-0.2016280483401289,-0.080599008028943,-0.0872979488399661,0.0,0.0,20.0,20.0,0.0208545563378295,-0.0375725664607087,0.4692791132926004,0.2646212777733274,0.2660996089340722,1.0,False,False,-0.1288918405455069,0.249083498501569,1845
542e6a13cf0aa64cc59e,D1,2019,2020-02-09,2020-02-04,Bayern München,RB Leipzig,0,0,2.489653413966245,1.1313076891328449,0.6707743123928096,0.1803976370450358,0.1488280505621546,2,1,0,3.3865179479249488,1.1438360001615386,0.6063391226564026,0.2028271924607425,0.5199804841523129,0.1063622689973013,0.0630563016595246,0.413394293472708,0.0,20.0,20.0,0.0536453677255793,-0.0131870519697221,0.6707743123928096,0.1803976370450359,0.1488280505621546,1.0,False,False,-0.1288918405455069,0.249083498501569,1845
b091e1f96d8942c95057,D1,2019,2020-02-14,2020-02-11,Borussia Dortmund,Eintracht Frankfurt,4,0,2.559814233888176,1.2424907883394385,0.6664016607040324,0.1883309041120091,0.1452674351839583,2,1,2,3.19426272275315,0.1678590091495998,0.273154065943091,0.199585790563388,0.5092852646236201,-0.1695073693989348,0.1103108477856042,1.067102727314262,0.0,21.0,21.0,0.0228516594554199,0.000785333369904,0.6664016607040325,0.1883309041120091,0.1452674351839583,1.0,False,False,-0.1331939671603238,0.2478435945365406,1844
392fee388ff2e73325d2,D1,2019,2020-02-15,2020-02-11,TSG 1899 Hoffenheim,VfL Wolfsburg,2,3,1.8471174534220736,1.1687351540132038,0.3842511301971191,0.2778258900550598,0.3379229797478211,2,1,0,3.4030373033323276,0.6631821369886537,0.1021923070473186,-0.1160562531916592,0.0957144862673284,-0.0698873507266358,-0.0479257445875488,0.0,0.0,21.0,21.0,0.0136257561349373,-0.0143189534421544,0.3842511301971191,0.2778258900550598,0.3379229797478211,1.0,False,False,-0.1331939671603238,0.2478435945365406,1844
60e6aa82b0787cce15c7,D1,2019,2020-02-15,2020-02-11,SC Paderborn 07,Hertha BSC,1,2,1.429767797239956,1.513798748111158,0.3487176637305842,0.2719997777098558,0.3792825585595599,1,2,4,2.4537903258862226,0.580878030180294,-0.076327411271445,-0.0701179796689927,-0.2718228424853551,0.1241667703709212,-0.0589848841149949,0.0,0.0,21.0,21.0,-0.0070760863494446,-0.0002461831975772,0.3487176637305843,0.2719997777098558,0.3792825585595599,1.0,False,False,-0.1331939671603238,0.2478435945365406,1844
69c9c0b2e337e067e793,D1,2019,2020-02-15,2020-02-11,RB Leipzig,SV Werder Bremen,3,0,2.7230503552310563,0.8887765923487521,0.7608725165804404,0.1504890262223972,0.0886384571971622,2,0,2,2.3841566656588733,0.0876856764342302,0.1068781424909879,-0.4658305655682285,0.4196985347094694,-0.175736742591903,0.1019840079083533,1.2405997748353634,0.0,21.0,21.0,0.0390785429229278,-0.0570261640767899,0.7608725165804405,0.1504890262223972,0.0886384571971622,1.0,False,False,-0.1331939671603238,0.2478435945365406,1844
77288c8d54ac071ffa8e,D1,2019,2020-02-15,2020-02-11,FC Augsburg,SC Freiburg,1,1,1.705678307948184,1.364823619642382,0.4673454428759496,0.2640954857249133,0.2685590713991372,2,1,0,2.103535189067885,0.8320911919381355,-0.1174163833738227,-0.0586449807590418,0.2281123086922056,-0.2434222089970814,-0.059996940190494,-0.1779136153750889,0.0,21.0,21.0,-0.0118092363089548,0.0030061681023116,0.4673454428759495,0.2640954857249133,0.2685590713991372,1.0,False,False,-0.1331939671603238,0.2478435945365406,1844
979e9219b2638c58e7ee,D1,2019,2020-02-15,2020-02-11,Fortuna Düsseldorf,Borussia Mönchengladbach,1,4,1.1008586611863034,1.8161734342680511,0.2384876071499767,0.2458635125257493,0.515648880324274,1,2,2,3.6333087870079073,0.3519212126867503,-0.3072278075418977,0.1131707580864737,-0.1137549008126653,-0.2356939288188654,-0.0706475244437351,0.0,0.0,21.0,20.0,-0.0399136948807002,0.030210842407929,0.2384876071499768,0.2458635125257492,0.515648880324274,1.0,False,False,-0.1331939671603238,0.2478435945365406,1844
d2a3e07c077951abd0ea,D1,2019,2020-02-15,2020-02-11,1. FC Union Berlin,Bayer 04 Leverkusen,2,3,1.1839825582776269,1.4819499405149212,0.250397678117936,0.2578419334133339,0.4917603884687299,1,2,3,3.4851624015852303,0.3874889625626359,-0.0065774947408532,0.2872345459699859,0.3149506638179404,0.1745347120088666,-0.1194374213105071,-2.404855195924523,0.0,21.0,21.0,-0.0209913478381099,0.0350242003995666,0.250397678117936,0.257841933413334,0.49176038846873,1.0,False,False,-0.1331939671603238,0.2478435945365406,1844
24a501c5d5f9f9647252,D1,2019,2020-02-16,2020-02-11,1. FC Köln,Bayern München,1,4,0.8937631200206267,2.725120357415977,0.0807151751002394,0.1372738661417023,0.7820109587580583,0,2,2,2.856658967467208,0.0728782759185333,0.335774115060701,0.494745964216999,0.4701739034165643,0.4129265980842065,-0.2696135802969399,-2.3185637521258644,0.0,20.0,21.0,-0.0046405657196268,0.0461665696835118,0.0807151751002395,0.1372738661417023,0.7820109587580583,1.0,False,False,-0.1331939671603238,0.2478435945365406,1844
f9f182eef0483528d56f,D1,2019,2020-02-16,2020-02-11,1. FSV Mainz 05,FC Schalke 04,0,0,1.3416478730023338,1.3866112881605956,0.3347486372379227,0.2787935864386218,0.3864577763234554,1,2,0,2.542596600175199,0.781544953975582,-0.1847027101085566,-0.0757686056021625,-0.3781486316993848,-0.1250587413826127,-0.0497297285110855,-0.5329411413788715,0.0,21.0,21.0,-0.0171683271563018,0.0041447613707658,0.3347486372379227,0.2787935864386218,0.3864577763234554,1.0,False,False,-0.1331939671603238,0.2478435945365406,1844
6f07016297de34a2ecff,D1,2019,2020-02-21,2020-02-18,Bayern München,SC Paderborn 07,3,2,4.377076578501129,0.6149011761384163,0.9020968214350532,0.0682528644340582,0.0296503141308885,4,0,2,4.054820621605845,0.0151226270046341,0.6149515029167034,-0.2199155115659649,0.3604207319612861,-0.0560410513542681,0.1194517437919794,2.5,0.0,22.0,22.0,0.0784635130595675,-0.0587117134920306,0.9020968214350532,0.0682528644340582,0.0296503141308885,1.0,False,False,-0.1411693788701793,0.2430839494645976,1844
287de75da00f21d6965f,D1,2019,2020-02-22,2020-02-18,Hertha BSC,1. FC Köln,0,5,1.6809217697344383,1.1858802706321367,0.392420562117868,0.2821248419959821,0.32545459588615,2,1,0,6.551999914651653,0.6885998262552786,0.09919216782515,0.1226171889766722,-0.3421816151827719,-0.3710704704712546,0.1920163010563094,0.0,0.0,22.0,21.0,0.0133891723864968,-0.0022987045464057,0.3924205621178681,0.2821248419959821,0.3254545958861499,1.0,False,False,-0.1411693788701793,0.2430839494645976,1844
2de441fbf9bab71476b2,D1,2019,2020-02-22,2020-02-18,Borussia Mönchengladbach,TSG 1899 Hoffenheim,1,1,1.9105819070839631,1.277018078522161,0.5808777937290872,0.2262801856806895,0.1928420205902233,2,1,0,2.2683652431572483,0.9732494072232004,0.2417644170470558,-0.0133020215796833,0.7289605756244759,0.2208038511727373,0.1210519219547393,0.2762677383570234,0.0,21.0,22.0,0.0308941388814267,-0.019471019108058,0.5808777937290872,0.2262801856806895,0.1928420205902233,1.0,False,False,-0.1411693788701793,0.2430839494645976,1844
b3fc9513f6cda086aaa5,D1,2019,2020-02-22,2020-02-18,SV Werder Bremen,Borussia Dortmund,0,2,1.3187360512271376,2.508564766830073,0.1478327298522412,0.1769596245814933,0.6752076455662654,1,2,2,2.600839232029716,0.1586592982461974,-0.5149116543161579,0.3696896463636434,-0.5654728500002029,0.0202443131418685,-0.0252826841266335,-1.3218924826716605,0.0,22.0,22.0,-0.0712397819561296,0.0639786815585039,0.1478327298522413,0.1769596245814933,0.6752076455662653,1.0,False,False,-0.1411693788701793,0.2430839494645976,1844
e5a9a5cac37d05d8e6ba,D1,2019,2020-02-22,2020-02-18,SC Freiburg,Fortuna Düsseldorf,0,2,1.8223356812420357,1.0823461896718485,0.4949687339046151,0.2581863936313261,0.2468448724640586,2,1,0,3.271024508749344,0.878896907533168,-0.1076167258133547,-0.378174735368334,0.1298051807740474,-0.4557629323316368,-0.0241165260292612,0.0,0.0,22.0,22.0,0.0069412378856181,-0.0312308109447026,0.4949687339046152,0.2581863936313262,0.2468448724640587,1.0,False,False,-0.1411693788701793,0.2430839494645976,1844
fcd9e9dae526c927529c,D1,2019,2020-02-22,2020-02-18,FC Schalke 04,RB Leipzig,0,5,1.0974078062067878,1.6150744613537786,0.2304273526278695,0.2379162415882752,0.5316564057838553,1,2,2,4.9952504580059855,0.3290466250938758,-0.0648111218795523,0.2366023619923137,0.2143413458389575,0.0211150861808558,0.0397308177558648,-0.8725056519557752,0.0,22.0,22.0,-0.0163246893997776,0.0249142514054157,0.2304273526278695,0.2379162415882752,0.5316564057838553,1.0,False,False,-0.1411693788701793,0.2430839494645976,1844
978b60d5774871521015,D1,2019,2020-02-23,2020-02-18,VfL Wolfsburg,1. FSV Mainz 05,4,0,1.8520604239015308,1.0731866092891895,0.5296152183311718,0.2542153047989622,0.216169476869866,2,1,2,3.658991369540314,0.332616506749852,0.0815631956288489,-0.1541736192811782,-0.1493480483609327,0.1268128538722898,0.1330282853272245,0.0,0.0,22.0,22.0,0.022516414793305,-0.0261469359759214,0.5296152183311718,0.2542153047989624,0.2161694768698659,1.0,False,False,-0.1411693788701793,0.2430839494645976,1844
ef2fd725524a76b97749,D1,2019,2020-02-23,2020-02-18,Bayer 04 Leverkusen,FC Augsburg,2,0,2.6023818438611905,1.0985012156415552,0.6478186252371059,0.2061241080299883,0.1460572667329057,2,1,2,2.538814237332601,0.1878515938065275,0.3555441781180968,-0.1558289853004192,0.2236297947145757,-0.2845987046047945,0.2735350319313193,1.2574927262940394,0.0,22.0,22.0,0.0570226186733966,-0.0470368590325127,0.647818625237106,0.2061241080299883,0.1460572667329058,1.0,False,False,-0.1411693788701793,0.2430839494645976,1844
f572188a78185d100028,D1,2019,2020-02-24,2020-02-18,Eintracht Frankfurt,1. FC Union Berlin,1,2,1.6583543484010153,1.014148551442352,0.5000984058256249,0.2617594961621728,0.2381420980122023,1,0,0,2.72908506121046,0.8990439121616547,0.0108970913160853,-0.166011923446589,0.2606894355647148,-0.1743352828580895,0.0596721797755884,1.7136390661151526,0.0,22.0,22.0,0.0123739142927174,-0.0201296558992425,0.5000984058256249,0.2617594961621728,0.2381420980122023,1.0,False,False,-0.1411693788701793,0.2430839494645976,1844
6c1d3dc7a95e52c5f22a,D1,2019,2020-02-28,2020-02-25,Fortuna Düsseldorf,Hertha BSC,3,3,1.4694840953709862,1.3885285427127014,0.4031748771274697,0.2835384150718407,0.3132867078006896,2,1,0,4.300824705479197,0.7740157455091149,-0.1106695673754007,-0.108256247981117,-0.2260915385272771,0.2786266351842897,0.0483791839620994,0.0,0.0,23.0,23.0,-0.0032351851403792,-0.0077111056274466,0.4031748771274697,0.2835384150718407,0.3132867078006896,1.0,False,False,-0.1433901998142478,0.2251554540196373,1844
26aa782cf50858119bb3,D1,2019,2020-02-29,2020-02-25,1. FSV Mainz 05,SC Paderborn 07,2,0,1.9756720591561452,1.2909527898463669,0.5180087692572625,0.2413002874514842,0.2406909432912532,2,1,2,2.600705438276562,0.3484735054195011,-0.2526189733530167,-0.300909005892197,-0.3128641482376159,-0.1464211744655834,0.0892390878414717,1.5237798909643938,0.0,23.0,23.0,-0.0057544926486182,-0.0219219063136424,0.5180087692572625,0.2413002874514842,0.2406909432912533,1.0,False,False,-0.1433901998142478,0.2251554540196373,1844
395971defea2e5354c50,D1,2019,2020-02-29,2020-02-25,TSG 1899 Hoffenheim,Bayern München,0,6,1.1891988706955772,2.4723099905480157,0.139000256932083,0.1759984768918241,0.6850012661760927,1,2,2,4.747571200217854,0.1495207376060918,-0.0102528399476405,0.6177525156862216,-0.0820981947895158,0.4909794652562146,-0.0860999312200739,-1.3131390635317632,0.0,23.0,23.0,-0.0362179063400788,0.0665928901270078,0.139000256932083,0.1759984768918242,0.6850012661760928,1.0,False,False,-0.1433901998142478,0.2251554540196373,1844
a5534d7b1b39e6ae877c,D1,2019,2020-02-29,2020-02-25,FC Augsburg,Borussia Mönchengladbach,2,3,1.2461744156078547,1.8303608167904752,0.2764675840236451,0.2536737140642488,0.4698587019121062,1,2,3,3.361590790394026,0.4218344741613384,-0.3046110244992754,0.1388197244839505,0.1911026051105453,-0.0477363545731789,-0.2223296559248608,-0.9286095842606028,0.0,23.0,22.0,-0.0485185714703681,0.0402290064696018,0.2764675840236451,0.2536737140642487,0.4698587019121062,1.0,False,False,-0.1433901998142478,0.2251554540196373,1844
ab2279b0edaa6a8a3d98,D1,2019,2020-02-29,2020-02-25,Borussia Dortmund,SC Freiburg,1,0,2.975202075177807,0.9219826877682958,0.7932293235652246,0.1357881866302809,0.0709824898044943,2,0,2,2.929840864291913,0.0662310581204797,0.432718369685507,-0.2048933501441463,0.6068227873235792,-0.1990285658172361,0.2034367771030791,1.4554657084238427,0.0,23.0,23.0,0.0636883433309119,-0.0522970923538439,0.7932293235652247,0.1357881866302809,0.0709824898044943,1.0,False,False,-0.1433901998142478,0.2251554540196373,1844
c72adfdbf9d42540c1d4,D1,2019,2020-02-29,2020-02-25,1. FC Köln,FC Schalke 04,3,0,1.470224893152281,1.263636248083764,0.4294788442286225,0.2716361920762229,0.2988849636951544,2,1,2,3.3046975554966793,0.4886128315514327,0.3129958460884939,-0.2427939450274478,0.2595553739517228,-0.1654130162675479,0.0051880722560138,-1.0326638066973812,0.0,22.0,23.0,0.0436986854730224,-0.0401885904199701,0.4294788442286227,0.2716361920762229,0.2988849636951544,1.0,False,False,-0.1433901998142478,0.2251554540196373,1844
6be06023d8944c4f14ba,D1,2019,2020-03-01,2020-02-25,1. FC Union Berlin,VfL Wolfsburg,2,2,1.280764007172405,1.2427472621548472,0.3557693088852962,0.2950012592309754,0.3492294318837283,1,1,3,3.0139202771312954,0.7455562217244633,0.0205269753173791,0.2191503505350966,0.1579164462760944,0.0625844598533507,-0.0597652698945054,0.0,0.0,23.0,23.0,-0.0118930834897421,0.0238769497823659,0.3557693088852963,0.2950012592309754,0.3492294318837283,1.0,False,False,-0.1433901998142478,0.2251554540196373,1844
c2c70bc24e665d3acd60,D1,2019,2020-03-01,2020-02-25,RB Leipzig,Bayer 04 Leverkusen,1,1,2.1673143336097525,1.2044887481383253,0.6429313184845662,0.1974145957172527,0.1596540857981808,2,1,0,2.4230260160629644,1.0829934385680564,0.3397049912904966,0.4879112642397775,0.5567021776034363,0.2564630507250999,0.0962824426094142,0.2945938896685952,0.0,23.0,23.0,0.0143890580475315,0.0269917547289822,0.6429313184845663,0.1974145957172527,0.1596540857981809,1.0,False,False,-0.1433901998142478,0.2251554540196373,1844
db6b0e748543e0292adb,D1,2019,2020-03-06,2020-03-03,SC Paderborn 07,1. FC Köln,1,2,1.385826448833648,1.826651953300134,0.2994195289680925,0.2500388213110511,0.4505416497208563,1,2,4,2.4054768209211645,0.4540759451815723,-0.3601431070469013,0.4056880017524506,-0.3234346069130694,-0.0886788612920483,-0.169101247185012,-1.024057225645884,0.0,24.0,23.0,-0.0647537731515632,0.0670310178868407,0.2994195289680926,0.2500388213110511,0.4505416497208562,1.0,False,False,-0.1428114891558359,0.2208337963240525,1843
084e9bd3081627c37d8e,D1,2019,2020-03-07,2020-03-03,SC Freiburg,1. FC Union Berlin,3,1,1.2559864815976138,1.2379903031897783,0.410016113488902,0.2818104850823427,0.3081734014287552,1,0,2,3.2323527157612295,0.5224689811932541,-0.2652152434966832,0.0174982822652924,-0.0301835836480494,0.0337548470796581,-0.120090442311761,1.3252760850055725,0.0,24.0,24.0,-0.033400960578521,0.0210151125169514,0.410016113488902,0.2818104850823427,0.3081734014287554,1.0,False,False,-0.1428114891558359,0.2208337963240525,1843
2f27b1530e8a26480b61,D1,2019,2020-03-07,2020-03-03,VfL Wolfsburg,RB Leipzig,0,0,1.1794776394631448,1.7596006933998225,0.2476853853310322,0.2556538159583041,0.4966607987106637,1,2,0,2.719445433881804,0.8620712407799306,0.1570655072284155,0.2559607413708694,0.0297256929905726,0.206359530198422,-0.0903311060098352,0.0,0.0,24.0,24.0,-0.0016080416461936,0.0222593540761579,0.2476853853310322,0.2556538159583041,0.4966607987106637,1.0,False,False,-0.1428114891558359,0.2208337963240525,1843
480df6f6424dca803dd8,D1,2019,2020-03-07,2020-03-03,FC Schalke 04,TSG 1899 Hoffenheim,1,1,1.4264111048729269,1.428592488027825,0.4190847698048043,0.2706836473526781,0.3102315828425175,2,1,0,2.055882690862582,0.8037780215141124,-0.3520026465703878,-0.2013525918849181,0.0230015950061599,0.1584219322626533,-0.1919647266733358,0.0272391181032799,0.0,24.0,24.0,-0.0347308713964596,0.0070631094736943,0.4190847698048044,0.2706836473526782,0.3102315828425175,1.0,False,False,-0.1428114891558359,0.2208337963240525,1843
59bce5eb272df6d4385a,D1,2019,2020-03-07,2020-03-03,Hertha BSC,SV Werder Bremen,2,2,1.6092667838856485,1.2738004936782878,0.4421950281616865,0.2760523875229027,0.2817525843154109,2,1,0,2.838989414502299,0.799021107310617,-0.1483146023719659,-0.5323823113390983,-0.4134780485817336,-0.2969932525375489,-0.0875789599490402,0.0,0.0,24.0,23.0,0.0074087073323063,-0.0414435530178595,0.4421950281616865,0.2760523875229026,0.2817525843154109,1.0,False,False,-0.1428114891558359,0.2208337963240525,1843
615de098a7737384c792,D1,2019,2020-03-07,2020-03-03,Borussia Mönchengladbach,Borussia Dortmund,1,2,1.5951753298850424,1.8388349938379749,0.3109306148799292,0.2511992072845743,0.4378701778354966,1,2,4,2.4121052181768587,0.4757688259767056,0.2906469715131651,0.5116866034864544,0.5384839586761121,0.1894823778776484,-0.2286716081955458,-0.7047697395383287,0.0,23.0,24.0,-0.0079532134327835,0.0480698921827644,0.3109306148799292,0.2511992072845743,0.4378701778354965,1.0,False,False,-0.1428114891558359,0.2208337963240525,1843
e57487b299999ec56b89,D1,2019,2020-03-07,2020-03-03,Bayer 04 Leverkusen,Eintracht Frankfurt,4,0,2.012269143709327,1.1405354267744956,0.5780146238691288,0.2249349361754864,0.1970504399553848,2,1,2,3.504538933394874,0.2674962590671936,0.3975954048215748,-0.091509449367609,0.3563266793103801,-0.3286799785089243,0.0882466509625475,0.6912161298093701,0.0,24.0,23.0,0.0487473454986653,-0.033443047725967,0.5780146238691288,0.2249349361754864,0.1970504399553848,1.0,False,False,-0.1428114891558359,0.2208337963240525,1843
1c179e07015b9d8967bc,D1,2019,2020-03-08,2020-03-03,Bayern München,FC Augsburg,2,0,4.024115972192099,0.7175306110838424,0.875906046845493,0.0859349766932121,0.0381589764612944,3,0,2,2.6849001517796403,0.0242402369133495,0.6556906728026046,-0.4138140996724275,0.4724341128737364,-0.3434484557444578,0.2080917736369569,1.9654809094353427,0.0,24.0,24.0,0.0966643609457297,-0.0845705322892208,0.8759060468454932,0.0859349766932122,0.0381589764612944,1.0,False,False,-0.1428114891558359,0.2208337963240525,1843
9059c2cf9cdc0af97c0e,D1,2019,2020-03-08,2020-03-03,1. FSV Mainz 05,Fortuna Düsseldorf,1,1,1.9007985054912844,1.2997711558125506,0.503930226517751,0.2467430383726811,0.2493267351095678,2,1,0,2.184819936650713,0.8835055442786485,-0.0777833934163811,-0.0868121458023101,-0.123889905913831,-0.1776326430425327,0.066328059206473,0.0,0.0,24.0,24.0,-0.0001213290911989,-0.0081084478697356,0.503930226517751,0.2467430383726811,0.2493267351095678,1.0,False,False,-0.1428114891558359,0.2208337963240525,1843
deb2ddbaec565288d052,D1,2019,2020-03-11,2020-03-10,Borussia Mönchengladbach,1. FC Köln,2,1,1.9904829809972675,1.1329641753087567,0.5348817917876401,0.2362505184570717,0.2288676897552882,2,1,4,2.355819341883032,0.3245296744958342,0.0778118148920811,0.4494010014484897,0.2778065234990075,0.083966020391085,0.0537374365706746,1.2816924269511247,0.0,24.0,24.0,-0.0120019967546826,0.0383626375717111,0.5348817917876401,0.2362505184570717,0.2288676897552882,1.0,False,False,-0.1537548391333512,0.2245826584797189,1843
0d2cf43e526fb395d0ba,D1,2019,2020-05-16,2020-05-12,Eintracht Frankfurt,Borussia Mönchengladbach,1,3,1.3438583757882618,1.50174465519028,0.3303024243351017,0.2719584063613799,0.3977391693035182,1,2,2,3.1091396120444315,0.5457791745034833,-0.2045280737072959,0.2205442085105453,0.0933482245112811,0.1376084239844457,-0.0688963351084684,-0.3480129340011848,0.0,24.0,25.0,-0.0349248345516802,0.0357256412918427,0.3303024243351016,0.27195840636138,0.3977391693035183,1.0,False,False,-0.1538145348463505,0.2247598630841855,1754
4d44db500d9eeb954243,D1,2019,2020-05-16,2020-05-12,RB Leipzig,SC Freiburg,1,1,2.4389810876350664,0.780796792742245,0.7248840674683508,0.1742890654022264,0.1008268671294228,2,0,0,2.488775351856265,1.2174215159189234,0.1471507367628758,-0.0446901891432204,0.4339712054575504,-0.2837747058155014,-0.0092902594604016,1.4566024553638377,0.0,25.0,25.0,0.0164850701604285,-0.0113620427794457,0.7248840674683508,0.1742890654022264,0.1008268671294228,1.0,False,False,-0.1538145348463505,0.2247598630841855,1754
6bbb5fb439bd63014231,D1,2019,2020-05-16,2020-05-12,Borussia Dortmund,FC Schalke 04,4,0,2.5621979837068145,0.9370048476261492,0.6287230686436431,0.2133167554326645,0.1579601759236921,2,0,2,3.039737138406595,0.2083020150835559,0.596522855443141,-0.3114714899869416,0.6177137118647517,-0.2651537825703917,-0.0792841554314205,0.9958875838890852,0.0,25.0,25.0,0.0712616522720901,-0.0570090839992801,0.6287230686436432,0.2133167554326646,0.1579601759236921,1.0,False,False,-0.1538145348463505,0.2247598630841855,1754
8d8db56859c546436067,D1,2019,2020-05-16,2020-05-12,Fortuna Düsseldorf,SC Paderborn 07,0,0,1.885201794411706,1.2891262899467335,0.4398529061615386,0.2673615704119156,0.2927855234265455,2,1,0,2.8131282668918476,0.815953010296202,-0.1307232471768501,-0.4527395614004793,-0.2449790573924135,-0.230096542365452,-0.1143130056740885,0.0,0.0,25.0,25.0,0.0038490030686345,-0.0330221434975009,0.4398529061615386,0.2673615704119156,0.2927855234265457,1.0,False,False,-0.1538145348463505,0.2247598630841855,1754
abb063f72af34362eafa,D1,2019,2020-05-16,2020-05-12,TSG 1899 Hoffenheim,Hertha BSC,0,3,2.107939705711528,1.1724326797791866,0.4370572373131826,0.2706774935632779,0.2922652691235393,2,1,0,4.169862535062879,0.7651737834983063,-0.2246848247912999,-0.1443789857349295,-0.2636046111158732,0.162429636344289,0.1314232949665002,0.0,0.0,25.0,25.0,-0.0086783684440585,-0.0097748220822529,0.4370572373131827,0.2706774935632779,0.2922652691235393,1.0,False,False,-0.1538145348463505,0.2247598630841855,1754
ce0e3058ebbb1c5f0a89,D1,2019,2020-05-16,2020-05-12,FC Augsburg,VfL Wolfsburg,1,2,1.3315397720500506,1.6036082598651398,0.280113396465408,0.2776705470776284,0.4422160564569635,1,2,4,2.34830966540004,0.4666873752681977,-0.4527631473481824,0.1295056674492928,0.0362636871772168,0.0286289715573525,-0.0904013292370782,0.0,0.0,25.0,25.0,-0.0562716645691368,0.0401087905741923,0.280113396465408,0.2776705470776284,0.4422160564569636,1.0,False,False,-0.1538145348463505,0.2247598630841855,1754
09f666b08cf20278ee0e,D1,2019,2020-05-17,2020-05-12,1. FC Köln,1. FSV Mainz 05,2,2,1.9044388193399464,1.27094424488644,0.5104120513956579,0.2485600354452814,0.2410279131590607,2,1,0,2.817005923134983,0.8832769374617323,0.2113580930459732,-0.066463923558409,0.3585341585276659,-0.0855980226594614,-0.056199797108152,-0.280719663641599,0.0,25.0,25.0,0.0216490156271101,-0.0144043071527319,0.5104120513956579,0.2485600354452813,0.2410279131590607,1.0,False,False,-0.1538145348463505,0.2247598630841855,1754
35819656af5210679822,D1,2019,2020-05-17,2020-05-12,1. FC Union Berlin,Bayern München,0,2,0.843236697310528,2.605562083578882,0.0652557514954443,0.1391678781892638,0.795576370315292,0,2,4,2.1547947496006192,0.0654150317964075,-0.1022570854500508,0.6706498580171124,0.126888988346661,0.5918058928825143,-0.0571565028370442,-2.5,0.0,25.0,25.0,-0.0466160265877129,0.075035665216066,0.0652557514954443,0.1391678781892638,0.7955763703152919,1.0,False,False,-0.1538145348463505,0.2247598630841855,1754
ce0d8bc5d16268820428,D1,2019,2020-05-18,2020-05-12,SV Werder Bremen,Bayer 04 Leverkusen,1,4,1.2493044466030487,1.952652836135073,0.2019323671497584,0.2406870638754696,0.5573805689747717,1,2,2,3.415829183974412,0.2946189043407961,-0.4327580197547278,0.4784027453730917,-0.5738594478007412,0.2143597211691802,-0.0387009824168575,-1.0195878895963846,0.0,24.0,25.0,-0.0691309883649702,0.0714132246458884,0.2019323671497585,0.2406870638754697,0.5573805689747718,1.0,False,False,-0.1538145348463505,0.2247598630841855,1754
58463d84464e693261d7,D1,2019,2020-05-22,2020-05-19,Hertha BSC,1. FC Union Berlin,4,0,1.512852444305642,1.1948175898175866,0.4058357918694878,0.2842054803596412,0.3099587277708709,2,1,2,4.278546702693195,0.5298782742111499,0.0972841785430247,-0.1971819131693923,-0.3385313835240894,-0.145773969381222,-0.0571565028370442,0.0,0.0,26.0,26.0,0.0167296883709198,-0.0217245751022382,0.4058357918694878,0.2842054803596412,0.3099587277708709,1.0,False,False,-0.1638901975887255,0.2114574672596921,1763
3abaaf7b66456da8bbf6,D1,2019,2020-05-23,2020-05-19,VfL Wolfsburg,Borussia Dortmund,0,2,1.3437132978151896,2.025910644216233,0.2150520161126511,0.2436522842401647,0.5412956996471843,1,2,2,2.6053334202018688,0.3160234404117321,0.2863210557090138,0.638275231909176,0.0016737633450034,0.312151519552884,-0.3013481528285829,0.0,0.0,26.0,26.0,-0.0183490636659865,0.064578878046896,0.215052016112651,0.2436522842401647,0.5412956996471842,1.0,False,False,-0.1638901975887255,0.2114574672596921,1763
77d8c75fe3c070c65a8d,D1,2019,2020-05-23,2020-05-19,SC Freiburg,SV Werder Bremen,0,1,1.5943942726333311,1.2000334107450303,0.4365188653263564,0.2619113191958138,0.3015698154778298,2,1,0,2.7973318728673937,0.7469509815603739,-0.0961691168651775,-0.4877810756721608,0.1481145912117746,-0.2663453391492482,-0.0564594943140153,-0.1158903144947588,0.0,26.0,25.0,0.0119491673813895,-0.0411466770082564,0.4365188653263564,0.2619113191958138,0.3015698154778298,1.0,False,False,-0.1638901975887255,0.2114574672596921,1763
7daff7ca71a27eb92723,D1,2019,2020-05-23,2020-05-19,Bayern München,Eintracht Frankfurt,5,2,3.250673036405076,0.7317068660316893,0.8311971349810333,0.1098708856584124,0.0589319793605541,2,0,2,4.208874285812354,0.0440389969453282,0.6796066720563895,-0.2843931552199027,0.5236327571763794,-0.3990874441649567,0.1967318047448718,1.4457166904207115,0.0,26.0,25.0,0.0920169152038776,-0.0722562393620533,0.8311971349810334,0.1098708856584124,0.0589319793605541,1.0,False,False,-0.1638901975887255,0.2114574672596921,1763
bb12c88ad0f0ed6333ff,D1,2019,2020-05-23,2020-05-19,SC Paderborn 07,TSG 1899 Hoffenheim,1,1,1.2741540784637129,1.943960504587584,0.2990603736904634,0.253051085430392,0.4478885408791446,1,2,0,2.1586224128955953,0.8479739331394445,-0.3674242561304035,-0.3170912772061905,-0.4259410153639362,0.0704509375577765,-0.1703464518561726,-1.9679927271547544,0.0,26.0,26.0,-0.0294051843455394,-0.0048205923212902,0.2990603736904633,0.253051085430392,0.4478885408791445,1.0,False,False,-0.1638901975887255,0.2114574672596921,1763
e5588c6c826e96f91c1d,D1,2019,2020-05-23,2020-05-19,Borussia Mönchengladbach,Bayer 04 Leverkusen,1,3,1.6364303502475983,1.4478793760969202,0.3987036800136455,0.2547865762654044,0.34650974372095,2,1,0,3.2008058738319476,0.6509303389531287,0.3771660161107465,0.5380623948739505,0.3444953034586685,0.3247733011015515,0.0328694109034156,-0.3822270994614927,0.0,26.0,26.0,0.0124569524125479,0.0333044681366869,0.3987036800136455,0.2547865762654044,0.3465097437209501,1.0,False,False,-0.1638901975887255,0.2114574672596921,1763
6f4c352d6358ade765d4,D1,2019,2020-05-24,2020-05-19,FC Schalke 04,FC Augsburg,0,3,1.6766499490849662,1.1384857446694734,0.4624320007066773,0.2729541322222794,0.2646138670710431,2,1,0,4.120185787265459,0.8291400780790033,-0.4484529004010482,-0.4685516018295972,-0.00384225196887,-0.4184102740433668,0.1238306745648481,0.6626840576561205,0.0,26.0,26.0,-0.0152261762203825,-0.0306240488911497,0.4624320007066774,0.2729541322222794,0.2646138670710432,1.0,False,False,-0.1638901975887255,0.2114574672596921,1763
7b70a6152702b820ddce,D1,2019,2020-05-24,2020-05-19,1. FSV Mainz 05,RB Leipzig,0,5,1.051095304124088,2.167075153251136,0.146646708056244,0.1914063458565434,0.6619469460872126,1,2,2,4.061918383548236,0.1724215134776499,-0.0571781622226519,0.0578900428955846,-0.1042867259022752,0.1666285628421915,-0.1435357634811126,-1.4498181688269152,0.0,26.0,26.0,-0.0157891065411,0.0158247005747466,0.146646708056244,0.1914063458565434,0.6619469460872126,1.0,False,False,-0.1638901975887255,0.2114574672596921,1763
85005d977fec720cb2e0,D1,2019,2020-05-24,2020-05-19,1. FC Köln,Fortuna Düsseldorf,2,2,2.0250284545502155,1.1986412605962402,0.5343660500957294,0.2373486922261428,0.2282852576781277,2,1,0,2.868986179909634,0.9192982516172552,0.1105616073703886,-0.1098923573399956,0.2914627907479918,-0.1450590588083234,-0.1144029641741139,0.0,0.0,26.0,26.0,0.0108306303953329,-0.0107971678938133,0.5343660500957294,0.2373486922261428,0.2282852576781278,1.0,False,False,-0.1638901975887255,0.2114574672596921,1763
57bf69137cdc223badf9,D1,2019,2020-05-26,2020-05-26,Eintracht Frankfurt,SC Freiburg,3,3,1.6185380565253278,1.1169817834831786,0.4697736619596789,0.2669465934255557,0.2632797446147651,2,1,0,4.606520487556711,0.8273708142858202,-0.4229248505205852,-0.1760249108831228,-0.1035168838686544,-0.2555016979181138,0.0553035442174032,0.4052381706284658,0.0,26.0,27.0,-0.0307260622970322,0.0007785742268468,0.469773661959679,0.2669465934255558,0.2632797446147651,1.0,False,False,-0.1599681157645237,0.1998373940580592,1772
5a21185c540182ed9664,D1,2019,2020-05-26,2020-05-26,Bayer 04 Leverkusen,VfL Wolfsburg,1,4,1.967496352400299,1.0781241192949365,0.554053043782502,0.2343549549495668,0.2115920012679312,2,1,0,5.123553082653868,0.9834841926987742,0.5708404882766942,0.1182677401058649,0.4813454517862177,0.206883069960875,0.1347100544482131,0.0,0.0,27.0,27.0,0.0579061645447868,-0.0234507531256588,0.554053043782502,0.2343549549495668,0.2115920012679312,1.0,False,False,-0.1599681157645237,0.1998373940580592,1772
68ea521aa3689abdaa2a,D1,2019,2020-05-26,2020-05-26,SV Werder Bremen,Borussia Mönchengladbach,0,0,1.2347360367564335,1.7506115996530724,0.2142622011436096,0.2365369844308165,0.5492008144255738,1,2,0,2.8204816208026964,0.9304056015466096,-0.2802285377731944,0.1326236197336447,-0.6235873836497652,0.2489634064808805,-0.1813558529445917,-0.6373607901348919,0.0,26.0,27.0,-0.0437218274112312,0.0363415815092537,0.2142622011436095,0.2365369844308165,0.5492008144255739,1.0,False,False,-0.1599681157645237,0.1998373940580592,1772
881e22313f458eeab11f,D1,2019,2020-05-26,2020-05-26,Borussia Dortmund,Bayern München,0,1,1.6141446074063683,2.1489732037945037,0.2637730052110002,0.2296153498599356,0.5066116449290643,1,2,3,3.260639786629864,0.3657314760889467,0.6530486216225213,0.7031170896998282,0.6523441061666544,0.6850398366212712,-0.3271963816686911,-0.3019884167414849,0.0,27.0,27.0,0.0137891885938261,0.0540190969722913,0.2637730052110003,0.2296153498599355,0.5066116449290642,1.0,False,False,-0.1599681157645237,0.1998373940580592,1772
20cd5140a10b4ea648ea,D1,2019,2020-05-27,2020-05-26,1. FC Union Berlin,1. FSV Mainz 05,1,1,1.5447924728587028,1.2735435208955816,0.4193651213235579,0.2735513866104817,0.3070834920659603,2,1,0,2.040651814454998,0.7978949639777009,-0.3546971197144617,-0.1763649050450371,-0.0726874749377397,-0.072874540220599,0.0571565028370442,-1.0775377505521828,0.0,27.0,27.0,-0.0237936415773421,-0.0027594596606328,0.4193651213235579,0.2735513866104818,0.3070834920659602,1.0,False,False,-0.1599681157645237,0.1998373940580592,1772
4de061d12c67ac599fad,D1,2019,2020-05-27,2020-05-26,RB Leipzig,Hertha BSC,2,2,2.548668005759082,0.8748230677993643,0.7076199922376989,0.1740049161240244,0.1183750916382767,2,0,0,3.243405633158089,1.1970065943221313,0.2598978796647065,0.2320468286507871,0.2898642797032579,0.3222848520158011,0.3401879211118293,0.0,0.0,27.0,27.0,0.0313968425895227,-0.006799607173748,0.7076199922376989,0.1740049161240243,0.1183750916382767,1.0,False,False,-0.1599681157645237,0.1998373940580592,1772
5af0fa07d7be16b173f7,D1,2019,2020-05-27,2020-05-26,FC Augsburg,SC Paderborn 07,0,0,2.0004612951771654,1.1645997779160415,0.4895127166841077,0.2572910505482505,0.2531962327676418,2,1,0,2.8054263707112597,0.8553476156789027,-0.1719608143781719,-0.3642340170921514,-0.0707003339211657,-0.1847823158476891,0.0710974222274209,1.385155624993802,0.0,27.0,27.0,0.0045704905281614,-0.0313802321016775,0.4895127166841075,0.2572910505482506,0.2531962327676418,1.0,False,False,-0.1599681157645237,0.1998373940580592,1772
77b993ebd7ff2cb42bf6,D1,2019,2020-05-27,2020-05-26,Fortuna Düsseldorf,FC Schalke 04,2,1,1.3227180327411072,1.3212083911559265,0.3570868658120378,0.2897939002182801,0.353119233969682,1,1,0,2.4785467468218325,0.6220109961144462,-0.0861745729312234,-0.494026672196157,-0.2637878913939964,-0.407142112908785,0.0452870868700933,0.0,0.0,27.0,27.0,0.0183482306601901,-0.0473582929165591,0.3570868658120379,0.28979390021828,0.353119233969682,1.0,False,False,-0.1599681157645237,0.1998373940580592,1772
cc6243016a40295dad04,D1,2019,2020-05-27,2020-05-26,TSG 1899 Hoffenheim,1. FC Köln,3,1,2.0181714611956347,1.3820092606786074,0.3878397699838269,0.2613933792219767,0.3507668507941965,2,1,2,3.0311836962827403,0.5661040295306161,-0.3262588293966824,0.0946716086927649,-0.3423890849980001,-0.0282536889325219,0.221660575766674,0.7471672820281154,0.0,27.0,27.0,-0.0262764345859727,0.0146970735507769,0.387839769983827,0.2613933792219766,0.3507668507941965,1.0,False,False,-0.1599681157645237,0.1998373940580592,1772
f930efc7c2ecd1b7fb0d,D1,2019,2020-05-29,2020-05-26,SC Freiburg,Bayer 04 Leverkusen,0,1,1.0838713472769188,1.849318493960273,0.2047763695401696,0.2314863307845396,0.5637372996752905,1,2,3,2.4576469573713635,0.2858444265567487,-0.1760249108831228,0.5708404882766942,-0.0357978015558257,0.4025013725828674,-0.098569532273184,-1.1354782040911435,0.0,27.0,27.0,-0.0510729921158061,0.0708137709854847,0.2047763695401697,0.2314863307845396,0.5637372996752907,1.0,False,False,-0.1599681157645237,0.1998373940580592,1772
3fb480d65a077c2089c6,D1,2019,2020-05-30,2020-05-26,1. FSV Mainz 05,TSG 1899 Hoffenheim,0,1,1.5081724202652311,1.7485341829410683,0.341963293301163,0.2571637704340283,0.4008729362648088,1,2,3,3.0193233673021957,0.5420253372891747,-0.1763649050450371,-0.3262588293966824,-0.2751771787070448,-0.0017147797017945,0.0760290883336528,-0.4664476183865164,0.0,27.0,27.0,0.002477905382013,-0.027609092104099,0.341963293301163,0.2571637704340282,0.4008729362648088,1.0,False,False,-0.1599681157645237,0.1998373940580592,1772
4102516e8d628e883687,D1,2019,2020-05-30,2020-05-26,Bayern München,Fortuna Düsseldorf,5,0,4.016878074114045,0.6449019239906404,0.891847560525308,0.0767720747998455,0.0313803646748464,3,0,2,2.5218620738900386,0.0185756289205263,0.7031170896998282,-0.0861745729312234,0.5751661727088302,-0.1417083482466506,0.2483393356375836,0.0,0.0,27.0,27.0,0.0870374043984231,-0.0561902785599929,0.8918475605253081,0.0767720747998455,0.0313803646748464,1.0,False,False,-0.1599681157645237,0.1998373940580592,1772
540779494c3d56f6cd3b,D1,2019,2020-05-30,2020-05-26,FC Schalke 04,SV Werder Bremen,0,1,1.4692430697773788,1.1761269623731931,0.3860144532694854,0.282924539933421,0.3310610067970935,2,1,0,2.595923745323282,0.6765328300567959,-0.494026672196157,-0.2802285377731944,-0.1559821243765515,-0.0384095207149821,-0.123499440840182,0.4371885459238485,0.0,27.0,26.0,-0.041566212372965,0.0028534518744975,0.3860144532694854,0.2829245399334211,0.3310610067970934,1.0,False,False,-0.1599681157645237,0.1998373940580592,1772
73870544a144db1ae0e5,D1,2019,2020-05-30,2020-05-26,Hertha BSC,FC Augsburg,2,0,1.8633260092262065,1.3414672409565844,0.4993378030196183,0.2516451724980134,0.2490170244823683,2,1,2,2.6159373380470083,0.3759974068088298,0.2320468286507871,-0.1719608143781719,-0.0686153667955827,-0.1909955637028342,-0.0517102815648545,0.0,0.0,27.0,27.0,0.0292172095057445,-0.0262129087921138,0.4993378030196183,0.2516451724980134,0.2490170244823683,1.0,False,False,-0.1599681157645237,0.1998373940580592,1772
f7bfd995ee8a31abb1f6,D1,2019,2020-05-30,2020-05-26,VfL Wolfsburg,Eintracht Frankfurt,1,2,1.6739711716709675,1.1429159161063127,0.4862094913745288,0.2541254941584204,0.2596650144670509,2,1,0,2.6569609827241516,0.8490753270880114,0.1182677401058649,-0.4229248505205852,-0.1119237633229254,-0.4601599120587438,0.1127631206871803,0.0,0.0,27.0,26.0,0.0386111725709747,-0.0538440280917107,0.4862094913745288,0.2541254941584204,0.2596650144670508,1.0,False,False,-0.1599681157645237,0.1998373940580592,1772
163efec2742b93ef5dd5,D1,2019,2020-05-31,2020-05-26,Borussia Mönchengladbach,1. FC Union Berlin,4,1,2.021504361916593,0.9001274273578995,0.6277158607189355,0.220352911845908,0.1519312274351563,2,1,2,3.3748477073352916,0.2102339839891668,0.1326236197336447,-0.3546971197144617,0.105822679039179,-0.252357912540497,-0.1155775357752049,1.824004568644911,0.0,27.0,27.0,0.0252183411703273,-0.0363220161693681,0.6277158607189356,0.2203529118459081,0.1519312274351563,1.0,False,False,-0.1599681157645237,0.1998373940580592,1772
bd50b55c7600b199f458,D1,2019,2020-05-31,2020-05-26,SC Paderborn 07,Borussia Dortmund,1,6,0.9615157541245308,2.9288698249416125,0.1118662452487065,0.1731991046655748,0.7149346500857185,0,2,2,4.126981312076916,0.1237742404047522,-0.3642340170921514,0.6530486216225213,-0.3520699303055293,0.4556294667168161,-0.0330058576007297,-2.5,0.0,27.0,27.0,-0.0707261256703777,0.0851668558968962,0.1118662452487065,0.1731991046655748,0.7149346500857187,1.0,False,False,-0.1599681157645237,0.1998373940580592,1772
5b9e5f18498091c47cb7,D1,2019,2020-06-01,2020-05-26,1. FC Köln,RB Leipzig,2,4,1.1234385031059837,2.1986727133938775,0.1724394224977168,0.2072265511143929,0.6203340263878904,1,2,2,3.7813612532164194,0.2168244494369433,0.0946716086927649,0.2598978796647065,0.2163859586142418,0.2856177443427244,-0.1642852957280516,-1.7305378324685143,0.0,27.0,27.0,-0.0117419979003614,0.0294704723182349,0.1724394224977168,0.2072265511143928,0.6203340263878904,1.0,False,False,-0.1599681157645237,0.1998373940580592,1772
dab3a505b3ef72020181,D1,2019,2020-06-03,2020-06-02,SV Werder Bremen,Eintracht Frankfurt,0,3,1.5566935276875236,1.4927398949241832,0.342881287020576,0.2803558758580004,0.3767628371214235,1,2,2,3.5635779176189506,0.5845915553099303,-0.008551554585251,-0.1794307467824104,-0.5342620519651933,-0.2007172018714117,0.0281612408372926,-0.2893478561337069,0.0,28.0,28.0,0.00952444392246,-0.0189235589908431,0.342881287020576,0.2803558758580003,0.3767628371214235,1.0,False,False,-0.1495043580355626,0.1885562061207284,1790
d005d72fb73e25e06355,D1,2019,2020-06-05,2020-06-02,SC Freiburg,Borussia Mönchengladbach,1,0,1.0751794581931502,1.6135091266728476,0.2167500998126593,0.2389115813396394,0.5443383188477013,1,2,0,2.975497940792248,0.966863355207628,-0.2724973947082862,0.2162299253952652,-0.1866676397510518,0.2048927633489177,-0.0926485564705294,-0.7532511046296507,0.0,29.0,29.0,-0.0426936635641183,0.0398802900984673,0.2167500998126593,0.2389115813396394,0.5443383188477012,1.0,False,False,-0.1495043580355626,0.1885562061207284,1790
2de57d6a527d143a6239,D1,2019,2020-06-06,2020-06-02,Eintracht Frankfurt,1. FSV Mainz 05,0,2,1.9646425117531623,1.1973644376415853,0.4660506738936684,0.2617544880772658,0.2721948380290657,2,1,0,3.25792328180765,0.8154189964568718,-0.1794307467824104,-0.2787601221988535,-0.1510562034040194,-0.0558075487459575,-0.0691553050634769,0.3984538840915433,0.0,28.0,29.0,-0.0074628338214722,-0.0154467096275909,0.4660506738936684,0.2617544880772658,0.2721948380290656,1.0,False,False,-0.1495043580355626,0.1885562061207284,1790
6ea5304075db562f478f,D1,2019,2020-06-06,2020-06-02,RB Leipzig,SC Paderborn 07,1,1,3.2316832665716575,0.678172515477989,0.8380909456740442,0.1075927565392353,0.0543162977867203,2,0,0,2.9888505237967253,1.5017373816073096,0.3291426944904432,-0.3974006765288785,0.1716482734614441,-0.1742947404518215,0.0577887678876024,2.5,0.0,29.0,29.0,0.0556737416698683,-0.0590866407717901,0.8380909456740443,0.1075927565392353,0.0543162977867203,1.0,False,False,-0.1495043580355626,0.1885562061207284,1790
7a876edf507547dbacfc,D1,2019,2020-06-06,2020-06-02,Fortuna Düsseldorf,TSG 1899 Hoffenheim,2,2,1.3613787528146797,1.936497076779748,0.3440803445137446,0.2684795927614289,0.3874400627248263,1,2,0,2.674200045006504,0.8036231918913994,-0.0822646329161115,0.0688422152553575,-0.0329968214109564,0.1185088301749698,0.0305530981832501,0.0,0.0,29.0,29.0,-0.0101409191452165,0.0094697982621788,0.3440803445137447,0.2684795927614289,0.3874400627248263,1.0,False,False,-0.1495043580355626,0.1885562061207284,1790
7a87d225bf0a30fdac86,D1,2019,2020-06-06,2020-06-02,Bayer 04 Leverkusen,Bayern München,2,4,1.1819942599574436,2.27975768456978,0.1627790195930301,0.1927040514778094,0.6445169289291603,1,2,2,3.64338716226309,0.1900000744935859,0.3951431748693236,0.7578525423539743,0.2620903210821985,0.6752484538677405,-0.0296399721465792,-0.715476656958034,0.0,29.0,29.0,0.0001396917619046,0.0575100940992602,0.1627790195930302,0.1927040514778095,0.6445169289291602,1.0,False,False,-0.1495043580355626,0.1885562061207284,1790
d85d08a0a224e5ee34f1,D1,2019,2020-06-06,2020-06-02,Borussia Dortmund,Hertha BSC,1,0,2.845261069444032,1.055007465107173,0.696425284143207,0.1793426013677055,0.1242321144890877,3,1,2,3.078326738735625,0.1397549950432981,0.5140847105474285,0.3337708792856615,0.4146363981515775,0.2617262029855512,0.0893207341959508,0.0,0.0,29.0,29.0,0.0391859638002573,0.0032068156913971,0.6964252841432068,0.1793426013677055,0.1242321144890876,1.0,False,False,-0.1495043580355626,0.1885562061207284,1790
386b883cd1576174e709,D1,2019,2020-06-07,2020-06-02,1. FC Union Berlin,FC Schalke 04,1,1,1.2228188611958073,1.1828398694158355,0.3866937523586232,0.2972708221256915,0.3160354255156853,1,0,0,1.9557548866100167,0.7432387457299741,-0.4283752621592784,-0.5518139648420364,-0.1191362802746721,-0.4912945076061927,-0.0577434234066623,-1.6238323244338675,0.0,29.0,29.0,-0.0181339991441591,-0.0308754622059065,0.3866937523586231,0.2972708221256915,0.3160354255156853,1.0,False,False,-0.1495043580355626,0.1885562061207284,1790
bccfb74af7aed44e2f04,D1,2019,2020-06-07,2020-06-02,FC Augsburg,1. FC Köln,1,1,1.739199488332776,1.565455613048731,0.3435680799546647,0.2711349234969862,0.3852969965483488,1,2,0,2.1182489597240672,0.7977371008586573,-0.2745197823137875,-0.1940100643519723,-0.1241356272199038,-0.1364743105414108,0.0764754444286498,0.1643301798671633,0.0,29.0,29.0,-0.0139277027923476,-0.0094987895409403,0.3435680799546649,0.2711349234969862,0.3852969965483488,1.0,False,False,-0.1495043580355626,0.1885562061207284,1790
bcdfb5c4635a6dba0349,D1,2019,2020-06-07,2020-06-02,SV Werder Bremen,VfL Wolfsburg,0,1,1.3164552707436707,1.4388227071639752,0.2608316624531426,0.2712056490279836,0.4679626885188735,1,2,3,2.409257515927393,0.4246493610108252,-0.008551554585251,0.0812533772490174,-0.5342620519651933,0.3186399397708416,0.1472103261967672,0.0,0.0,28.0,29.0,0.0024426919888623,0.0011923991443259,0.2608316624531427,0.2712056490279836,0.4679626885188737,1.0,False,False,-0.1495043580355626,0.1885562061207284,1790
0bfaaa8c5174dcf5929d,D1,2019,2020-06-12,2020-06-09,TSG 1899 Hoffenheim,RB Leipzig,0,2,1.3553807596039418,2.002021163468917,0.1489681620868299,0.1832794470204567,0.6677523908927131,1,2,2,2.395631461513183,0.1661713427731609,0.0538182473311582,0.2038697458393055,-0.1079986198856803,0.3703806849894376,0.0063465669388153,-0.9833705504403988,0.0,30.0,30.0,-0.0044943342119086,0.0173787338704318,0.1489681620868299,0.1832794470204568,0.6677523908927133,1.0,False,False,-0.1421993617603799,0.177951782942219,1800
26e8368cbe1c55f585c2,D1,2019,2020-06-13,2020-06-09,VfL Wolfsburg,SC Freiburg,2,2,1.619602934163059,0.95494856599561,0.558562874251497,0.2411976047904191,0.2002395209580838,1,0,0,3.244022661397159,0.9278694252214134,0.1865705427445117,-0.0668268216597262,-0.1922637388830642,-0.2089377976616615,-0.0234865409986076,0.0,0.0,30.0,30.0,0.0208240683075071,-0.0148368822532678,0.558562874251497,0.2411976047904191,0.2002395209580838,1.0,False,False,-0.1421993617603799,0.177951782942219,1800
379526fe2f80db0c142d,D1,2019,2020-06-13,2020-06-09,1. FC Köln,1. FC Union Berlin,1,2,1.770995046161776,1.227342288113419,0.4670830840180383,0.2753900264152596,0.2575268895667021,2,1,0,2.679026817180667,0.8452725937412953,-0.2252909588320654,-0.3540668290169968,0.0007300540283211,-0.3598483072650505,-0.1156682810078341,0.7968180869105836,0.0,30.0,30.0,-0.0106091684827484,-0.0183587209097047,0.4670830840180383,0.2753900264152596,0.2575268895667021,1.0,False,False,-0.1421993617603799,0.177951782942219,1800
66d50587e6d83344a501,D1,2019,2020-06-13,2020-06-09,Hertha BSC,Eintracht Frankfurt,1,4,1.6041757281990872,1.4071718474212902,0.4557836755132698,0.2581538975129361,0.2860624269737941,2,1,0,4.4638441019384905,0.7840890518440542,0.1165026156163227,-0.1112795817359797,0.0797907396541012,0.0444384789733679,0.102227139521652,0.0,0.0,30.0,30.0,0.0223255976245138,-0.0220644459304967,0.4557836755132699,0.2581538975129361,0.286062426973794,1.0,False,False,-0.1421993617603799,0.177951782942219,1800
6dd06cc76f19bdcd91b4,D1,2019,2020-06-13,2020-06-09,Fortuna Düsseldorf,Borussia Dortmund,0,1,1.077108782754983,2.9096618335477067,0.1205189563785898,0.1785215252724055,0.7009595183490045,1,3,2,3.138190252641368,0.1358199634982299,-0.0635105737802754,0.5350079196586239,-0.0230944460894768,0.5260101381984938,-0.141730120304259,0.0,0.0,30.0,30.0,-0.0401879593761717,0.0637628266700891,0.1205189563785898,0.1785215252724056,0.7009595183490045,1.0,False,False,-0.1421993617603799,0.177951782942219,1800
7c149b927bea86779647,D1,2019,2020-06-13,2020-06-09,Bayern München,Borussia Mönchengladbach,2,1,2.716843012057787,0.8589690412553136,0.6957347051119,0.1768379491657334,0.1274273457223667,2,0,2,2.503596396355092,0.1400867583763325,0.7511421171566909,0.0568765164085005,0.6809230432800581,0.0676320593133855,0.034243780412305,1.0977037564195269,0.0,30.0,30.0,0.0739825749158593,-0.0335816432375997,0.6957347051118999,0.1768379491657334,0.1274273457223667,1.0,False,False,-0.1421993617603799,0.177951782942219,1800
c316384f937d910c4d0d,D1,2019,2020-06-13,2020-06-09,SC Paderborn 07,SV Werder Bremen,1,5,1.282000932439801,1.469188693819513,0.3060068429519859,0.2580382027054585,0.4359549543425554,1,2,2,5.277037524689428,0.4783707155196134,-0.3286572812866937,-0.205774336547593,-0.4215897830882764,0.0884068367423086,0.0257688943344931,-1.610651136726074,0.0,30.0,30.0,-0.021288566584565,-0.0054330143071492,0.306006842951986,0.2580382027054584,0.4359549543425554,1.0,False,False,-0.1421993617603799,0.177951782942219,1800
02278a9f4bbc339108ea,D1,2019,2020-06-14,2020-06-09,1. FSV Mainz 05,FC Augsburg,0,1,1.6620486983699754,1.4142898030786883,0.4124617602587993,0.2761700481732832,0.3113681915679173,2,1,0,3.001465132465149,0.7206083667682615,-0.0558015320354455,-0.2479095569525118,-0.3195568185331581,-0.2933477765760074,-0.1536290126819501,0.1163894837744358,0.0,30.0,30.0,-0.0008661259900164,-0.0143194284593814,0.4124617602587994,0.2761700481732831,0.3113681915679173,1.0,False,False,-0.1421993617603799,0.177951782942219,1800
317325c1eed90f2ae18c,D1,2019,2020-06-14,2020-06-09,FC Schalke 04,Bayer 04 Leverkusen,1,1,1.121901746625576,1.7121535330574882,0.1649221878668225,0.2190136393919501,0.6160641727412273,1,2,0,2.261554625526604,1.0166740884419192,-0.4753837788956698,0.1506856531531181,-0.2852590889987288,0.5102690846683209,0.0220874825864828,-0.5823993436725361,0.0,30.0,30.0,-0.0539682864178987,0.0377333801307711,0.1649221878668225,0.2190136393919501,0.6160641727412274,1.0,False,False,-0.1421993617603799,0.177951782942219,1800
0a9d7ee851a8cedf8d57,D1,2019,2020-06-16,2020-06-16,1. FC Union Berlin,SC Paderborn 07,1,0,1.7685587716121771,1.063706650332397,0.5718521385056212,0.2352199683015732,0.1929278931928055,2,1,3,2.326721667565073,0.2758601967618174,-0.1705380136400373,-0.402383559320328,-0.1605546120261241,-0.2024883126031289,0.0,0.424007358216055,0.0,31.0,31.0,0.0030653766020126,-0.0317114552500309,0.5718521385056212,0.2352199683015732,0.1929278931928055,1.0,False,False,-0.1322262989963353,0.1630892834013189,1809
1aed697acc1c69fdd89b,D1,2019,2020-06-16,2020-06-16,SC Freiburg,Hertha BSC,2,1,1.4037018509914696,1.2739220809623242,0.3556064434617814,0.2677037271004421,0.3766898294377765,1,2,0,2.5281692330354093,0.6288035688133035,-0.0541611258765401,-0.0305736878355681,-0.0332145401181684,0.1208840082293423,0.0052705114273793,0.0,0.0,31.0,31.0,-0.0036239026245066,-0.0006128380610987,0.3556064434617814,0.2677037271004421,0.3766898294377763,1.0,False,False,-0.1322262989963353,0.1630892834013189,1809
b2a64a49e6d2aa7957af,D1,2019,2020-06-16,2020-06-16,Borussia Mönchengladbach,VfL Wolfsburg,3,0,1.559548702531245,1.1547002513564264,0.4481101917662761,0.2643974261668056,0.2874923820669182,2,1,2,3.179257825399101,0.4571402291423989,-0.1106436201310211,0.0869127689800318,0.235736528005821,0.438159851837907,-0.1180118176562791,0.0,0.0,31.0,31.0,-0.0213105913449176,0.0201240487873681,0.4481101917662761,0.2643974261668056,0.2874923820669182,1.0,False,False,-0.1322262989963353,0.1630892834013189,1809
ca79e85451222afad82d,D1,2019,2020-06-16,2020-06-16,SV Werder Bremen,Bayern München,0,1,0.83243202962032,3.0057729513379683,0.0707896240132945,0.1316472787702534,0.797563097216452,0,2,2,2.8573525427558333,0.063322876484152,0.0436046670876544,0.736103960682181,-0.5688999292696615,0.7468612506147753,-0.2636077485079183,-1.7350645465544186,0.0,31.0,31.0,-0.0456251187507395,0.0846105501392313,0.0707896240132945,0.1316472787702534,0.797563097216452,1.0,False,False,-0.1322262989963353,0.1630892834013189,1809
258bb63487cee28e5fe9,D1,2019,2020-06-17,2020-06-16,Bayer 04 Leverkusen,1. FC Köln,3,1,2.429332457038634,1.1649972374931823,0.6480568389175758,0.2035563147882129,0.1483868462942113,2,1,2,2.560696677263897,0.1873178180759891,0.0607898597910313,-0.3487450453647677,0.0783345940211579,-0.1079806889740847,-0.087478564942271,1.4094135811958202,0.0,31.0,31.0,0.0191423100002279,-0.0335400692789147,0.6480568389175758,0.2035563147882129,0.1483868462942112,1.0,False,False,-0.1322262989963353,0.1630892834013189,1809
6521213453bc4bcfc92e,D1,2019,2020-06-17,2020-06-16,FC Augsburg,TSG 1899 Hoffenheim,1,3,1.4963386824535316,1.757296891254668,0.3516060946622757,0.2610554839821279,0.3873384213555965,1,2,2,3.0478582864358605,0.5671310214678529,-0.0232859967633431,-0.0925183517458506,-0.1613410185929963,0.0978762620521829,-0.0819103294513733,-0.5828371021609522,0.0,31.0,31.0,-0.0017981985616104,-0.0039920188638492,0.3516060946622757,0.2610554839821279,0.3873384213555964,1.0,False,False,-0.1322262989963353,0.1630892834013189,1809
ab6bf50173736680244d,D1,2019,2020-06-17,2020-06-16,Borussia Dortmund,1. FSV Mainz 05,0,2,3.1034437575618985,0.8806169350967404,0.756984346568242,0.1526080442681575,0.0904076091636004,2,0,0,4.6226298765020655,1.4236728335921778,0.555486702342929,-0.1395952193214059,0.4534269529050148,0.0836679766550211,0.1883155962290582,1.54218215777077,0.0,31.0,31.0,0.0719442110118161,-0.0511496368607399,0.756984346568242,0.1526080442681576,0.0904076091636004,1.0,False,False,-0.1322262989963353,0.1630892834013189,1809
d4bdb6ada397da570614,D1,2019,2020-06-17,2020-06-16,RB Leipzig,Fortuna Düsseldorf,2,2,2.9668594992636987,0.7757829528036728,0.7799949149190626,0.1441808782123115,0.0758242068686259,2,0,0,3.383297219379085,1.3465677468643025,0.2966904425557231,-0.2127161411090045,0.0779862383845149,-0.269078557547968,0.2430899127682532,0.0,0.0,31.0,31.0,0.0524593469494352,-0.0482606318770992,0.7799949149190625,0.1441808782123115,0.0758242068686259,1.0,False,False,-0.1322262989963353,0.1630892834013189,1809
d5e82587487dbf4f67c6,D1,2019,2020-06-17,2020-06-16,Eintracht Frankfurt,FC Schalke 04,2,1,1.6900381457504892,1.087386514999524,0.5516747485904681,0.2362369591736409,0.2120882922358909,2,1,4,2.2379156602358035,0.3017848756345652,0.1178073209276434,-0.386000108350835,-0.2372135549690199,-0.4056817106304232,0.0627277940832428,-0.1478406897901415,0.0,31.0,31.0,0.0342171272144682,-0.0476267665856278,0.5516747485904681,0.236236959173641,0.212088292235891,1.0,False,False,-0.1322262989963353,0.1630892834013189,1809
2b9362768702f55486ca,D1,2019,2020-06-20,2020-06-16,SC Paderborn 07,Borussia Mönchengladbach,1,3,0.9466744538463528,2.073566125267019,0.0968036620857315,0.1575056284101176,0.7456907095041506,1,2,2,2.496047250146482,0.0988521872065768,-0.402383559320328,-0.1106436201310211,-0.4986751940387016,-0.0650235669657535,-0.1388423595431989,-2.248011926860966,0.0,31.0,31.0,-0.0416482929026416,0.0159969339300742,0.0968036620857315,0.1575056284101176,0.7456907095041508,1.0,False,False,-0.1322262989963353,0.1630892834013189,1809
43459affe72c5692a43e,D1,2019,2020-06-20,2020-06-16,Hertha BSC,Bayer 04 Leverkusen,2,0,1.3323807296105068,1.847223356899369,0.1909039430978523,0.224672329259029,0.5844237276431187,1,2,0,3.6217586715624375,1.046665178261559,-0.0305736878355681,0.0607898597910313,-0.0873750244195376,0.3590835965867535,-0.0992764601727489,0.0,0.0,31.0,31.0,-0.0110606847817458,0.0125714933795189,0.1909039430978523,0.224672329259029,0.5844237276431187,1.0,False,False,-0.1322262989963353,0.1630892834013189,1809
4744ea16d8bd0139f5f5,D1,2019,2020-06-20,2020-06-16,Fortuna Düsseldorf,FC Augsburg,1,1,1.491749109178702,1.5626377688993351,0.4950211011298869,0.2568254637582477,0.2481534351118653,2,1,0,2.131802694072221,0.8589344092398082,-0.2127161411090045,-0.0232859967633431,-0.1762466281220728,-0.1240427626286621,-0.1360234087502685,0.0,0.0,31.0,31.0,-0.0269084847102467,0.0151083778166293,0.4950211011298869,0.2568254637582478,0.2481534351118653,1.0,False,False,-0.1322262989963353,0.1630892834013189,1809
524eca69cca6694a8683,D1,2019,2020-06-20,2020-06-16,FC Schalke 04,VfL Wolfsburg,1,4,1.107102334105275,1.3102932289382982,0.1864240751150714,0.2350963705884645,0.578479554296464,0,1,2,4.031448846547333,0.2677037253924861,-0.386000108350835,0.0869127689800318,-0.2935162909725117,0.438159851837907,0.0710804888871928,0.0,0.0,31.0,31.0,-0.0393916248397254,0.0244372578711852,0.1864240751150714,0.2350963705884645,0.578479554296464,1.0,False,False,-0.1322262989963353,0.1630892834013189,1809
6373e8ece87dc9deb45a,D1,2019,2020-06-20,2020-06-16,1. FC Köln,Eintracht Frankfurt,1,1,1.5656406764550452,1.7579734721178495,0.3532182103610676,0.2543171114599686,0.3924646781789638,1,2,0,2.187648305256916,0.8348345980101977,-0.3487450453647677,0.1178073209276434,-0.1567025483362351,0.2455483516964652,0.0460167335586405,-0.6791735477331423,0.0,31.0,31.0,-0.0384640339049269,0.0269171476830707,0.3532182103610675,0.2543171114599686,0.3924646781789638,1.0,False,False,-0.1322262989963353,0.1630892834013189,1809
6ad71430efb57a02e8bf,D1,2019,2020-06-20,2020-06-16,RB Leipzig,Borussia Dortmund,0,2,1.8132581810008437,1.6205265484949172,0.4111584136231235,0.2599148554783778,0.3289267308984988,2,1,0,3.181385581423113,0.6869463056940055,0.2966904425557231,0.555486702342929,0.0779862383845149,0.544790769596304,-0.0994382731854836,-0.0923639889438548,0.0,31.0,31.0,-0.0030772045208483,0.0456860617657809,0.4111584136231234,0.2599148554783778,0.3289267308984987,1.0,False,False,-0.1322262989963353,0.1630892834013189,1809
c3b46ad293ac5fa18ff2,D1,2019,2020-06-20,2020-06-16,TSG 1899 Hoffenheim,1. FC Union Berlin,4,0,1.99214631091696,1.1191692455910545,0.5933319727638732,0.227443922892818,0.1792241043433088,2,1,2,3.4797722805993425,0.2492309020146585,-0.0925183517458506,-0.1705380136400373,-0.2018918968646745,-0.1184280458412798,0.1158499403310761,1.5439853689386993,0.0,31.0,31.0,0.0050675625239706,-0.018220380793265,0.5933319727638732,0.227443922892818,0.1792241043433088,1.0,False,False,-0.1322262989963353,0.1630892834013189,1809
caada535adc51a819da2,D1,2019,2020-06-20,2020-06-16,Bayern München,SC Freiburg,3,1,3.2524268343710943,0.637205967822953,0.7565856444124439,0.146435931176602,0.0969784244109541,2,0,3,2.723824616738964,0.0900988452468948,0.736103960682181,-0.0541611258765401,0.6718713027365666,-0.1740545184569308,0.2415641497557909,1.8509548610491775,0.0,31.0,31.0,0.0883966598498346,-0.0542995181095526,0.7565856444124438,0.146435931176602,0.0969784244109541,1.0,False,False,-0.1322262989963353,0.1630892834013189,1809
cc46d515fdb3b33fb129,D1,2019,2020-06-20,2020-06-16,1. FSV Mainz 05,SV Werder Bremen,3,1,1.4830129741290947,1.4401957816224171,0.3735585576675833,0.2683307949443203,0.3581106473880965,2,1,2,3.1612492988446035,0.5926735319596911,-0.1395952193214059,0.0436046670876544,-0.362592475147904,0.2882466190984208,0.0305635736830972,-0.1091060279578362,0.0,31.0,31.0,-0.0146115766023684,0.0098120489906808,0.3735585576675831,0.2683307949443202,0.3581106473880965,1.0,False,False,-0.1322262989963353,0.1630892834013189,1809
11c52c8201c012da7ecd,D1,2019,2020-06-27,2020-06-23,1. FC Union Berlin,Fortuna Düsseldorf,3,0,1.4923633313026323,1.2692515194079967,0.2476716908511146,0.2670426610852801,0.4852856480636052,1,2,0,3.8535485252651793,0.8728118278028418,-0.11566646620913,-0.1844894819558771,-0.0151078347122527,-0.2167606411503335,-0.057834140503917,0.0,0.0,33.0,33.0,-0.005233879548315,-0.0097739178599353,0.2476716908511146,0.26704266108528,0.4852856480636053,1.0,False,False,-0.1289717123758789,0.1627056284260202,1827
1294921f87669962a68c,D1,2019,2020-06-27,2020-06-23,VfL Wolfsburg,Bayern München,0,4,0.912658689923062,2.442818357732578,0.2211090134785089,0.2136892479255389,0.565201738595952,0,2,2,3.174839222994821,0.2836018186404047,0.1221540270165918,0.7210574045149903,-0.2172289173283231,0.7292774800142473,-0.2852426937041915,0.0,0.0,33.0,33.0,-0.0380996022092999,0.080260173785879,0.221109013478509,0.2136892479255389,0.5652017385959521,1.0,False,False,-0.1289717123758789,0.1627056284260202,1827
1660c063185b7f795647,D1,2019,2020-06-27,2020-06-23,Bayer 04 Leverkusen,1. FSV Mainz 05,1,0,2.2251815105028316,1.1091502523088947,0.7566432672085488,0.1457753083612801,0.0975814244301711,2,1,3,2.48114392309744,0.0899950743165772,0.0026304905803834,0.1878453243784727,0.2003389880760107,0.2615668692333108,0.1273169731995135,1.128693917554221,0.0,33.0,33.0,-0.0027633685009096,0.0122871592488524,0.7566432672085488,0.14577530836128,0.0975814244301711,1.0,False,False,-0.1289717123758789,0.1627056284260202,1827
16f934de26db2b2593b0,D1,2019,2020-06-27,2020-06-23,SC Freiburg,FC Schalke 04,4,0,1.36074821268137,1.0563350349690928,0.5250275562471635,0.2419114309797055,0.233061012773131,1,0,2,4.142248936206242,0.3384373984380278,-0.0682174933550231,-0.4895522469136936,0.1528359163045238,-0.4532995869359252,-0.0047074815793957,-0.5530788604186072,0.0,33.0,33.0,0.0174204889312125,-0.0453089759446484,0.5250275562471632,0.2419114309797055,0.233061012773131,1.0,False,False,-0.1289717123758789,0.1627056284260202,1827
173330993887f9e0390b,D1,2019,2020-06-27,2020-06-23,Borussia Dortmund,TSG 1899 Hoffenheim,0,4,2.5441320138397794,1.2650522692610506,0.5511042269496627,0.2152167748584462,0.2336789981918913,2,1,0,5.6900489421674445,0.9372820069544398,0.3675943121835954,0.2904844103790883,0.2352947980048303,0.2130549747879743,-0.0480294099153205,1.0757345393842537,0.0,33.0,33.0,0.0198337402036391,0.013070195924495,0.5511042269496627,0.2152167748584461,0.2336789981918912,1.0,False,False,-0.1289717123758789,0.1627056284260202,1827
1d7a0a20e24de8815790,D1,2019,2020-06-27,2020-06-23,SV Werder Bremen,1. FC Köln,6,1,1.6902906978423575,1.4024607421815631,0.5881799226151059,0.2185439162010256,0.1932761611838684,2,1,2,5.871711745767942,0.2547128939277537,-0.1794924429514414,-0.3796423363590953,-0.5605079756834848,-0.2018771875039272,-0.0137250967571276,0.3898256915994355,0.0,33.0,33.0,0.0003466176849542,-0.028303356650481,0.5881799226151059,0.2185439162010255,0.1932761611838684,1.0,False,False,-0.1289717123758789,0.1627056284260202,1827
60d1a206e5325c41b372,D1,2019,2020-06-27,2020-06-23,FC Augsburg,RB Leipzig,1,2,1.0550217784925586,2.236299388174996,0.1358382902328284,0.1830297115997035,0.681131998167468,1,2,4,2.2419906901939477,0.1536287190143204,-0.1106716084369267,0.0443596383524249,-0.3124474747819178,0.4332852531026129,-0.1009275179590439,-1.5662076526013509,0.0,33.0,33.0,-0.0183315186592661,0.015015920155041,0.1358382902328284,0.1830297115997035,0.6811319981674681,1.0,False,False,-0.1289717123758789,0.1627056284260202,1827
bac8e454ce0a8f8484b6,D1,2019,2020-06-27,2020-06-23,Borussia Mönchengladbach,Hertha BSC,2,1,1.948662060465824,1.052857533202976,0.7064232615765837,0.1746650921480563,0.11891164627536,2,1,4,2.092468359242672,0.1308351753783363,0.233147831978745,0.053446554090855,0.3456241860374441,-0.0213391104936815,-0.0624785858935885,0.0,0.0,33.0,33.0,0.0175185261986523,-0.0031888068951723,0.7064232615765835,0.1746650921480563,0.11891164627536,1.0,False,False,-0.1289717123758789,0.1627056284260202,1827
c745287d246f7dae076b,D1,2019,2020-06-27,2020-06-23,Eintracht Frankfurt,SC Paderborn 07,3,2,2.4184037718574025,0.9297254369381012,0.7218376169212484,0.1651344288277379,0.1130279542510139,2,1,3,3.2870814339795635,0.1174190093864827,0.2303853543069128,-0.4670780415407892,-0.0378822404258988,-0.263242306169261,-0.0413712406724577,1.8999989928597811,0.0,33.0,33.0,0.0443238754741078,-0.0561585098358016,0.7218376169212483,0.1651344288277379,0.1130279542510139,1.0,False,False,-0.1289717123758789,0.1627056284260202,1827
