match_id,competition,season,match_date,as_of,home_team,away_team,actual_home,actual_away,lambda_home,lambda_away,prob_home,prob_draw,prob_away,tip_home,tip_away,tip_points,log_loss,brier_score,home_form,away_form,home_venue_form,away_venue_form,h2h,market_log_ratio,market_decay,home_season_matches,away_season_matches,home_log_adjustment,away_log_adjustment,book_prob_home,book_prob_draw,book_prob_away,bookmaker_weight,home_external_prior,away_external_prior,rho,home_advantage,training_matches,original_forecast_reused,round_grouping,odds_withheld_for_late_fixture,tip_strategy,target_probability,matchday,official_home,official_away,current,odds_fixed_2_1,odds_fixed_1_0,internal_only,half_market,odds_fixed_2_1_tip,odds_fixed_1_0_tip,internal_only_tip,half_market_tip
a43e6cb8e2a416a6d271,D1,2022,2022-08-05,2022-08-02,Eintracht Frankfurt,Bayern München,1,6,1.1855264909579724,2.640581269960945,0.1644891763522326,0.1930094770907246,0.6425013465570428,1,2,2,4.457222650997513,0.1921146345973984,-0.2910324359828355,0.1848940243741288,-0.2105126813737796,0.1243648824354605,-0.0602031088670504,-1.3966649169861116,1.0,0.0,0.0,-0.0762747231849953,0.0709678026045599,0.1644891763522326,0.1930094770907245,0.6425013465570428,1.0,False,False,-0.1479375596045402,0.2197255567879265,1836,True,official_matchdays,False,,,1,1,6,2,2,2,2,2,1:2,0:1,1:2,1:2
0c409cfdc7cd9f7da0d9,D1,2022,2022-08-06,2022-08-02,VfL Bochum,1. FSV Mainz 05,1,2,1.2353044469140884,1.1703587906502884,0.2964150393471291,0.2799475371611774,0.4236374234916933,0,1,3,2.31378822737556,0.4984263187130626,-0.0519155064361726,0.0144339682425171,0.0011531237299294,-0.2403057854282902,0.0367793528074909,0.0,1.0,0.0,0.0,-0.0040742814153685,0.0022002045056857,0.2964150393471291,0.2799475371611775,0.4236374234916935,1.0,False,False,-0.1479375596045402,0.2197255567879265,1836,True,official_matchdays,False,,,1,1,2,3,4,3,0,3,1:2,0:1,1:1,0:1
5891776ce5ff8bc6a911,D1,2022,2022-08-06,2022-08-02,FC Augsburg,SC Freiburg,0,4,1.2507137252786182,1.508359425476547,0.2822820463905379,0.2726313781378699,0.4450865754715922,1,2,2,4.222307503212337,0.4619399307816288,-0.006317293323139,-0.0873058040995191,0.094500225410684,0.0480513716834602,-0.1907070534824214,-0.4447644716213116,1.0,0.0,0.0,-0.0169209035919918,0.0122397487208589,0.2822820463905378,0.2726313781378698,0.4450865754715922,1.0,False,False,-0.1479375596045402,0.2197255567879265,1836,True,official_matchdays,False,,,1,0,4,2,2,2,2,2,1:2,0:1,1:2,1:2
67a1956ae98df8837fd6,D1,2022,2022-08-06,2022-08-02,1. FC Union Berlin,Hertha BSC,3,1,1.9239562119525695,0.9009040718204592,0.540211573365052,0.2563470468783222,0.203441379756626,1,0,2,2.8598255183796684,0.3185076007079574,0.5151583480873181,-0.1404036106705685,0.3615461851717855,-0.2871937644320639,0.0914158708305881,0.0,1.0,0.0,0.0,0.0631068088837896,-0.0443690720129521,0.5402115733650519,0.2563470468783222,0.2034413797566259,1.0,False,False,-0.1479375596045402,0.2197255567879265,1836,True,official_matchdays,False,,,1,3,1,2,2,2,2,2,2:1,1:0,1:0,1:0
7b582b7b60004101e744,D1,2022,2022-08-06,2022-08-02,VfL Wolfsburg,SV Werder Bremen,2,2,1.8202854099281256,1.144849057224722,0.5087173851864755,0.255718899505501,0.2355637153080232,2,1,0,2.9054283691440186,0.8682379985139868,0.0892689552882519,-0.5534847406973067,0.2363395370090696,-0.373540520311445,0.0647611107561122,0.0,1.0,0.0,0.0,0.0398391881014961,-0.0630499773719488,0.5087173851864757,0.2557188995055011,0.2355637153080232,1.0,False,True,-0.1479375596045402,0.2197255567879265,1836,True,official_matchdays,False,,,1,2,2,0,0,0,0,0,2:1,1:0,2:1,2:1
97bc13458aa44b075fbc,D1,2022,2022-08-06,2022-08-02,Borussia Dortmund,Bayer 04 Leverkusen,1,0,2.2550045040705786,1.6866064026616097,0.4660336011687362,0.2330168005843681,0.3009495982468956,2,1,3,3.4809942669539486,0.4299876051203712,0.2136412711397217,0.5212658583871228,0.2166583374305395,0.4239124730009749,-0.0169530440375343,0.2543022493958214,1.0,0.0,0.0,0.0008107382276348,0.0359346182487073,0.4660336011687363,0.2330168005843681,0.3009495982468956,1.0,False,False,-0.1479375596045402,0.2197255567879265,1836,True,official_matchdays,False,,,1,1,0,3,3,4,3,3,2:1,1:0,2:1,2:1
fb04e740be901a7bec49,D1,2022,2022-08-06,2022-08-02,Borussia Mönchengladbach,TSG 1899 Hoffenheim,3,1,2.2090252640019643,1.4592763227118497,0.448160729743295,0.2373920697155078,0.3144472005411972,2,1,2,2.8793798715729126,0.459758616889461,0.286910452535232,-0.5264919151629509,0.2879052205430427,-0.3271902011204137,0.1156410312969494,0.0410016898897997,1.0,0.0,0.0,0.0618227348237632,-0.0738018079551491,0.448160729743295,0.2373920697155077,0.3144472005411972,1.0,False,False,-0.1479375596045402,0.2197255567879265,1836,True,official_matchdays,False,,,1,3,1,2,2,2,2,2,2:1,1:0,2:1,2:1
757736f9195526c15945,D1,2022,2022-08-07,2022-08-02,Stuttgart,RB Leipzig,1,1,0.9593883327361908,2.0237056224987087,0.2202710381004103,0.2444334223818328,0.535295539517757,1,2,0,2.1524501645722904,0.9059414980670688,-0.0073730158655367,0.1410732719868629,0.0983398887280253,0.2203787221070745,-0.3094548598766135,-1.0588217537545168,1.0,0.0,0.0,-0.0497342520235904,0.0564192648296567,0.2202710381004103,0.2444334223818328,0.5352955395177569,1.0,False,False,-0.1479375596045402,0.2197255567879265,1836,True,official_matchdays,False,,,1,1,1,0,0,0,0,0,1:2,0:1,1:2,1:2
93b2b108e9fae10391fc,D1,2022,2022-08-07,2022-08-02,1. FC Köln,FC Schalke 04,3,1,1.751610924573536,1.4383627805989512,0.5543129367180917,0.2316331837010382,0.2140538795808702,2,1,2,2.6955111744726605,0.2981099535319523,0.0714699648456091,-0.268127918179885,0.101506288950141,-0.5876061877928059,0.1308160040333725,0.9597691000207126,1.0,0.0,0.0,0.0510884200957416,-0.0609213177624554,0.5543129367180916,0.2316331837010382,0.2140538795808701,1.0,False,True,-0.1479375596045402,0.2197255567879265,1836,True,official_matchdays,False,,,1,3,1,2,2,2,2,2,2:1,1:0,2:1,2:1
c1f3350f2464ff825d57,D1,2022,2022-08-12,2022-08-09,SC Freiburg,Borussia Dortmund,1,3,1.5329344442430972,2.099975468830602,0.3146453089244851,0.257437070938215,0.4279176201372999,1,2,2,2.9189480472486378,0.4925537652708031,0.1174180405716055,0.3319699138577774,0.0229524707317162,0.297956441830226,-0.1414346153577291,-1.300694064018953,0.9,1.0,1.0,-0.0411940388440412,0.0636634365655103,0.3146453089244851,0.2574370709382151,0.4279176201372998,1.0,False,False,-0.1431713811593615,0.2135311284256529,1845,True,official_matchdays,False,,,2,1,3,2,2,2,2,2,1:2,0:1,1:2,1:2
11d871e51893b7160950,D1,2022,2022-08-13,2022-08-09,RB Leipzig,1. FC Köln,2,2,2.378753471917858,0.8273725029856737,0.6661503842894299,0.1977848563663463,0.136064759344224,2,0,0,3.2087581085155237,1.1058190898995204,0.0930161192015138,0.2315045911047597,0.3328166883417047,0.0736623146446982,0.1378432304960377,1.7319842074092937,0.9,1.0,1.0,0.0435881885564243,-0.0273621530411107,0.6661503842894299,0.1977848563663462,0.136064759344224,1.0,False,False,-0.1431713811593615,0.2135311284256529,1845,True,official_matchdays,False,,,2,2,2,0,0,0,0,0,2:1,1:0,2:0,2:0
1e74830e8ddb49026758,D1,2022,2022-08-13,2022-08-09,Hertha BSC,Eintracht Frankfurt,1,1,1.3583651460784618,1.6278064579662674,0.3143534628768515,0.2723801311859082,0.4132664059372401,1,2,0,2.0619116957834898,0.799037895391988,-0.2952717787999959,-0.3915743862215469,-0.1742190026444433,-0.1823350973212091,-0.2402752552764377,0.0,0.9,1.0,1.0,-0.0219622213327441,-0.012380086918333,0.3143534628768515,0.2723801311859083,0.4132664059372402,1.0,False,False,-0.1431713811593615,0.2135311284256529,1845,True,official_matchdays,False,,,2,1,1,0,0,0,0,0,1:2,0:1,1:2,1:2
27222cd990b472f0c042,D1,2022,2022-08-13,2022-08-09,FC Schalke 04,Borussia Mönchengladbach,2,2,1.6177312846287353,1.9114932342795736,0.3082837661395618,0.2564920934281154,0.4352241404323227,1,2,0,2.613766054208859,0.8372629400151526,-0.3365663562773545,0.3681264047355022,-0.098819999196208,0.0654133306239246,-0.1820331959335596,-1.9434166648210751,0.9,1.0,1.0,-0.1048914906196627,0.1064694930425701,0.3082837661395619,0.2564920934281155,0.4352241404323227,1.0,True,False,-0.1431713811593615,0.2135311284256529,1845,True,official_matchdays,False,,,2,2,2,0,0,0,0,0,1:2,0:1,1:2,1:2
965c8f29012a233ac708,D1,2022,2022-08-13,2022-08-09,SV Werder Bremen,Stuttgart,2,2,1.607250968294041,1.2807504223807025,0.4118125491550133,0.2672766683930866,0.3209107824519001,2,1,0,2.8679446515802067,0.8094567866165758,-0.4566985576334201,-0.06555652023923,-0.4099481697131508,-0.3194390499321512,-0.0919087172733213,-1.4018953015623703,0.9,1.0,1.0,-0.0785301099001999,0.0524173560065674,0.4118125491550133,0.2672766683930866,0.3209107824519,1.0,True,False,-0.1431713811593615,0.2135311284256529,1845,True,official_matchdays,False,,,2,2,2,0,0,0,0,0,2:1,1:0,2:1,2:1
a3ddf0dd193661ed4359,D1,2022,2022-08-13,2022-08-09,Bayer 04 Leverkusen,FC Augsburg,1,2,2.5626022134662296,0.8097233035061052,0.7231328710148395,0.1708289020337011,0.1060382269514594,2,0,0,3.3336423764733243,1.3512713145842947,0.2669966415579144,-0.2014388583328733,0.39362165942343,-0.2390969893867691,0.342187745697405,1.4911562862444434,0.9,1.0,1.0,0.0874320107978053,-0.0841541216365532,0.7231328710148396,0.170828902033701,0.1060382269514594,1.0,False,False,-0.1431713811593615,0.2135311284256529,1845,True,official_matchdays,False,,,2,1,2,0,0,0,0,0,2:1,1:0,2:0,2:0
f7d0e28e730468453400,D1,2022,2022-08-13,2022-08-09,TSG 1899 Hoffenheim,VfL Bochum,3,2,1.7548201485188262,1.1325029382970797,0.6071100384735785,0.2145937048743297,0.1782962566520917,2,1,3,3.249313899565142,0.2322025351760724,-0.5418820087435137,-0.1397221096172218,-0.2727618784590532,-0.1342636887977033,-0.1428817753616843,0.0,0.9,1.0,1.0,-0.0543461841615744,0.0202659782435377,0.6071100384735785,0.2145937048743297,0.1782962566520918,1.0,False,False,-0.1431713811593615,0.2135311284256529,1845,True,official_matchdays,False,,,2,3,2,3,3,3,3,3,2:1,1:0,2:1,2:1
1b5f0c4cd7bdc323f77d,D1,2022,2022-08-14,2022-08-09,1. FSV Mainz 05,1. FC Union Berlin,0,0,1.278712278584134,1.3159493479715982,0.4244115895101797,0.2951292899363095,0.2804591205535106,2,1,0,2.3956973852780297,0.755625233517897,0.1685531201162776,0.6221631456745926,0.2777628058977408,0.2327035080036973,-0.1684726421102996,0.513971355690578,0.9,1.0,1.0,-0.0111121218745788,0.0506479351641223,0.4244115895101798,0.2951292899363096,0.2804591205535106,1.0,False,False,-0.1431713811593615,0.2135311284256529,1845,True,official_matchdays,False,,,2,0,0,0,0,0,3,0,2:1,1:0,1:1,2:1
cd3821e7e103c9d86519,D1,2022,2022-08-14,2022-08-09,Bayern München,VfL Wolfsburg,2,0,3.0265372084884428,0.945886129202783,0.8360199382438838,0.1055348989001609,0.0584451628559553,2,0,4,2.382202823181052,0.041442912600666,0.2972868137419198,0.0738897588773683,0.3805718545872935,-0.1195507537562845,0.2496081907526128,0.0,0.9,1.0,1.0,0.0385146029679542,-0.0199557743369897,0.8360199382438838,0.1055348989001609,0.0584451628559554,1.0,False,False,-0.1431713811593615,0.2135311284256529,1845,True,official_matchdays,False,,,2,2,0,4,2,2,4,4,2:1,1:0,2:0,2:0
aa2d8e97547a31bd0f9e,D1,2022,2022-08-19,2022-08-16,Borussia Mönchengladbach,Hertha BSC,1,0,2.3126975734150492,1.0938500882497588,0.6309887822472892,0.2044995626899529,0.164511655062758,2,1,3,2.75412878191792,0.2050534346192084,0.2792758316875182,-0.2448773356096031,0.4291099014082098,-0.3722625618185143,0.0627695205568762,0.0,0.8,2.0,2.0,0.0433099259770757,-0.04159000117318,0.630988782247289,0.2044995626899529,0.164511655062758,1.0,False,False,-0.1521377992813641,0.2078978050452603,1854,True,official_matchdays,False,,,3,1,0,3,3,4,3,3,2:1,1:0,2:1,2:1
2c8d7de812aa805b9b73,D1,2022,2022-08-20,2022-08-16,Borussia Dortmund,SV Werder Bremen,2,3,3.31746859371845,0.9000371872790203,0.6908842915673199,0.1791658890445101,0.1299498193881697,2,0,0,3.8159110223378474,1.2664088369142656,0.4718871962644205,-0.3706719607145859,0.2910185499817204,-0.3725661393357931,0.1812762664729509,2.5,0.8,2.0,2.0,0.1247861309858189,-0.1197253692083271,0.6908842915673201,0.1791658890445102,0.1299498193881698,1.0,False,True,-0.1521377992813641,0.2078978050452603,1854,True,official_matchdays,False,,,3,2,3,0,0,0,0,0,2:1,1:0,2:0,2:0
4ce582d0cc8e5121b1f8,D1,2022,2022-08-20,2022-08-16,Bayer 04 Leverkusen,TSG 1899 Hoffenheim,0,3,2.4148403525064692,1.2368828963423015,0.5668536543691121,0.2207333354570966,0.2124130101737914,2,1,0,4.58205302191945,0.9903395373971402,0.0617253475377927,-0.2677567271490029,0.1589708576694735,-0.3850172351799968,0.134076190548768,0.7200922993667175,0.8,2.0,2.0,0.0406660266260021,-0.0509675956065626,0.5668536543691121,0.2207333354570966,0.2124130101737914,1.0,False,False,-0.1521377992813641,0.2078978050452603,1854,True,official_matchdays,False,,,3,0,3,0,0,0,0,0,2:1,1:0,2:1,2:1
6ba5683c0863cad79911,D1,2022,2022-08-20,2022-08-16,FC Augsburg,1. FSV Mainz 05,1,2,1.2379717997189297,1.3155354882093993,0.2726098191214471,0.272609819121447,0.4547803617571059,1,2,4,2.2669548097581145,0.4458966808885684,-0.0453318929721536,0.1356146279680849,-0.1154199487213056,-0.0203630886322701,0.0507370818694843,-0.2215062197981973,0.8,2.0,2.0,-0.0132071909981093,0.0177213277479059,0.272609819121447,0.272609819121447,0.4547803617571059,1.0,False,False,-0.1521377992813641,0.2078978050452603,1854,True,official_matchdays,False,,,3,1,2,4,4,3,0,4,1:2,0:1,1:1,1:2
d5d217ffeb34ac856661,D1,2022,2022-08-20,2022-08-16,1. FC Union Berlin,RB Leipzig,2,1,1.1101358214606891,1.5232794158136096,0.2717320190168796,0.2702054346403803,0.4580625463427401,1,2,0,2.645869034758647,0.8132065253964224,0.4508742509574737,0.0101667676367972,0.4326674695280503,0.1781290016275153,-0.005561338165402,-1.852867455268837,0.8,2.0,2.0,0.0072436707002606,0.0158083802294528,0.2717320190168796,0.2702054346403804,0.45806254634274,1.0,False,False,-0.1521377992813641,0.2078978050452603,1854,True,official_matchdays,False,,,3,2,1,0,0,0,0,0,1:2,0:1,1:2,1:2
d8dcfcf3de1fdd6484c6,D1,2022,2022-08-20,2022-08-16,VfL Wolfsburg,FC Schalke 04,0,0,2.0289170509209944,1.0144256063660344,0.5180020947892118,0.2482652526839486,0.2337326525268395,2,1,0,2.7341822850930826,0.8880622533855714,-0.0493676944291866,-0.3356054563413022,0.1711664046340237,-0.6187014940852659,0.2185777452264355,0.0,0.8,2.0,2.0,0.0227723906354682,-0.0420210481739926,0.5180020947892118,0.2482652526839487,0.2337326525268395,1.0,False,True,-0.1521377992813641,0.2078978050452603,1854,True,official_matchdays,False,,,3,0,0,0,0,0,0,0,2:1,1:0,2:1,2:1
e8be99a1f9775d2f7805,D1,2022,2022-08-20,2022-08-16,Stuttgart,SC Freiburg,0,1,1.382718543171917,1.5403254367100483,0.363231223905803,0.269362480649247,0.36740629544495,2,1,0,2.798915609256336,0.6046678630443053,-0.0764896049660624,-0.0136599059691438,0.0813309662900064,0.2551416043025166,-0.1603973577171411,0.0568160940006278,0.8,2.0,2.0,-0.0138495112039935,0.0093420356572332,0.3632312239058028,0.2693624806492471,0.36740629544495,1.0,False,False,-0.1521377992813641,0.2078978050452603,1854,True,official_matchdays,False,,,3,0,1,0,3,4,3,3,1:2,0:1,1:2,1:2
4b3525197718a910a952,D1,2022,2022-08-21,2022-08-16,VfL Bochum,Bayern München,0,7,0.8752711742471414,2.7630501875767672,0.0718587100757686,0.120183692601723,0.8079575973225082,0,2,2,4.984840611855195,0.0564880786072827,-0.2719204240024446,0.373323766210804,-0.1195585882546168,0.2476326185408255,-0.0305908454665901,0.0,0.8,2.0,2.0,-0.0473877729841141,0.0524579400945321,0.0718587100757686,0.1201836926017231,0.8079575973225083,1.0,False,False,-0.1521377992813641,0.2078978050452603,1854,True,official_matchdays,False,,,3,0,7,2,2,2,2,2,1:2,0:1,0:2,0:2
bfaddb49a246f819cc5f,D1,2022,2022-08-21,2022-08-16,Eintracht Frankfurt,1. FC Köln,1,1,1.7607322051900405,1.3058292501007238,0.4691654803308526,0.2565945254356406,0.274239994233507,2,1,0,2.1285200233733232,0.847975521983534,-0.3439335871215168,0.1872559453326257,-0.3021506324011375,0.0377165275114134,-0.0198262977377499,0.8822133604383915,0.8,2.0,2.0,-0.0271032036569026,0.019269321567458,0.4691654803308525,0.2565945254356406,0.2742399942335069,1.0,False,False,-0.1521377992813641,0.2078978050452603,1854,True,official_matchdays,False,,,3,1,1,0,0,0,0,0,2:1,1:0,2:1,2:1
d4dbcdfa075772046bb9,D1,2022,2022-08-26,2022-08-23,SC Freiburg,VfL Bochum,1,0,2.02670575229709,0.9266483291503926,0.6367950921448904,0.2063434740641168,0.1568614337909925,2,1,3,2.359571775122915,0.1991009437898535,0.1087098207658876,-0.3758961270695908,-0.1579502751175896,-0.2105899696006003,0.1107060790662805,0.0,0.7,3.0,3.0,0.0352010923833823,-0.0485604076985674,0.6367950921448905,0.2063434740641168,0.1568614337909926,1.0,False,False,-0.1490278771703952,0.1899834485595342,1863,True,official_matchdays,False,,,4,1,0,3,3,4,3,3,2:1,1:0,2:1,2:1
10c32cb1dab8af8d4dc9,D1,2022,2022-08-27,2022-08-23,TSG 1899 Hoffenheim,FC Augsburg,1,0,2.1291011146189893,1.11677588798504,0.6531316032027691,0.1975521515860226,0.1493162452112084,2,1,3,2.572897350856388,0.1816398783769218,-0.0039269448833074,-0.1376360732116493,-0.0469879692632782,-0.0160567360119581,0.1925758407053247,0.771063986877726,0.7,3.0,3.0,0.0296115209778781,-0.036689671882626,0.6531316032027689,0.1975521515860226,0.1493162452112084,1.0,False,False,-0.1490278771703952,0.1899834485595342,1863,True,official_matchdays,False,,,4,1,0,3,3,4,3,3,2:1,1:0,2:1,2:1
154a0912a57f1923cc10,D1,2022,2022-08-27,2022-08-23,1. FSV Mainz 05,Bayer 04 Leverkusen,0,3,1.2967727124751964,1.6175295361236466,0.3524257878906761,0.2563096639204916,0.3912645481888321,1,2,2,3.363383581262382,0.5604574300811458,0.2880177175217836,-0.1021947042926871,0.1683504756174786,0.1904489519878702,-0.0568282871642052,-1.2696500664462458,0.7,3.0,3.0,0.0088512164457931,0.0004399342156616,0.3524257878906761,0.2563096639204917,0.3912645481888322,1.0,False,False,-0.1490278771703952,0.1899834485595342,1863,True,official_matchdays,False,,,4,0,3,2,2,2,2,2,1:2,0:1,1:2,1:2
1b909551b909aece18bd,D1,2022,2022-08-27,2022-08-23,Hertha BSC,Borussia Dortmund,0,1,1.1422438656507952,2.522473107969718,0.2162175371814813,0.2157316550754555,0.5680508077430633,1,2,3,3.079739324713399,0.2798702750778407,-0.2947007859588427,0.2264895791863066,-0.1389439944078245,0.3805025547855178,-0.1651626221038531,0.0,0.7,3.0,3.0,-0.0490526886603922,0.0456421283217654,0.2162175371814812,0.2157316550754555,0.5680508077430633,1.0,False,False,-0.1490278771703952,0.1899834485595342,1863,True,official_matchdays,False,,,4,0,1,3,3,4,3,3,1:2,0:1,1:2,1:2
4b092e78cd9fe54f68df,D1,2022,2022-08-27,2022-08-23,Bayern München,Borussia Mönchengladbach,1,1,3.4707540129050507,1.0801533305144442,0.8065620769292029,0.1176236362188421,0.075814286851955,3,1,0,3.099686973661286,1.4348782373908784,0.4584918620724362,0.3457006289145753,0.5051276176369298,-0.0058473067793025,0.0271956806403418,1.2952307126241405,0.7,3.0,3.0,0.0525904762644544,-0.0123808517151038,0.8065620769292028,0.117623636218842,0.075814286851955,1.0,False,False,-0.1490278771703952,0.1899834485595342,1863,True,official_matchdays,False,,,4,1,1,0,0,0,0,0,2:1,1:0,3:1,3:1
8c3b20864cf782fff22b,D1,2022,2022-08-27,2022-08-23,RB Leipzig,VfL Wolfsburg,2,0,1.9212364853653776,0.9328926519815386,0.6432675114838275,0.2083627374154137,0.1483697511007589,2,1,2,2.1542401421642814,0.1926866817478869,-0.1555907474971841,-0.1066357088076686,0.2068836528932499,-0.2113685207160646,0.0408271394702764,0.0,0.7,3.0,3.0,-0.0081859323358211,-0.0049253904794214,0.6432675114838274,0.2083627374154136,0.1483697511007589,1.0,False,False,-0.1490278771703952,0.1899834485595342,1863,True,official_matchdays,False,,,4,2,0,2,2,2,2,2,2:1,1:0,2:1,2:1
97ad783d90c0359bfdce,D1,2022,2022-08-27,2022-08-23,FC Schalke 04,1. FC Union Berlin,1,6,1.0878477397562514,1.7038943527095451,0.311372427665171,0.2787869410490486,0.4098406312857807,1,2,2,6.289904737939655,0.5229630276907536,-0.2713350083560473,0.4831541447874919,-0.0770915260714952,0.1313867404381143,0.0216467480379481,-0.8388858521611691,0.7,3.0,3.0,-0.0648893730859023,0.0754803299074746,0.3113724276651709,0.2787869410490484,0.4098406312857806,1.0,True,False,-0.1490278771703952,0.1899834485595342,1863,True,official_matchdays,False,,,4,1,6,2,2,2,2,2,1:2,0:1,1:2,1:2
46862d435b44f3e1b2eb,D1,2022,2022-08-28,2022-08-23,1. FC Köln,Stuttgart,0,0,1.6271478046757206,1.1970889098414332,0.4565360625494158,0.2598172713695862,0.2836466660809979,2,1,0,2.642446247154817,0.836751079349754,0.0941044979346613,-0.1598811114833057,0.2828297364790039,-0.2613878680882826,-0.0511903216263254,-0.6731624536547767,0.7,3.0,3.0,0.0030646463473565,-0.0063534770247887,0.4565360625494158,0.2598172713695862,0.283646666080998,1.0,False,False,-0.1490278771703952,0.1899834485595342,1863,True,official_matchdays,False,,,4,0,0,0,0,0,0,0,2:1,1:0,2:1,2:1
bbdacded365387ba4b40,D1,2022,2022-08-28,2022-08-23,SV Werder Bremen,Eintracht Frankfurt,3,4,1.3985896621933829,1.60280470766528,0.3820912731182125,0.2678908088063445,0.3500179180754428,2,1,0,5.229682786078392,0.6402359332589957,-0.1206776024686072,-0.2847963374630133,-0.3590062513433088,-0.1722872005706731,-0.0276710391026294,-1.6109462083459851,0.7,3.0,3.0,-0.0274030539748962,0.0071293569783152,0.3820912731182125,0.2678908088063445,0.3500179180754428,1.0,True,False,-0.1490278771703952,0.1899834485595342,1863,True,official_matchdays,False,,,4,3,4,0,0,0,3,3,2:1,1:0,1:2,1:2
9cc2f7812d45700a3625,D1,2022,2022-09-02,2022-08-30,Borussia Dortmund,TSG 1899 Hoffenheim,1,0,2.782579872102538,1.3857117188780257,0.5789400573422532,0.2116829284555375,0.2093770142022092,2,1,3,3.4961787840858376,0.2659398715866894,0.2990834651874347,0.1534910139105791,0.144913556130744,-0.1034346199737994,0.0104809262629873,0.9743945487625388,0.6,4.0,4.0,0.0373737603678019,-0.0147450364129012,0.5789400573422533,0.2116829284555375,0.2093770142022092,1.0,False,False,-0.1443565895688899,0.1785900998862461,1863,True,official_matchdays,False,,,5,1,0,3,3,4,3,3,2:1,1:0,2:1,2:1
2371600721ab0599ab34,D1,2022,2022-09-03,2022-08-30,1. FC Union Berlin,Bayern München,1,1,1.1554670606488315,2.353222494755972,0.1294462655433045,0.1736075366402081,0.6969461978164874,1,2,0,2.564147031582173,1.185414841811831,0.5452748702933471,0.3099794412769713,0.5383301350344588,0.4155504230064513,-0.2672344042297558,-2.3997615252840467,0.6,4.0,4.0,-0.0103296281252623,0.0530923437037782,0.1294462655433045,0.173607536640208,0.6969461978164875,1.0,False,False,-0.1443565895688899,0.1785900998862461,1863,True,official_matchdays,False,,,5,1,1,0,0,0,0,0,1:2,0:1,1:2,1:2
6bac80f3b445c2a5cde5,D1,2022,2022-09-03,2022-08-30,VfL Bochum,SV Werder Bremen,0,2,1.2496358788851305,1.4836583611424017,0.3286713286713287,0.2629370629370629,0.4083916083916084,1,2,2,2.6387889868282817,0.5271612303780137,-0.4021801328948622,-0.1994448226350707,-0.2910199618360027,-0.1222314641621773,0.0,0.0,0.6,4.0,4.0,-0.0302457721577326,0.000164524381236,0.3286713286713286,0.2629370629370629,0.4083916083916084,1.0,False,True,-0.1443565895688899,0.1785900998862461,1863,True,official_matchdays,False,,,5,0,2,2,2,2,2,2,1:2,0:1,1:2,1:2
7cefb818a5bea03c041a,D1,2022,2022-09-03,2022-08-30,Eintracht Frankfurt,RB Leipzig,4,0,1.2203425941584665,1.8948074671467188,0.2698642894211151,0.2568761685398849,0.473259542039,1,2,0,5.336289029538859,0.8230581159572284,-0.0535455269854009,0.0084417597623532,-0.2472055679381698,-0.0178053884805702,0.0204904741985645,-0.8497708469709019,0.6,4.0,4.0,-0.017498679681293,0.0152434913201406,0.2698642894211151,0.2568761685398849,0.4732595420389999,1.0,False,False,-0.1443565895688899,0.1785900998862461,1863,True,official_matchdays,False,,,5,4,0,0,0,0,0,0,1:2,0:1,1:2,1:2
9f08882c728cff0876c1,D1,2022,2022-09-03,2022-08-30,Bayer 04 Leverkusen,SC Freiburg,2,3,1.9576746275727737,1.227342570684833,0.5003045932664582,0.2475734069772164,0.2521219997563254,2,1,0,3.588377624314581,0.8709187811343004,0.1252599670993726,0.2024645651331267,-0.062532409655254,0.3860699222056061,0.0453746634403477,1.0463918146231317,0.6,4.0,4.0,0.0203673788446452,-0.0039811522330203,0.5003045932664583,0.2475734069772164,0.2521219997563254,1.0,False,False,-0.1443565895688899,0.1785900998862461,1863,True,official_matchdays,False,,,5,2,3,0,0,0,0,0,2:1,1:0,2:1,2:1
afd09c79bec891d56d50,D1,2022,2022-09-03,2022-08-30,VfL Wolfsburg,1. FC Köln,2,4,1.552120193470241,1.1359273681077582,0.4525454947321888,0.2725558093273411,0.2748986959404701,2,1,0,5.118726364462907,0.8048559951493143,-0.1974591182310368,0.0143743376815751,0.0742762098591738,0.0315994796839975,0.011836874462582,0.0,0.6,4.0,4.0,-0.0198727849840533,0.0107185459565802,0.4525454947321889,0.2725558093273411,0.27489869594047,1.0,False,False,-0.1443565895688899,0.1785900998862461,1863,True,official_matchdays,False,,,5,2,4,0,0,0,0,0,2:1,1:0,2:1,2:1
f2c776574b153baca154,D1,2022,2022-09-03,2022-08-30,Stuttgart,FC Schalke 04,1,1,1.676867121882878,1.2210690456559403,0.5388142056446849,0.2391743855480147,0.2220114088073006,2,1,0,2.180167207214729,0.918465429451356,-0.1538674021045461,-0.3553600721485992,-0.0337300514658799,-0.5035686972630936,0.0251435824952193,1.6329315536754891,0.6,4.0,4.0,0.0281324158268686,-0.0535937895395259,0.5388142056446847,0.2391743855480146,0.2220114088073006,1.0,False,True,-0.1443565895688899,0.1785900998862461,1863,True,official_matchdays,False,,,5,1,1,0,0,0,0,0,2:1,1:0,2:1,2:1
294a25118928d05b122c,D1,2022,2022-09-04,2022-08-30,Borussia Mönchengladbach,1. FSV Mainz 05,0,1,1.8891498948515115,1.191023673388294,0.429787972272717,0.2590343724778807,0.3111776552494023,2,1,0,2.8951208725206117,0.7262927298630144,0.2842497271532528,0.0834409275999421,0.4719295483302224,0.140007864076881,0.0645869823028328,0.5905594569693283,0.6,4.0,4.0,0.0363406673050097,-0.0179561345673499,0.429787972272717,0.2590343724778807,0.3111776552494023,1.0,False,False,-0.1443565895688899,0.1785900998862461,1863,True,official_matchdays,False,,,5,0,1,0,0,0,0,0,2:1,1:0,2:1,2:1
f0aaa55150f9480e6864,D1,2022,2022-09-04,2022-08-30,FC Augsburg,Hertha BSC,0,2,1.4101305833953814,1.1252318901706653,0.3776327522667908,0.2846252791565723,0.3377419685766368,1,0,0,2.8133282631912393,0.6622037453042964,-0.2133564557694093,-0.3990549116327406,-0.1951317833765131,-0.4058288598295438,-0.1244172057729396,0.0,0.6,4.0,4.0,-0.0076037602839508,-0.0230168080861566,0.3776327522667908,0.2846252791565723,0.3377419685766369,1.0,False,False,-0.1443565895688899,0.1785900998862461,1863,True,official_matchdays,False,,,5,0,2,0,0,0,0,0,2:1,1:0,1:0,1:0
453c770b82ad62edc2ed,D1,2022,2022-09-09,2022-09-06,SV Werder Bremen,FC Augsburg,0,1,1.7741260627544968,1.074770960222582,0.6225022176015567,0.2093129727306544,0.1681848096677889,2,1,0,3.2921578075581603,1.123237442339612,0.0326341647266046,-0.3518028424666731,-0.4518069584721434,-0.1069911579260274,0.0478128943185274,-0.4341752139905958,0.5,5.0,5.0,0.017817013137038,-0.0337754470240414,0.6225022176015567,0.2093129727306544,0.1681848096677889,1.0,True,False,-0.1353733790655798,0.1713879539188224,1872,True,official_matchdays,False,,,6,0,1,0,0,0,0,0,2:1,1:0,2:1,2:1
32eab8c527f99ebc4857,D1,2022,2022-09-10,2022-09-06,RB Leipzig,Borussia Dortmund,3,0,1.802825844036244,1.6181106018684857,0.4054081667404556,0.250212852910125,0.3443789803494193,2,1,2,3.463105712973143,0.5347428020468754,-0.1258492974715248,0.4254317187875238,0.3024775915610447,0.4254257543554092,0.0282418738429053,-0.0867879858041425,0.5,5.0,5.0,-0.0335292718169351,0.0485083928827351,0.4054081667404557,0.250212852910125,0.3443789803494194,1.0,False,False,-0.1353733790655798,0.1713879539188224,1872,True,official_matchdays,False,,,6,3,0,2,2,2,2,2,2:1,1:0,2:1,2:1
419965949b22f90d3b47,D1,2022,2022-09-10,2022-09-06,Hertha BSC,Bayer 04 Leverkusen,2,2,1.125037616032371,1.928526342291776,0.2634344757926921,0.2397253729713497,0.4968401512359581,1,2,0,2.925482032971224,0.8942653674198935,-0.1945952364881407,-0.0611757267419942,-0.2344852075377953,0.301843717263535,0.0991550826451827,0.0,0.5,5.0,5.0,-0.0114429831794552,-0.0013455649820515,0.2634344757926921,0.2397253729713498,0.4968401512359582,1.0,False,False,-0.1353733790655798,0.1713879539188224,1872,True,official_matchdays,False,,,6,2,2,0,0,0,0,0,1:2,0:1,1:2,1:2
68703e3001310d8a8ba1,D1,2022,2022-09-10,2022-09-06,FC Schalke 04,VfL Bochum,3,1,1.5697778857417686,1.1278136713473002,0.4697279107225034,0.2611021629084215,0.269169926369075,2,1,2,2.994020250371973,0.4218152774037105,-0.2908551526363708,-0.4432193930699273,-0.1893858069780374,-0.2932589341040754,0.0,0.0,0.5,5.0,5.0,-0.0069245456101407,-0.0297791816751741,0.4697279107225034,0.2611021629084215,0.269169926369075,1.0,True,False,-0.1353733790655798,0.1713879539188224,1872,True,official_matchdays,False,,,6,3,1,2,2,2,2,2,2:1,1:0,2:1,2:1
d352bced417e5d879411,D1,2022,2022-09-10,2022-09-06,Eintracht Frankfurt,VfL Wolfsburg,0,1,1.7412623177145143,1.292841451596524,0.4697812863983434,0.2640093179759286,0.266209395625728,2,1,0,3.0619934901722674,0.8288440280961566,0.1451127895169321,-0.3420764289068091,0.0063024286457806,-0.3501720690569676,-0.0833492734542049,0.0,0.5,5.0,5.0,0.0274476367243234,-0.0372958186938172,0.4697812863983434,0.2640093179759286,0.266209395625728,1.0,False,False,-0.1353733790655798,0.1713879539188224,1872,True,official_matchdays,False,,,6,0,1,0,0,0,0,0,2:1,1:0,2:1,2:1
d66ae4c7e8128b3d49fe,D1,2022,2022-09-10,2022-09-06,Bayern München,Stuttgart,2,2,3.458400981807836,0.752529701693333,0.8291573787231612,0.1110649606603772,0.0597776606164616,3,0,0,3.5547928714765167,1.4812808315655772,0.1914641861814177,-0.1255635914228529,0.3548658693991557,-0.2137664311637285,0.3095493649205167,1.9851445653017843,0.5,5.0,5.0,0.0657163735015825,-0.0624213437636543,0.8291573787231612,0.1110649606603772,0.0597776606164615,1.0,False,False,-0.1353733790655798,0.1713879539188224,1872,True,official_matchdays,False,,,6,2,2,0,0,0,0,0,2:1,1:0,3:0,3:0
e999611ed23bc60f45a8,D1,2022,2022-09-10,2022-09-06,TSG 1899 Hoffenheim,1. FSV Mainz 05,4,1,1.702573527297288,1.294576282462664,0.4164517229352946,0.265329352562653,0.3182189245020523,2,1,2,3.877924772491942,0.5121915409077455,0.0054095691201789,0.2518472554345478,0.0780548976091986,0.2949363789183687,-0.1928887007568041,0.6443345442279038,0.5,5.0,5.0,-0.0136416590947009,0.0265045003224372,0.4164517229352946,0.265329352562653,0.3182189245020523,1.0,False,False,-0.1353733790655798,0.1713879539188224,1872,True,official_matchdays,False,,,6,4,1,2,2,2,2,2,2:1,1:0,2:1,2:1
610e73d9f2f38ee3fbb1,D1,2022,2022-09-11,2022-09-06,SC Freiburg,Borussia Mönchengladbach,0,0,1.7932521841838842,1.4303119073233583,0.4680319590556049,0.2586160420657656,0.2733519988786296,2,1,0,2.919406458259433,0.8434254030706004,0.3228012667568646,0.1126755646992082,0.0271402304693572,-0.0275080260854767,0.0606985250996002,-0.1889660995126232,0.5,5.0,5.0,0.0273191984517982,-0.0055453568789946,0.4680319590556049,0.2586160420657655,0.2733519988786296,1.0,False,False,-0.1353733790655798,0.1713879539188224,1872,True,official_matchdays,False,,,6,0,0,0,0,0,0,0,2:1,1:0,2:1,2:1
baf5fae338184a688725,D1,2022,2022-09-11,2022-09-06,1. FC Köln,1. FC Union Berlin,0,1,1.2746784237883455,1.492624631043127,0.3913936430317848,0.2779462102689486,0.3306601466992666,2,1,0,2.763906078661988,0.6784589188252101,0.1445553939320889,0.3878000801997865,0.1725070579197251,0.3201898192086433,-0.1417559045393466,-0.0580398594677543,0.5,5.0,5.0,-0.0127477580870946,0.0393655317936884,0.3913936430317848,0.2779462102689486,0.3306601466992665,1.0,False,False,-0.1353733790655798,0.1713879539188224,1872,True,official_matchdays,False,,,6,0,1,0,0,0,3,3,2:1,1:0,1:2,1:2
749b85fc5006e1c3f8eb,D1,2022,2022-09-16,2022-09-13,1. FSV Mainz 05,Hertha BSC,1,1,1.6245593880697715,1.041374175448455,0.5451988260203677,0.2410929481899112,0.2137082257897208,1,0,0,2.160343472988665,0.918852878951258,0.0136573831700652,-0.1823446261988811,-0.0548379774266616,-0.1333552234103668,0.1918606526093556,0.0,0.4,6.0,6.0,0.0200760022574183,-0.0285103644088591,0.5451988260203677,0.2410929481899113,0.2137082257897209,1.0,False,False,-0.1235509174087903,0.1730231737482662,1872,True,official_matchdays,False,,,7,1,1,0,0,0,0,0,2:1,1:0,1:0,1:0
8423f77ae571e5a2ef4a,D1,2022,2022-09-17,2022-09-13,Borussia Dortmund,FC Schalke 04,1,0,3.216269548896767,0.9959058240104736,0.6918168291707012,0.1784091637378988,0.1297740070914001,3,1,2,3.3157607396930717,0.1436479894046159,0.2162223090169988,-0.0456676953670377,0.2321637692724624,-0.4091211933938217,0.2204273096437801,1.9763070242465457,0.4,6.0,6.0,0.0546900513947062,-0.0461623207122081,0.6918168291707012,0.1784091637378988,0.1297740070914,1.0,False,True,-0.1235509174087903,0.1730231737482662,1872,True,official_matchdays,False,,,7,1,0,2,3,4,2,2,2:1,1:0,3:1,3:1
983a688ada7b1bfd11ed,D1,2022,2022-09-17,2022-09-13,Borussia Mönchengladbach,RB Leipzig,3,0,1.289230965588232,1.8114618214639544,0.3148499824441516,0.2602418554077675,0.4249081621480807,1,2,0,3.938947651135216,0.7177033161229165,0.0296088403473114,0.1091700024720452,0.2666359576198674,-0.2042334799851937,-0.0580007684158733,-0.9533014993766336,0.4,6.0,6.0,-0.0149306695034311,0.0218696116443989,0.3148499824441516,0.2602418554077676,0.4249081621480807,1.0,False,False,-0.1235509174087903,0.1730231737482662,1872,True,official_matchdays,False,,,7,3,0,0,0,0,0,0,1:2,0:1,1:2,1:2
b76d334b137bf8b40c61,D1,2022,2022-09-17,2022-09-13,Stuttgart,Eintracht Frankfurt,1,3,1.376574511498466,1.5700584421218973,0.4115053263263917,0.2678232989777911,0.3206713746958169,2,1,0,3.3030669246818483,0.7025533342280086,-0.1257155270684553,0.0219071676870467,-0.0503812273744102,-0.0214177574235862,-0.1158781703202302,-0.6735638274670344,0.4,6.0,6.0,-0.0261964578818797,0.0210060399128092,0.4115053263263917,0.2678232989777912,0.3206713746958169,1.0,False,False,-0.1235509174087903,0.1730231737482662,1872,True,official_matchdays,False,,,7,1,3,0,0,0,2,0,2:1,1:0,1:2,2:1
e05329c91e886e6e0334,D1,2022,2022-09-17,2022-09-13,Bayer 04 Leverkusen,SV Werder Bremen,1,1,2.298129410526509,1.1312412426527323,0.581771544412726,0.2157130445575276,0.2025154110297463,2,1,0,2.334941639044672,0.9945766500701384,-0.1130075207094951,-0.0937335772811182,-0.2152284529825214,0.072604460380469,0.0776339367540007,2.0432986115612763,0.4,6.0,6.0,0.0177006097464192,-0.0280376646459498,0.581771544412726,0.2157130445575276,0.2025154110297463,1.0,False,True,-0.1235509174087903,0.1730231737482662,1872,True,official_matchdays,False,,,7,1,1,0,0,0,0,0,2:1,1:0,2:1,2:1
ef9bd59255e0dfd9cc31,D1,2022,2022-09-17,2022-09-13,FC Augsburg,Bayern München,1,0,0.8434040310031269,2.93689098587212,0.0624270397442574,0.110414683644331,0.8271582766114116,0,2,0,4.523220846228921,1.5754252727337543,-0.1051985976331556,0.1577241199943963,-0.2967408638145405,0.2813825295517967,-0.1497085133249807,-2.183067062538219,0.4,6.0,6.0,-0.0477221620546666,0.0503484381727286,0.0624270397442574,0.1104146836443311,0.8271582766114114,1.0,False,False,-0.1235509174087903,0.1730231737482662,1872,True,official_matchdays,False,,,7,1,0,0,0,0,0,0,1:2,0:1,0:2,0:2
0265679b2286610a9726,D1,2022,2022-09-18,2022-09-13,1. FC Union Berlin,VfL Wolfsburg,2,0,1.590610047236901,1.0336455913921547,0.474643327285018,0.272380545771516,0.252976126943466,1,0,2,2.417404586905864,0.4141877160842622,0.4748385424899319,-0.1239049634496392,0.3787883338395572,-0.1305461032943292,-0.0714854715044314,0.0,0.4,6.0,6.0,0.0501048288462535,-0.0325581498942389,0.4746433272850179,0.272380545771516,0.252976126943466,1.0,False,False,-0.1235509174087903,0.1730231737482662,1872,True,official_matchdays,False,,,7,2,0,2,2,2,2,2,2:1,1:0,1:0,1:0
1523853f2a9753922eac,D1,2022,2022-09-18,2022-09-13,VfL Bochum,1. FC Köln,1,1,1.111005723886622,1.5320948732682356,0.3117084605773259,0.2615972911657123,0.4266942482569617,0,1,0,2.078779250528835,0.8244687063048739,-0.5370528024808049,-0.0453470059018585,-0.3553455090597381,0.1987974224655118,-0.0422302269107487,0.0,0.4,6.0,6.0,-0.053549441298525,0.0244294508793918,0.311708460577326,0.2615972911657123,0.4266942482569617,1.0,False,False,-0.1235509174087903,0.1730231737482662,1872,True,official_matchdays,False,,,7,1,1,0,0,0,0,0,1:2,0:1,0:1,0:1
45afb36371776027a710,D1,2022,2022-09-18,2022-09-13,TSG 1899 Hoffenheim,SC Freiburg,0,0,1.7285068878162968,1.5208553083745056,0.440577259104328,0.2549473739350378,0.3044753669606344,2,1,0,2.972964664868829,0.8419169859319915,0.2135315570374594,0.205297117440384,0.216272369630166,0.4366223316684931,-0.1182033520894934,0.3454791711779977,0.4,6.0,6.0,0.008632923939032,0.0123085097848601,0.4405772591043279,0.2549473739350377,0.3044753669606342,1.0,False,False,-0.1235509174087903,0.1730231737482662,1872,True,official_matchdays,False,,,7,0,0,0,0,0,0,0,2:1,1:0,2:1,2:1
35dba0f73794d5905173,D1,2022,2022-09-30,2022-09-27,Bayern München,Bayer 04 Leverkusen,4,0,2.806742542052232,1.2067358159245254,0.7005633532239881,0.1657636949770058,0.133672951799006,2,1,2,3.0612114043840624,0.1350083660475513,0.0088821357064651,-0.1555269738663394,0.2249713756856909,0.2449576174313508,0.1969501679153244,0.5739436649675383,0.3,7.0,7.0,0.0228166481469862,-0.0301488900549799,0.7005633532239881,0.1657636949770058,0.1336729517990061,1.0,False,False,-0.1223282937005976,0.1789579874975689,1854,True,official_matchdays,False,,,8,4,0,2,2,2,2,2,2:1,1:0,2:1,2:1
79e7d4372ad29b22f41f,D1,2022,2022-10-01,2022-09-27,SC Freiburg,1. FSV Mainz 05,2,1,1.6929895918194608,1.0634787466601958,0.4562702452568254,0.2683942619157797,0.2753354928273946,2,1,4,2.4404928280152647,0.4434871596328932,0.1723864970725998,-0.0483045403593769,-0.0438735529986159,0.089116550159806,-0.0103404008368059,0.2988553730499061,0.3,7.0,7.0,0.0213782719812628,-0.0151741741456016,0.4562702452568255,0.2683942619157797,0.2753354928273947,1.0,False,False,-0.1223282937005976,0.1789579874975689,1854,True,official_matchdays,False,,,8,2,1,4,4,3,4,4,2:1,1:0,2:1,2:1
892b8158d1d67eadddb2,D1,2022,2022-10-01,2022-09-27,RB Leipzig,VfL Bochum,4,0,2.5157890097773943,0.6766726469589579,0.7709250919563231,0.1444028873150816,0.0846720207285952,2,0,2,2.6729699733601393,0.0804968584544148,-0.1067005464223713,-0.5000715765623157,0.3970595056800967,-0.3772380349406506,0.1778225618566914,0.0,0.3,7.0,7.0,0.0232246522787132,-0.0535632584279475,0.770925091956323,0.1444028873150816,0.0846720207285952,1.0,False,False,-0.1223282937005976,0.1789579874975689,1854,True,official_matchdays,False,,,8,4,0,2,2,2,2,2,2:1,1:0,2:0,2:0
be0d0aeb3b7d93a82d28,D1,2022,2022-10-01,2022-09-27,SV Werder Bremen,Borussia Mönchengladbach,5,1,1.4374052842883556,1.7372776003868151,0.3711976306534212,0.2547047572036773,0.3740976121429011,2,1,2,5.405310789695393,0.600215956449076,-0.0762336888282252,0.2133272570464026,-0.4677672062875612,-0.0185917932220964,-0.1559301628357,-1.0756980291452338,0.3,7.0,7.0,-0.0341539750955169,0.0410086535064257,0.3711976306534213,0.2547047572036774,0.3740976121429012,1.0,True,False,-0.1223282937005976,0.1789579874975689,1854,True,official_matchdays,False,,,8,5,1,2,0,0,0,0,1:2,0:1,1:2,1:2
c5980dc9be7abb8a84c5,D1,2022,2022-10-01,2022-09-27,Eintracht Frankfurt,1. FC Union Berlin,2,0,1.46328335170998,1.4673409822966594,0.4224669923750568,0.2787790908986568,0.2987539167262863,2,1,2,2.7077928242545264,0.500516059177891,0.190846476252956,0.518975726823076,-0.1521313324206135,0.439431272738285,0.0334865899865168,0.920905617550462,0.3,7.0,7.0,0.0017169829150961,0.0337741272387054,0.4224669923750569,0.2787790908986567,0.2987539167262863,1.0,False,False,-0.1223282937005976,0.1789579874975689,1854,True,official_matchdays,False,,,8,2,0,2,2,2,0,2,2:1,1:0,1:2,2:1
ed712a2465ab2d3c408b,D1,2022,2022-10-01,2022-09-27,1. FC Köln,Borussia Dortmund,3,2,1.3061118426542195,2.18798753479988,0.2920949192022127,0.2494977434852234,0.4584073373125637,1,2,0,3.290491759662277,0.7735160143255346,-0.0398552080590815,0.2939755949471192,-0.0157877986950548,0.196161598414165,-0.1257087125508794,-1.7890714526501617,0.3,7.0,7.0,-0.0383877720756843,0.0510937914200861,0.2920949192022128,0.2494977434852235,0.4584073373125638,1.0,False,False,-0.1223282937005976,0.1789579874975689,1854,True,official_matchdays,False,,,8,3,2,0,0,0,0,0,1:2,0:1,1:2,1:2
f6526dd10efc879327e7,D1,2022,2022-10-01,2022-09-27,VfL Wolfsburg,Stuttgart,3,2,1.6053839542528825,1.0661686299982716,0.4029227070962831,0.2763562083254045,0.3207210845783123,1,0,3,3.792422483927121,0.5357360616743143,-0.2751078861798699,-0.2397962544833526,-0.0556801440039482,-0.1780156172398793,-0.0067841348806491,0.0,0.3,7.0,7.0,-0.0158601826378518,-0.0098850243953093,0.4029227070962831,0.2763562083254046,0.3207210845783123,1.0,False,False,-0.1223282937005976,0.1789579874975689,1854,True,official_matchdays,False,,,8,3,2,3,3,3,3,3,2:1,1:0,1:0,1:0
8788e9a7c6f5f0d5ebb9,D1,2022,2022-10-02,2022-09-27,FC Schalke 04,FC Augsburg,2,3,1.312898074379959,1.313272939495888,0.4836573742144996,0.2616507106406309,0.2546919151448695,2,1,0,4.07725573200581,0.8578696913612341,-0.1947642626044299,0.0970995833453428,0.0442006654059536,0.0889996137808241,-0.0185259600360516,-0.2946947239111313,0.3,7.0,7.0,-0.0274679138588462,0.0225846798958918,0.4836573742144996,0.2616507106406309,0.2546919151448694,1.0,True,False,-0.1223282937005976,0.1789579874975689,1854,True,official_matchdays,False,,,8,2,3,0,0,0,0,0,2:1,1:0,1:1,2:1
9865a8801a0f728ea60a,D1,2022,2022-10-02,2022-09-27,Hertha BSC,TSG 1899 Hoffenheim,1,1,1.3234629628158747,1.7595832102921851,0.3394541914822537,0.2566382895388621,0.4039075189788842,1,2,0,2.13298692162427,0.8309570645822568,-0.1522391996776387,0.1758267645217397,-0.1883824930542416,-0.2421525132671842,-0.0131480158817812,0.0,0.3,7.0,7.0,-0.0246726589879399,0.0258520372301449,0.3394541914822537,0.2566382895388621,0.4039075189788841,1.0,False,False,-0.1223282937005976,0.1789579874975689,1854,True,official_matchdays,False,,,8,1,1,0,0,0,0,0,1:2,0:1,1:2,1:2
d53e865876b22fe25935,D1,2022,2022-10-07,2022-10-04,TSG 1899 Hoffenheim,SV Werder Bremen,1,2,2.004316231067655,1.3569606643346843,0.4733170277607683,0.2457374850011149,0.2809454872381168,2,1,0,2.619921194842608,0.8014553126261905,0.148210924619413,0.149871440451982,0.1547045977381861,-0.0032629032796207,0.1526391329407764,1.2322111008106085,0.1999999999999999,8.0,8.0,0.021120532590434,-0.0062164143368643,0.4733170277607683,0.2457374850011149,0.2809454872381168,1.0,False,True,-0.1233246433470774,0.1946046535938195,1854,True,official_matchdays,False,,,9,1,2,0,0,0,0,0,2:1,1:0,2:1,2:1
2f5042a4ddb8e8e7f7a8,D1,2022,2022-10-08,2022-10-04,1. FSV Mainz 05,RB Leipzig,1,1,1.0142730491725034,1.7995065835070865,0.3172183052867171,0.268483649446579,0.4142980452667039,1,2,0,2.055102415598967,0.8073864946477842,-0.1601304587326241,0.1015078477235121,-0.1044937063793643,-0.363796503777964,-0.205065831725203,-1.441122971939163,0.1999999999999999,8.0,8.0,-0.0385473447053939,0.0356162141549383,0.3172183052867171,0.268483649446579,0.4142980452667039,1.0,False,False,-0.1233246433470774,0.1946046535938195,1854,True,official_matchdays,False,,,9,1,1,0,0,0,0,0,1:2,0:1,1:2,1:2
57b18e009d2204fa5a93,D1,2022,2022-10-08,2022-10-04,Borussia Dortmund,Bayern München,2,2,1.684132387298649,2.375681236711824,0.2176314380076765,0.2042031152369901,0.5781654467553334,1,2,0,2.710931553649112,1.0149314084295948,0.0838571368710395,0.1963244084159889,0.3103676729103167,0.1103235011340735,-0.2518493359572223,-0.5014547622028047,0.1999999999999999,8.0,8.0,-0.0165302473425706,0.030539324606922,0.2176314380076765,0.20420311523699,0.5781654467553334,1.0,False,False,-0.1233246433470774,0.1946046535938195,1854,True,official_matchdays,False,,,9,2,2,0,0,0,0,0,1:2,0:1,1:2,1:2
9fbf127cfbf891640157,D1,2022,2022-10-08,2022-10-04,Bayer 04 Leverkusen,FC Schalke 04,4,0,2.6155061279551624,0.9248105105918232,0.657489946621224,0.1955061755737245,0.1470038778050516,2,0,2,2.9724956642828317,0.1771459414427185,-0.317211365762565,-0.2602207293530076,-0.1792149654290898,-0.436065298484828,0.1445639065008475,1.9038181214818115,0.1999999999999999,8.0,8.0,-0.0019628141761546,-0.0269087905796239,0.657489946621224,0.1955061755737244,0.1470038778050516,1.0,False,True,-0.1233246433470774,0.1946046535938195,1854,True,official_matchdays,False,,,9,4,0,2,2,2,2,2,2:1,1:0,2:0,2:0
cb79276ae394f9faedab,D1,2022,2022-10-08,2022-10-04,VfL Bochum,Eintracht Frankfurt,3,0,1.0490446413954542,1.9042727130352897,0.2480342838349838,0.2467590433011279,0.5052066728638883,1,2,0,4.3470899173816395,0.8815762460446535,-0.5430007662600538,0.3294333640890555,-0.3510106593245607,0.1753613261566124,0.0371710308010687,0.0,0.1999999999999999,8.0,8.0,-0.0689131932904047,0.0582348231818548,0.2480342838349838,0.2467590433011278,0.5052066728638882,1.0,False,False,-0.1233246433470774,0.1946046535938195,1854,True,official_matchdays,False,,,9,3,0,0,0,0,0,0,1:2,0:1,1:2,1:2
ef1c3ced02353d1497dd,D1,2022,2022-10-08,2022-10-04,FC Augsburg,VfL Wolfsburg,1,1,1.226274758456273,1.344152254295284,0.32429584884456,0.2806771089414904,0.3950270422139496,0,1,0,2.008328575624751,0.7786395832588877,0.1995697458639113,-0.0689683001104228,-0.1301409665456995,-0.2237031291830351,0.0101434175387415,0.0,0.1999999999999999,8.0,8.0,0.0239125604688493,-0.0173824881811749,0.32429584884456,0.2806771089414905,0.3950270422139496,1.0,False,False,-0.1233246433470774,0.1946046535938195,1854,True,official_matchdays,False,,,9,1,1,0,0,0,0,0,1:2,0:1,0:1,0:1
cce721b079180a528402,D1,2022,2022-10-09,2022-10-04,Stuttgart,1. FC Union Berlin,0,1,1.096501667684503,1.5099870829687745,0.3679910762134246,0.297355018240569,0.3346539055460062,2,1,0,2.641496041158635,0.6665228644507464,-0.3540147832583619,0.2522698737454339,-0.2147937659715853,0.2438694645009787,-0.0300247137995302,0.2473417900834275,0.1999999999999999,8.0,8.0,-0.0482794987526672,0.0431922532770208,0.3679910762134246,0.2973550182405691,0.3346539055460063,1.0,False,False,-0.1233246433470774,0.1946046535938195,1854,True,official_matchdays,False,,,9,0,1,0,0,0,4,4,2:1,1:0,0:1,0:1
da7d56ab659f550f7382,D1,2022,2022-10-09,2022-10-04,Borussia Mönchengladbach,1. FC Köln,5,2,1.876163001491154,1.320719932365656,0.4798604057791726,0.2467148615831221,0.2734247326377053,2,1,2,5.000499029674045,0.4061745048201867,-0.0212566679103377,0.1440736071158361,0.3676573461410655,0.1035723796873214,-0.1231754425243418,0.7489819674693856,0.1999999999999999,8.0,8.0,-0.0117432094356957,0.0178840563959706,0.4798604057791726,0.2467148615831221,0.2734247326377052,1.0,False,False,-0.1233246433470774,0.1946046535938195,1854,True,official_matchdays,False,,,9,5,2,2,2,2,2,2,2:1,1:0,2:1,2:1
f244ca7dc0b8502b1a89,D1,2022,2022-10-09,2022-10-04,Hertha BSC,SC Freiburg,2,2,1.1391826057822396,1.6153004609982111,0.313525159855435,0.2764804003336114,0.4099944398109536,1,2,0,2.918972824823662,0.789874077639685,-0.1275426538945735,0.318182981854702,-0.1505628063554572,0.3354654622931666,-0.1328949230575494,0.0,0.1999999999999999,8.0,8.0,-0.0353081606350699,0.0448401770330763,0.313525159855435,0.2764804003336113,0.4099944398109535,1.0,False,False,-0.1233246433470774,0.1946046535938195,1854,True,official_matchdays,False,,,9,2,2,0,0,0,0,0,1:2,0:1,1:2,1:2
c6d6c48319a1c0f9d7a7,D1,2022,2022-10-14,2022-10-11,FC Schalke 04,TSG 1899 Hoffenheim,0,3,1.1767335941347747,2.016529795166237,0.2624659336199749,0.254807776405599,0.4827262899744261,1,2,2,3.0219835140886544,0.4013874603113923,-0.3429279016366223,0.0244486774493,-0.0842451678285618,-0.2581544428235048,-0.0615589407428779,-1.0927306107311436,0.0999999999999999,9.0,9.0,-0.0413249976000989,0.0254010363907328,0.2624659336199749,0.254807776405599,0.4827262899744261,1.0,True,False,-0.1240209866689418,0.2038917603463724,1863,True,official_matchdays,False,,,10,0,3,2,2,2,2,2,1:2,0:1,1:2,1:2
186381dd2b326677103b,D1,2022,2022-10-15,2022-10-11,VfL Wolfsburg,Borussia Mönchengladbach,2,2,1.5805430282200914,1.4916064917901712,0.3643430057910873,0.2657087114056549,0.3699482828032577,1,2,0,2.746446859078103,0.8087912543235074,-0.0792884086213169,0.1314888466847711,0.0742391338380807,-0.1480258767831746,-0.106747970001129,0.0,0.0999999999999999,9.0,9.0,-0.0198406816964267,0.0224507035995994,0.3643430057910873,0.2657087114056548,0.3699482828032578,1.0,False,False,-0.1240209866689418,0.2038917603463724,1863,True,official_matchdays,False,,,10,2,2,0,0,0,0,0,1:2,0:1,2:1,2:1
2c20428952c3526bec5c,D1,2022,2022-10-15,2022-10-11,RB Leipzig,Hertha BSC,3,2,2.4368426943985413,0.7715836948833452,0.6791390180688567,0.1907541863500174,0.1301067955811261,2,0,2,3.613775598500281,0.1562667075922636,0.0605592028028447,-0.1039684697282136,0.5147600294074166,-0.108736726011271,0.3358024280564535,0.0,0.0999999999999999,9.0,9.0,0.0280444651695178,-0.0302149285157862,0.6791390180688566,0.1907541863500174,0.130106795581126,1.0,False,False,-0.1240209866689418,0.2038917603463724,1863,True,official_matchdays,False,,,10,3,2,2,3,3,2,2,2:1,1:0,2:0,2:0
52114dbc1201c48c18cb,D1,2022,2022-10-15,2022-10-11,Eintracht Frankfurt,Bayer 04 Leverkusen,5,1,1.6498093431124132,1.7138297861492793,0.3491174605138995,0.263756323190446,0.3871262162956545,1,2,0,5.141610061055552,0.643082185574208,0.1441009335177838,-0.0511258024350934,0.0480765413081033,0.0481172050625323,-0.0124295905696888,-0.7376370728672119,0.0999999999999999,9.0,9.0,0.0145008112628805,-0.009852054708746,0.3491174605138994,0.2637563231904459,0.3871262162956546,1.0,False,False,-0.1240209866689418,0.2038917603463724,1863,True,official_matchdays,False,,,10,5,1,0,0,0,0,0,1:2,0:1,1:2,1:2
9af2467a51b58b83d73c,D1,2022,2022-10-15,2022-10-11,Stuttgart,VfL Bochum,4,1,1.5646984485484692,1.0320716827171796,0.5802815665979559,0.2369961843778781,0.1827222490241656,1,0,2,3.766688264831877,0.2657181750355885,-0.4109153796763444,-0.2363488306749519,-0.3335043579439843,-0.4422360691641661,0.0,0.0,0.0999999999999999,9.0,9.0,-0.0292740964338868,-0.0030891140836779,0.5802815665979563,0.2369961843778782,0.1827222490241656,1.0,False,False,-0.1240209866689418,0.2038917603463724,1863,True,official_matchdays,False,,,10,4,1,2,2,2,2,2,2:1,1:0,1:0,1:0
cac2aacede0993ec97af,D1,2022,2022-10-15,2022-10-11,SV Werder Bremen,1. FSV Mainz 05,0,2,1.633498415607815,1.2014060920331773,0.4067890416013282,0.2666728161608708,0.3265381422378009,2,1,0,2.9588273682392305,0.6901425891066093,0.2796572670980037,-0.1908688515164186,-0.1746320814711952,-0.0273432617503205,-0.0902492326507888,-0.5878765565827045,0.0999999999999999,9.0,9.0,0.0315270162616251,-0.0270875954825458,0.4067890416013283,0.2666728161608708,0.3265381422378009,1.0,True,False,-0.1240209866689418,0.2038917603463724,1863,True,official_matchdays,False,,,10,0,2,0,0,0,0,0,2:1,1:0,2:1,2:1
7205b6dcd31e09f01f85,D1,2022,2022-10-16,2022-10-11,1. FC Köln,FC Augsburg,3,2,1.6317306380968648,1.1316681944573057,0.5671099073660554,0.2298359096999121,0.2030541829340325,2,1,3,3.3559939614445713,0.2814493788952188,-0.074753150991707,0.167688131671426,0.1638169539446566,0.1929250544475509,0.0498381811632504,-0.1074591523147475,0.0999999999999999,9.0,9.0,-0.0136364605053663,0.0182832095393523,0.5671099073660554,0.2298359096999121,0.2030541829340325,1.0,False,False,-0.1240209866689418,0.2038917603463724,1863,True,official_matchdays,False,,,10,3,2,3,3,3,3,3,2:1,1:0,2:1,2:1
910e93b3858f999ae6b5,D1,2022,2022-10-16,2022-10-11,1. FC Union Berlin,Borussia Dortmund,2,0,1.5055842255802885,1.5828080325398242,0.3222496881029687,0.2759494455594386,0.4018008663375927,1,2,0,3.046796584793467,0.6969375179707248,0.3235466867918283,0.0092827995845603,0.4836087147410968,0.0036168572026486,-0.2239053634955463,-1.7310315931824074,0.0999999999999999,9.0,9.0,0.0163676815422214,0.0002737927765979,0.3222496881029686,0.2759494455594387,0.4018008663375927,1.0,False,False,-0.1240209866689418,0.2038917603463724,1863,True,official_matchdays,False,,,10,2,0,0,0,0,0,0,1:2,0:1,1:2,1:2
ec1ad043641c0897329d,D1,2022,2022-10-16,2022-10-11,Bayern München,SC Freiburg,5,0,2.8597194240968427,0.9900552384986504,0.7562875955640234,0.1519755136655553,0.0917368907704211,2,0,2,3.375635904290524,0.0909079499580986,0.0949142098480937,0.1948791060725233,0.3735900520237669,0.25248290584154,0.239639035118516,1.730510346896204,0.0999999999999999,9.0,9.0,0.0160556933043495,-0.0015660275083186,0.7562875955640235,0.1519755136655553,0.0917368907704212,1.0,False,False,-0.1240209866689418,0.2038917603463724,1863,True,official_matchdays,False,,,10,5,0,2,2,2,2,2,2:1,1:0,2:0,2:0
b5fa74bb7935ddcbc7f0,D1,2022,2022-10-21,2022-10-18,1. FSV Mainz 05,1. FC Köln,5,0,1.546710183921121,1.2523694346213576,0.4412335850600796,0.2724898627283212,0.2862765522115992,2,1,2,5.373469847259811,0.4684248961006711,0.0162987847897933,0.0953897729079747,-0.0883753376519733,-0.0478102865081486,-0.0026163539304319,0.2611604949068563,0.0,10.0,10.0,-0.003270427862941,0.0088548557478294,0.4412335850600795,0.2724898627283211,0.2862765522115992,1.0,False,False,-0.1229602220592916,0.2113492653238203,1863,True,official_matchdays,False,,,11,5,0,2,2,2,2,2,2:1,1:0,2:1,2:1
08acb0989b8f181444b7,D1,2022,2022-10-22,2022-10-18,Bayer 04 Leverkusen,VfL Wolfsburg,2,2,1.907604104745346,1.2122375159078935,0.5590209864143363,0.2273087698895172,0.2136702436961462,2,1,0,2.9167419881450867,0.9552111733824792,-0.1747146748132742,-0.0643838062530968,0.0052248049446154,-0.1795375729685872,-0.0420181321491003,0.0,0.0,10.0,10.0,-0.0163531837761276,0.004398259722809,0.5590209864143364,0.2273087698895173,0.2136702436961463,1.0,False,False,-0.1229602220592916,0.2113492653238203,1863,True,official_matchdays,False,,,11,2,2,0,0,0,0,0,2:1,1:0,2:1,2:1
4f68ad9ff1812d865583,D1,2022,2022-10-22,2022-10-18,TSG 1899 Hoffenheim,Bayern München,0,2,1.2734682541009337,2.632140816695967,0.1664549232029901,0.1932484722095077,0.640296604587502,1,2,2,2.687651193442479,0.1944387461411021,0.1722972919310718,0.2267879250484537,0.0264609326097356,0.0243646249560037,-0.1445291517461256,-1.3850311757182063,0.0,10.0,10.0,-0.0013361246466217,0.021290385495598,0.1664549232029901,0.1932484722095077,0.6402966045875021,1.0,False,False,-0.1229602220592916,0.2113492653238203,1863,True,official_matchdays,False,,,11,0,2,2,2,2,2,2,1:2,0:1,1:2,1:2
5b375b4d5a8d0eedc19a,D1,2022,2022-10-22,2022-10-18,FC Augsburg,RB Leipzig,3,3,0.9471787389766708,1.9119862404230643,0.1760682599694621,0.2166076787434692,0.6073240612870686,1,2,0,4.781149413543404,1.0135460765905886,-0.0197409342745277,0.2063912808302599,-0.1662674107667695,-0.3645727780638557,-0.2372028164421615,-1.5948243145312715,0.0,10.0,10.0,-0.0241537982910738,0.0334863156188604,0.1760682599694621,0.2166076787434692,0.6073240612870687,1.0,False,False,-0.1229602220592916,0.2113492653238203,1863,True,official_matchdays,False,,,11,3,3,0,0,0,0,0,1:2,0:1,1:2,1:2
8efd00a8ecf1e400e6b4,D1,2022,2022-10-22,2022-10-18,Borussia Mönchengladbach,Eintracht Frankfurt,1,3,1.9478891574331971,1.5788831918140047,0.4107824427480916,0.2542938931297711,0.3349236641221373,2,1,0,3.1869985806377987,0.6757341318979082,0.0851536762591937,0.3072491690574619,0.490640398394572,-0.0524014633429751,0.11577934764362,-0.2299635095488305,0.0,10.0,10.0,-0.0010581234447727,0.0206782657106055,0.4107824427480915,0.254293893129771,0.3349236641221373,1.0,False,False,-0.1229602220592916,0.2113492653238203,1863,True,official_matchdays,False,,,11,1,3,0,0,0,0,0,2:1,1:0,2:1,2:1
d330fe737f582ee71afd,D1,2022,2022-10-22,2022-10-18,Borussia Dortmund,Stuttgart,5,0,2.552277516092921,1.0497533491271254,0.6205810356932769,0.214709956545665,0.1647090077610581,2,1,2,3.809695957046125,0.21718817315306,-0.1691639896645991,-0.14805033581669,0.2585795885999473,-0.2665370411635252,0.1259657279221234,1.4836898030989798,0.0,10.0,10.0,-0.0032155957795192,-0.0126451204945452,0.6205810356932769,0.214709956545665,0.164709007761058,1.0,False,False,-0.1229602220592916,0.2113492653238203,1863,True,official_matchdays,False,,,11,5,0,2,2,2,2,2,2:1,1:0,2:1,2:1
f98a7d100a8389dea5b2,D1,2022,2022-10-22,2022-10-18,SC Freiburg,SV Werder Bremen,2,0,1.808865716779304,1.200400453979733,0.4977189920700531,0.2521253686864048,0.2501556392435424,2,1,2,2.527969467275778,0.3784312563077242,0.0304065838761981,0.0927453809350005,0.0839244978736765,0.1740915684842351,-0.0379814493508283,0.8867319296326106,0.0,10.0,10.0,-0.0034956831266716,0.0096532813672315,0.497718992070053,0.2521253686864048,0.2501556392435423,1.0,False,False,-0.1229602220592916,0.2113492653238203,1863,True,official_matchdays,False,,,11,2,0,2,2,2,2,2,2:1,1:0,2:1,2:1
1d59843d2abb9821a4cb,D1,2022,2022-10-23,2022-10-18,VfL Bochum,1. FC Union Berlin,2,1,0.8689288608220131,1.71023086346214,0.225074020924144,0.2769642851141484,0.4979616939617073,0,1,0,2.7662630907673424,0.9251853369286782,-0.3266596736252314,0.4382920385437499,-0.0755378234628295,0.3834524563670441,-0.0956954362248447,0.0,0.0,10.0,10.0,-0.0593653411009528,0.0649469593468788,0.2250740209241441,0.2769642851141485,0.4979616939617074,1.0,False,False,-0.1229602220592916,0.2113492653238203,1863,True,official_matchdays,False,,,11,2,1,0,0,0,0,0,1:2,0:1,0:1,0:1
6de3a7dbd7a9af71e2ff,D1,2022,2022-10-23,2022-10-18,Hertha BSC,FC Schalke 04,2,1,1.8517012403734092,0.9470370117218848,0.544696597610121,0.2464437048313142,0.2088596975585648,1,0,3,2.364814380611105,0.3116580611430391,-0.2057935480481928,-0.4341460715138283,-0.1896496369759385,-0.4838646843681336,0.0879963667981222,0.0,0.0,10.0,10.0,0.0055277671107782,-0.0375247480888793,0.5446965976101209,0.2464437048313143,0.2088596975585648,1.0,False,False,-0.1229602220592916,0.2113492653238203,1863,True,official_matchdays,False,,,11,2,1,3,4,3,3,3,2:1,1:0,1:0,1:0
0f8866540f2cf9a5b081,D1,2022,2022-10-28,2022-10-25,SV Werder Bremen,Hertha BSC,1,0,1.6965798657250235,1.16399564908449,0.4676854562106057,0.2503277246035879,0.2819868191858064,2,1,3,2.5205003889710027,0.4255393094294493,-0.0973819487899191,0.007948519905552,-0.253238946807199,-0.1896492994953986,0.035428340130559,0.0,0.0,11.0,11.0,-0.0083642038677415,0.0038925324235232,0.4676854562106057,0.2503277246035879,0.2819868191858063,1.0,False,False,-0.1220253439076895,0.2211332931036847,1863,True,official_matchdays,False,,,12,1,0,3,3,4,3,3,2:1,1:0,2:1,2:1
027ae4a32b62b8338e0d,D1,2022,2022-10-29,2022-10-25,Eintracht Frankfurt,Borussia Dortmund,1,2,1.7543084840587275,1.961204077859824,0.3405413555927578,0.2607414739007217,0.3987171705065204,1,2,4,2.5603670756595043,0.5454955721245587,0.4249226085310875,0.0703226945422281,0.2485327828570082,-0.1337003269889998,-0.1532809955859883,-0.8101259756319455,0.0,11.0,11.0,0.0313120763466979,-0.0065498111930321,0.3405413555927577,0.2607414739007218,0.3987171705065204,1.0,False,False,-0.1220253439076895,0.2211332931036847,1863,True,official_matchdays,False,,,12,1,2,4,4,3,4,4,1:2,0:1,1:2,1:2
88a5ac6aaafe829b3ab5,D1,2022,2022-10-29,2022-10-25,RB Leipzig,Bayer 04 Leverkusen,2,0,2.114696517015647,1.2554626698518114,0.5304069269561356,0.238815059151892,0.2307780138919724,2,1,2,2.6192859269499498,0.3308087784244253,0.1666546090080637,-0.1393506118129055,0.5789882776218848,-0.153469580231316,-0.0035508682382692,-0.0142990830394089,0.0,11.0,11.0,0.0234554480795381,-0.0220902482197802,0.5304069269561357,0.2388150591518919,0.2307780138919724,1.0,False,False,-0.1220253439076895,0.2211332931036847,1863,True,official_matchdays,False,,,12,2,0,2,2,2,2,2,2:1,1:0,2:1,2:1
a0667fe78ed96ec9015d,D1,2022,2022-10-29,2022-10-25,Bayern München,1. FSV Mainz 05,6,2,3.0065715609352117,0.8192824201306615,0.7663053638897221,0.1421189473089247,0.091575688801353,2,0,2,4.93905691596267,0.0831970849103543,0.3154910352563067,0.1656116468348113,0.4520808367611127,0.1705004254552161,0.082557486635503,2.02936571994611,0.0,11.0,11.0,0.0273963955156652,-0.0033412614111093,0.7663053638897223,0.1421189473089247,0.091575688801353,1.0,False,False,-0.1220253439076895,0.2211332931036847,1863,True,official_matchdays,False,,,12,6,2,2,2,2,2,2,2:1,1:0,2:0,2:0
e22a121debd273a446fd,D1,2022,2022-10-29,2022-10-25,Stuttgart,FC Augsburg,2,1,1.4939765147879296,1.18640877303394,0.5270627041608869,0.2472304437043335,0.2257068521347797,2,1,4,2.1918602532166886,0.3357361611904458,-0.2542252964107405,-0.018849642174718,-0.0611767854874174,0.0578145245711869,0.0122520434239388,0.1979224972364343,0.0,11.0,11.0,-0.0238674453611412,0.0102136984318682,0.5270627041608867,0.2472304437043335,0.2257068521347797,1.0,False,False,-0.1220253439076895,0.2211332931036847,1863,True,official_matchdays,False,,,12,2,1,4,4,3,4,4,2:1,1:0,2:1,2:1
fff54c83634e9eb52ceb,D1,2022,2022-10-29,2022-10-25,VfL Wolfsburg,VfL Bochum,4,0,1.904426072459911,0.9228823205250842,0.5661763216308434,0.2328072952691302,0.2010163831000262,1,0,2,3.4717047439179347,0.2828098069188899,-0.0755275862207527,-0.0845727672704513,0.0615602649473109,-0.5524089735243355,-0.0061274347583825,0.0,0.0,11.0,11.0,-0.0036304919964718,-0.0043745256780883,0.5661763216308434,0.2328072952691302,0.2010163831000263,1.0,False,False,-0.1220253439076895,0.2211332931036847,1863,True,official_matchdays,False,,,12,4,0,2,2,2,2,2,2:1,1:0,1:0,1:0
88641c91f72cdaa44f9f,D1,2022,2022-10-30,2022-10-25,1. FC Union Berlin,Borussia Mönchengladbach,2,1,1.7498686072554908,1.176106711639087,0.4632073726701992,0.2755285233986529,0.2612641039311478,2,1,4,2.4036516650787014,0.432321223964818,0.2022450180066377,-0.1036096925478519,0.5327996781774841,-0.1842537694628435,0.0394616566177573,-0.6909421080016314,0.0,11.0,11.0,0.0273780692589442,-0.0224463029860049,0.4632073726701992,0.2755285233986529,0.2612641039311478,1.0,False,False,-0.1220253439076895,0.2211332931036847,1863,True,official_matchdays,False,,,12,2,1,4,4,3,4,4,2:1,1:0,2:1,2:1
8e1d3d33e2ea1d689825,D1,2022,2022-10-30,2022-10-25,FC Schalke 04,SC Freiburg,0,2,0.9374191859853416,1.968281170911341,0.2427698588218455,0.2564378669592686,0.5007922742188857,1,2,2,2.4280923197042776,0.3739059374425506,-0.4766499085547431,0.1610219468110073,-0.1952541922355718,0.0174935641622317,-0.2272736635581866,-0.7472514395531461,0.0,11.0,11.0,-0.067079771373934,0.0512983732867472,0.2427698588218456,0.2564378669592686,0.5007922742188858,1.0,False,False,-0.1220253439076895,0.2211332931036847,1863,True,official_matchdays,False,,,12,0,2,2,2,2,2,2,1:2,0:1,1:2,1:2
ea116a7751c14c7b55d9,D1,2022,2022-10-30,2022-10-25,1. FC Köln,TSG 1899 Hoffenheim,1,1,1.575096356988677,1.6412948448189244,0.3328374860542953,0.2677575306805504,0.3994049832651544,1,2,0,2.117285948597472,0.8064841666550266,-0.0745785859218463,-0.0387521725403695,0.2910972648737262,0.0039501484473366,-0.2843589139753025,-0.90549503913476,0.0,11.0,11.0,-0.0197381956639312,0.0140716577408204,0.3328374860542952,0.2677575306805503,0.3994049832651543,1.0,False,False,-0.1220253439076895,0.2211332931036847,1863,True,official_matchdays,False,,,12,1,1,0,0,0,0,0,1:2,0:1,1:2,1:2
e041fe4a3799496ad798,D1,2022,2022-11-04,2022-11-01,Borussia Mönchengladbach,Stuttgart,3,1,2.0510706526824816,1.204318330468633,0.4346561458201263,0.2554760857081063,0.3098677684717674,2,1,2,2.955099519304539,0.4808997377653628,-0.2054992304422133,-0.0518375733978026,0.2891928553163191,-0.3714799477919004,-0.0424849632284261,0.4713598243581845,0.0,12.0,12.0,-0.0200822925357525,0.0072154523437517,0.4346561458201264,0.2554760857081062,0.3098677684717675,1.0,False,False,-0.1207355158894051,0.2289224922159199,1863,True,official_matchdays,False,,,13,3,1,2,2,2,2,2,2:1,1:0,2:1,2:1
135ace1cc5f7194bf308,D1,2022,2022-11-05,2022-11-01,Hertha BSC,Bayern München,2,3,0.8822650862359273,2.981696949386509,0.0938123525953434,0.1460097743900086,0.760177873014648,0,2,2,3.358035330253113,0.0876342643086725,-0.0939282667453827,0.4478465291833181,0.0278214099208659,0.1494360453107257,-0.3004762263282071,0.0,0.0,12.0,12.0,-0.0468089644501145,0.0645048775720113,0.0938123525953434,0.1460097743900086,0.760177873014648,1.0,False,False,-0.1207355158894051,0.2289224922159199,1863,True,official_matchdays,False,,,13,2,3,2,3,3,2,2,1:2,0:1,0:2,0:2
20455566875eca43e844,D1,2022,2022-11-05,2022-11-01,SV Werder Bremen,FC Schalke 04,2,1,2.1697857408222054,0.8308151555377227,0.5844454356148192,0.2203426469904145,0.1952119173947664,2,1,4,2.46564530829063,0.2593441707570409,0.0968823877784454,-0.5009948485084345,-0.0309726181763416,-0.4973800267624938,0.1099797472765048,0.09306298784742,0.0,12.0,12.0,0.0402369685670915,-0.0604425916035909,0.5844454356148191,0.2203426469904145,0.1952119173947664,1.0,False,False,-0.1207355158894051,0.2289224922159199,1863,True,official_matchdays,False,,,13,2,1,4,4,3,4,4,2:1,1:0,2:1,2:1
308dbf456c272375eda8,D1,2022,2022-11-05,2022-11-01,1. FSV Mainz 05,VfL Wolfsburg,0,3,1.4173641225835945,1.3033792806405704,0.4678545326243101,0.2634895032636911,0.2686559641119987,2,1,0,3.925935730030674,0.8231786808562083,0.0097121867722408,0.1504506813858609,0.0731142943582571,-0.1433070056881327,-0.1031828648033563,0.0,0.0,12.0,12.0,-0.0117104586322367,0.0197186020401418,0.4678545326243101,0.2634895032636911,0.2686559641119987,1.0,False,False,-0.1207355158894051,0.2289224922159199,1863,True,official_matchdays,False,,,13,0,3,0,0,0,0,0,2:1,1:0,2:1,2:1
31e61146717f070b58d5,D1,2022,2022-11-05,2022-11-01,FC Augsburg,Eintracht Frankfurt,1,2,1.309552129685999,1.6724394375362177,0.2179857207959896,0.2339358954883792,0.5480783837156313,1,2,4,2.1717902150302457,0.3064769249339731,-0.1159117465758514,0.1912776018775811,-0.1390504914325259,0.1298884789625028,-0.1399820216415066,-0.9209157814137172,0.0,12.0,12.0,-0.0281541558335395,0.031922448598626,0.2179857207959896,0.2339358954883791,0.5480783837156311,1.0,False,False,-0.1207355158894051,0.2289224922159199,1863,True,official_matchdays,False,,,13,1,2,4,4,3,4,4,1:2,0:1,1:2,1:2
608db865f9a65c7f0359,D1,2022,2022-11-05,2022-11-01,Borussia Dortmund,VfL Bochum,3,0,3.1240493322185543,0.8343262999279353,0.7724654354788925,0.1460148079258882,0.0815197565952192,2,0,2,2.385629258269987,0.0797377729007878,0.1776037172548312,-0.2021524026188625,0.3577336873037302,-0.5793055144509048,-0.0501731632079956,0.0,0.0,12.0,12.0,0.0253593336960264,-0.026586767964228,0.7724654354788926,0.1460148079258882,0.0815197565952192,1.0,False,False,-0.1207355158894051,0.2289224922159199,1863,True,official_matchdays,False,,,13,3,0,2,2,2,2,2,2:1,1:0,2:0,2:0
a9df737f4a6f2de08ffd,D1,2022,2022-11-05,2022-11-01,TSG 1899 Hoffenheim,RB Leipzig,1,3,1.3269276457078822,1.815518703094963,0.3217874624498696,0.2612879122889949,0.4169246252611355,1,2,2,2.996900240633624,0.511795436725135,-0.0912979519012985,0.2694762845236437,-0.1149605242572617,-0.3585801143280316,-0.1411609044371962,-1.000285605642682,0.0,12.0,12.0,-0.0296616546381718,0.0385705712692891,0.3217874624498696,0.261287912288995,0.4169246252611355,1.0,False,False,-0.1207355158894051,0.2289224922159199,1863,True,official_matchdays,False,,,13,1,3,2,2,2,2,2,1:2,0:1,1:2,1:2
18af8ea49c6121c45fd2,D1,2022,2022-11-06,2022-11-01,Bayer 04 Leverkusen,1. FC Union Berlin,5,0,1.5441092077982,1.2899782130180135,0.4455060855674451,0.2752408287270135,0.2792530857055413,2,1,2,5.387165198997838,0.4612033008171371,-0.2944079666072192,0.279194794460862,0.0016306363956116,0.1506287008598993,0.0244154145029694,1.505142132822347,0.0,12.0,12.0,-0.0421797656586165,0.0414191070512987,0.4455060855674452,0.2752408287270135,0.2792530857055414,1.0,False,False,-0.1207355158894051,0.2289224922159199,1863,True,official_matchdays,False,,,13,5,0,2,2,2,2,2,2:1,1:0,2:1,2:1
b0b166ce5b46604fa609,D1,2022,2022-11-06,2022-11-01,SC Freiburg,1. FC Köln,2,0,1.954952926168744,1.1130682024951224,0.5603830258928546,0.2395637435691952,0.2000532305379501,2,1,2,2.4146039688781333,0.2906751662046799,0.2681703470642008,-0.0838907244297357,0.2684067716370406,-0.2321622931798704,0.0516637780427876,0.5862890154403722,0.0,12.0,12.0,0.0335947598300462,-0.024380778698323,0.5603830258928546,0.2395637435691953,0.2000532305379501,1.0,False,False,-0.1207355158894051,0.2289224922159199,1863,True,official_matchdays,False,,,13,2,0,2,2,2,2,2,2:1,1:0,2:1,2:1
1bba82670ca52173fc25,D1,2022,2022-11-08,2022-11-08,VfL Bochum,Borussia Mönchengladbach,2,1,1.1808900195069727,1.9379404261882984,0.2958535674262234,0.2670900261486739,0.4370564064251027,1,2,0,2.510330202212649,0.7581775829717,-0.2952924001523995,0.0243527854534666,0.0947460783370271,-0.3117660535247639,-0.1394563806019141,0.0,0.0,13.0,13.0,-0.0377196983180089,0.0241727175830623,0.2958535674262234,0.2670900261486739,0.4370564064251027,1.0,False,False,-0.1207784663179224,0.2321311732479294,1863,True,official_matchdays,False,,,14,2,1,0,0,0,0,0,1:2,0:1,1:2,1:2
46e6de5cde0371be7111,D1,2022,2022-11-08,2022-11-08,VfL Wolfsburg,Borussia Dortmund,2,0,1.4786787808236934,1.840075771253669,0.308183383358981,0.2677235537001203,0.4240930629408985,1,2,0,3.2014639083727205,0.7301410583010408,0.3358286439929216,0.2979357860343061,0.1961117702947606,0.0069216847640071,-0.3605188019081692,0.0,0.0,13.0,13.0,0.0006601350021683,0.0310280864991929,0.308183383358981,0.2677235537001203,0.4240930629408986,1.0,False,False,-0.1207784663179224,0.2321311732479294,1863,True,official_matchdays,False,,,14,2,0,0,0,0,0,0,1:2,0:1,1:2,1:2
812f53978b8d82efac7f,D1,2022,2022-11-08,2022-11-08,Bayern München,SV Werder Bremen,6,1,3.496976658973577,0.8365127149727117,0.833263921170825,0.1079114312327081,0.058824647596467,3,0,2,3.602730052131722,0.0429061361388688,0.5240967675938318,0.196076838171967,0.5230990715804427,0.0328313927272719,0.1664812179773203,2.5,0.0,13.0,13.0,0.0509298957496508,-0.0149212154613609,0.8332639211708248,0.1079114312327081,0.058824647596467,1.0,False,False,-0.1207784663179224,0.2321311732479294,1863,True,official_matchdays,False,,,14,6,1,2,2,2,2,2,2:1,1:0,3:0,3:0
921f881bff9aaa64eaaa,D1,2022,2022-11-08,2022-11-08,Stuttgart,Hertha BSC,2,1,1.574635601667563,1.168574908926603,0.4892149242129808,0.2584531675087446,0.2523319082782744,2,1,4,2.2958080137302255,0.3913708253774096,-0.1791915570578218,-0.2376688500964668,0.1065269455372259,-0.3128774630856196,-0.0471184625700547,0.0,0.0,13.0,13.0,-0.0083916363294615,-0.0124513840282528,0.4892149242129809,0.2584531675087446,0.2523319082782743,1.0,False,False,-0.1207784663179224,0.2321311732479294,1863,True,official_matchdays,False,,,14,2,1,4,4,3,4,4,2:1,1:0,2:1,2:1
46aafcc25ee1d798c414,D1,2022,2022-11-09,2022-11-08,Eintracht Frankfurt,TSG 1899 Hoffenheim,4,2,2.008484443328654,1.3769950153632708,0.4970473617519785,0.2491691969302125,0.2537834413178091,2,1,2,3.853674107989334,0.379452680106602,0.2701978352461485,-0.1915064829373915,0.0833756924844435,0.0072144595826294,0.0710666577711107,0.2433417743167419,0.0,13.0,13.0,0.0401484405600399,-0.0362138729446021,0.4970473617519784,0.2491691969302125,0.2537834413178091,1.0,False,False,-0.1207784663179224,0.2321311732479294,1863,True,official_matchdays,False,,,14,4,2,2,2,2,2,2,2:1,1:0,2:1,2:1
7ddeb47904bcf798b80c,D1,2022,2022-11-09,2022-11-08,1. FC Union Berlin,FC Augsburg,2,2,1.7796019065294828,0.8563859179199225,0.6154533019226385,0.2296907059806976,0.1548559920966639,1,0,0,3.2902799951141444,0.9961395535882366,0.076203171869733,-0.1922204880553555,0.5536752037813473,-0.0530214200553205,-0.10561554799902,0.1408171489577931,0.0,13.0,13.0,0.01195056418979,-0.0177514299990712,0.6154533019226385,0.2296907059806976,0.1548559920966639,1.0,False,False,-0.1207784663179224,0.2321311732479294,1863,True,official_matchdays,False,,,14,2,2,0,0,0,0,0,2:1,1:0,1:0,1:0
8c8b1f9794852e545a79,D1,2022,2022-11-09,2022-11-08,FC Schalke 04,1. FSV Mainz 05,1,0,1.0130032596216718,1.6627696972645314,0.2806162416224216,0.2579858995560971,0.4613978588214814,0,1,0,2.627047588313422,0.7969577003122665,-0.5314883238292886,-0.1816598400937119,-0.3336381811768483,0.0137226247222531,-0.0133212073375082,-0.6157098355329356,0.0,13.0,13.0,-0.0447319007451186,0.0090744925489686,0.2806162416224214,0.2579858995560971,0.4613978588214814,1.0,False,False,-0.1207784663179224,0.2321311732479294,1863,True,official_matchdays,False,,,14,1,0,0,0,0,0,0,1:2,0:1,0:1,0:1
9f036334babab6ce41aa,D1,2022,2022-11-09,2022-11-08,RB Leipzig,SC Freiburg,3,1,2.035664181163084,1.0291499002632551,0.5445900733601401,0.2360784554467602,0.2193314711930998,2,1,2,2.783023706053164,0.3112375326639801,0.4206214625963946,0.3560679681315533,0.6044134368706477,0.150428940186817,0.1288857325098767,1.091791372220151,0.0,13.0,13.0,0.0307030344785556,0.0081314370578417,0.54459007336014,0.2360784554467602,0.2193314711930998,1.0,False,False,-0.1207784663179224,0.2321311732479294,1863,True,official_matchdays,False,,,14,3,1,2,2,2,2,2,2:1,1:0,2:1,2:1
cb3a67eed56cf5edc18b,D1,2022,2022-11-09,2022-11-08,1. FC Köln,Bayer 04 Leverkusen,1,2,1.407493755110834,1.8899550605201776,0.3064215958294168,0.2634888997104601,0.4300895044601232,1,2,4,2.479394687637919,0.4881185675877834,-0.2455975256573528,-0.0324193678708085,0.1792892037687128,-0.2625638855653628,-0.1192736066344649,-1.646180056701006,0.0,13.0,13.0,-0.0289024645039181,0.01500161982751,0.3064215958294168,0.26348889971046,0.4300895044601231,1.0,False,False,-0.1207784663179224,0.2321311732479294,1863,True,official_matchdays,False,,,14,1,2,4,4,3,4,4,1:2,0:1,1:2,1:2
111afabf99d6b40dff70,D1,2022,2022-11-11,2022-11-08,Borussia Mönchengladbach,Borussia Dortmund,4,2,1.674591228575831,2.1101189348092366,0.2974255235544947,0.2522666744284196,0.4503078020170854,1,2,0,4.1095915188351855,0.7600264865373088,0.0243527854534666,0.2979357860343061,0.3699987404334781,0.0069216847640071,-0.1276253230592456,-0.8504735620550995,0.0,13.0,13.0,-0.0188427769093309,0.0349572054837195,0.2974255235544948,0.2522666744284197,0.4503078020170856,1.0,False,False,-0.1207784663179224,0.2321311732479294,1863,True,official_matchdays,False,,,15,4,2,0,0,0,0,0,1:2,0:1,1:2,1:2
354aaf96c2de9f48697b,D1,2022,2022-11-12,2022-11-08,Hertha BSC,1. FC Köln,2,0,1.4704349324554675,1.3559239829463428,0.4262052815260268,0.2634510668773517,0.3103436515966215,2,1,2,2.6495479654051697,0.4949600256737661,-0.2376688500964668,-0.2455975256573528,-0.1377932857446449,-0.3705446702830558,-0.1356468275456978,0.0,0.0,13.0,13.0,-0.0182693501040639,-0.005893968683627,0.4262052815260267,0.2634510668773517,0.3103436515966215,1.0,False,False,-0.1207784663179224,0.2321311732479294,1863,True,official_matchdays,False,,,15,2,0,2,2,2,2,2,2:1,1:0,2:1,2:1
4029cc5ad130f7ff749b,D1,2022,2022-11-12,2022-11-08,TSG 1899 Hoffenheim,VfL Wolfsburg,1,2,1.5947585848738135,1.4095316925534602,0.4305221215341802,0.258777447714615,0.3107004307512045,2,1,0,2.589339821489407,0.7274489607425567,-0.1915064829373915,0.3358286439929216,-0.2109177276550772,0.0714782749295547,0.0831727735224126,0.0,0.0,13.0,13.0,-0.0317834418172646,0.0389995498700411,0.4305221215341802,0.2587774477146151,0.3107004307512045,1.0,False,False,-0.1207784663179224,0.2321311732479294,1863,True,official_matchdays,False,,,15,1,2,0,0,0,0,0,2:1,1:0,2:1,2:1
8ae2cc207b6d97213afd,D1,2022,2022-11-12,2022-11-08,SV Werder Bremen,RB Leipzig,1,2,1.1259760445931395,1.9071624852605535,0.2637490396578801,0.2388175383966875,0.4974334219454321,1,2,4,2.4046455424278093,0.3791705379437854,0.196076838171967,0.4206214625963946,0.1313044918812717,-0.0979101414377197,-0.2562655292869937,-2.0534766272074645,0.0,13.0,13.0,-0.0142366657769727,0.0450715808153907,0.2637490396578802,0.2388175383966876,0.4974334219454323,1.0,False,False,-0.1207784663179224,0.2321311732479294,1863,True,official_matchdays,False,,,15,1,2,4,4,3,4,4,1:2,0:1,1:2,1:2
afa18ef846a41346ef00,D1,2022,2022-11-12,2022-11-08,FC Schalke 04,Bayern München,0,2,0.68314162657425,3.805919018894667,0.0612721665575119,0.1136664182456457,0.8250614151968424,0,3,2,2.594395545951326,0.0472778414843771,-0.5314883238292886,0.5240967675938318,-0.3336381811768483,0.3026706493273393,-0.331101732424093,-2.5,0.0,13.0,13.0,-0.0959087573838251,0.0955391795720522,0.0612721665575119,0.1136664182456457,0.8250614151968424,1.0,False,False,-0.1207784663179224,0.2321311732479294,1863,True,official_matchdays,False,,,15,0,2,2,2,2,2,2,1:2,0:1,0:3,0:3
c5208ffa8f937b68d1a0,D1,2022,2022-11-12,2022-11-08,Bayer 04 Leverkusen,Stuttgart,2,0,2.383548289875821,1.0299816058012017,0.5573161908602469,0.2315419923380736,0.2111418168016794,2,1,2,2.54433077200687,0.2941615158926798,-0.0324193678708085,-0.1791915570578218,0.1502641116106472,-0.4414054980515308,0.2530010435236941,1.2929887625017205,0.0,13.0,13.0,0.0183676932419949,-0.0289482394884264,0.557316190860247,0.2315419923380736,0.2111418168016794,1.0,False,False,-0.1207784663179224,0.2321311732479294,1863,True,official_matchdays,False,,,15,2,0,2,2,2,2,2,2:1,1:0,2:1,2:1
e6aea3e0fee3d72565e5,D1,2022,2022-11-12,2022-11-08,FC Augsburg,VfL Bochum,0,1,1.6443027457922748,0.9880671794148806,0.4376647762835953,0.2687631583938699,0.2935720653225348,1,0,0,2.544387773864965,0.7628245186018869,-0.1922204880553555,-0.2952924001523995,-0.2078872840656753,-0.6648518857214019,0.0559682930154811,0.0,0.0,13.0,13.0,-0.0016590141471415,-0.0227166302632462,0.4376647762835953,0.2687631583938699,0.2935720653225347,1.0,False,False,-0.1207784663179224,0.2321311732479294,1863,True,official_matchdays,False,,,15,0,1,0,0,0,0,0,2:1,1:0,1:0,1:0
0acac262e210342a7d85,D1,2022,2022-11-13,2022-11-08,SC Freiburg,1. FC Union Berlin,4,1,1.4446798093255913,1.1467280922620102,0.4708592539119725,0.2901972441028471,0.2389435019851801,1,0,2,4.056611261713105,0.4212983667964236,0.3560679681315533,0.076203171869733,0.3496324465891821,-0.0660610413422573,-0.1345401635537738,0.4452510915617131,0.0,13.0,13.0,0.0250696300419799,-0.0034560730419156,0.4708592539119726,0.2901972441028472,0.2389435019851802,1.0,False,False,-0.1207784663179224,0.2321311732479294,1863,True,official_matchdays,False,,,15,4,1,2,2,2,2,2,2:1,1:0,1:0,1:0
7c0249db764c6b17ff01,D1,2022,2022-11-13,2022-11-08,1. FSV Mainz 05,Eintracht Frankfurt,1,1,1.4676723353349488,1.5464772635654551,0.3448080387649872,0.2655308442566939,0.3896611169783189,1,2,0,2.093673479226294,0.8101733104200328,-0.1816598400937119,0.2701978352461485,-0.0928519485481694,0.2866350895279869,-0.0253723327615969,-0.773885948196009,0.0,13.0,13.0,-0.0329444924097584,0.0373713921673802,0.3448080387649873,0.2655308442566938,0.3896611169783189,1.0,False,False,-0.1207784663179224,0.2321311732479294,1863,True,official_matchdays,False,,,15,1,1,0,0,0,0,0,1:2,0:1,1:2,1:2
eb448d07582aa837cfcb,D1,2022,2023-01-20,2023-01-17,RB Leipzig,Bayern München,1,1,1.5919789880185071,1.983146082798525,0.2520338999644292,0.2331161011777529,0.5148499988578179,1,2,0,2.331960200880552,0.9167025223279854,0.5726464608726346,0.7006966594406023,0.6887527817286582,0.4211666869182893,-0.1485185851558214,-0.6279528822025214,0.0,15.0,15.0,0.0148038838574422,0.0488632721582195,0.2520338999644292,0.2331161011777529,0.5148499988578179,1.0,False,False,-0.1108744462465977,0.2498395691988201,1827,True,official_matchdays,False,,,16,1,1,0,0,0,0,0,1:2,0:1,1:2,1:2
0c3d819a6c2278655954,D1,2022,2023-01-21,2023-01-17,VfL Wolfsburg,SC Freiburg,6,0,1.5984059324888675,1.235322804827968,0.3779982418686425,0.2791033530076605,0.3428984051236971,2,1,2,6.76296021420846,0.5823641850149935,0.5177087787318768,0.3165409821666092,0.2903263009254905,0.0067906331403326,-0.0407265414549799,0.0,0.0,15.0,15.0,0.0339075016921082,0.007804986352816,0.3779982418686424,0.2791033530076605,0.3428984051236971,1.0,False,False,-0.1108744462465977,0.2498395691988201,1827,True,official_matchdays,False,,,16,6,0,2,2,2,2,2,2:1,1:0,2:1,2:1
3a84d90c3904ad2bc510,D1,2022,2023-01-21,2023-01-17,Stuttgart,1. FSV Mainz 05,1,1,1.4156327777930862,1.2339720366425988,0.3981168367821797,0.2710343436850432,0.330848819532777,2,1,0,2.0443477884045542,0.7993488852023766,-0.1053270426757702,-0.2219225280659832,0.2073033443838026,-0.1460442832305739,0.1244789479136155,0.1412128534792787,0.0,15.0,15.0,0.0067873695314029,-0.0231498480684905,0.3981168367821797,0.2710343436850433,0.330848819532777,1.0,False,False,-0.1108744462465977,0.2498395691988201,1827,True,official_matchdays,False,,,16,1,1,0,0,0,0,0,2:1,1:0,2:1,2:1
772d76645cf4ad36bba2,D1,2022,2023-01-21,2023-01-17,VfL Bochum,Hertha BSC,3,1,1.3377408359468157,1.2454015209570752,0.4008746638520134,0.2698846328468485,0.3292407033011382,1,0,2,3.2169567399366996,0.5401883241715443,0.105723810299501,-0.0859181552992312,0.2578065357999242,-0.3771689814872377,-0.0781605793511926,0.0,0.0,15.0,15.0,0.010960259827352,-0.0099699770773385,0.4008746638520133,0.2698846328468485,0.3292407033011381,1.0,False,False,-0.1108744462465977,0.2498395691988201,1827,True,official_matchdays,False,,,16,3,1,2,2,2,2,2,2:1,1:0,1:0,1:0
93c07500715c2e59ba10,D1,2022,2023-01-21,2023-01-17,Eintracht Frankfurt,FC Schalke 04,3,0,2.6757105003548314,0.7695982087131984,0.696859793174733,0.1824794145315239,0.1206607922937429,2,0,2,2.3837639179612427,0.1397517485187871,0.2772749279634783,-0.378624913113709,0.2412712804258929,-0.5051524054878862,0.0780781478773326,1.636022457524844,0.0,15.0,15.0,0.0505626458458999,-0.0556301451034114,0.6968597931747331,0.182479414531524,0.1206607922937429,1.0,False,False,-0.1108744462465977,0.2498395691988201,1827,True,official_matchdays,False,,,16,3,0,2,2,2,2,2,2:1,1:0,2:0,2:0
d2688230edeae3159dee,D1,2022,2023-01-21,2023-01-17,1. FC Köln,SV Werder Bremen,7,1,1.607771225587295,1.348586468187292,0.4302251960303158,0.2531404187724549,0.3166343851972293,2,1,2,7.842330870575291,0.4889807327442133,-0.3843438767518603,-0.0974741205767005,-0.0135388991547799,-0.1025268847411024,-0.0690879947184667,0.2713763500777596,0.0,15.0,15.0,-0.0370150813822743,0.0129241815158463,0.4302251960303158,0.2531404187724549,0.3166343851972291,1.0,False,False,-0.1108744462465977,0.2498395691988201,1827,True,official_matchdays,False,,,16,7,1,2,2,2,2,2,2:1,1:0,2:1,2:1
e4bb9cd64cd8098bb92e,D1,2022,2023-01-21,2023-01-17,1. FC Union Berlin,TSG 1899 Hoffenheim,3,1,1.7252998710215113,1.1935020473635405,0.4277347324751387,0.2801537429076932,0.292111524617168,2,1,2,3.0253044181825133,0.4913027988946571,-0.190477552559263,-0.3971160990150243,0.4314880718095813,-0.1307490865598444,-0.013104440505266,-0.36659894202472,0.0,15.0,15.0,0.0001528276695616,-0.0295325102482759,0.4277347324751388,0.2801537429076932,0.292111524617168,1.0,False,False,-0.1108744462465977,0.2498395691988201,1827,True,official_matchdays,False,,,16,3,1,2,2,2,2,2,2:1,1:0,2:1,2:1
c00bcf55f792c2f8c1d3,D1,2022,2023-01-22,2023-01-17,Borussia Dortmund,FC Augsburg,4,3,2.7160543282152516,0.9155679980872352,0.7243581161706416,0.1628880261235514,0.1127538577058073,2,0,2,4.89746550860648,0.1152243896029657,-0.0631905335076215,-0.335472893050474,0.50255548795764,-0.1063182546306871,0.1133525419141268,1.64064001330408,0.0,15.0,15.0,0.0161222183974678,-0.0360553897253726,0.7243581161706413,0.1628880261235513,0.1127538577058073,1.0,False,False,-0.1108744462465977,0.2498395691988201,1827,True,official_matchdays,False,,,16,4,3,2,3,3,2,2,2:1,1:0,2:0,2:0
c661be75b4e7f5b90129,D1,2022,2023-01-22,2023-01-17,Borussia Mönchengladbach,Bayer 04 Leverkusen,2,3,1.7783632954985713,1.8094194148076816,0.3534286921083573,0.247491409719289,0.3990798981723535,1,2,3,3.1104068579571917,0.547268807070814,0.0469829595551852,0.2796153787958717,0.4329719304793246,-0.1021043829263949,-0.1897706135442692,-0.5959702313960992,0.0,15.0,15.0,-0.0187710036614885,0.0351009205790413,0.3534286921083573,0.247491409719289,0.3990798981723535,1.0,False,False,-0.1108744462465977,0.2498395691988201,1827,True,official_matchdays,False,,,16,2,3,3,3,3,3,3,1:2,0:1,1:2,1:2
46463f43feab300656a0,D1,2022,2023-01-24,2023-01-24,Bayern München,1. FC Köln,1,1,3.8404583406165367,0.8226343892920014,0.7874346279129876,0.1298203035207898,0.0827450685662226,3,0,0,2.916973169732532,1.3841127437731446,0.5086685999527436,-0.1630496935528087,0.5780431060347414,-0.4205824390750551,0.3230130999845301,2.2589951645059565,0.0,16.0,16.0,0.0751699996721413,-0.0578890543521445,0.7874346279129876,0.1298203035207898,0.0827450685662226,1.0,False,False,-0.1154552333992431,0.2663568279861803,1827,True,official_matchdays,False,,,17,1,1,0,0,0,0,0,2:1,1:0,3:0,3:0
aa566b834e7a7118fd0c,D1,2022,2023-01-24,2023-01-24,Hertha BSC,VfL Wolfsburg,0,5,1.125474529577597,1.658140907181338,0.314818753020783,0.2783180280328661,0.4068632189463509,1,2,2,5.217501146481212,0.5283830130203484,-0.2071490633448778,0.5769359927210779,0.0798943657007799,0.1785516807032642,-0.1058426187547868,0.0,0.0,16.0,16.0,-0.054853836908281,0.073343183377091,0.314818753020783,0.2783180280328661,0.4068632189463509,1.0,False,False,-0.1154552333992431,0.2663568279861803,1827,True,official_matchdays,False,,,17,0,5,2,2,2,2,2,1:2,0:1,1:2,1:2
bb643f49a70bf7aa74da,D1,2022,2023-01-24,2023-01-24,FC Schalke 04,RB Leipzig,1,6,0.6934298078745608,2.4209703314638795,0.167516755582142,0.2200334501239119,0.6124497942939461,0,2,2,4.953634171804731,0.2266717445170039,-0.4433737743640013,0.4036244947236411,-0.2529768701482771,0.0763932749063795,-0.1951137474082031,-2.232455667816305,0.0,16.0,16.0,-0.0742742895429923,0.0722868255609743,0.167516755582142,0.2200334501239119,0.6124497942939461,1.0,False,False,-0.1154552333992431,0.2663568279861803,1827,True,official_matchdays,False,,,17,1,6,2,2,2,2,2,1:2,0:1,0:2,0:2
cd37c26a4fcbe6dca27a,D1,2022,2023-01-24,2023-01-24,TSG 1899 Hoffenheim,Stuttgart,2,2,1.8839965948563815,1.1752698494038345,0.4465146256449765,0.2651951505902487,0.2882902237647748,2,1,0,2.791196689908769,0.8224247307493048,-0.4624357392918178,-0.0890589528793596,-0.2701572533668371,-0.4753973469602527,-0.0437628519375531,0.270724769134503,0.0,16.0,16.0,-0.0439787688820914,0.0164040342735325,0.4465146256449767,0.2651951505902486,0.2882902237647747,1.0,False,False,-0.1154552333992431,0.2663568279861803,1827,True,official_matchdays,False,,,17,2,2,0,0,0,0,0,2:1,1:0,2:1,2:1
40f17187cacd8dab4d92,D1,2022,2023-01-25,2023-01-24,FC Augsburg,Borussia Mönchengladbach,1,0,1.4125245732894578,1.7080097701351529,0.3154623989197649,0.2693836215494622,0.4151539795307728,1,2,0,2.966371090313975,0.7135120895720243,-0.4325017126189355,-0.0552774668203418,-0.3278387266509394,-0.3762572529294629,-0.0174763022354646,-0.8346570921756855,0.0,16.0,16.0,-0.0413601130326496,0.0169711540606858,0.3154623989197649,0.2693836215494622,0.4151539795307729,1.0,False,False,-0.1154552333992431,0.2663568279861803,1827,True,official_matchdays,False,,,17,1,0,0,0,0,0,0,1:2,0:1,1:2,1:2
bdf48b1cd6d047856da5,D1,2022,2023-01-25,2023-01-24,1. FSV Mainz 05,Borussia Dortmund,1,2,1.3390734020578368,1.9150786222044136,0.3297927193977519,0.2600804372486336,0.4101268433536146,1,2,4,2.5498999460109166,0.524355412539176,-0.1847063518958233,0.1249308146064539,-0.1389926454018407,-0.2650624293733954,-0.1554202877629633,-1.5720115069149836,0.0,16.0,16.0,-0.0324881903080532,0.0294994134435847,0.3297927193977518,0.2600804372486336,0.4101268433536145,1.0,False,False,-0.1154552333992431,0.2663568279861803,1827,True,official_matchdays,False,,,17,1,2,4,4,3,4,4,1:2,0:1,1:2,1:2
d98de1ec8a2df44c50e1,D1,2022,2023-01-25,2023-01-24,SV Werder Bremen,1. FC Union Berlin,1,2,1.2732544272122193,1.5584100705875363,0.337566558054518,0.292283239291107,0.370150202654375,1,1,0,2.5375589006076087,0.5960914403036016,-0.2762180266704503,0.0399903334166589,0.0105797329302376,-0.2504487671333673,-0.1445436336733643,-0.4168326661577945,0.0,16.0,16.0,-0.0368485010215462,0.0250371163588566,0.337566558054518,0.292283239291107,0.3701502026543749,1.0,False,False,-0.1154552333992431,0.2663568279861803,1827,True,official_matchdays,False,,,17,1,2,0,4,3,4,4,1:2,0:1,1:2,1:2
e1b072b7232b4f8b8ac8,D1,2022,2023-01-25,2023-01-24,Bayer 04 Leverkusen,VfL Bochum,2,0,2.60823632294695,0.8932482328034823,0.6668205285349118,0.1971707517639164,0.1360087197011718,2,0,4,2.3715827446581357,0.1683832373916553,0.4127760936959637,0.2862895183566009,0.259345314495242,-0.3686332649578742,0.0408484510589369,0.0,0.0,16.0,16.0,0.0290055560047131,0.005947724597915,0.6668205285349118,0.1971707517639164,0.1360087197011718,1.0,False,False,-0.1154552333992431,0.2663568279861803,1827,True,official_matchdays,False,,,17,2,0,4,2,2,4,4,2:1,1:0,2:0,2:0
efec6c592e3493734345,D1,2022,2023-01-25,2023-01-24,SC Freiburg,Eintracht Frankfurt,1,1,1.7100787274665938,1.4783805927602636,0.3766352439491092,0.2728465545654058,0.3505182014854849,2,1,0,2.0926412734800937,0.7934692497646255,0.0700426690095218,0.3763848696654462,0.4758539360036758,0.2357961768727726,-0.0629067485751711,-0.4280539050291638,0.0,16.0,16.0,-0.0149603140110786,0.037281690944827,0.3766352439491093,0.2728465545654058,0.3505182014854849,1.0,False,False,-0.1154552333992431,0.2663568279861803,1827,True,official_matchdays,False,,,17,1,1,0,0,0,0,0,2:1,1:0,2:1,2:1
65c4fc8907cd78eb216d,D1,2022,2023-01-27,2023-01-24,RB Leipzig,Stuttgart,2,1,2.5588443848066635,0.769093904372191,0.7190519598906109,0.177119416590702,0.1038286235186873,2,0,2,2.4492885847234542,0.1210834720365228,0.4036244947236411,-0.0890589528793596,0.4988706147778042,-0.4753973469602527,0.2379986643952238,1.3897117933331833,0.0,16.0,16.0,0.0567153303360932,-0.0409870532438792,0.7190519598906107,0.1771194165907019,0.1038286235186873,1.0,False,False,-0.1154552333992431,0.2663568279861803,1827,True,official_matchdays,False,,,18,2,1,2,4,3,2,2,2:1,1:0,2:0,2:0
14bbdb96666d63323a83,D1,2022,2023-01-28,2023-01-24,Hertha BSC,1. FC Union Berlin,0,2,1.1414224026476725,1.463491285308559,0.2677614340161982,0.2912919842782278,0.4409465817055741,0,1,2,2.513643817248075,0.4690879301578405,-0.2071490633448778,0.0399903334166589,0.0798943657007799,-0.2504487671333673,-0.1375179198856772,0.0,0.0,16.0,16.0,-0.0295903189996045,0.0212323825031936,0.2677614340161982,0.2912919842782278,0.4409465817055741,1.0,False,False,-0.1154552333992431,0.2663568279861803,1827,True,official_matchdays,False,,,18,0,2,2,2,2,2,2,1:2,0:1,0:1,0:1
1c667166b27406d7bc2a,D1,2022,2023-01-28,2023-01-24,1. FSV Mainz 05,VfL Bochum,5,2,1.6815590709600283,0.9821129616961964,0.5607445570882499,0.2403190958949643,0.1989363470167857,1,0,2,5.515122316067992,0.2902742821437538,-0.1847063518958233,0.2862895183566009,-0.1389926454018407,-0.3686332649578742,0.017946777888332,0.0,0.0,16.0,16.0,-0.0318877722129957,0.0369669305360346,0.56074455708825,0.2403190958949642,0.1989363470167857,1.0,False,False,-0.1154552333992431,0.2663568279861803,1827,True,official_matchdays,False,,,18,5,2,2,2,2,2,2,2:1,1:0,1:0,1:0
7a53db9f19c623f83b89,D1,2022,2023-01-28,2023-01-24,SC Freiburg,FC Augsburg,3,1,2.019204875342053,0.9523003154485816,0.6346503357468768,0.2120181431366778,0.1533315211164454,2,1,2,2.6640497252895177,0.2019426255568776,0.0700426690095218,-0.4325017126189355,0.4758539360036758,-0.1810358729359126,0.2740953297447881,0.5750660378809338,0.0,16.0,16.0,0.0423341190191383,-0.060457071199609,0.6346503357468767,0.2120181431366778,0.1533315211164454,1.0,False,False,-0.1154552333992431,0.2663568279861803,1827,True,official_matchdays,False,,,18,3,1,2,2,2,2,2,2:1,1:0,2:1,2:1
a72964e83de00c124d63,D1,2022,2023-01-28,2023-01-24,TSG 1899 Hoffenheim,Borussia Mönchengladbach,1,4,1.838140329745249,1.6576494715767605,0.467892269904433,0.2440659423165616,0.2880417877790053,2,1,0,4.21312578525219,0.7853758563841089,-0.4624357392918178,-0.0552774668203418,-0.2701572533668371,-0.3762572529294629,-0.1309989453766986,-0.3540909631728073,0.0,16.0,16.0,-0.0500296478569996,0.0241439875513916,0.467892269904433,0.2440659423165617,0.2880417877790053,1.0,False,False,-0.1154552333992431,0.2663568279861803,1827,True,official_matchdays,False,,,18,1,4,0,0,0,0,0,2:1,1:0,2:1,2:1
b644a5d36f68132d4d4c,D1,2022,2023-01-28,2023-01-24,SV Werder Bremen,VfL Wolfsburg,2,1,1.2578476634621336,1.7623390538890538,0.2945113539602211,0.263043017509677,0.4424456285301018,1,2,0,2.567236676536651,0.7626639929570336,-0.2762180266704503,0.5769359927210779,0.0105797329302376,0.1785516807032642,-0.0749413660507266,0.0,0.0,16.0,16.0,-0.0602156706056352,0.0752515689081666,0.2945113539602212,0.263043017509677,0.4424456285301019,1.0,False,False,-0.1154552333992431,0.2663568279861803,1827,True,official_matchdays,False,,,18,2,1,0,0,0,0,0,1:2,0:1,1:2,1:2
c97806290d958a759296,D1,2022,2023-01-28,2023-01-24,Bayern München,Eintracht Frankfurt,1,1,3.3166872862885035,1.0307883250033951,0.7223711598690272,0.1564745346296101,0.1211543055013626,3,1,0,2.768989659563228,1.248033669080374,0.5086685999527436,0.3763848696654462,0.5780431060347414,0.2357961768727726,0.2062801629626396,1.224386092493982,0.0,16.0,16.0,0.042361624660134,0.0018910488207754,0.7223711598690271,0.1564745346296101,0.1211543055013626,1.0,False,False,-0.1154552333992431,0.2663568279861803,1827,True,official_matchdays,False,,,18,1,1,0,0,0,0,0,2:1,1:0,3:1,3:1
34078ba0b80e5a415d9b,D1,2022,2023-01-29,2023-01-24,FC Schalke 04,1. FC Köln,0,0,1.0738044211908648,1.6921552048295865,0.2574772431729519,0.2574772431729519,0.4850455136540961,1,2,0,2.6130745053634543,0.852903725473949,-0.4433737743640013,-0.1630496935528087,-0.2529768701482771,-0.4205824390750551,-0.189461778690136,-0.6014133855128695,0.0,16.0,16.0,-0.0456579816932665,0.0153368082974259,0.2574772431729519,0.2574772431729519,0.4850455136540962,1.0,False,False,-0.1154552333992431,0.2663568279861803,1827,True,official_matchdays,False,,,18,0,0,0,0,0,0,0,1:2,0:1,1:2,1:2
6ce2e5c4b18bcc1defea,D1,2022,2023-01-29,2023-01-24,Bayer 04 Leverkusen,Borussia Dortmund,0,2,2.0927138007325943,1.7287280833610994,0.393578537693595,0.2520555464494414,0.3543659158569636,2,1,0,3.301767945010001,0.6352794344361725,0.4127760936959637,0.1249308146064539,0.259345314495242,-0.2650624293733954,0.0181001071757724,-0.2100126897322952,0.0,16.0,16.0,0.0359360739980623,-0.0090507285829414,0.3935785376935949,0.2520555464494414,0.3543659158569637,1.0,False,False,-0.1154552333992431,0.2663568279861803,1827,True,official_matchdays,False,,,18,0,2,0,0,0,0,0,2:1,1:0,2:1,2:1
a6d075e345f7e1099b67,D1,2022,2023-02-03,2023-01-31,FC Augsburg,Bayer 04 Leverkusen,1,0,1.1690845042433349,1.8789407823705944,0.2335267302113551,0.2448456278491504,0.5216276419394943,1,2,0,3.1100419486221753,0.9195260516126986,-0.279106870747738,0.2739871306460407,-0.0855399861540473,0.0328409547850016,-0.2099540712297928,-1.4306273235717846,0.0,18.0,18.0,-0.0521077471685654,0.0518517601634806,0.2335267302113551,0.2448456278491504,0.5216276419394944,1.0,False,False,-0.124569855342667,0.2466206406153588,1836,True,official_matchdays,False,,,19,1,0,0,0,0,0,0,1:2,0:1,1:2,1:2
5ffb459e08cac83377fa,D1,2022,2023-02-04,2023-01-31,1. FC Union Berlin,1. FSV Mainz 05,2,1,1.7295258054961102,0.9800554355974044,0.4845966143053226,0.2813786792740582,0.2340247064206192,1,0,3,2.427629365702074,0.3995821743508067,0.258046059794273,-0.0742258461607121,0.4900432720029123,-0.1793134637211581,0.1286915377040904,0.0453386805890617,0.0,18.0,18.0,0.0359504751726674,-0.0267594644909893,0.4845966143053226,0.2813786792740582,0.2340247064206192,1.0,False,False,-0.124569855342667,0.2466206406153588,1836,True,official_matchdays,False,,,19,2,1,3,4,3,3,3,2:1,1:0,1:0,1:0
72f5ab8df010d2ce497e,D1,2022,2023-02-04,2023-01-31,Borussia Mönchengladbach,FC Schalke 04,0,0,2.7601315796955808,0.772817125940223,0.6226102642906912,0.2079869429517709,0.1694027927575379,2,0,0,2.965999519939752,1.0436255299290589,0.0173607833382503,-0.3978755345076697,0.194566010774358,-0.5471687498655255,0.1376434295137594,1.4675596067904315,0.0,18.0,18.0,0.0285120265348965,-0.0475377640933674,0.6226102642906912,0.207986942951771,0.1694027927575379,1.0,False,False,-0.124569855342667,0.2466206406153588,1836,True,official_matchdays,False,,,19,0,0,0,0,0,0,0,2:1,1:0,2:0,2:0
a40c74fbcb29a9c748f2,D1,2022,2023-02-04,2023-01-31,Borussia Dortmund,SC Freiburg,5,1,2.4422942393913196,1.2292040847932997,0.5711988565302841,0.2301232803287475,0.1986778631409683,2,1,2,3.887382239169918,0.2763000380924605,0.4088747515068556,0.2280648989407007,0.532179559719439,-0.1906859628109393,0.1955880170586013,1.065573975423146,0.0,18.0,18.0,0.0392636310565805,-0.0074166485342027,0.5711988565302841,0.2301232803287475,0.1986778631409683,1.0,False,False,-0.124569855342667,0.2466206406153588,1836,True,official_matchdays,False,,,19,5,1,2,2,2,2,2,2:1,1:0,2:1,2:1
b52aa34980d489e6e134,D1,2022,2023-02-04,2023-01-31,VfL Bochum,TSG 1899 Hoffenheim,5,2,1.4196548786169298,1.6256296305421636,0.3472719323022872,0.2679507667067786,0.3847773009909342,1,2,0,5.725305362644216,0.6459051150970083,-0.0812235999976233,-0.5096310988647024,0.3475661673284769,-0.2172401745539146,0.0641205077855299,0.0,0.0,18.0,18.0,0.0205652203327492,-0.0501079552758655,0.3472719323022872,0.2679507667067787,0.3847773009909342,1.0,False,False,-0.124569855342667,0.2466206406153588,1836,True,official_matchdays,False,,,19,5,2,0,0,0,0,0,1:2,0:1,1:2,1:2
d254ea35068b8d490350,D1,2022,2023-02-04,2023-01-31,Eintracht Frankfurt,Hertha BSC,3,0,2.3351007326124607,0.9218720266628986,0.6437000602679006,0.2076002358872666,0.1486997038448328,2,1,2,2.557942318493195,0.1921591069170874,0.1904106141625093,-0.3813845348901571,0.4136467269285034,-0.4260165957650431,0.2044475001091469,0.0,0.0,18.0,18.0,0.0483326631662161,-0.0578813592025985,0.6437000602679006,0.2076002358872666,0.1486997038448328,1.0,False,False,-0.124569855342667,0.2466206406153588,1836,True,official_matchdays,False,,,19,3,0,2,2,2,2,2,2:1,1:0,2:1,2:1
d777935e2cf9ba64a644,D1,2022,2023-02-04,2023-01-31,1. FC Köln,RB Leipzig,0,0,1.1327363928993273,2.0254838235241457,0.2434379130810111,0.2557392969867005,0.5008227899322886,1,2,0,2.829650971766149,0.8640094784906499,-0.1659724581329903,0.5466092865837193,0.1979874585693215,0.2517061828260318,-0.0738077179007924,-1.6310422823034352,0.0,18.0,18.0,-0.0476180960375246,0.066649937460061,0.243437913081011,0.2557392969867005,0.5008227899322885,1.0,False,False,-0.124569855342667,0.2466206406153588,1836,True,official_matchdays,False,,,19,0,0,0,0,0,0,0,1:2,0:1,1:2,1:2
dfb1ece66edd8d46256e,D1,2022,2023-02-05,2023-01-31,VfL Wolfsburg,Bayern München,2,4,1.2918308743521534,2.13620544688538,0.1896976959050101,0.2078033328243603,0.6024989712706296,1,2,2,3.670847620055295,0.2371745088054893,0.42281921484155,0.2575400789968137,0.4272030078872104,0.2793602804288467,-0.2574144558122441,0.0,0.0,18.0,18.0,0.0165341947437021,0.017483769948216,0.1896976959050101,0.2078033328243603,0.6024989712706296,1.0,False,False,-0.124569855342667,0.2466206406153588,1836,True,official_matchdays,False,,,19,2,4,2,2,2,2,2,1:2,0:1,1:2,1:2
ee7e99e4cce51e926e06,D1,2022,2023-02-05,2023-01-31,Stuttgart,SV Werder Bremen,0,2,1.670786535475168,1.2842303410975942,0.46460682926121,0.2579757596436907,0.2774174110950993,2,1,0,3.1604121039052617,0.8045365961484031,-0.2260415016665452,-0.1348379004605369,0.1473469892196691,-0.2135660654767018,0.0821773577913169,0.5127068390480115,0.0,18.0,18.0,-0.0117533872540618,-0.0062905828522922,0.46460682926121,0.2579757596436907,0.2774174110950993,1.0,False,False,-0.124569855342667,0.2466206406153588,1836,True,official_matchdays,False,,,19,0,2,0,0,0,0,0,2:1,1:0,2:1,2:1
24a2644a4a4ee7383e7d,D1,2022,2023-02-10,2023-02-07,FC Schalke 04,VfL Wolfsburg,0,0,0.8211864523272004,2.0031320986206183,0.2526053521351898,0.2601355929847484,0.4872590548800616,0,1,0,2.5099900299102544,0.8486301912579841,-0.3290468240757784,0.2101861883039494,-0.2916388036809919,0.1972686962621357,-0.1680712642118569,0.0,0.0,19.0,19.0,-0.0518175550333681,0.0458745232447767,0.2526053521351898,0.2601355929847484,0.4872590548800616,1.0,False,False,-0.130457937226782,0.253409031621751,1836,True,official_matchdays,False,,,20,0,0,0,0,0,0,0,1:2,0:1,0:1,0:1
10379acbcfe997a9381b,D1,2022,2023-02-11,2023-02-07,1. FSV Mainz 05,FC Augsburg,3,1,1.6044697047540244,1.0483365696166032,0.524063344920819,0.2497489378138277,0.2261877172653534,1,0,2,2.906554804708089,0.340051115028806,-0.2248209923811791,-0.0722488085395739,-0.0033511674360336,-0.3219743911523321,0.0086995723200934,0.0686285063890963,0.0,19.0,19.0,-0.0184346801951345,0.0035811901490968,0.5240633449208189,0.2497489378138277,0.2261877172653534,1.0,False,False,-0.130457937226782,0.253409031621751,1836,True,official_matchdays,False,,,20,3,1,2,2,2,2,2,2:1,1:0,1:0,1:0
64b3835bfdfe684d641a,D1,2022,2023-02-11,2023-02-07,RB Leipzig,1. FC Union Berlin,1,2,1.93638526730285,0.9816609613789908,0.5528385245376812,0.2592827581389664,0.1878787173233526,2,1,0,2.904484409354768,1.032398960657513,0.4256916501097446,0.3884525497354444,0.5659536290149488,0.0894661035365404,-0.0713680077237927,1.4855859662234003,0.0,19.0,19.0,0.0195781371380126,0.0211290728542468,0.5528385245376811,0.2592827581389663,0.1878787173233525,1.0,False,False,-0.130457937226782,0.253409031621751,1836,True,official_matchdays,False,,,20,1,2,0,0,0,0,0,2:1,1:0,2:1,2:1
6ae7a399d3d96c5ba602,D1,2022,2023-02-11,2023-02-07,TSG 1899 Hoffenheim,Bayer 04 Leverkusen,1,3,1.5302594555662783,1.8966395829198908,0.3261414338976835,0.2605586455595623,0.4132999205427541,1,2,2,2.9631915531784085,0.5184760259158094,-0.5475280459019948,0.1042567939399017,-0.4202460995930751,-0.0735081223166525,-0.0025996243886481,-0.9500611945689064,0.0,19.0,19.0,-0.0600956255066269,0.0379320629085223,0.3261414338976835,0.2605586455595624,0.4132999205427541,1.0,False,False,-0.130457937226782,0.253409031621751,1836,True,official_matchdays,False,,,20,1,3,2,2,2,2,2,1:2,0:1,1:2,1:2
c9ddca5518b8a1976537,D1,2022,2023-02-11,2023-02-07,SC Freiburg,Stuttgart,2,1,1.953822845885168,1.0247648962272884,0.5201477589032545,0.2572773861241902,0.2225748549725553,2,1,4,2.4107638400462563,0.3459893927625189,-0.0058521247110154,-0.2954119118252977,0.5197317798649524,-0.459054087557062,0.1718189589021049,0.3652246780125588,0.0,19.0,19.0,0.0227763310652685,-0.0378395328920842,0.5201477589032544,0.2572773861241903,0.2225748549725553,1.0,False,False,-0.130457937226782,0.253409031621751,1836,True,official_matchdays,False,,,20,2,1,4,4,3,4,4,2:1,1:0,2:1,2:1
e0a9ad95e402556ea759,D1,2022,2023-02-11,2023-02-07,Bayern München,VfL Bochum,3,0,4.027528202330279,0.7365419361450517,0.8477319766991348,0.0989604476931841,0.0533075756076807,3,0,4,2.4418498305733483,0.0358204187447568,0.3440328489027863,0.085610586591512,0.3075403940358316,-0.4765067359630216,0.1610537633703412,0.0,0.0,19.0,19.0,0.0381754437292201,-0.0166932719545051,0.8477319766991351,0.0989604476931841,0.0533075756076807,1.0,False,False,-0.130457937226782,0.253409031621751,1836,True,official_matchdays,False,,,20,3,0,4,2,2,4,4,2:1,1:0,3:0,3:0
fc7cde95f86c514a66ac,D1,2022,2023-02-11,2023-02-07,SV Werder Bremen,Borussia Dortmund,0,2,1.378585764326119,2.3756425324593113,0.2411664308510301,0.2285339035207379,0.5302996656282319,1,2,2,2.8166826776884637,0.3310073965368013,0.0856335072292085,0.4810261232731948,0.085033743917402,0.05335631428513,-0.0953147174163829,-1.9435054924837163,0.0,19.0,19.0,-0.020253691311558,0.0485866728366782,0.24116643085103,0.228533903520738,0.5302996656282319,1.0,False,False,-0.130457937226782,0.253409031621751,1836,True,official_matchdays,False,,,20,0,2,2,2,2,2,2,1:2,0:1,1:2,1:2
19adb8b051915fe8e3d2,D1,2022,2023-02-12,2023-02-07,Hertha BSC,Borussia Mönchengladbach,4,1,1.2703216805745736,1.805536067011413,0.3399911505111744,0.2670682575045994,0.3929405919842262,1,2,0,4.421337870702208,0.6613394443990204,-0.5024903084920554,0.0149009430409053,-0.1882186316669558,-0.1630184079241671,-0.0906417966559637,0.0,0.0,19.0,19.0,-0.055526167834049,0.0311466995614915,0.3399911505111744,0.2670682575045994,0.3929405919842261,1.0,False,False,-0.130457937226782,0.253409031621751,1836,True,official_matchdays,False,,,20,4,1,0,0,0,0,0,1:2,0:1,1:2,1:2
505c955df49332b9d961,D1,2022,2023-02-12,2023-02-07,1. FC Köln,Eintracht Frankfurt,3,0,1.4503600951227469,1.6283601424580567,0.3549560117302054,0.269208211143695,0.3758357771260997,1,2,0,3.675923922450069,0.6298073391181706,-0.1321790623801888,0.3051270018791692,0.0995932031769365,0.1173369256289521,-0.0128812255127403,-1.0346090720119745,0.0,19.0,19.0,-0.0291183176076143,0.0377657145825633,0.3549560117302052,0.269208211143695,0.3758357771260997,1.0,False,False,-0.130457937226782,0.253409031621751,1836,True,official_matchdays,False,,,20,3,0,0,0,0,0,0,1:2,0:1,1:2,1:2
c2392620de945c53a932,D1,2022,2023-02-17,2023-02-14,FC Augsburg,TSG 1899 Hoffenheim,1,0,1.5745596052864614,1.4433690295454578,0.35962248282951,0.2682100640097184,0.3721674531607717,1,2,0,2.8694907634015374,0.6205286161257136,-0.1758797971361107,-0.5858239772891426,0.1065967684131724,-0.3076694329141025,-0.2308445615050387,-0.4805661290028781,0.0,20.0,20.0,0.0001609910755941,-0.0382461797968567,0.3596224828295099,0.2682100640097183,0.3721674531607718,1.0,False,False,-0.1351321455504491,0.259178262130471,1836,True,official_matchdays,False,,,21,1,0,0,0,0,3,3,1:2,0:1,2:1,2:1
0ce2944e4348b5613fa8,D1,2022,2023-02-18,2023-02-14,VfL Bochum,SC Freiburg,0,2,1.312873068553977,1.685900516708877,0.3098674928979731,0.2720143616632774,0.4181181454387495,1,2,2,2.715086377567254,0.508596168773596,-0.0559155114634345,0.1118000852946539,0.4942147118390257,-0.3460535274753019,-0.1300979727929611,0.0,0.0,20.0,20.0,-0.0176864540507242,0.0204806827422851,0.309867492897973,0.2720143616632774,0.4181181454387495,1.0,False,False,-0.1351321455504491,0.259178262130471,1836,True,official_matchdays,False,,,21,0,2,2,2,2,2,2,1:2,0:1,1:2,1:2
5724a1d9b2c430ff966c,D1,2022,2023-02-18,2023-02-14,Stuttgart,1. FC Köln,3,0,1.3768843156813062,1.396128486915087,0.394869856313888,0.2765226947673624,0.3286074489187492,2,1,2,3.4911841213483465,0.5506301470038668,-0.3996382733235651,0.0806069202647096,0.0042623997964991,-0.3243731271930182,0.0351285666805459,0.2413304889702519,0.0,20.0,20.0,-0.0422377450115647,0.0262861773586219,0.3948698563138881,0.2765226947673626,0.3286074489187494,1.0,False,False,-0.1351321455504491,0.259178262130471,1836,True,official_matchdays,False,,,21,3,0,2,2,2,0,2,2:1,1:0,1:1,2:1
68cf65acb27d9cfd1c26,D1,2022,2023-02-18,2023-02-14,VfL Wolfsburg,RB Leipzig,0,3,1.3622449165689892,1.554459550517678,0.2940338993211144,0.2662640310518981,0.4397020696269876,1,2,2,3.3014229582444807,0.4712862389622664,0.1062855179873832,0.1885937393855433,0.2137823687327251,0.2038280252692165,-0.109810476947197,0.0,0.0,20.0,20.0,-0.0042916590178986,0.019035621886545,0.2940338993211144,0.266264031051898,0.4397020696269875,1.0,False,False,-0.1351321455504491,0.259178262130471,1836,True,official_matchdays,False,,,21,0,3,2,2,2,2,2,1:2,0:1,1:2,1:2
c8c7b912c08feb49ca60,D1,2022,2023-02-18,2023-02-14,Borussia Mönchengladbach,Bayern München,3,2,1.279460613765564,2.7290276122700545,0.1381340524340382,0.1692081450729783,0.6926578024929835,1,2,0,3.815907721016519,1.25121913928722,-0.1205506010571951,0.427834018016273,0.1001012030712439,0.3586179971234414,-0.0377319497707737,-1.392848943228394,0.0,20.0,20.0,-0.0353333584950718,0.0506975293430257,0.1381340524340382,0.1692081450729783,0.6926578024929834,1.0,False,False,-0.1351321455504491,0.259178262130471,1836,True,official_matchdays,False,,,21,3,2,0,0,0,0,0,1:2,0:1,1:2,1:2
e7024eec03840202a33b,D1,2022,2023-02-18,2023-02-14,Eintracht Frankfurt,SV Werder Bremen,2,0,2.2440554882527053,1.1035945529292963,0.5941597377146823,0.2179036851299859,0.1879365771553317,2,1,2,2.4655445263848264,0.2475084915179054,0.1175320962425857,-0.1032160702382413,0.5283671134554058,-0.0023205423046971,0.0750469537342855,1.305985422089734,0.0,20.0,20.0,0.0206663608228849,-0.0199505595226676,0.5941597377146822,0.2179036851299859,0.1879365771553317,1.0,False,False,-0.1351321455504491,0.259178262130471,1836,True,official_matchdays,False,,,21,2,0,2,2,2,2,2,2:1,1:0,2:1,2:1
35cc24bd8a62e5104dd8,D1,2022,2023-02-19,2023-02-14,1. FC Union Berlin,FC Schalke 04,0,0,2.363674120780103,0.5789417664538421,0.5991755318489269,0.2464475195265509,0.1543769486245222,2,0,0,2.4200040453653955,0.9506849010607504,0.4385768852714167,-0.269269464910836,0.5186006121005229,-0.4482025925566398,0.1136351834148621,0.7468697015929042,0.0,20.0,20.0,0.0630029209434265,-0.0545375499253975,0.5991755318489269,0.2464475195265509,0.1543769486245222,1.0,False,False,-0.1351321455504491,0.259178262130471,1836,True,official_matchdays,False,,,21,0,0,0,0,0,0,0,2:1,1:0,2:0,2:0
4a984e8400d6cb9915b6,D1,2022,2023-02-19,2023-02-14,Borussia Dortmund,Hertha BSC,4,1,3.161085340122457,0.8758262980162705,0.7185780787134998,0.1688531527719001,0.1125687685146001,2,0,2,2.8643016037181197,0.1203814126264894,0.5306810870862405,-0.2031166698798086,0.5888068859942184,-0.4789361127343341,0.1634071777916565,0.0,0.0,20.0,20.0,0.0713943010921973,-0.0550160802318757,0.7185780787134998,0.1688531527719001,0.1125687685146,1.0,False,False,-0.1351321455504491,0.259178262130471,1836,True,official_matchdays,False,,,21,4,1,2,2,2,2,2,2:1,1:0,2:0,2:0
e697e2bb8f601c4ad041,D1,2022,2023-02-19,2023-02-14,Bayer 04 Leverkusen,1. FSV Mainz 05,2,3,2.1469478976264544,1.0595469961852364,0.5235777511149344,0.2444253276888597,0.2319969211962058,2,1,0,3.65053635353252,0.9237061313304856,0.2817713384797298,0.0151319299730707,0.2228125561292865,-0.3043986115661217,0.1464429451776391,1.3619988171826882,0.0,20.0,20.0,0.0347426846082014,-0.0198975211855613,0.5235777511149344,0.2444253276888597,0.2319969211962058,1.0,False,False,-0.1351321455504491,0.259178262130471,1836,True,official_matchdays,False,,,21,2,3,0,0,0,0,0,2:1,1:0,2:1,2:1
b728e5ee493bd160762f,D1,2022,2023-02-24,2023-02-21,1. FSV Mainz 05,Borussia Mönchengladbach,4,0,1.7458082060124558,1.4945092892163894,0.4469580942188105,0.2618419353052977,0.2911999704758917,2,1,2,4.137856218789198,0.4592139714396739,0.1958109695477834,0.017708869867677,0.196811457664396,-0.2865599529400675,0.0095707820095745,-0.7660285857865892,0.0,21.0,21.0,0.0191741925618732,-0.0084982005911001,0.4469580942188105,0.2618419353052977,0.2911999704758917,1.0,False,False,-0.1313261501379872,0.2595775954624921,1836,True,official_matchdays,False,,,22,4,0,2,2,2,2,2,2:1,1:0,2:1,2:1
30f0f057930966c0d147,D1,2022,2023-02-25,2023-02-21,SV Werder Bremen,VfL Bochum,3,0,1.793385273926786,1.156352863476603,0.474927281649373,0.2585857436473676,0.2664869747032594,2,1,2,3.057790240545981,0.4135832540602746,-0.2581360556018938,-0.1558515470858769,-0.0468553584725273,-0.5203549598685184,0.1168530948268025,0.0,0.0,21.0,21.0,-0.0121783734645554,-0.0085210066698331,0.4749272816493731,0.2585857436473676,0.2664869747032594,1.0,False,False,-0.1313261501379872,0.2595775954624921,1836,True,official_matchdays,False,,,22,3,0,2,2,2,2,2,2:1,1:0,2:1,2:1
3da54b3cf0440e88e9d8,D1,2022,2023-02-25,2023-02-21,TSG 1899 Hoffenheim,Borussia Dortmund,0,1,1.4341646654810265,2.483401092823063,0.2310511972630452,0.227218594464843,0.5417302082721116,1,2,3,3.310819092809858,0.3150241474375876,-0.5777061051298865,0.5809481669346952,-0.5248364665763037,0.2433306098704234,-0.0616314200720934,-1.1600738843012015,0.0,21.0,21.0,-0.089899589863328,0.0900616929535685,0.2310511972630452,0.227218594464843,0.5417302082721117,1.0,False,False,-0.1313261501379872,0.2595775954624921,1836,True,official_matchdays,False,,,22,0,1,3,3,4,3,3,1:2,0:1,1:2,1:2
45b8b1b475586076c048,D1,2022,2023-02-25,2023-02-21,RB Leipzig,Eintracht Frankfurt,2,1,2.18068645691869,1.090623969444384,0.561166807938503,0.2329114664016602,0.2059217256598369,2,1,4,2.401338386408284,0.2892260787349795,0.3036365552621854,0.2324940850154357,0.3036555997850797,-0.0933714616284626,-0.1435188747053649,0.5964332102914607,0.0,21.0,21.0,0.0115630075401785,0.0152435244737025,0.5611668079385029,0.2329114664016602,0.2059217256598369,1.0,False,False,-0.1313261501379872,0.2595775954624921,1836,True,official_matchdays,False,,,22,2,1,4,4,3,4,4,2:1,1:0,2:1,2:1
4f89e980dfe1124ed529,D1,2022,2023-02-25,2023-02-21,FC Schalke 04,Stuttgart,2,1,0.987982933079446,1.3947696841266466,0.3207499872704271,0.284582332919459,0.3946676798101138,0,1,0,2.517132192110461,0.6981302614897053,-0.2235467181883167,-0.1154287745045049,-0.3020645309768633,-0.4970828347630132,-0.0356033870588489,-0.8427438744831214,0.0,21.0,21.0,-0.0183634024465488,0.0014146278119077,0.3207499872704271,0.284582332919459,0.3946676798101139,1.0,False,False,-0.1313261501379872,0.2595775954624921,1836,True,official_matchdays,False,,,22,2,1,0,0,0,0,0,1:2,0:1,0:1,0:1
add927e19d383b12ae4e,D1,2022,2023-02-25,2023-02-21,1. FC Köln,VfL Wolfsburg,0,2,1.434487544129013,1.4476688908777875,0.4026907432372058,0.2746143177376933,0.3226949390251009,2,1,0,2.9540820009964053,0.6963150038176837,-0.0633349303502256,-0.1090667910289951,0.270737904243211,0.1023183115330367,0.077538129512404,0.0,0.0,21.0,21.0,0.0029967529920473,-0.0116168390610084,0.4026907432372058,0.2746143177376933,0.3226949390251009,1.0,False,False,-0.1313261501379872,0.2595775954624921,1836,True,official_matchdays,False,,,22,0,2,0,0,0,2,0,2:1,1:0,1:2,2:1
b5ab11e9a287d0922059,D1,2022,2023-02-25,2023-02-21,Hertha BSC,FC Augsburg,2,0,1.4108154203354095,1.2306600311572269,0.4456721915285452,0.2639656230816453,0.2903621853898097,2,1,2,2.5268325375688283,0.4612673681179933,-0.2993981571684444,0.0324878274095387,0.0346356802433349,-0.3807385218529625,0.2232164938293919,0.0,0.0,21.0,21.0,-0.0204033823958517,0.0070578659079065,0.4456721915285451,0.2639656230816452,0.2903621853898097,1.0,False,False,-0.1313261501379872,0.2595775954624921,1836,True,official_matchdays,False,,,22,2,0,2,2,2,2,2,2:1,1:0,2:1,2:1
b3fd76da225cc7db6231,D1,2022,2023-02-26,2023-02-21,Bayern München,1. FC Union Berlin,3,0,2.6173778146893003,0.9327520469115635,0.721611325750412,0.1741820441466512,0.1042066301029368,2,0,2,2.459570723279148,0.1186986602109595,0.1936659340140948,0.3637541384656491,0.4413243370872309,0.1933077324873803,0.2129446801495181,2.1135388484259217,0.0,21.0,21.0,0.0118261204856029,0.0160448831383842,0.721611325750412,0.1741820441466511,0.1042066301029367,1.0,False,False,-0.1313261501379872,0.2595775954624921,1836,True,official_matchdays,False,,,22,3,0,2,2,2,2,2,2:1,1:0,2:0,2:0
ff96bc53ff5ceb9c6efb,D1,2022,2023-02-26,2023-02-21,SC Freiburg,Bayer 04 Leverkusen,1,1,1.6571245566006116,1.5496617615824937,0.4355318780188232,0.2668997581173847,0.2975683638637922,2,1,0,2.117729652414384,0.8156709125915264,0.2244771792845743,0.0672160848185546,0.5462698792561153,0.0691475703333656,-0.0014111196364017,-0.8555612856908508,0.0,21.0,21.0,0.0190163577057096,-0.0044316945005531,0.4355318780188231,0.2668997581173847,0.2975683638637922,1.0,False,False,-0.1313261501379872,0.2595775954624921,1836,True,official_matchdays,False,,,22,1,1,0,0,0,0,0,2:1,1:0,2:1,2:1
75a0ca4beb0c6dcfed56,D1,2022,2023-03-03,2023-02-28,Borussia Dortmund,RB Leipzig,2,1,1.931897764380016,1.533795422951114,0.4328503573622619,0.2611216829739732,0.3060279596637648,2,1,4,2.474310339865231,0.483496362559241,0.6566552992413495,0.3656845917608036,0.6921130026692253,0.3829307008794665,-0.135633675663984,0.0410868601025215,0.0,22.0,22.0,0.0405996165528955,0.010517377997212,0.4328503573622619,0.2611216829739732,0.3060279596637648,1.0,False,False,-0.1291287263827164,0.2703836775875024,1836,True,official_matchdays,False,,,23,2,1,4,4,3,4,4,2:1,1:0,2:1,2:1
7b4b457ec1a9778544f9,D1,2022,2023-03-04,2023-02-28,Borussia Mönchengladbach,SC Freiburg,0,0,1.825809731752534,1.5189537231700851,0.387910008000156,0.2698979492282776,0.3421920427715663,2,1,0,2.966509160230861,0.8006185729839334,-0.1182471594041119,0.1848058454445519,0.258884799465983,-0.1478015926572005,-0.0800445880167954,0.2595910542947516,0.0,22.0,22.0,-0.0250672376134785,0.0283951719155005,0.3879100080001561,0.2698979492282776,0.3421920427715663,1.0,False,False,-0.1291287263827164,0.2703836775875024,1836,True,official_matchdays,False,,,23,0,0,0,0,0,0,0,2:1,1:0,2:1,2:1
bc96e6963cf3b3b402bd,D1,2022,2023-03-04,2023-02-28,1. FC Union Berlin,1. FC Köln,0,0,1.8056937137173497,0.9678213908622996,0.4963557368028384,0.2834220627306148,0.2202222004665467,1,0,0,2.475146124193608,0.8083507752166635,0.1455701914376723,-0.1685674276982429,0.3659182431089363,-0.4590365695515764,0.1291614988265041,0.1454563160800348,0.0,22.0,22.0,0.0294434654700045,-0.0305933272830331,0.4963557368028384,0.2834220627306148,0.2202222004665467,1.0,False,False,-0.1291287263827164,0.2703836775875024,1836,True,official_matchdays,False,,,23,0,0,0,0,0,0,0,2:1,1:0,1:0,1:0
c3f2fa7318dffeb1b4ba,D1,2022,2023-03-04,2023-02-28,1. FSV Mainz 05,TSG 1899 Hoffenheim,1,0,2.018218472527333,1.2069990224975116,0.4963911109891956,0.2541206483313389,0.2494882406794655,2,1,3,2.7930328461990417,0.3804435992363715,0.369724557641591,-0.5710467275820988,0.350489475648622,-0.4163230202282215,0.0071706147250359,-0.4119376226137818,0.0,22.0,22.0,0.0658833228795158,-0.0759494313765412,0.4963911109891956,0.2541206483313389,0.2494882406794655,1.0,False,False,-0.1291287263827164,0.2703836775875024,1836,True,official_matchdays,False,,,23,1,0,3,3,4,3,3,2:1,1:0,2:1,2:1
cc5ec4826d1f54502a1c,D1,2022,2023-03-04,2023-02-28,FC Augsburg,SV Werder Bremen,2,1,1.488873860131695,1.2561914983744362,0.4095825821661352,0.2677159894605463,0.3227014283733185,2,1,4,2.4168844418819213,0.5244007901686278,-0.1100164493660447,0.0039652321353229,0.2675280758624751,-0.1753678867749512,0.013528289648833,0.3028654791796364,0.0,22.0,22.0,-0.0105234920609289,0.0052209311993928,0.4095825821661351,0.2677159894605463,0.3227014283733185,1.0,False,False,-0.1291287263827164,0.2703836775875024,1836,True,official_matchdays,False,,,23,2,1,4,4,3,4,4,2:1,1:0,2:1,2:1
f1307e045db1b65a9356,D1,2022,2023-03-04,2023-02-28,Stuttgart,Bayern München,1,2,0.9566499612735048,2.7697880348554076,0.1470229540053096,0.1908667772673304,0.66211026872736,0,2,2,2.54221527352867,0.1722153461683609,-0.251991742294141,0.3044827213592881,0.1925346757136257,0.173682485920875,-0.2295185528537052,-2.0176646755357046,0.0,22.0,22.0,-0.0518992379400637,0.0545237868933211,0.1470229540053096,0.1908667772673304,0.66211026872736,1.0,False,False,-0.1291287263827164,0.2703836775875024,1836,True,official_matchdays,False,,,23,1,2,2,4,3,2,2,1:2,0:1,0:2,0:2
fed34c0a9720e578390a,D1,2022,2023-03-04,2023-02-28,VfL Bochum,FC Schalke 04,0,2,1.5669063427176992,0.9348399243973594,0.4004056224428788,0.2773824456923131,0.3222119318648081,1,0,0,2.899731675790534,0.6966623489685537,-0.3174776246501649,-0.0634677520572358,0.2954397254975082,-0.3903877069254891,-0.1168530948268025,0.0,0.0,22.0,22.0,-0.0344170296034948,0.0153697607681247,0.4004056224428787,0.2773824456923131,0.3222119318648081,1.0,False,False,-0.1291287263827164,0.2703836775875024,1836,True,official_matchdays,False,,,23,0,2,0,0,0,0,0,2:1,1:0,1:0,1:0
0cf9a1fb57b4d3257c93,D1,2022,2023-03-05,2023-02-28,Bayer 04 Leverkusen,Hertha BSC,4,1,2.436207790882269,0.9553454594344776,0.6170315428576969,0.2183559112852582,0.1646125458570448,2,1,2,3.164280590061695,0.2214414334127093,-0.0043684437752564,-0.0526758240312312,0.0823322989034525,-0.5256625980163399,-0.0698202264879792,0.0,0.0,22.0,22.0,-0.001294064500363,-0.0015581488899613,0.617031542857697,0.2183559112852581,0.1646125458570448,1.0,False,False,-0.1291287263827164,0.2703836775875024,1836,True,official_matchdays,False,,,23,4,1,2,2,2,2,2,2:1,1:0,2:1,2:1
d6e697f8167136932f79,D1,2022,2023-03-05,2023-02-28,VfL Wolfsburg,Eintracht Frankfurt,2,2,1.7560562303756642,1.2914992039861724,0.3886219081272086,0.2723674911660777,0.3390106007067138,2,1,0,2.7564326162204447,0.7954042427799075,0.0432922716653187,0.0301069460440946,0.0225430463227186,-0.2372120831726513,0.0798354087427271,0.0,0.0,22.0,22.0,0.0068156503014634,-0.0031456894159928,0.3886219081272085,0.2723674911660777,0.3390106007067138,1.0,False,False,-0.1291287263827164,0.2703836775875024,1836,True,official_matchdays,False,,,23,2,2,0,0,0,0,0,2:1,1:0,2:1,2:1
8d892cd6d60b26f2272d,D1,2022,2023-03-10,2023-03-07,1. FC Köln,VfL Bochum,0,2,1.9871395886302765,0.946058175611919,0.5441580180783393,0.2533645798459993,0.2024774020756611,2,1,0,3.495636483808846,0.9963438531594728,-0.1376225421515796,-0.433902384119149,0.1054843300004446,-0.5530104737470866,0.0321310825025715,0.0,0.0,23.0,23.0,0.009539419115928,-0.0381156654294645,0.5441580180783395,0.2533645798459993,0.2024774020756611,1.0,False,False,-0.1365298014962018,0.2710042518643152,1836,True,official_matchdays,False,,,24,0,2,0,0,0,0,0,2:1,1:0,2:1,2:1
21b90a374bb39f9c1061,D1,2022,2023-03-11,2023-03-07,Eintracht Frankfurt,Stuttgart,1,1,2.153853632992334,1.0087807748844393,0.5202695876339057,0.2512588034767419,0.2284716088893524,2,1,0,2.1399826810056655,0.8834930992563238,0.0019865187043934,-0.3038517197884365,0.562887106142618,-0.5282791606407317,0.1432976636626934,0.7932785830417226,0.0,23.0,23.0,0.0225561210429958,-0.0376493810971979,0.5202695876339057,0.2512588034767419,0.2284716088893524,1.0,False,False,-0.1365298014962018,0.2710042518643152,1836,True,official_matchdays,False,,,24,1,1,0,0,0,0,0,2:1,1:0,2:1,2:1
2d3a6e0eae0a426a81f7,D1,2022,2023-03-11,2023-03-07,Hertha BSC,1. FSV Mainz 05,1,1,1.2669888567854375,1.5864477241791155,0.3314250985158899,0.2776285607857745,0.3909463406983355,1,2,0,2.029208778182064,0.7845021334241179,-0.2361536656360368,0.4600105522571306,0.2012881251322665,-0.1297934187952089,-0.1493123746933894,0.0,0.0,23.0,23.0,-0.0540815129111296,0.0652743572421843,0.3314250985158899,0.2776285607857745,0.3909463406983355,1.0,False,False,-0.1365298014962018,0.2710042518643152,1836,True,official_matchdays,False,,,24,1,1,0,0,0,0,0,1:2,0:1,1:2,1:2
338f92ff598d0cf358bd,D1,2022,2023-03-11,2023-03-07,Bayern München,FC Augsburg,5,3,3.4950409581437567,0.7096358377618427,0.844940380498836,0.1001870545607224,0.0548725649404416,3,0,2,5.586939163576144,0.0370919298845419,0.366378731727312,0.0865178602503506,0.551072035638406,-0.4857975347473686,0.0896146624064776,2.2275060354040797,0.0,23.0,23.0,0.0367927132805375,-0.0141478836816544,0.8449403804988359,0.1001870545607224,0.0548725649404416,1.0,False,False,-0.1365298014962018,0.2710042518643152,1836,True,official_matchdays,False,,,24,5,3,2,2,2,2,2,2:1,1:0,3:0,3:0
5d1fdc10ef382eb84701,D1,2022,2023-03-11,2023-03-07,RB Leipzig,Borussia Mönchengladbach,3,0,2.510651429159508,1.0504706305022988,0.6726656288904582,0.1898976526887575,0.1374367184207842,2,1,2,2.6035179242700144,0.1620977605766531,0.1426825623011439,-0.1598252347402394,0.3623854801670219,-0.3879054502524198,-0.0900454171905991,0.764896061025873,0.0,23.0,23.0,0.0177572471075964,-0.0186143807295511,0.6726656288904582,0.1898976526887575,0.1374367184207842,1.0,False,False,-0.1365298014962018,0.2710042518643152,1836,True,official_matchdays,False,,,24,3,0,2,2,2,2,2,2:1,1:0,2:1,2:1
5d378383761b089e3d88,D1,2022,2023-03-11,2023-03-07,FC Schalke 04,Borussia Dortmund,2,2,0.8430501057697811,2.580538926825884,0.2115920012679312,0.2343549549495669,0.554053043782502,0,2,0,2.9468462365696313,0.9379582853355032,0.1441809633279485,0.7187605365744459,-0.0710259711484441,0.3763809458833507,-0.2107888857623337,-2.273542527918826,0.0,23.0,23.0,-0.0320593747840441,0.0752064497791638,0.2115920012679312,0.2343549549495668,0.554053043782502,1.0,False,False,-0.1365298014962018,0.2710042518643152,1836,True,official_matchdays,False,,,24,2,2,0,0,0,0,0,1:2,0:1,0:2,0:2
1287df715be792c4ff49,D1,2022,2023-03-12,2023-03-07,VfL Wolfsburg,1. FC Union Berlin,1,1,1.5072309722634996,1.1308784458022512,0.4232899191797299,0.296171893915229,0.2805381869050409,2,1,0,1.9541625477610145,0.7532500329060255,-0.0239939935553764,0.1233903879669234,0.0191521365911943,0.0291175305668088,-0.0283740197097275,0.0,0.0,23.0,23.0,-0.0099876197393701,0.0149574394599475,0.42328991917973,0.296171893915229,0.2805381869050409,1.0,False,False,-0.1365298014962018,0.2710042518643152,1836,True,official_matchdays,False,,,24,1,1,0,0,0,0,0,2:1,1:0,2:1,2:1
5e53e60b0eabcd563f88,D1,2022,2023-03-12,2023-03-07,SC Freiburg,TSG 1899 Hoffenheim,2,1,2.0527893959902976,1.1515588012533056,0.4932205498196294,0.2614338433470165,0.2453456068333541,2,1,4,2.4596886518777907,0.3853675323647379,0.0854651253922235,-0.5688985392198952,0.425413222278823,-0.4419732116649307,0.0605564912070031,0.0944999088780556,0.0,23.0,23.0,0.0400192640605672,-0.0641909347519508,0.4932205498196294,0.2614338433470166,0.2453456068333541,1.0,False,False,-0.1365298014962018,0.2710042518643152,1836,True,official_matchdays,False,,,24,2,1,4,4,3,4,4,2:1,1:0,2:1,2:1
908fc92f64d3b5778288,D1,2022,2023-03-12,2023-03-07,SV Werder Bremen,Bayer 04 Leverkusen,2,3,1.3715870976787132,1.887130247621148,0.2943444160524645,0.2544200404708802,0.4512355434766554,1,2,3,3.2735084390553393,0.4525106209978324,-0.0971958985364545,0.1453428540429598,0.1071746012598576,0.0340129231294929,-0.0309680938660502,-1.7334928027514211,0.0,23.0,23.0,-0.0185351372490959,0.0209424850244212,0.2943444160524645,0.2544200404708802,0.4512355434766554,1.0,False,False,-0.1365298014962018,0.2710042518643152,1836,True,official_matchdays,False,,,24,2,3,3,3,3,3,3,1:2,0:1,1:2,1:2
d6a94f702411e0dff342,D1,2022,2023-03-17,2023-03-14,Borussia Mönchengladbach,SV Werder Bremen,2,2,2.148942544613415,1.275214244660618,0.5290767175304129,0.2418254693762745,0.2290978130933127,2,1,0,2.7481393245893444,0.9072365998834012,-0.2638846623111443,-0.1735524817017218,0.1462347105120676,-0.3044766497865497,-0.0194089383178955,1.137522571355322,0.0,24.0,24.0,-0.0186812890619231,-0.0031905681387201,0.5290767175304129,0.2418254693762745,0.2290978130933127,1.0,False,False,-0.1440846700432682,0.2680680666222595,1836,True,official_matchdays,False,,,25,2,2,0,0,0,0,0,2:1,1:0,2:1,2:1
1cd69e26d689f4f0d55c,D1,2022,2023-03-18,2023-03-14,VfL Bochum,RB Leipzig,1,0,0.8708458338998184,2.269035047207383,0.1675914203183578,0.2189810091573965,0.6134275705242457,1,2,0,3.313382194911817,1.1171501101784789,-0.2231818502362449,0.3060856290005086,0.1290628418223758,0.2203123431588743,-0.2750425421510262,0.0,0.0,24.0,24.0,-0.0513745935812012,0.0555197825194144,0.1675914203183578,0.2189810091573965,0.6134275705242456,1.0,False,False,-0.1440846700432682,0.2680680666222595,1836,True,official_matchdays,False,,,25,1,0,0,0,0,0,0,1:2,0:1,1:2,1:2
31c8090de85f69903a22,D1,2022,2023-03-18,2023-03-14,Stuttgart,VfL Wolfsburg,0,1,1.2478165716577168,1.511754945934234,0.3943814858234554,0.2798836351005166,0.325734879076028,2,1,0,2.7906734914902795,0.6885050588520141,-0.2719715823231718,-0.0858207648681202,0.0608090175827649,0.2801811328243797,-0.0119242362198385,0.0,0.0,24.0,24.0,-0.023502331799903,0.0056127144403384,0.3943814858234554,0.2798836351005166,0.325734879076028,1.0,False,False,-0.1440846700432682,0.2680680666222595,1836,True,official_matchdays,False,,,25,0,1,0,0,0,3,3,2:1,1:0,1:2,1:2
43d224741215f0384222,D1,2022,2023-03-18,2023-03-14,FC Augsburg,FC Schalke 04,1,1,1.6892563671244811,0.8703768138303538,0.4116629659927544,0.2792567488605819,0.3090802851466636,1,0,0,2.01723088064407,0.7844678542993129,-0.0456378853721811,0.1222507550309574,0.3393782639467981,-0.1473735864924429,0.0573085972257385,0.6329025146147462,0.0,24.0,24.0,-0.007810896427479,0.0116415399104178,0.4116629659927544,0.2792567488605819,0.3090802851466636,1.0,False,False,-0.1440846700432682,0.2680680666222595,1836,True,official_matchdays,False,,,25,1,1,0,0,0,0,0,2:1,1:0,1:0,1:0
7496290d2261ab12ed58,D1,2022,2023-03-18,2023-03-14,TSG 1899 Hoffenheim,Hertha BSC,3,1,1.9096112734042476,1.1934049151658486,0.4593489658012191,0.2668843153258481,0.2737667188729328,2,1,2,2.9128666233315617,0.4384789949096095,-0.5638215698657651,-0.1930659227114967,-0.5510464460747923,-0.6241614392600151,-0.0024512064606877,0.0,0.0,24.0,24.0,-0.046851421174036,0.0090070465451729,0.4593489658012191,0.266884315325848,0.2737667188729328,1.0,False,False,-0.1440846700432682,0.2680680666222595,1836,True,official_matchdays,False,,,25,3,1,2,2,2,2,2,2:1,1:0,2:1,2:1
c89e2f31679ff95402df,D1,2022,2023-03-18,2023-03-14,Borussia Dortmund,1. FC Köln,6,1,2.8383226141660924,0.9600522202266516,0.6561343498866681,0.1991592829177828,0.1447063671955491,2,0,2,4.295380228100467,0.1788479380071229,0.530116506010714,-0.2929903699663894,0.6876802910342904,-0.3992752013006091,0.0422230913980334,1.6721291424059568,0.0,24.0,24.0,0.0697723236692925,-0.0579160168670763,0.6561343498866681,0.1991592829177828,0.1447063671955491,1.0,False,False,-0.1440846700432682,0.2680680666222595,1836,True,official_matchdays,False,,,25,6,1,2,2,2,2,2,2:1,1:0,2:0,2:0
463bac900088d9492a88,D1,2022,2023-03-19,2023-03-14,Bayer 04 Leverkusen,Bayern München,2,1,1.5437243835247456,2.3610424093355595,0.1962111312308886,0.2015811200856288,0.6022077486834825,1,2,0,3.0552843924171027,1.0493656661065327,0.2391454065066137,0.4734286793744349,0.2565781741910086,0.3192461273279339,-0.2952085987750515,-0.7968787118322951,0.0,24.0,24.0,-0.0145173232568129,0.0501460275508653,0.1962111312308887,0.2015811200856288,0.6022077486834824,1.0,False,False,-0.1440846700432682,0.2680680666222595,1836,True,official_matchdays,False,,,25,2,1,0,0,0,0,0,1:2,0:1,1:2,1:2
5609abd0367215a5aa6b,D1,2022,2023-03-19,2023-03-14,1. FSV Mainz 05,SC Freiburg,1,1,1.5688614893500163,1.2930120171585204,0.4432655997122819,0.2751303722352095,0.2816040280525085,2,1,0,2.0389759020761273,0.8012211977595529,0.3546516465561317,0.2535077764511088,0.4442313344225922,-0.1439581457279322,0.0093195691706431,-0.5064375314918376,0.0,24.0,24.0,0.0232557542915898,0.0071522168587721,0.4432655997122819,0.2751303722352095,0.2816040280525085,1.0,False,False,-0.1440846700432682,0.2680680666222595,1836,True,official_matchdays,False,,,25,1,1,0,0,0,0,0,2:1,1:0,2:1,2:1
7f48a5356209dd753c68,D1,2022,2023-03-19,2023-03-14,1. FC Union Berlin,Eintracht Frankfurt,2,0,1.5561069314547258,1.189412123331907,0.3967364053079806,0.2997287576151201,0.3035348370768994,2,1,2,2.65984128417675,0.5458976901415403,0.0383985887071914,-0.064508032094241,0.277464398633467,-0.1906194455489498,-0.0908518183864423,-0.8891527559319397,0.0,24.0,24.0,0.002522669556109,-0.0038281417254615,0.3967364053079805,0.2997287576151201,0.3035348370768994,1.0,False,False,-0.1440846700432682,0.2680680666222595,1836,True,official_matchdays,False,,,25,2,0,2,2,2,2,2,2:1,1:0,2:1,2:1
67e85d7ad60fed9efdde,D1,2022,2023-03-31,2023-03-28,Eintracht Frankfurt,VfL Bochum,1,1,2.1982643557848416,0.9446674251143669,0.633457972993989,0.2154327791038116,0.1511092479021996,2,1,0,2.286964384395363,1.0396487324559904,-0.1895855823033448,-0.0030009846710018,0.4591007387809137,-0.2540935050611929,-0.1664048118062445,0.0,0.0,25.0,25.0,-0.0271287495870966,0.0174994212383792,0.633457972993989,0.2154327791038115,0.1511092479021995,1.0,False,False,-0.1362258201312221,0.2777648709788845,1836,True,official_matchdays,False,,,26,1,1,0,0,0,0,0,2:1,1:0,2:1,2:1
3386c9e8c5a3c170a265,D1,2022,2023-04-01,2023-03-28,VfL Wolfsburg,FC Augsburg,2,2,2.015404695007097,0.9052838107116136,0.5874706528528657,0.2290854459689404,0.1834439011781937,2,1,0,3.125949248768014,0.9730826824597546,0.0428842479126785,-0.096946545588549,-0.0437969998554806,-0.5719811574919124,-0.0085684236031971,0.0,0.0,25.0,25.0,0.0087073308905354,-0.0114104457743289,0.5874706528528658,0.2290854459689405,0.1834439011781937,1.0,False,False,-0.1362258201312221,0.2777648709788845,1836,True,official_matchdays,False,,,26,2,2,0,0,0,0,0,2:1,1:0,2:1,2:1
3705b23dafdfb10779cd,D1,2022,2023-04-01,2023-03-28,SC Freiburg,Hertha BSC,1,1,2.1595465516169448,0.93158223604996,0.5759733369534199,0.2432864476698924,0.1807402153766875,2,1,0,2.1613700369070203,0.9370277106157195,0.1852501184487333,-0.2683608785236499,0.4688970317405707,-0.6486890593115677,0.1268521034210835,0.0,0.0,25.0,25.0,0.03828566094211,-0.0424411989458558,0.57597333695342,0.2432864476698924,0.1807402153766875,1.0,False,False,-0.1362258201312221,0.2777648709788845,1836,True,official_matchdays,False,,,26,1,1,0,0,0,0,0,2:1,1:0,2:1,2:1
491b5aa3cff9492cf4c5,D1,2022,2023-04-01,2023-03-28,1. FC Union Berlin,Stuttgart,3,0,1.816677541657067,0.8168380819650226,0.4632651370827467,0.291476849167564,0.2452580137496894,1,0,2,2.886664903254158,0.4331945599798963,0.167578070939255,-0.3436124412291691,0.3603774727451302,-0.4360215291443306,0.0636884531984209,-0.095874172890217,0.0,25.0,25.0,0.037122851815305,-0.0459245703298007,0.4632651370827466,0.2914768491675639,0.2452580137496894,1.0,False,False,-0.1362258201312221,0.2777648709788845,1836,True,official_matchdays,False,,,26,3,0,2,2,2,2,2,2:1,1:0,1:0,1:0
784b82120ad4a174fac1,D1,2022,2023-04-01,2023-03-28,Bayern München,Borussia Dortmund,4,2,2.8138486541626677,1.5148963901104089,0.6427687291331663,0.1874218016454829,0.1698094692213506,2,1,2,3.224347908951694,0.1915763684544087,0.2678657478187236,0.5871144900956085,0.5815127565647353,0.3094178758962603,0.1719712898257845,0.5868660220999999,0.0,25.0,25.0,0.0060294147683811,0.0367195971273354,0.6427687291331664,0.1874218016454829,0.1698094692213506,1.0,False,False,-0.1362258201312221,0.2777648709788845,1836,True,official_matchdays,False,,,26,4,2,2,2,2,2,2,2:1,1:0,2:1,2:1
b269bfd6a6e2085cd0da,D1,2022,2023-04-01,2023-03-28,RB Leipzig,1. FSV Mainz 05,0,3,2.1610311267088695,0.903321821000515,0.6259484066767831,0.2128224582701062,0.1612291350531107,2,1,0,4.968788402286084,1.1406413704490872,0.0871619569889908,0.2882778289076194,0.4428893303180966,-0.1025001172650156,0.1308921553491493,1.530924646812462,0.0,25.0,25.0,0.0008469120209755,0.0179250772738549,0.6259484066767831,0.2128224582701062,0.1612291350531107,1.0,False,False,-0.1362258201312221,0.2777648709788845,1836,True,official_matchdays,False,,,26,0,3,0,0,0,0,0,2:1,1:0,2:1,2:1
e3a56f92c9238226c6b1,D1,2022,2023-04-01,2023-03-28,FC Schalke 04,Bayer 04 Leverkusen,0,3,0.9321255147351228,2.0720510105480767,0.2424325154421049,0.2588130908098147,0.4987543937480804,1,2,2,2.834057891532042,0.3770048983049703,0.1042606298003235,0.3127802222870602,-0.0542911021780465,0.2112997157905347,-0.2326773594995223,-2.063529838186531,0.0,25.0,25.0,-0.0168468161092967,0.0376988587136659,0.2424325154421048,0.2588130908098147,0.4987543937480804,1.0,False,False,-0.1362258201312221,0.2777648709788845,1836,True,official_matchdays,False,,,26,0,3,2,2,2,2,2,1:2,0:1,1:2,1:2
174767b2d28f7b9bc469,D1,2022,2023-04-02,2023-03-28,SV Werder Bremen,TSG 1899 Hoffenheim,1,2,1.7648373936994994,1.4850372280079127,0.4113748145535677,0.2626036487424143,0.3260215367040179,2,1,0,2.5401375272506295,0.6924368833686251,-0.1450266926914909,-0.2896475161913343,-0.0092148694831053,-0.4830707883571194,-0.0816964224950533,-0.7834316081825146,0.0,25.0,25.0,-0.004105114584335,-0.0176285958598062,0.4113748145535677,0.2626036487424144,0.3260215367040179,1.0,False,False,-0.1362258201312221,0.2777648709788845,1836,True,official_matchdays,False,,,26,1,2,0,0,0,0,0,2:1,1:0,2:1,2:1
7484d78e8e5004c4e890,D1,2022,2023-04-02,2023-03-28,1. FC Köln,Borussia Mönchengladbach,0,0,1.628084888197006,1.5549505738943037,0.4327197558814844,0.2627227089280441,0.3045575351904716,2,1,0,2.889338274201151,0.8235794833018282,-0.3931805486929852,-0.2191293742306678,-0.0869317384731549,-0.4443574581231271,0.0027318874869338,-0.8661462212775622,0.0,25.0,25.0,-0.0282249917834184,-0.0023905043627642,0.4327197558814844,0.2627227089280441,0.3045575351904715,1.0,False,False,-0.1362258201312221,0.2777648709788845,1836,True,official_matchdays,False,,,26,0,0,0,0,0,0,0,2:1,1:0,2:1,2:1
030257718ef5ba1daae5,D1,2022,2023-04-08,2023-04-04,Hertha BSC,RB Leipzig,0,1,0.9865819284700004,2.009959354053585,0.1784384823804661,0.2322739369186116,0.5892875807009221,1,2,3,2.4675278531190337,0.2544761651324166,-0.2194866381616706,-0.1181250552702446,0.142412492193496,0.0602254680379827,-0.2939799932054255,0.0,0.0,26.0,26.0,-0.0307414107129261,0.0138608260413303,0.1784384823804661,0.2322739369186116,0.5892875807009221,1.0,False,False,-0.1473616917221574,0.2678083533753905,1836,True,official_matchdays,False,,,27,0,1,3,3,4,3,3,1:2,0:1,1:2,1:2
58515029e631d5bfc06d,D1,2022,2023-04-08,2023-04-04,FC Augsburg,1. FC Köln,1,3,1.5000555842327168,1.2075634512202509,0.3419053093234018,0.276686377487146,0.3814083131894522,1,2,2,3.246566153909179,0.5761102670216093,-0.0788694003285427,-0.3452511789843301,0.255692715379059,-0.4536844668969617,-0.0798077867781553,0.1391688617734832,0.0,26.0,26.0,0.0053852295774544,-0.0265912585430981,0.3419053093234018,0.276686377487146,0.3814083131894522,1.0,False,False,-0.1473616917221574,0.2678083533753905,1836,True,official_matchdays,False,,,27,1,3,2,2,2,0,0,1:2,0:1,2:1,2:1
58727de9dab2819fa44c,D1,2022,2023-04-08,2023-04-04,Bayer 04 Leverkusen,Eintracht Frankfurt,3,1,2.1970539199762564,1.2381469957530813,0.5175947059886041,0.2424177736908651,0.2399875203205307,2,1,2,2.763432696400496,0.349075254601054,0.4689933057186633,-0.1782350297497214,0.3237662034823865,-0.3331508690929233,-0.0624594219353432,0.3678031500313136,0.0,26.0,26.0,0.0526881109625852,-0.0381501971641381,0.517594705988604,0.2424177736908651,0.2399875203205307,1.0,False,False,-0.1473616917221574,0.2678083533753905,1836,True,official_matchdays,False,,,27,3,1,2,2,2,2,2,2:1,1:0,2:1,2:1
aed1d886b10ac9b052c8,D1,2022,2023-04-08,2023-04-04,Borussia Dortmund,1. FC Union Berlin,2,1,2.1266409232573813,1.1472717796398326,0.5993312007084997,0.2333162825142577,0.1673525167772425,2,1,4,2.2948339461311456,0.2429788392836427,0.3048517758832768,0.286396659405561,0.7163696337768349,-0.0356220348407386,0.1376482156947288,1.4686524488188015,0.0,26.0,26.0,0.023047755402786,0.0065146663616558,0.5993312007084997,0.2333162825142577,0.1673525167772425,1.0,False,False,-0.1473616917221574,0.2678083533753905,1836,True,official_matchdays,False,,,27,2,1,4,4,3,4,4,2:1,1:0,2:1,2:1
bb40440227640db4f16b,D1,2022,2023-04-08,2023-04-04,1. FSV Mainz 05,SV Werder Bremen,2,2,2.0527025424073337,1.0449220892049127,0.5544883327435524,0.2392181585152981,0.2062935087411495,2,1,0,2.9470712435472617,0.9288033332303132,0.3820962038393247,-0.2762719610471473,0.2982810262504798,-0.2724842344956538,0.1467972429599026,0.3446852911335069,0.0,26.0,26.0,0.0593630805842849,-0.0540718684446761,0.5544883327435524,0.2392181585152981,0.2062935087411495,1.0,False,False,-0.1473616917221574,0.2678083533753905,1836,True,official_matchdays,False,,,27,2,2,0,0,0,0,0,2:1,1:0,2:1,2:1
cd58e6568618b3146957,D1,2022,2023-04-08,2023-04-04,SC Freiburg,Bayern München,0,1,1.2473188886256568,2.3948292310357933,0.1489495654269786,0.1950602251925606,0.6559902093804608,1,2,3,2.909445899125665,0.1785772005351574,0.0891443127345235,0.3926149956484083,0.3218299043302506,0.141384349095491,-0.2879448058347141,-1.8002675416670073,0.0,26.0,26.0,-0.0251135588007037,0.0492015242198503,0.1489495654269786,0.1950602251925606,0.6559902093804607,1.0,False,False,-0.1473616917221574,0.2678083533753905,1836,True,official_matchdays,False,,,27,0,1,3,3,4,3,3,1:2,0:1,1:2,1:2
62a7ab1eb2ed699dc4dc,D1,2022,2023-04-09,2023-04-04,VfL Bochum,Stuttgart,2,3,1.397205799575417,1.1931209213139646,0.3166994351340385,0.2780326436351152,0.405267921230846,1,2,3,3.5835953277727417,0.5313069286580293,0.0015121993213407,-0.4146518057758898,0.2625872379331657,-0.4838287788306145,-0.1389397644396418,0.0,0.0,26.0,26.0,0.0139368219989464,-0.0345938023216739,0.3166994351340386,0.2780326436351153,0.4052679212308461,1.0,False,False,-0.1473616917221574,0.2678083533753905,1836,True,official_matchdays,False,,,27,2,3,3,3,3,0,0,1:2,0:1,2:1,1:1
a4410029258cf16cf71c,D1,2022,2023-04-09,2023-04-04,TSG 1899 Hoffenheim,FC Schalke 04,2,0,2.145992938958977,0.8590208298016504,0.4934655872682563,0.2519271682369519,0.2546072444947918,2,1,2,2.454962560246571,0.3848692583266126,-0.0542103859253045,-0.0673015083749686,-0.259111812699933,-0.1235512193701005,0.1764783201511389,0.9401753941903094,0.0,26.0,26.0,0.0067679528337749,-0.0128435475487885,0.4934655872682563,0.2519271682369519,0.2546072444947918,1.0,False,False,-0.1473616917221574,0.2678083533753905,1836,True,official_matchdays,False,,,27,2,0,2,2,2,2,2,2:1,1:0,2:1,2:1
b67fe6cd9299fcebc3ec,D1,2022,2023-04-09,2023-04-04,Borussia Mönchengladbach,VfL Wolfsburg,2,0,1.621137928923972,1.5258314159505018,0.4020678326408348,0.2621702579959417,0.3357619093632236,2,1,2,2.8349732874392357,0.538992180719725,-0.2458972168440713,0.032524008949867,0.0538238596857654,0.3865549149815603,0.1045759997855957,0.0,0.0,26.0,26.0,-0.0209871221426206,0.0103184617479104,0.4020678326408349,0.2621702579959417,0.3357619093632235,1.0,False,False,-0.1473616917221574,0.2678083533753905,1836,True,official_matchdays,False,,,27,2,0,2,2,2,2,2,2:1,1:0,2:1,2:1
84618d4b79ff02fb438b,D1,2022,2023-04-14,2023-04-11,FC Schalke 04,Hertha BSC,5,2,1.1384979254430343,1.2498006958792007,0.4069523942482201,0.2910326213411511,0.3020149844106287,1,0,2,6.523671845922414,0.5276185001811726,-0.1918771696625943,-0.2738718991286107,-0.1739965476155303,-0.5347980262373145,-0.093649841314896,0.0,0.0,27.0,27.0,-0.0101766140755737,-0.0131108393639865,0.4069523942482201,0.2910326213411513,0.3020149844106287,1.0,False,False,-0.1364668754590699,0.2663830148522644,1827,True,official_matchdays,False,,,28,5,2,2,2,2,0,0,2:1,1:0,1:1,1:1
24cb6d84d07f114913dd,D1,2022,2023-04-15,2023-04-11,1. FC Köln,1. FSV Mainz 05,1,1,1.4034104427421557,1.4144491854162848,0.3649276175646463,0.2847951436780472,0.3502772387573065,2,1,0,2.0023366333822463,0.7673842965593569,-0.1103464967748835,0.3107915695769995,-0.1308213532730634,0.1250094260399882,-0.0844309136938843,-0.1092770975761689,0.0,27.0,27.0,-0.0307957738410325,0.0408180274811383,0.3649276175646462,0.2847951436780473,0.3502772387573064,1.0,False,False,-0.1364668754590699,0.2663830148522644,1827,True,official_matchdays,False,,,28,1,1,0,0,0,0,0,2:1,1:0,1:2,2:1
c2255ce671e21549148a,D1,2022,2023-04-15,2023-04-11,RB Leipzig,FC Augsburg,3,2,2.4800753459770757,0.751146054442516,0.7656280899945377,0.147918873646549,0.0864530363589135,2,0,2,3.532261655468914,0.0842843128761478,0.0598102663709114,-0.2381636214739208,0.1736906861713492,-0.4718718222894886,0.1726161812526409,1.4254247848956558,0.0,27.0,27.0,0.0265200167734192,-0.0354376845285697,0.7656280899945376,0.147918873646549,0.0864530363589134,1.0,False,False,-0.1364668754590699,0.2663830148522644,1827,True,official_matchdays,False,,,28,3,2,2,3,3,2,2,2:1,1:0,2:0,2:0
d13d2b97d48c7b6a6f63,D1,2022,2023-04-15,2023-04-11,Eintracht Frankfurt,Borussia Mönchengladbach,1,1,1.9278627742961536,1.4087747125242078,0.5484644608103234,0.2324001952586115,0.2191353439310653,2,1,0,2.272887765797414,0.9380430239707628,-0.3263062294385669,-0.028842928871785,0.3137936588576352,-0.3872334072010763,0.0041397781732288,0.277937437930461,0.0,27.0,27.0,-0.030981487591606,0.0132240296760884,0.5484644608103233,0.2324001952586115,0.2191353439310652,1.0,False,False,-0.1364668754590699,0.2663830148522644,1827,True,official_matchdays,False,,,28,1,1,0,0,0,0,0,2:1,1:0,2:1,2:1
dc93ccdf6e0f409dcbcc,D1,2022,2023-04-15,2023-04-11,Bayern München,TSG 1899 Hoffenheim,1,1,3.685175355782202,0.9442197590903318,0.7928223800009409,0.1242636113732044,0.0829140086258546,3,0,0,3.0050719000220893,1.4023562814218664,0.4386767523320403,0.1550898425587297,0.6064843562029649,-0.2829939915302121,0.2119863600017288,1.846081903219518,0.0,27.0,27.0,0.0467125011053539,-0.0170241713608154,0.7928223800009409,0.1242636113732044,0.0829140086258546,1.0,False,False,-0.1364668754590699,0.2663830148522644,1827,True,official_matchdays,False,,,28,1,1,0,0,0,0,0,2:1,1:0,3:0,3:0
e49a5dff57af05861ce6,D1,2022,2023-04-15,2023-04-11,Stuttgart,Borussia Dortmund,3,3,1.2196567526544748,2.3105955603013717,0.2724570077614307,0.2504043517807405,0.477138640457829,1,2,0,3.850219557994977,0.8637877391255095,-0.1600705588133829,0.3633667457123842,-0.0505649315646054,0.080362159501189,-0.1912665567242466,-1.552568628088135,0.0,27.0,27.0,-0.0437387210031698,0.0539035303481199,0.2724570077614307,0.2504043517807404,0.4771386404578289,1.0,False,False,-0.1364668754590699,0.2663830148522644,1827,True,official_matchdays,False,,,28,3,3,0,0,0,0,0,1:2,0:1,1:2,1:2
393afb5527a09caaf10f,D1,2022,2023-04-16,2023-04-11,VfL Wolfsburg,Bayer 04 Leverkusen,0,0,1.5601339238376597,1.5876763131603435,0.3420929810959782,0.2655473140551653,0.3923597048488565,1,2,0,2.856304379726218,0.810394493595797,-0.0866162161117366,0.5776628602294941,-0.0586395010655039,0.3890599927832509,0.0630118114517446,0.0,0.0,27.0,27.0,-0.0343941740500611,0.058946506255949,0.3420929810959782,0.2655473140551653,0.3923597048488565,1.0,False,False,-0.1364668754590699,0.2663830148522644,1827,True,official_matchdays,False,,,28,0,0,0,0,0,0,0,1:2,0:1,1:2,1:2
5c48293463b27ba3a704,D1,2022,2023-04-16,2023-04-11,SV Werder Bremen,SC Freiburg,1,2,1.3927280852549395,1.532855890846889,0.3554219696613911,0.2726248062743623,0.3719532240642463,1,2,4,2.4871984136378655,0.5950918142774112,-0.289458566654115,-0.0206910181502055,-0.1648607207054498,-0.1408052303229144,-0.0540896705901335,-0.698100751060606,0.0,27.0,27.0,-0.0306157892874079,0.0151083100471918,0.355421969661391,0.2726248062743625,0.3719532240642464,1.0,False,False,-0.1364668754590699,0.2663830148522644,1827,True,official_matchdays,False,,,28,1,2,4,4,3,4,4,1:2,0:1,1:2,1:2
9ab116530c9b1d844407,D1,2022,2023-04-16,2023-04-11,1. FC Union Berlin,VfL Bochum,1,1,2.0271426552697243,0.7711093659414444,0.5929119188943288,0.2456566006672154,0.1614314804384558,1,0,0,2.142321348872137,0.9466386305604476,0.0776398680853965,-0.1626903958773365,0.4445568253240433,-0.2044678727838016,0.02752648896475,0.0,0.0,27.0,27.0,0.0172748310506439,-0.0215273574402409,0.5929119188943287,0.2456566006672155,0.1614314804384558,1.0,False,False,-0.1364668754590699,0.2663830148522644,1827,True,official_matchdays,False,,,28,1,1,0,0,0,0,0,2:1,1:0,1:0,1:0
d8c184d2ec278b086659,D1,2022,2023-04-21,2023-04-18,FC Augsburg,Stuttgart,1,1,1.517706357177132,1.2514595750645292,0.2932966588943546,0.2606195854849292,0.4460837556207161,1,2,0,2.0861701677159585,0.831697044515752,-0.2925080233724645,-0.133966994679218,0.0730864118690765,-0.2168188756317613,-0.0387814499789108,0.0102961012522639,0.0,28.0,28.0,-0.024491525102231,0.0031677741996469,0.2932966588943546,0.2606195854849292,0.4460837556207161,1.0,False,False,-0.1550863244807542,0.2635964520615515,1827,True,official_matchdays,False,,,29,1,1,0,0,0,0,0,1:2,0:1,2:1,1:2
3d3d0094f575d5b6da1b,D1,2022,2023-04-22,2023-04-18,Borussia Dortmund,Eintracht Frankfurt,4,0,2.660904499750036,1.234734056957763,0.5931353828527783,0.2135287378270001,0.1933358793202215,2,1,2,3.2763776002088227,0.2485121007968702,0.2352596795717303,-0.2637065237441962,0.7443757641968306,-0.446759700678894,0.1674427007423339,0.6206184823990959,0.0,28.0,28.0,0.0450834291814995,-0.0465057713901228,0.5931353828527783,0.2135287378270002,0.1933358793202215,1.0,False,False,-0.1550863244807542,0.2635964520615515,1827,True,official_matchdays,False,,,29,4,0,2,2,2,2,2,2:1,1:0,2:1,2:1
4a2d4d3537cab24f1c81,D1,2022,2023-04-22,2023-04-18,TSG 1899 Hoffenheim,1. FC Köln,1,3,1.8747468722701937,1.2190206836750148,0.4325819857259011,0.2682491643328213,0.2991688499412773,2,1,0,3.4054770334018336,0.7502490894324525,0.1278849598691343,-0.1566587763388453,-0.0163127768101583,-0.1726128698709787,0.225811447903194,0.4168781959507571,0.0,28.0,28.0,0.0319120071990154,-0.0333506980225009,0.4325819857259012,0.2682491643328214,0.2991688499412774,1.0,False,False,-0.1550863244807542,0.2635964520615515,1827,True,official_matchdays,False,,,29,1,3,0,0,0,0,0,2:1,1:0,2:1,2:1
be7c11c0b112eef98733,D1,2022,2023-04-22,2023-04-18,VfL Bochum,VfL Wolfsburg,1,5,1.120516953586488,1.6091388566758489,0.3177789474088616,0.2703358932886653,0.4118851593024729,1,2,2,5.154307580866161,0.5199440204651423,-0.1294866706712578,-0.0937656180770477,0.0514786888670026,0.180437300967937,-0.1357988165818825,0.0,0.0,28.0,28.0,-0.0150503269923675,0.0038877125549522,0.3177789474088616,0.2703358932886654,0.411885159302473,1.0,False,False,-0.1550863244807542,0.2635964520615515,1827,True,official_matchdays,False,,,29,1,5,2,2,2,2,2,1:2,0:1,1:2,1:2
f0b14d49ca4cbac3224a,D1,2022,2023-04-22,2023-04-18,Hertha BSC,SV Werder Bremen,2,4,1.5512370426073303,1.4246822371205297,0.4168267383787937,0.2739147137917787,0.3092585478294276,2,1,0,4.626615846371018,0.7258975540058465,-0.4209233611377881,-0.3345870804882513,-0.0404754349839761,-0.2830366261557859,-0.0508316238511543,0.0,0.0,28.0,28.0,-0.0279045632819239,-0.009870958799378,0.4168267383787937,0.2739147137917787,0.3092585478294276,1.0,False,False,-0.1550863244807542,0.2635964520615515,1827,True,official_matchdays,False,,,29,2,4,0,0,0,0,0,2:1,1:0,2:1,2:1
f0bea8880f3e976d05b8,D1,2022,2023-04-22,2023-04-18,1. FSV Mainz 05,Bayern München,3,1,1.1970154355174176,2.315263612412505,0.1803722129904999,0.2095790921180644,0.6100486948914359,1,2,0,3.880569660468371,1.0878725152298667,0.1921304037395452,0.2937244061737531,0.2486644850093115,0.2325833704520237,-0.1452828118232583,-2.153683001594106,0.0,28.0,28.0,-0.002737320525896,0.0270300610215609,0.1803722129904998,0.2095790921180643,0.6100486948914358,1.0,False,False,-0.1550863244807542,0.2635964520615515,1827,True,official_matchdays,False,,,29,3,1,0,0,0,0,0,1:2,0:1,1:2,1:2
810bad480e83bcfca541,D1,2022,2023-04-23,2023-04-18,SC Freiburg,FC Schalke 04,4,0,2.1592958520599645,0.7580687533285996,0.533455841269447,0.2609294875774469,0.205614671153106,2,0,2,3.262106472934686,0.3280250425264284,0.1029419508517067,0.0316344521742154,0.1033922771859472,-0.2113355096103203,0.2589352801975966,0.9859897557428202,0.0,28.0,28.0,0.0216592364863397,-0.0149304163350436,0.5334558412694471,0.2609294875774469,0.2056146711531059,1.0,False,False,-0.1550863244807542,0.2635964520615515,1827,True,official_matchdays,False,,,29,4,0,2,2,2,2,2,2:1,1:0,2:0,2:0
8c12a7353af82b7aca50,D1,2022,2023-04-23,2023-04-18,Borussia Mönchengladbach,1. FC Union Berlin,0,1,1.4695533614008045,1.3298073594634578,0.4014161156299374,0.2881034583650301,0.3104804260050324,2,1,0,2.8150449377591995,0.7195757435315194,-0.0196868611745381,0.0041825541818947,0.2403994194038531,-0.1296707332846313,-0.0439786076446684,0.5700965284892449,0.0,28.0,28.0,-0.0043767442087819,0.0036015288591498,0.4014161156299373,0.2881034583650301,0.3104804260050325,1.0,False,False,-0.1550863244807542,0.2635964520615515,1827,True,official_matchdays,False,,,29,0,1,0,0,0,0,0,2:1,1:0,2:1,2:1
a97163bf5ebd2213dab0,D1,2022,2023-04-23,2023-04-18,Bayer 04 Leverkusen,RB Leipzig,2,0,1.6502184457275155,1.488608241736478,0.3772111107219167,0.2639438625988066,0.3588450266792766,2,1,2,2.889482134981068,0.5863021163842572,0.4110543589651771,0.2258327195640345,0.4384721158462485,0.2061175064031147,-0.0737117837841598,-0.1359675904275672,0.0,28.0,28.0,0.0261282107291079,0.0057161431973525,0.3772111107219167,0.2639438625988067,0.3588450266792766,1.0,False,False,-0.1550863244807542,0.2635964520615515,1827,True,official_matchdays,False,,,29,2,0,2,2,2,2,2,2:1,1:0,2:1,2:1
e1b98c17a4787f39d75c,D1,2022,2023-04-28,2023-04-25,VfL Bochum,Borussia Dortmund,1,1,1.1118245723692315,2.6453168046220257,0.1497765309239401,0.1870749666404077,0.6631485024356523,1,2,0,2.5166643584636375,1.1230460553609525,-0.2356821310656056,0.3386035414290021,-0.1473973017286118,0.0665831993845008,-0.0991979651867824,0.0,0.0,29.0,29.0,-0.0454582884373497,0.0506043589555196,0.1497765309239401,0.1870749666404077,0.6631485024356522,1.0,False,False,-0.1514229638928037,0.2631756438317597,1827,True,official_matchdays,False,,,30,1,1,0,0,0,0,0,1:2,0:1,1:2,1:2
1cd85e5029983773d6bc,D1,2022,2023-04-29,2023-04-25,FC Schalke 04,SV Werder Bremen,2,1,1.2458009481542422,1.5816370335738246,0.4204660122924502,0.2692872213558388,0.3102467663517108,2,1,4,2.2271937332684275,0.5046283065254561,-0.1268793296533559,-0.0782278074810603,0.0095056575794983,-0.0359391471738818,-0.1109014407436135,-0.2878890046822141,0.0,29.0,29.0,-0.0143216146284632,0.0040662577717424,0.4204660122924503,0.2692872213558389,0.3102467663517109,1.0,False,False,-0.1514229638928037,0.2631756438317597,1827,True,official_matchdays,False,,,30,2,1,4,4,3,0,0,2:1,1:0,1:2,1:2
5eb696e5924efaa660a9,D1,2022,2023-04-29,2023-04-25,Eintracht Frankfurt,FC Augsburg,1,1,1.977548755365415,1.033030259949276,0.6154565649479713,0.2143107681515258,0.1702326669005027,2,1,0,2.2893085293085047,1.0250735132602593,-0.409269609813613,-0.2994628481326662,0.1912783892290919,-0.487541857979658,0.1691988860431608,0.921654044436775,0.0,29.0,29.0,-0.0174938742725699,-0.017942748624744,0.6154565649479714,0.2143107681515257,0.1702326669005027,1.0,False,False,-0.1514229638928037,0.2631756438317597,1827,True,official_matchdays,False,,,30,1,1,0,0,0,0,0,2:1,1:0,2:1,2:1
7d410a2cd51864e3c635,D1,2022,2023-04-29,2023-04-25,1. FC Köln,SC Freiburg,0,1,1.3876093401615162,1.4303537010979115,0.3929107674892105,0.2896381488440102,0.3174510836667793,2,1,0,2.837697918228127,0.7041421516623994,0.0710478057364282,0.2333733648225897,-0.1300286550076511,0.0678902036415563,-0.1331890109815941,-0.462692557503268,0.0,29.0,29.0,-0.0112233382165663,0.0264443967445172,0.3929107674892104,0.2896381488440101,0.3174510836667794,1.0,False,False,-0.1514229638928037,0.2631756438317597,1827,True,official_matchdays,False,,,30,0,1,0,0,0,3,0,2:1,1:0,1:2,2:1
95fa2f33d25f43f58092,D1,2022,2023-04-29,2023-04-25,RB Leipzig,TSG 1899 Hoffenheim,1,0,2.393033581509706,0.9654073861974636,0.6740964130335574,0.1895479022787428,0.1363556846876996,2,1,3,2.6489918088370294,0.1607344280025168,0.0051648315459381,-0.0117029909794028,0.2590854009784507,-0.2548612503869507,0.1676370213451602,1.1477154507183818,0.0,29.0,29.0,0.0094834837708219,-0.0098103917424952,0.6740964130335575,0.1895479022787428,0.1363556846876996,1.0,False,False,-0.1514229638928037,0.2631756438317597,1827,True,official_matchdays,False,,,30,1,0,3,3,4,3,3,2:1,1:0,2:1,2:1
b35776887a63bf58745b,D1,2022,2023-04-29,2023-04-25,Stuttgart,Borussia Mönchengladbach,2,1,1.5004689128301285,1.5158136326805174,0.5210793456856718,0.2433466995080294,0.2355739548062987,2,1,4,2.108342024984786,0.3440776974733954,-0.1760355058962751,-0.1734512657377504,-0.1076178447593778,-0.3203167107830455,-0.0120609298256922,-0.6540127077585781,0.0,29.0,29.0,-0.0095340337940246,-0.0079403047876766,0.5210793456856718,0.2433466995080294,0.2355739548062987,1.0,False,False,-0.1514229638928037,0.2631756438317597,1827,True,official_matchdays,False,,,30,2,1,4,4,3,0,4,2:1,1:0,1:2,2:1
cb1327d17aa30ef24ce7,D1,2022,2023-04-29,2023-04-25,1. FC Union Berlin,Bayer 04 Leverkusen,0,0,1.380415462695627,1.3489505968542992,0.3303053707457257,0.2852191777062496,0.3844754515480246,1,2,0,2.509018504586131,0.7678346347054587,0.1601435227132753,0.5301334937177654,0.3051775069234994,0.3198189463487275,-0.1102988280035738,-1.215837116451019,0.0,29.0,29.0,-0.0160072638147394,0.0505211146362914,0.3303053707457256,0.2852191777062497,0.3844754515480246,1.0,False,False,-0.1514229638928037,0.2631756438317597,1827,True,official_matchdays,False,,,30,0,0,0,0,0,3,0,1:2,0:1,1:1,1:2
86d2831a053232cfed2b,D1,2022,2023-04-30,2023-04-25,Bayern München,Hertha BSC,2,0,4.020445455268867,0.7334282338112867,0.8570815488751624,0.0951369013617622,0.0477815497630752,3,0,2,2.71811938973848,0.0317597901704015,0.1243409702450062,-0.4552803913940701,0.4313829166359967,-0.5714881007170753,0.2904864076284902,0.0,0.0,29.0,29.0,0.0497224369756286,-0.0662694080330818,0.8570815488751624,0.0951369013617623,0.0477815497630752,1.0,False,False,-0.1514229638928037,0.2631756438317597,1827,True,official_matchdays,False,,,30,2,0,2,2,2,2,2,2:1,1:0,3:0,3:0
b04613fe317f50632292,D1,2022,2023-04-30,2023-04-25,VfL Wolfsburg,1. FSV Mainz 05,3,0,1.7170215660219426,1.1481751152399595,0.4169600466339922,0.271673684775689,0.3113662685903188,2,1,2,3.1962710356232273,0.5106911314364956,0.1388041135193987,0.2936897141535213,-0.1142416996055059,0.0397267428812489,0.187796445342362,0.0,0.0,29.0,29.0,0.0085857479113819,0.013038943472264,0.4169600466339922,0.271673684775689,0.3113662685903188,1.0,False,False,-0.1514229638928037,0.2631756438317597,1827,True,official_matchdays,False,,,30,3,0,2,2,2,2,2,2:1,1:0,2:1,2:1
87846df5b1ce2e044249,D1,2022,2023-05-05,2023-05-02,Bayer 04 Leverkusen,1. FC Köln,1,2,2.375646429148014,0.9597787209002008,0.5687127007820268,0.2379020951291151,0.1933852040888582,2,1,0,2.7920254694170388,1.0306589718803827,0.4121759747035441,-0.0388509571502329,0.4891430612756043,0.0546453642497161,0.1667133930906627,1.428626056241572,0.0,30.0,30.0,0.0514958149823992,-0.0328295641047336,0.5687127007820267,0.2379020951291151,0.1933852040888582,1.0,False,False,-0.1548916228222926,0.2684137456690176,1827,True,official_matchdays,False,,,31,1,2,0,0,0,0,0,2:1,1:0,2:1,2:1
ad7e5eb0e3ee1c859dcb,D1,2022,2023-05-05,2023-05-02,1. FSV Mainz 05,FC Schalke 04,2,3,2.130573312276857,0.7946808524286304,0.5835123523093447,0.234828141783029,0.1816595059076262,1,0,0,4.115386300567375,1.0653120857422056,0.0446674969502789,0.0158319245309199,0.376863520885853,-0.3061403619847436,-0.0217828261120213,0.6325742958157211,0.0,30.0,30.0,0.0025860121628808,0.0004389589111791,0.5835123523093447,0.234828141783029,0.1816595059076262,1.0,False,False,-0.1548916228222926,0.2684137456690176,1827,True,official_matchdays,False,,,31,2,3,0,0,0,0,0,2:1,1:0,1:0,1:0
12a71940ae530517f701,D1,2022,2023-05-06,2023-05-02,SC Freiburg,RB Leipzig,0,1,1.2968657392094929,1.4653223152937955,0.2417912378592024,0.2608454386687591,0.4973633234720384,1,2,3,2.3686221994376235,0.3791469741708574,0.3481568479538891,0.1241524185170728,0.2304280489470583,-0.0076935203719413,-0.1986792143994132,-1.101901089165871,0.0,30.0,30.0,0.0186741031495646,0.0049413601739834,0.2417912378592024,0.2608454386687592,0.4973633234720383,1.0,False,False,-0.1548916228222926,0.2684137456690176,1827,True,official_matchdays,False,,,31,0,1,3,3,4,3,3,1:2,0:1,1:2,1:2
895cb4965d49f692ff23,D1,2022,2023-05-06,2023-05-02,TSG 1899 Hoffenheim,Eintracht Frankfurt,3,1,1.6550108648696595,1.4744155575221352,0.4088502341584631,0.2632323425403803,0.3279174233011564,2,1,2,3.0102416490760904,0.5262791483182698,-0.1100490959232801,-0.3383937868982571,-0.1266787581444558,-0.5193229673460839,-0.123939131898906,-0.6439447102595011,0.0,30.0,30.0,-0.0002821768423604,-0.0221399672987164,0.4088502341584632,0.2632323425403804,0.3279174233011565,1.0,False,False,-0.1548916228222926,0.2684137456690176,1827,True,official_matchdays,False,,,31,3,1,2,2,2,2,2,2:1,1:0,2:1,2:1
bc961a48dc9dc588a5aa,D1,2022,2023-05-06,2023-05-02,FC Augsburg,1. FC Union Berlin,1,0,1.0402035754875294,1.3834002252701438,0.2815582436422515,0.2936127250214306,0.4248290313363178,0,1,0,2.556347403692995,0.7828466954390707,-0.2450006834734216,0.1353454068671125,0.0572999118712398,0.0770242252334221,0.0883933452056093,-0.0736200780170691,0.0,30.0,30.0,-0.0268476714304173,0.0213649076001018,0.2815582436422516,0.2936127250214306,0.4248290313363178,1.0,False,False,-0.1548916228222926,0.2684137456690176,1827,True,official_matchdays,False,,,31,1,0,0,0,0,0,0,1:2,0:1,0:1,0:1
db10bd65535d3b2afbcb,D1,2022,2023-05-06,2023-05-02,Hertha BSC,Stuttgart,2,1,1.403553124893529,1.4166692899380358,0.3094156328825639,0.2717247767523932,0.4188595903650429,1,2,0,2.6182766253992003,0.7261844788488991,-0.5502616003240983,0.0323600940083357,-0.1498149754288156,-0.1772049108700064,0.0104074141617786,0.0,0.0,30.0,30.0,-0.0561237940247376,0.0302287187089495,0.3094156328825639,0.2717247767523932,0.4188595903650429,1.0,False,False,-0.1548916228222926,0.2684137456690176,1827,True,official_matchdays,False,,,31,2,1,0,0,0,0,0,1:2,0:1,1:1,1:2
e9a62df0fc74072b547f,D1,2022,2023-05-06,2023-05-02,SV Werder Bremen,Bayern München,1,2,1.1315903570328452,2.93393039277183,0.1177898412614957,0.1567318182415647,0.7254783404969396,1,3,2,2.4906037397503775,0.1138014510900294,-0.2281039427456357,0.231450176115722,-0.2925425154790436,0.0173320981239204,-0.2515214801431781,-2.4983682927276134,0.0,30.0,30.0,-0.0469589770875085,0.0471262887560129,0.1177898412614957,0.1567318182415646,0.7254783404969396,1.0,False,False,-0.1548916228222926,0.2684137456690176,1827,True,official_matchdays,False,,,31,1,2,2,4,3,2,2,1:2,0:1,1:3,1:3
ffa4341933a9dc568ee4,D1,2022,2023-05-06,2023-05-02,Borussia Mönchengladbach,VfL Bochum,2,0,2.184624935936687,1.0364146570258168,0.5051485494113066,0.2435995542846402,0.2512518963040531,2,1,2,2.5574217092982052,0.367346216393792,-0.23610745550229,-0.1893643717425419,0.0365919713439763,-0.1637582120624238,0.0600598365089518,0.0,0.0,30.0,30.0,-0.0111395351376543,-0.0101340562245872,0.5051485494113067,0.2435995542846402,0.2512518963040531,1.0,False,False,-0.1548916228222926,0.2684137456690176,1827,True,official_matchdays,False,,,31,2,0,2,2,2,2,2,2:1,1:0,2:1,2:1
ed32cf492ffe73d1513b,D1,2022,2023-05-07,2023-05-02,Borussia Dortmund,VfL Wolfsburg,6,0,2.3310365842289933,1.2919847677559129,0.6368871521460551,0.1935009255011153,0.1696119223528295,2,1,2,5.053962948461302,0.1980617526506126,0.2182602820592823,0.2627923648017947,0.7562494659591484,0.2936308059598738,0.188735958563266,0.0,0.0,30.0,30.0,0.0181232078940018,0.005929424449052,0.6368871521460552,0.1935009255011153,0.1696119223528295,1.0,False,False,-0.1548916228222926,0.2684137456690176,1827,True,official_matchdays,False,,,31,6,0,2,2,2,2,2,2:1,1:0,2:1,2:1
fad170fb896e1f052e31,D1,2022,2023-05-12,2023-05-09,1. FC Köln,Hertha BSC,5,2,1.940588819635361,1.041259002693711,0.5063670960187353,0.2572453161592505,0.236387587822014,2,1,2,5.181889505704826,0.3657276882551596,0.1248416118743756,-0.26800133341296,-0.2071158216487334,-0.5854234396175425,0.0755811119376496,0.0,0.0,31.0,31.0,0.029663283454968,-0.0368212695318972,0.5063670960187354,0.2572453161592505,0.236387587822014,1.0,False,False,-0.1454426671947734,0.2749061467162608,1827,True,official_matchdays,False,,,32,5,2,2,2,2,2,2,2:1,1:0,2:1,2:1
83a65a45dacc48f56c91,D1,2022,2023-05-13,2023-05-09,Eintracht Frankfurt,1. FSV Mainz 05,3,0,1.7001179418998331,1.282776939525741,0.452959373671324,0.2595334789684342,0.2875071473602417,2,1,2,3.1898674672306804,0.4492714333427525,-0.4142637504759179,-0.1206591104547855,0.1542569696961147,-0.093555650728492,0.0349269167365661,0.9515458086340894,0.0,31.0,31.0,-0.0336470736880242,0.006900930641489,0.452959373671324,0.2595334789684343,0.2875071473602417,1.0,False,False,-0.1454426671947734,0.2749061467162608,1827,True,official_matchdays,False,,,32,3,0,2,2,2,2,2,2:1,1:0,2:1,2:1
a3bc75116e9c52c55e1e,D1,2022,2023-05-13,2023-05-09,Bayern München,FC Schalke 04,6,0,4.048746780360446,0.6370592381532267,0.8534132888380463,0.0955822883498612,0.0510044228120924,3,0,2,2.9469368111566645,0.0332250888818687,0.3097822872140375,0.1295882775492243,0.4833275405176535,-0.0743695194293204,0.3319849172726909,2.5,0.0,31.0,31.0,0.041098060707577,-0.0191295324694139,0.8534132888380465,0.0955822883498612,0.0510044228120924,1.0,False,False,-0.1454426671947734,0.2749061467162608,1827,True,official_matchdays,False,,,32,6,0,2,2,2,2,2,2:1,1:0,3:0,3:0
decbe770d08a2b974710,D1,2022,2023-05-13,2023-05-09,Borussia Dortmund,Borussia Mönchengladbach,5,2,2.9418743343960445,1.203889144249486,0.7684462595497354,0.1366369593793981,0.0949167810708665,3,1,2,3.7938028888724538,0.0812959887138106,0.3312878035972132,-0.020812041516245,0.7659898833214681,-0.3632158416272428,0.0158480530809298,0.898555920329557,0.0,31.0,31.0,0.03496178508958,-0.0194379969855316,0.7684462595497353,0.1366369593793981,0.0949167810708665,1.0,False,False,-0.1454426671947734,0.2749061467162608,1827,True,official_matchdays,False,,,32,5,2,2,2,2,2,2,2:1,1:0,3:1,3:1
e06dc46e9c78d54149f0,D1,2022,2023-05-13,2023-05-09,VfL Bochum,FC Augsburg,3,2,1.3503572570104163,1.2983224036632477,0.443664705706692,0.2676859676889538,0.2886493266043539,2,1,3,3.5112242646887,0.4644831707231402,-0.2686390998810022,-0.0810671983071677,-0.180423392632431,-0.4226590972313598,0.0032533720885283,0.0,0.0,31.0,31.0,-0.0226478814683154,0.0051625665589069,0.4436647057066921,0.2676859676889539,0.288649326604354,1.0,False,False,-0.1454426671947734,0.2749061467162608,1827,True,official_matchdays,False,,,32,3,2,3,3,3,0,3,2:1,1:0,1:1,2:1
eaf7fa22be7643b83ace,D1,2022,2023-05-13,2023-05-09,VfL Wolfsburg,TSG 1899 Hoffenheim,2,1,2.0087885485461907,1.1942008336607968,0.496449335405981,0.2431845729272952,0.2603660916667237,2,1,4,2.422630141862645,0.380492510012714,0.0627476788959717,0.1026539055350326,0.0552099376057337,-0.3062056787313183,-0.0309165220988343,0.0,0.0,31.0,31.0,-0.0004037534920961,0.0086738327136463,0.4964493354059811,0.2431845729272952,0.2603660916667237,1.0,False,False,-0.1454426671947734,0.2749061467162608,1827,True,official_matchdays,False,,,32,2,1,4,4,3,4,4,2:1,1:0,2:1,2:1
eea78d30e86fb510d170,D1,2022,2023-05-13,2023-05-09,1. FC Union Berlin,SC Freiburg,4,2,1.382420519710807,1.0031266542888932,0.4378690254360956,0.3015513099701412,0.2605796645937633,1,0,2,4.954090076887814,0.4748261867086712,-0.0094759138937979,0.1651008353926213,0.2276366251906205,0.1722935244765931,-0.0280219778799485,-0.2499036177127155,0.0,31.0,31.0,-0.0106037320530082,0.0183849781279494,0.4378690254360954,0.3015513099701412,0.2605796645937633,1.0,False,False,-0.1454426671947734,0.2749061467162608,1827,True,official_matchdays,False,,,32,4,2,2,2,2,2,2,2:1,1:0,1:0,1:0
43f87e8cf1c43cd8c29d,D1,2022,2023-05-14,2023-05-09,RB Leipzig,SV Werder Bremen,2,1,2.658784160859913,0.8306031000135804,0.7654015446320508,0.1451823870698123,0.0894160682981367,2,0,2,2.394610357727816,0.0841095940462135,0.2786148618511535,-0.2875704477308246,0.3291377047509049,-0.1233014027648343,0.2389919825214321,1.800001840226477,0.0,31.0,31.0,0.0541896076977281,-0.0546373869917117,0.7654015446320509,0.1451823870698123,0.0894160682981368,1.0,False,False,-0.1454426671947734,0.2749061467162608,1827,True,official_matchdays,False,,,32,2,1,2,4,3,2,2,2:1,1:0,2:0,2:0
891b90ba6bc7088e18de,D1,2022,2023-05-14,2023-05-09,Stuttgart,Bayer 04 Leverkusen,1,1,1.2278334108147713,1.8433780928027577,0.386196036856301,0.2667872343742692,0.3470167287694298,2,1,0,2.0868597958648345,0.8071689486058823,-0.0739025894130687,0.1741916185002639,0.0316328015986571,0.202850614566646,-0.2670228639771146,-1.2997532957203528,0.0,31.0,31.0,-0.0294509830651758,0.0344654345195355,0.3861960368563009,0.2667872343742691,0.3470167287694298,1.0,False,False,-0.1454426671947734,0.2749061467162608,1827,True,official_matchdays,False,,,32,1,1,0,0,0,0,0,2:1,1:0,1:2,1:2
064d14ca12281c268d41,D1,2022,2023-05-19,2023-05-16,SC Freiburg,VfL Wolfsburg,2,0,1.5290989872341576,1.303184973931691,0.4745068718766201,0.2541553957544956,0.2713377323688842,2,1,2,2.527422490629336,0.4143621579031075,-0.0380262112983322,0.2081865651452295,0.0685237391470011,0.0512486414547718,-0.1004672392716036,0.0,0.0,32.0,32.0,-0.0192353113506748,0.0277433290430197,0.4745068718766201,0.2541553957544957,0.2713377323688841,1.0,False,False,-0.1468652598164505,0.2869830162558873,1827,True,official_matchdays,False,,,33,2,0,2,2,2,2,2,2:1,1:0,2:1,2:1
386117d9bfceb8bcd224,D1,2022,2023-05-20,2023-05-16,SV Werder Bremen,1. FC Köln,1,1,1.5886274903216913,1.4858410779718974,0.373091493513948,0.2566869475375962,0.370221558948456,1,2,0,2.1341028259911705,0.8287755592036699,-0.3363529242683793,0.3148206188381929,-0.3404316872347088,0.2249105022329495,-0.0785789580943631,-0.2354081935573379,0.0,32.0,32.0,-0.0533052712734657,0.0522286560019564,0.3730914935139479,0.2566869475375961,0.370221558948456,1.0,False,False,-0.1468652598164505,0.2869830162558873,1827,True,official_matchdays,False,,,33,1,1,0,0,0,0,0,2:1,1:0,2:1,2:1
9a192caecca9b6bd35f4,D1,2022,2023-05-20,2023-05-16,FC Schalke 04,Eintracht Frankfurt,2,2,1.1153956655615345,1.7729597401198869,0.3293204498653571,0.2543956914303817,0.4162838587042611,1,2,0,2.9558157127335063,0.837669994674809,-0.0465243434420381,-0.1507971227686038,0.1878808048915559,-0.5626863541307561,-0.1669532897629195,-1.5841201044498106,0.0,32.0,32.0,-0.0054602426939195,-0.0044058306166125,0.3293204498653572,0.2543956914303818,0.416283858704261,1.0,False,False,-0.1468652598164505,0.2869830162558873,1827,True,official_matchdays,False,,,33,2,2,0,0,0,0,0,1:2,0:1,1:2,1:2
ab6c52a4304c1c813c7a,D1,2022,2023-05-20,2023-05-16,Bayern München,RB Leipzig,1,3,2.2892444487781547,1.168214546120177,0.6352241582495384,0.1938836788231522,0.1708921629273094,2,1,0,3.951826196911637,1.1285204176331889,0.4030518057891218,0.3418436774993006,0.5855287484779629,0.1136042578188476,0.1273852088800896,0.6983664525011362,0.0,32.0,32.0,0.0295822571479516,0.0076625170164694,0.6352241582495384,0.1938836788231522,0.1708921629273094,1.0,False,False,-0.1468652598164505,0.2869830162558873,1827,True,official_matchdays,False,,,33,1,3,0,0,0,0,0,2:1,1:0,2:1,2:1
b8e064b054d297a19460,D1,2022,2023-05-20,2023-05-16,TSG 1899 Hoffenheim,1. FC Union Berlin,4,2,1.3000165044969474,1.355533525181788,0.3798413548561129,0.276944849506042,0.3432137956378449,2,1,2,4.7540623345139,0.5790909043307624,-0.0162380905091821,0.1651018248517171,0.0890120056565377,-0.0306335544452652,-0.0982481367455771,0.2040892561602048,0.0,32.0,32.0,-0.0147913071307829,0.0222344938479096,0.379841354856113,0.276944849506042,0.343213795637845,1.0,False,False,-0.1468652598164505,0.2869830162558873,1827,True,official_matchdays,False,,,33,4,2,2,2,2,0,0,2:1,1:0,1:1,1:1
e4d9e186e846e7a9b65a,D1,2022,2023-05-20,2023-05-16,Hertha BSC,VfL Bochum,1,1,1.644460724367757,1.2501265316392944,0.4276179929967378,0.255888426660282,0.3164935803429803,2,1,0,2.113009221879606,0.8367273679109872,-0.3726811584956397,-0.1037733615355874,-0.0062977311008071,-0.3078009150686994,-0.0368098258374352,0.0,0.0,32.0,32.0,-0.0339199390646563,0.010097213063095,0.4276179929967377,0.2558884266602819,0.3164935803429803,1.0,False,False,-0.1468652598164505,0.2869830162558873,1827,True,official_matchdays,False,,,33,1,1,0,0,0,0,0,2:1,1:0,2:1,2:1
25a1711a11f3584d3b99,D1,2022,2023-05-21,2023-05-16,1. FSV Mainz 05,Stuttgart,1,4,1.7472057158831409,1.0866105982318714,0.383013508029451,0.2648385413647168,0.3521479506058322,1,2,2,4.647558490349837,0.6365510782294403,-0.2518111235702888,-0.0833361805930477,0.2087057519203505,-0.2658719900649778,-0.1140503754562504,-0.0195956629450503,0.0,32.0,32.0,-0.026716822100189,0.0099594568920221,0.383013508029451,0.2648385413647168,0.3521479506058322,1.0,False,False,-0.1468652598164505,0.2869830162558873,1827,True,official_matchdays,False,,,33,1,4,2,0,0,0,0,2:1,1:0,2:1,2:1
7aae4a77420ee832c43d,D1,2022,2023-05-21,2023-05-16,Bayer 04 Leverkusen,Borussia Mönchengladbach,2,2,2.3201494100213025,1.146940572964535,0.6517881150847001,0.1901048668997041,0.1581070180155956,2,1,0,3.0108558199692976,1.105755702730996,0.0833873687316356,-0.1432177559794799,0.2406451753534758,-0.4307331682204038,0.2172772238999047,0.6457405879617746,0.0,32.0,32.0,0.0263634858671328,-0.029355005229525,0.6517881150847002,0.1901048668997042,0.1581070180155956,1.0,False,False,-0.1468652598164505,0.2869830162558873,1827,True,official_matchdays,False,,,33,2,2,0,0,0,0,0,2:1,1:0,2:1,2:1
cfe01e8d99ff3c412244,D1,2022,2023-05-21,2023-05-16,FC Augsburg,Borussia Dortmund,0,3,1.2149779258232936,2.4249941436376106,0.142184969017561,0.1732959658550381,0.6845190651274008,1,2,2,2.6896506062953542,0.1497762774642445,-0.1636362731464395,0.4608051767640259,0.223773387011841,0.0552798312317623,-0.1006116644842782,-1.542272526835871,0.0,32.0,32.0,-0.0444344693770591,0.0592929145579384,0.1421849690175609,0.1732959658550381,0.6845190651274008,1.0,False,False,-0.1468652598164505,0.2869830162558873,1827,True,official_matchdays,False,,,33,0,3,2,2,2,2,2,1:2,0:1,1:2,1:2
0e86d10f976766c50e8e,D1,2022,2023-05-27,2023-05-23,VfL Wolfsburg,Hertha BSC,1,2,2.319826019362965,0.9044910132489996,0.7148464090566222,0.1680516119536621,0.1171019789897156,2,1,0,3.284637636245984,1.3187556483252485,-0.0026814638428776,-0.3050642521713093,0.1585767194345748,-0.6097031827361282,0.1760468530544836,0.0,0.0,33.0,33.0,0.0237874088770018,-0.0391746946777112,0.7148464090566222,0.168051611953662,0.1171019789897156,1.0,False,False,-0.1515762259136225,0.2789838441873263,1827,True,official_matchdays,False,,,34,1,2,0,0,0,0,0,2:1,1:0,2:1,2:1
33a51d804009ee1c1526,D1,2022,2023-05-27,2023-05-23,Borussia Mönchengladbach,FC Augsburg,2,0,2.033220965561343,1.0945080872493655,0.440149874734874,0.2473007028149548,0.312549422450171,2,1,2,2.6700651496977623,0.4722769418460834,-0.1401978624350333,-0.2870668096271451,0.1627813043521821,-0.4471709196489919,-0.0646466740256602,0.643716606506314,0.0,33.0,33.0,-0.002898779463429,-0.0184644541396798,0.4401498747348739,0.2473007028149549,0.3125494224501711,1.0,False,False,-0.1515762259136225,0.2789838441873263,1827,True,official_matchdays,False,,,34,2,0,2,2,2,2,2,2:1,1:0,2:1,2:1
4f76741d77ce3754122c,D1,2022,2023-05-27,2023-05-23,1. FC Union Berlin,SV Werder Bremen,1,0,1.9426985320166303,0.922715090639818,0.6639479716402794,0.2004371235140465,0.135614904845674,2,1,3,2.245121125888844,0.1714974086635688,-0.0413401340993029,-0.2986334694709027,0.319501988478825,-0.1949677498066686,0.1612212928676517,0.4481971333478905,0.0,33.0,33.0,0.0188587247069974,-0.0358574048855077,0.6639479716402793,0.2004371235140466,0.135614904845674,1.0,False,False,-0.1515762259136225,0.2789838441873263,1827,True,official_matchdays,False,,,34,1,0,3,3,4,3,3,2:1,1:0,2:1,2:1
52a5db85d0ece0aad851,D1,2022,2023-05-27,2023-05-23,Stuttgart,TSG 1899 Hoffenheim,1,1,1.6676080345259017,1.4308441940624417,0.6018581357796449,0.2071329947813064,0.1910088694390489,2,1,0,2.3507180576095847,1.027355691772993,0.1407302808522947,0.1194429367539658,-0.0335586690833716,-0.3483253286362037,0.0653551781890216,-0.2880054354295379,0.0,33.0,33.0,0.0113686401569822,0.0016400207233307,0.6018581357796448,0.2071329947813063,0.1910088694390489,1.0,False,False,-0.1515762259136225,0.2789838441873263,1827,True,official_matchdays,False,,,34,1,1,0,0,0,0,0,2:1,1:0,2:1,2:1
6ebd6404a9cc8bd45dd3,D1,2022,2023-05-27,2023-05-23,1. FC Köln,Bayern München,1,2,1.191068263482811,2.4464628106150195,0.1203614049886243,0.1556465074282863,0.7239920875830893,1,2,4,2.2398037009239156,0.1148930708022002,0.2622324975829745,0.214026101529869,-0.0242927228537442,0.1308189229877115,-0.2381353401702743,-2.262960099170275,0.0,33.0,33.0,0.0036151776732902,0.0201977522823518,0.1203614049886244,0.1556465074282863,0.7239920875830893,1.0,False,False,-0.1515762259136225,0.2789838441873263,1827,True,official_matchdays,False,,,34,1,2,4,4,3,4,4,1:2,0:1,1:2,1:2
b07aeaa43a9a2d2f073f,D1,2022,2023-05-27,2023-05-23,RB Leipzig,FC Schalke 04,4,2,2.9792979060079277,0.5922471427272961,0.5936687845815084,0.2051087431708645,0.2012224722476271,2,0,3,4.4721561107037076,0.2476651364860473,0.4733575246979243,-0.0608768374375376,0.4267157218418199,-0.1871528486901738,0.2976719577564335,2.0878908449086913,0.0,33.0,33.0,0.0652631922294909,-0.0446391578664716,0.5936687845815084,0.2051087431708645,0.201222472247627,1.0,False,False,-0.1515762259136225,0.2789838441873263,1827,True,official_matchdays,False,,,34,4,2,3,2,2,3,3,2:1,1:0,2:0,2:0
bae660d9fa2ec1bb8f59,D1,2022,2023-05-27,2023-05-23,VfL Bochum,Bayer 04 Leverkusen,3,0,1.1022747109449749,1.9487546817655812,0.2912874184668038,0.2366260757421691,0.4720865057910269,1,2,0,4.152602148498529,0.7811310918945673,-0.1446371321237304,0.0088974321706814,-0.0314068979243652,0.1068973564725726,-0.1287460625741437,0.0,0.0,33.0,33.0,-0.0213458879496143,0.0145589029519618,0.2912874184668039,0.2366260757421691,0.472086505791027,1.0,False,False,-0.1515762259136225,0.2789838441873263,1827,True,official_matchdays,False,,,34,3,0,0,0,0,0,0,1:2,0:1,1:2,1:2
d8accf2138e7a0f5d796,D1,2022,2023-05-27,2023-05-23,Borussia Dortmund,1. FSV Mainz 05,2,2,3.0231071715414264,1.0153831633986004,0.8329505619973332,0.1037804058826579,0.0632690321200088,3,1,0,3.529015548052003,1.5010191700369295,0.5236264871641637,-0.3593997569405138,0.7806097610445498,-0.2095213795183895,0.1334054247574511,1.5721642910331852,0.0,33.0,33.0,0.0770029078013146,-0.0687915712901321,0.8329505619973332,0.1037804058826579,0.0632690321200088,1.0,False,False,-0.1515762259136225,0.2789838441873263,1827,True,official_matchdays,False,,,34,2,2,0,0,0,0,0,2:1,1:0,3:1,3:1
e184ed0d3c9bf2d07789,D1,2022,2023-05-27,2023-05-23,Eintracht Frankfurt,SC Freiburg,2,1,1.6091468807060247,1.312452159365191,0.402596312671425,0.2514906100152209,0.3459130773133543,2,1,4,2.449564995602621,0.5397945496160003,-0.1230449327307597,0.1416810064662444,0.2754688890748558,0.0280416591668952,0.0673654858345386,0.5981303487069902,0.0,33.0,33.0,-0.0160202693046612,0.0169520729914355,0.402596312671425,0.2514906100152208,0.3459130773133543,1.0,False,False,-0.1515762259136225,0.2789838441873263,1827,True,official_matchdays,False,,,34,2,1,4,4,3,4,4,2:1,1:0,2:1,2:1
9e0e875441372a95e9a5,D1,2023,2023-08-18,2023-08-15,SV Werder Bremen,Bayern München,0,4,1.0192248921849385,2.988569276992857,0.1131845944598853,0.1579752139423685,0.728840191597746,1,3,2,2.850053121418689,0.1112945623359328,-0.3454283121460467,0.2921739682962979,-0.2819236051726655,0.2640278134011096,-0.2459759233100311,-2.4983682927276134,1.0,0.0,0.0,-0.1239095331131114,0.121246815920624,0.1131845944598852,0.1579752139423686,0.7288401915977462,1.0,False,False,-0.1516224419344106,0.2811912407705912,1836,True,official_matchdays,False,,,1,0,4,2,2,2,2,2,1:2,0:1,1:3,1:3
07dcfcdb12aa22c585c3,D1,2023,2023-08-19,2023-08-15,TSG 1899 Hoffenheim,SC Freiburg,1,2,1.5738427399122925,1.4123248770406058,0.4087133354013718,0.2645940325601166,0.3266926320385115,2,1,0,2.533315981940373,0.6903994043525655,0.0384750894003373,-0.0042785975411222,0.2458949473984933,-0.0708156852176172,-0.0762931722595527,-0.0458143615525107,1.0,0.0,0.0,-0.0008985788347005,0.0026084034276613,0.4087133354013718,0.2645940325601167,0.3266926320385114,1.0,False,False,-0.1516224419344106,0.2811912407705912,1836,True,official_matchdays,False,,,1,1,2,0,0,0,0,0,2:1,1:0,2:1,2:1
26ffc50f68b235a50986,D1,2023,2023-08-19,2023-08-15,VfL Wolfsburg,1. FC Heidenheim 1846,2,0,1.7982047027419286,1.9600101392057077,0.5924139739240285,0.222670681614136,0.1849153444618354,2,1,2,2.747671270774771,0.2499022857203457,-0.122704236016298,0.0,0.0329521054292979,0.0,0.0,0.0,1.0,0.0,0.0,-0.0122704236016298,0.0061352118008149,0.5924139739240285,0.222670681614136,0.1849153444618355,1.0,False,True,-0.1516224419344106,0.2811912407705912,1836,True,official_matchdays,False,,,1,2,0,2,2,2,0,2,2:1,1:0,1:2,2:1
756a6f9181865bcdee20,D1,2023,2023-08-19,2023-08-15,Stuttgart,VfL Bochum,5,0,1.8001423120030406,1.0880343981948888,0.5663742698526238,0.2295377736333175,0.2040879565140584,2,1,2,4.658414984557519,0.2823707573644694,0.1194200381938226,0.0703871251864734,-0.0502406363466418,-0.251840694581808,0.1546682986220167,0.0,1.0,0.0,0.0,0.0161560624911594,-0.0066657043221446,0.566374269852624,0.2295377736333176,0.2040879565140584,1.0,False,False,-0.1516224419344106,0.2811912407705912,1836,True,official_matchdays,False,,,1,5,0,2,2,2,2,2,2:1,1:0,2:1,2:1
86de5931cacf69e23889,D1,2023,2023-08-19,2023-08-15,Bayer 04 Leverkusen,RB Leipzig,3,2,1.4200526975121075,1.5571935945750046,0.3889825136443049,0.2654107206357551,0.34560676571994,2,1,3,3.3627798311826385,0.5632292557722204,-0.1889576810783415,0.5878724523380419,0.1345868364615388,0.2226424713052577,0.0146666382858001,-0.1359675904275672,1.0,0.0,0.0,-0.0509552485711354,0.0709009871341204,0.388982513644305,0.265410720635755,0.34560676571994,1.0,False,False,-0.1516224419344106,0.2811912407705912,1836,True,official_matchdays,False,,,1,3,2,3,3,3,0,0,2:1,1:0,1:2,1:2
97457be190b4a50a1322,D1,2023,2023-08-19,2023-08-15,Borussia Dortmund,1. FC Köln,1,0,3.09803634375451,1.004515895305186,0.6839551481040935,0.1837883315442861,0.1322565203516203,3,1,2,3.2665404881252376,0.1511542863972564,0.4302085994233934,0.0946140528413721,0.5742241426066926,0.1617907633221316,0.111935089391123,1.6814413886093542,1.0,0.0,0.0,0.0859229464850607,-0.0596818138718224,0.6839551481040936,0.1837883315442861,0.1322565203516203,1.0,False,False,-0.1516224419344106,0.2811912407705912,1836,True,official_matchdays,False,,,1,1,0,2,3,4,2,2,2:1,1:0,3:1,3:1
a79344ae89fb7e52f1d0,D1,2023,2023-08-19,2023-08-15,FC Augsburg,Borussia Mönchengladbach,4,4,1.3586614407510995,1.6039943079910073,0.352318367189161,0.259703511857593,0.3879781209532461,1,2,0,6.26687929399389,0.8226941445532292,-0.3721584163034243,0.0578659886571306,-0.0060578691877372,-0.4194832905192083,-0.0105559639382016,-0.6437166065063141,1.0,0.0,0.0,-0.0567298544227669,0.0410152330404522,0.3523183671891609,0.2597035118575929,0.3879781209532461,1.0,False,False,-0.1516224419344106,0.2811912407705912,1836,True,official_matchdays,False,,,1,4,4,0,0,0,0,0,1:2,0:1,1:2,1:2
182015e0c4cb0f2169a4,D1,2023,2023-08-20,2023-08-15,Eintracht Frankfurt,SV Darmstadt 98,1,0,1.871384925170045,2.0964320737391464,0.6900198190435158,0.1873295993106419,0.1226505816458422,2,1,3,3.0213437383602764,0.1462232565417637,0.0557743169428258,0.0,0.3392629248018661,0.0,0.0,0.0,1.0,0.0,0.0,0.0055774316942825,-0.0027887158471412,0.6900198190435157,0.1873295993106419,0.1226505816458422,1.0,False,True,-0.1516224419344106,0.2811912407705912,1836,True,official_matchdays,False,,,1,1,0,3,3,4,0,3,2:1,1:0,1:2,2:1
6b153285b7c3110bd8a7,D1,2023,2023-08-20,2023-08-15,1. FC Union Berlin,1. FSV Mainz 05,4,1,1.6946118047577128,0.9374134325537038,0.4772440953217799,0.2780465598831239,0.2447093447950962,1,0,2,3.8785638247113057,0.4104662887688293,0.0793732819898605,-0.3609659711816805,0.3820143020560413,-0.1945890690554212,0.1455032059126686,0.1035118422143835,1.0,0.0,0.0,0.0358485831090631,-0.049928217568654,0.4772440953217798,0.2780465598831239,0.2447093447950962,1.0,False,False,-0.1516224419344106,0.2811912407705912,1836,True,official_matchdays,False,,,1,4,1,2,2,2,2,2,2:1,1:0,1:0,1:0
4d116dbfa324dc3c9a89,D1,2023,2023-08-25,2023-08-22,RB Leipzig,Stuttgart,5,1,2.454970612776555,0.8417390091518588,0.6375347562561262,0.2043901235555733,0.1580751201883005,2,0,2,3.883176292767198,0.198144119151914,0.3249511200083479,0.2502056569579595,0.4861283445931158,-0.0090102973950032,0.2133444528375862,1.4357208861479198,0.9,1.0,1.0,0.0629557717331443,-0.0341979328848289,0.6375347562561261,0.2043901235555733,0.1580751201883005,1.0,False,False,-0.1442268523715409,0.2841515873491137,1836,True,official_matchdays,False,,,2,5,1,2,2,2,2,2,2:1,1:0,2:0,2:0
101684ed21e358caf910,D1,2023,2023-08-26,2023-08-22,1. FC Heidenheim 1846,TSG 1899 Hoffenheim,2,3,0.603915956686202,1.2654097027220512,0.3231456509620165,0.2581699838785011,0.4186843651594824,0,1,3,4.851748716390299,0.509002719621525,-0.2645454545454545,-0.1290536957960615,0.0,-0.2817695693234571,0.0,0.0,0.9,1.0,1.0,-0.0200018606647423,0.0003219031476665,0.3231456509620165,0.2581699838785011,0.4186843651594823,1.0,True,False,-0.1442268523715409,0.2841515873491137,1836,True,official_matchdays,False,,,2,2,3,3,3,3,3,3,1:2,0:1,0:1,0:1
1b6d2b068acaf91e983c,D1,2023,2023-08-26,2023-08-22,Borussia Mönchengladbach,Bayer 04 Leverkusen,0,3,1.6493794304997862,1.7435380507007172,0.2614883230153801,0.2347017143162436,0.5038099626683763,1,2,2,3.2670478366070017,0.3696655909235375,-0.015353392727794,-0.038407876474913,0.3264663290747104,-0.0450826904933025,-0.161867573451925,-0.6457405879617745,0.9,1.0,1.0,-0.0222374873507699,0.0195494238906345,0.2614883230153801,0.2347017143162436,0.5038099626683763,1.0,False,False,-0.1442268523715409,0.2841515873491137,1836,True,official_matchdays,False,,,2,0,3,2,2,2,2,2,1:2,0:1,1:2,1:2
22f01d41ae5ef1d4bd57,D1,2023,2023-08-26,2023-08-22,1. FC Köln,VfL Wolfsburg,1,2,1.399795515414045,1.3800844519614512,0.4073539350003072,0.2700436198316643,0.3226024451680285,2,1,0,2.57764671925134,0.6977282322643568,-0.0830009192357604,0.0955871811707505,-0.1404327158707505,-0.1380526603230891,-0.0341769542072886,0.0,0.9,1.0,1.0,-0.014788298692478,0.0154176117892275,0.4073539350003071,0.2700436198316643,0.3226024451680285,1.0,False,False,-0.1442268523715409,0.2841515873491137,1836,True,official_matchdays,False,,,2,1,2,0,0,0,0,0,2:1,1:0,1:1,2:1
b53a53b87d8f21e1b260,D1,2023,2023-08-26,2023-08-22,SV Darmstadt 98,1. FC Union Berlin,1,4,0.4247806702902242,1.190221704805961,0.2475715075797326,0.2792376306422565,0.473190861778011,0,1,2,5.085706313067709,0.4167931738461976,-0.2345454545454545,0.2742066057660564,0.0,-0.1985940516689327,0.0,0.0,0.9,1.0,1.0,-0.0371648757428482,0.0391479333038783,0.2475715075797325,0.2792376306422565,0.473190861778011,1.0,True,False,-0.1442268523715409,0.2841515873491137,1836,True,official_matchdays,False,,,2,1,4,2,2,2,2,2,1:2,0:1,0:1,0:1
f3b9c017adb956a18250,D1,2023,2023-08-26,2023-08-22,SC Freiburg,SV Werder Bremen,1,0,2.141299804195009,0.946653057951484,0.5614248575695558,0.2364621937054041,0.2021129487250401,2,1,3,2.5947601017316515,0.2891121686521871,0.1732583585706313,-0.4361972466592422,0.1889760624608297,-0.3205551104043745,0.0978504852592008,0.6981007510606061,0.9,1.0,1.0,0.0597354893518489,-0.0728824337562794,0.5614248575695558,0.2364621937054041,0.2021129487250401,1.0,False,False,-0.1442268523715409,0.2841515873491137,1836,True,official_matchdays,False,,,2,1,0,3,3,4,3,3,2:1,1:0,2:1,2:1
fca26b53bf07d421c5b9,D1,2023,2023-08-26,2023-08-22,VfL Bochum,Borussia Dortmund,1,1,1.1119752127954767,2.643610730153334,0.1428017413455506,0.1814041024276182,0.6757941562268313,1,2,0,2.548109507975187,1.1471893224439895,-0.0750333240733058,0.4728308491576529,0.1198475196434041,0.1975891774453342,-0.0800243079728105,0.0,0.9,1.0,1.0,-0.0351460902638537,0.0550359665180711,0.1428017413455506,0.1814041024276181,0.6757941562268311,1.0,False,False,-0.1442268523715409,0.2841515873491137,1836,True,official_matchdays,False,,,2,1,1,0,0,0,0,0,1:2,0:1,1:2,1:2
7ea26359ecad561b3782,D1,2023,2023-08-27,2023-08-22,1. FSV Mainz 05,Eintracht Frankfurt,1,1,1.4944453370786257,1.5311996854550043,0.3955573011124074,0.2647945569430165,0.339648141944576,2,1,0,2.0965961957412067,0.81235348229035,-0.4489433377157641,0.2258366220423674,-0.0250478519632087,-0.4843027842334852,-0.1764267060546588,-0.9515458086340894,0.9,1.0,1.0,-0.0864172808706947,0.0752619450870249,0.3955573011124074,0.2647945569430165,0.339648141944576,1.0,False,False,-0.1442268523715409,0.2841515873491137,1836,True,official_matchdays,False,,,2,1,1,0,0,0,0,0,2:1,1:0,1:2,2:1
d9651e98694eb84b0817,D1,2023,2023-08-27,2023-08-22,Bayern München,FC Augsburg,3,1,3.890066053268024,0.7046091422062101,0.8874312307833947,0.07378181133534,0.0387869578812653,3,0,2,2.675831067759525,0.0196199115885481,0.3919218137102922,-0.3046354282689581,0.343662571505413,-0.4801269261389401,0.1246713663665529,2.123791237396792,0.9,1.0,1.0,0.1084428239442326,-0.1040785046721659,0.8874312307833947,0.07378181133534,0.0387869578812653,1.0,False,False,-0.1442268523715409,0.2841515873491137,1836,True,official_matchdays,False,,,2,3,1,2,2,2,2,2,2:1,1:0,3:0,3:0
d87aff716ad0b28bcd78,D1,2023,2023-09-01,2023-08-29,Borussia Dortmund,1. FC Heidenheim 1846,2,2,3.835847372140147,0.6633238355986332,0.7671789990589815,0.1406119866310449,0.0922090143099736,3,0,0,3.3437953961964904,1.3356138764393968,0.3651685893781452,-0.374713716644147,0.5843424220670576,-0.2645454545454545,0.0,0.0,0.8,2.0,2.0,0.0552525447700218,-0.0557298011333219,0.7671789990589813,0.1406119866310449,0.0922090143099737,1.0,False,True,-0.1464689509197946,0.2791748087953549,1836,True,official_matchdays,False,,,3,2,2,0,0,0,0,0,2:1,1:0,3:0,3:0
01ad6d8d4d8566e2eaef,D1,2023,2023-09-02,2023-08-29,Borussia Mönchengladbach,Bayern München,1,2,1.2721091768238253,2.767006121424205,0.115920466060178,0.1513913973151851,0.7326881366246368,1,2,4,2.3783986542031488,0.1078125419338619,-0.1654251201290775,0.4943825726264753,0.1149816830462116,0.3655177932248515,0.0202722705320931,-1.480074630890478,0.8,2.0,2.0,-0.0698495197354364,0.0862973923603063,0.115920466060178,0.1513913973151852,0.7326881366246367,1.0,False,False,-0.1464689509197946,0.2791748087953549,1836,True,official_matchdays,False,,,3,1,2,4,4,3,4,4,1:2,0:1,1:2,1:2
0ed61d6e0b7a3c0c50c1,D1,2023,2023-09-02,2023-08-29,Bayer 04 Leverkusen,SV Darmstadt 98,5,1,3.0117372870831143,0.5942804679835338,0.7984923817161189,0.1312590216519647,0.0702485966319166,2,0,2,3.457405075781175,0.062769116320227,0.1575307394375724,-0.404080917642446,0.2904893182996097,-0.2345454545454545,0.0,0.0,0.8,2.0,2.0,0.0359571198258795,-0.0482846287361232,0.7984923817161187,0.1312590216519647,0.0702485966319166,1.0,False,True,-0.1464689509197946,0.2791748087953549,1836,True,official_matchdays,False,,,3,5,1,2,2,2,2,2,2:1,1:0,2:0,2:0
0f701e3be7b6ce31ed01,D1,2023,2023-09-02,2023-08-29,SV Werder Bremen,1. FSV Mainz 05,4,0,1.4598804393713116,1.4245284387096655,0.3552238805970148,0.2686567164179103,0.3761194029850745,1,2,0,4.580697338789064,0.629378480730675,-0.4582767422795984,-0.3909953663693103,-0.4208989913034063,-0.2924026647102796,-0.1427171325341042,-0.3446852911335069,0.8,2.0,2.0,-0.0403074683588696,-0.0021561370735757,0.3552238805970149,0.2686567164179104,0.3761194029850747,1.0,False,False,-0.1464689509197946,0.2791748087953549,1836,True,official_matchdays,False,,,3,4,0,0,0,0,2,0,1:2,0:1,2:1,1:2
474f903d3b6d39c7113f,D1,2023,2023-09-02,2023-08-29,Stuttgart,SC Freiburg,5,0,1.3503006074350188,1.4658322248747082,0.4398231146169476,0.260547388550257,0.2996294968327956,2,1,2,5.817088904127832,0.4714609199700903,0.0524223574359351,0.2620454818514541,0.1711944604131869,0.1253051020423228,-0.1783960939366802,-0.3338197969820488,0.8,2.0,2.0,-0.0234562389854541,0.0391796309498236,0.4398231146169475,0.2605473885502569,0.2996294968327955,1.0,False,False,-0.1464689509197946,0.2791748087953549,1836,True,official_matchdays,False,,,3,5,0,2,2,2,0,2,2:1,1:0,1:2,2:1
4c8694edae170077b650,D1,2023,2023-09-02,2023-08-29,FC Augsburg,VfL Bochum,2,2,1.6577666510368032,1.1365714593701275,0.4719489211674753,0.2589341378297229,0.2691169410028019,2,1,0,2.981898929660585,0.8443383242000254,-0.3665147575632266,-0.0842637622131035,-0.0644776589210952,-0.3327387283399837,-0.0466353072639875,0.0,0.8,2.0,2.0,-0.0347700530088668,0.0122311270200503,0.4719489211674753,0.2589341378297228,0.2691169410028019,1.0,False,False,-0.1464689509197946,0.2791748087953549,1836,True,official_matchdays,False,,,3,2,2,0,0,0,0,0,2:1,1:0,2:1,2:1
83b8a2affe69cf9829e5,D1,2023,2023-09-02,2023-08-29,TSG 1899 Hoffenheim,VfL Wolfsburg,3,1,1.567255781203274,1.5163275442809636,0.3875569347815205,0.2539166124430652,0.3585264527754142,2,1,2,3.07958974981546,0.5681013715484897,0.050845116154486,0.2351259699349237,0.1078970695412853,0.0635187651537984,-5.289551414762234e-05,0.0,0.8,2.0,2.0,-0.0066744316570049,0.0209729859614754,0.3875569347815206,0.2539166124430652,0.3585264527754142,1.0,False,False,-0.1464689509197946,0.2791748087953549,1836,True,official_matchdays,False,,,3,3,1,2,2,2,2,2,2:1,1:0,2:1,2:1
609c6a0e92a6b50b9d40,D1,2023,2023-09-03,2023-08-29,Eintracht Frankfurt,1. FC Köln,1,1,1.87883835614374,1.0859649637063502,0.4503225806451614,0.2748387096774194,0.2748387096774194,2,1,0,2.040632637082965,0.8041856399583768,0.1625504921456961,-0.1885931250503581,0.3915954278111471,0.0122181470084789,-0.1008881517262526,1.0608229062102583,0.8,2.0,2.0,0.04185675600498,-0.0431588876502131,0.4503225806451613,0.2748387096774193,0.2748387096774193,1.0,False,False,-0.1464689509197946,0.2791748087953549,1836,True,official_matchdays,False,,,3,1,1,0,0,0,0,0,2:1,1:0,2:1,2:1
97a6fed9be8c8065808a,D1,2023,2023-09-03,2023-08-29,1. FC Union Berlin,RB Leipzig,0,3,1.2703424613338454,1.4066549869755225,0.2977863668306394,0.2779339423752635,0.424279690794097,1,2,2,3.3456899313887263,0.497377871026589,0.4139794520198615,0.4188100701289132,0.5024179169362697,0.0621369545404895,0.1213137477079039,-1.3518047068785866,0.8,2.0,2.0,-0.000512965056636,0.0421524411640747,0.2977863668306394,0.2779339423752636,0.424279690794097,1.0,False,False,-0.1464689509197946,0.2791748087953549,1836,True,official_matchdays,False,,,3,0,3,2,2,2,2,2,1:2,0:1,1:2,1:2
3034bda9ac3742270f16,D1,2023,2023-09-15,2023-09-12,Bayern München,Bayer 04 Leverkusen,2,2,2.8531115690166677,1.1459891781293083,0.5924256182896213,0.2059505368302975,0.2016238448800812,3,1,0,2.804663115393592,1.0221348379901596,0.585642481616503,0.2781544781412015,0.4113674399658431,0.1119435179669286,0.1833518207232517,0.7355918909445023,0.7,3.0,3.0,0.0666969733822816,-0.0235071253943963,0.5924256182896213,0.2059505368302975,0.2016238448800812,1.0,False,False,-0.1458609766157333,0.2846181575202342,1836,True,official_matchdays,False,,,4,2,2,0,0,0,0,0,2:1,1:0,3:1,3:1
33190fa4da0b1b155dcf,D1,2023,2023-09-16,2023-09-12,VfL Wolfsburg,1. FC Union Berlin,2,1,1.4501893157900294,1.1729711864174674,0.4249604454451409,0.2767753909815614,0.2982641635732976,2,1,4,2.3937335888368096,0.4962366176277258,0.0127884133974096,0.1499748908654291,0.2265923159346201,-0.0139872791542991,-0.0238204129877543,0.0,0.7,3.0,3.0,-0.0074109238529182,0.0155490890660601,0.4249604454451409,0.2767753909815615,0.2982641635732976,1.0,False,False,-0.1458609766157333,0.2846181575202342,1836,True,official_matchdays,False,,,4,2,1,4,4,3,4,4,2:1,1:0,2:1,2:1
4514b04f554bb4abb78d,D1,2023,2023-09-16,2023-09-12,1. FSV Mainz 05,Stuttgart,1,3,1.611962756003569,1.3964469203778809,0.376325122579895,0.2629120719393787,0.3607628054807263,2,1,0,3.1884150628907486,0.6193675463131018,-0.5136891478442861,0.2320419917090851,-0.0833705476910407,-0.1401658369927704,-0.2238474613221739,0.0289638847486991,0.7,3.0,3.0,-0.0736565194528893,0.0595741616461292,0.376325122579895,0.2629120719393786,0.3607628054807263,1.0,False,False,-0.1458609766157333,0.2846181575202342,1836,True,official_matchdays,False,,,4,1,3,0,0,0,0,0,2:1,1:0,2:1,2:1
7273895bf4a1d2fd5ad9,D1,2023,2023-09-16,2023-09-12,RB Leipzig,FC Augsburg,3,0,2.8686820320257316,0.7124922900130098,0.7792608311641372,0.1373196020532791,0.0834195667825838,2,0,2,2.244226557347245,0.0745412778886124,0.5559733386954454,-0.3233762877246743,0.6078821648546068,-0.5071619034554616,0.1716409170225915,1.3042619765816048,0.7,3.0,3.0,0.1031727786970859,-0.0915429261485473,0.779260831164137,0.1373196020532791,0.0834195667825838,1.0,False,False,-0.1458609766157333,0.2846181575202342,1836,True,official_matchdays,False,,,4,3,0,2,2,2,2,2,2:1,1:0,2:0,2:0
86b028c7a89944bc90d1,D1,2023,2023-09-16,2023-09-12,VfL Bochum,Eintracht Frankfurt,1,1,1.2834371109517917,1.604799607282956,0.3274425281841248,0.2642993409309878,0.4082581308848875,1,2,0,2.0809609163729452,0.8151487704518123,-0.0651505302238286,0.1373199289933569,0.0989744363538546,-0.3933166837698659,0.1304918684676231,0.0,0.7,3.0,3.0,-0.0068564560486695,0.0104649259871459,0.3274425281841247,0.2642993409309878,0.4082581308848874,1.0,False,False,-0.1458609766157333,0.2846181575202342,1836,True,official_matchdays,False,,,4,1,1,0,0,0,0,0,1:2,0:1,1:2,1:2
d7e2c3aba77122b9e0e6,D1,2023,2023-09-16,2023-09-12,1. FC Köln,TSG 1899 Hoffenheim,1,3,1.6059203206771493,1.4133366420830538,0.4319336420446882,0.253675313581801,0.3143910443735108,2,1,0,3.3209039581956525,0.7209774758860592,-0.2175325175123537,0.2379558507686655,-0.2791328284149147,-0.0543772965553358,-0.0870485929795629,-0.32915691504484,0.7,3.0,3.0,-0.0437637199519315,0.044784886614747,0.4319336420446882,0.253675313581801,0.3143910443735108,1.0,False,False,-0.1458609766157333,0.2846181575202342,1836,True,official_matchdays,False,,,4,1,3,0,0,0,0,0,2:1,1:0,2:1,2:1
daa33012f8a9f7fda9e2,D1,2023,2023-09-16,2023-09-12,SC Freiburg,Borussia Dortmund,2,4,1.420966300513253,1.931945855497471,0.30370359470873,0.2499227498123923,0.4463736554788775,1,2,2,3.96289151917236,0.4611993836606128,0.0187086143791742,0.2334230611475022,0.2749392700678426,0.0992664790892993,-0.2587853815679846,-1.0581269531521695,0.7,3.0,3.0,-0.0412567823780198,0.0538633661543537,0.30370359470873,0.2499227498123924,0.4463736554788776,1.0,False,False,-0.1458609766157333,0.2846181575202342,1836,True,official_matchdays,False,,,4,2,4,2,2,2,2,2,1:2,0:1,1:2,1:2
76c9886933642bece575,D1,2023,2023-09-17,2023-09-12,1. FC Heidenheim 1846,SV Werder Bremen,4,2,1.4732363567168822,1.4427101145243448,0.4080897320290533,0.2530371689362203,0.3388730990347262,2,1,2,4.396864950323986,0.5292205514420946,-0.3083488923169328,-0.2270141716054208,-0.2345454545454545,-0.3600966747762275,0.0,0.0,0.7,3.0,3.0,-0.0194841806514222,-0.0072839725446954,0.4080897320290533,0.2530371689362204,0.3388730990347263,1.0,True,False,-0.1458609766157333,0.2846181575202342,1836,True,official_matchdays,False,,,4,4,2,2,2,2,2,2,2:1,1:0,2:1,2:1
d9b443e72db8e963a1a0,D1,2023,2023-09-17,2023-09-12,SV Darmstadt 98,Borussia Mönchengladbach,3,3,1.1514534060915704,2.020427954298458,0.3241594204010837,0.2657927657582292,0.410047813840687,1,2,0,4.127156924821885,0.8122788022832437,-0.5053506846571983,-0.2361527934655307,-0.2945454545454545,-0.3401429613175296,0.0,0.0,0.7,3.0,3.0,-0.0387274287924433,0.0016522548863068,0.3241594204010837,0.2657927657582293,0.410047813840687,1.0,True,False,-0.1458609766157333,0.2846181575202342,1836,True,official_matchdays,False,,,4,3,3,0,0,0,0,0,1:2,0:1,1:2,1:2
b9a37b88b4888eb3d460,D1,2023,2023-09-22,2023-09-19,Stuttgart,SV Darmstadt 98,3,1,2.4363837328473963,1.1561463921701645,0.6928146781467814,0.1860086100861008,0.1211767117671176,2,1,2,2.4944082552023423,0.1436458204629196,0.326430600879344,-0.411789141198482,0.286048577062871,-0.404080917642446,0.0,0.0,0.6,4.0,4.0,0.0532325171478585,-0.0575004441638154,0.6928146781467815,0.1860086100861008,0.1211767117671176,1.0,False,True,-0.146005575161874,0.2793765171274479,1836,True,official_matchdays,False,,,5,3,1,2,2,2,2,2,2:1,1:0,2:1,2:1
0008c5603d2567dc740e,D1,2023,2023-09-23,2023-09-19,Borussia Mönchengladbach,RB Leipzig,0,1,1.2411833647784265,2.060305202853206,0.189040054491047,0.2043567326800871,0.606603212828866,1,2,3,2.678652150508253,0.2322588485502291,-0.1963799417284442,0.6083257641412677,-0.0629778975713912,0.1965848491574868,-0.0361707925539796,-0.753402427516229,0.6,4.0,4.0,-0.0631638584203502,0.0837611495409914,0.189040054491047,0.204356732680087,0.606603212828866,1.0,False,False,-0.146005575161874,0.2793765171274479,1836,True,official_matchdays,False,,,5,0,1,3,3,4,3,3,1:2,0:1,1:2,1:2
11e03af7a5642e52bd7f,D1,2023,2023-09-23,2023-09-19,SV Werder Bremen,1. FC Köln,2,1,1.5524439677366837,1.3170563702591984,0.3774412922703435,0.264834497891346,0.3577242098383105,2,1,4,2.4953833696413916,0.5856832661478248,-0.3028392963443836,-0.2950611602584062,-0.1328696931574758,0.0139969911257548,-0.0791957216162525,-0.1423162221802555,0.6,4.0,4.0,-0.0216254010350345,-0.0082696217951049,0.3774412922703434,0.264834497891346,0.3577242098383106,1.0,False,False,-0.146005575161874,0.2793765171274479,1836,True,official_matchdays,False,,,5,2,1,4,4,3,4,4,2:1,1:0,2:1,2:1
251bf434aa16ea3408fe,D1,2023,2023-09-23,2023-09-19,FC Augsburg,1. FSV Mainz 05,2,1,1.4816204205488368,1.344768920014962,0.3700896175203614,0.2640584323354644,0.365851950144174,1,2,0,2.484977076376548,0.6003615950674028,-0.4181071913548466,-0.5313794460572737,-0.1124014779299007,-0.42949533433982,-0.0948672454234568,-0.1126694736038293,0.6,4.0,4.0,-0.0216751512078512,-0.0257991806627547,0.3700896175203614,0.2640584323354645,0.365851950144174,1.0,False,False,-0.146005575161874,0.2793765171274479,1836,True,official_matchdays,False,,,5,2,1,0,4,3,4,4,2:1,1:0,2:1,2:1
3dd1341f7ff07b163f10,D1,2023,2023-09-23,2023-09-19,Borussia Dortmund,VfL Wolfsburg,1,0,2.5295448243144913,1.1752951274395318,0.5669289058631743,0.2182482576101969,0.2148228365266287,2,1,3,3.1122960363087304,0.2813317256201008,0.3643604420161125,0.1237768432707525,0.41984857419242,-0.0845606740043566,0.2504955025072966,0.0,0.6,4.0,4.0,0.0427719771634384,-0.0183651128990952,0.5669289058631742,0.2182482576101969,0.2148228365266287,1.0,False,False,-0.146005575161874,0.2793765171274479,1836,True,official_matchdays,False,,,5,1,0,3,3,4,3,3,2:1,1:0,2:1,2:1
d2187422d3eb5c0ea80f,D1,2023,2023-09-23,2023-09-19,1. FC Union Berlin,TSG 1899 Hoffenheim,0,2,1.7697502641127727,1.152776318959023,0.4527736572326581,0.2615477257038788,0.2856786170634629,2,1,0,3.1221710623745564,0.7836662356250749,0.002525169070169,0.3881346673719889,0.2593209915147331,0.1483234508891211,0.0490798568734932,0.3381490343312179,0.6,4.0,4.0,-0.0116279881029396,0.0311609799250475,0.4527736572326581,0.2615477257038789,0.2856786170634629,1.0,False,False,-0.146005575161874,0.2793765171274479,1836,True,official_matchdays,False,,,5,0,2,0,0,0,0,0,2:1,1:0,2:1,2:1
ff48d3bc9419908d82db,D1,2023,2023-09-23,2023-09-19,Bayern München,VfL Bochum,7,0,3.8372355342868913,0.7091317012835024,0.8698806242913946,0.0843799547372605,0.0457394209713448,3,0,2,3.688358833876096,0.0261431233270532,0.4176003245164953,-0.0761565570022426,0.271321611691505,-0.2689833300205086,0.2458459926424304,0.0,0.6,4.0,4.0,0.0578601599338832,-0.0407879715581705,0.8698806242913947,0.0843799547372605,0.0457394209713448,1.0,False,False,-0.146005575161874,0.2793765171274479,1836,True,official_matchdays,False,,,5,7,0,2,2,2,2,2,2:1,1:0,3:0,3:0
b1e8775016cf4b747f04,D1,2023,2023-09-24,2023-09-19,Eintracht Frankfurt,SC Freiburg,0,0,1.6735153342772473,1.1815616350557865,0.4580189630825096,0.2637078878353842,0.2782731490821061,2,1,0,2.642833079606787,0.8293433904790805,0.0899371192407172,-0.1581169260401472,0.2584166655508453,-0.0901496192829188,0.0974603817522405,0.4311777828300626,0.6,4.0,4.0,0.028240244056142,-0.0316492343961135,0.4580189630825096,0.2637078878353843,0.2782731490821061,1.0,False,False,-0.146005575161874,0.2793765171274479,1836,True,official_matchdays,False,,,5,0,0,0,0,0,0,0,2:1,1:0,2:1,2:1
e0c55b7b1f3c9cb7e767,D1,2023,2023-09-24,2023-09-19,Bayer 04 Leverkusen,1. FC Heidenheim 1846,4,1,2.513699160522512,1.1543483894129825,0.7788625766535475,0.1372494225335048,0.0838880008129477,2,1,2,2.8476152911493107,0.0747763606704818,0.2054686792540896,-0.0247337687609861,0.4473925545711358,-0.2240892159741452,0.0,0.0,0.6,4.0,4.0,0.0217835563634582,-0.012746810838803,0.7788625766535474,0.1372494225335047,0.0838880008129477,1.0,False,True,-0.146005575161874,0.2793765171274479,1836,True,official_matchdays,False,,,5,4,1,2,2,2,2,2,2:1,1:0,2:1,2:1
8cf9f894b2ed2b46c9cf,D1,2023,2023-09-29,2023-09-26,TSG 1899 Hoffenheim,Borussia Dortmund,1,3,1.595861743851096,2.1870052605291512,0.3098891563865765,0.2333547884654365,0.4567560551479871,1,2,2,2.8538633885301965,0.4455997301641094,0.4511642070502067,0.4121838085300036,0.2847575852611568,0.2141954189760451,-0.132734833727557,-1.2473993336143243,0.5,5.0,5.0,0.0022779969219635,0.0408894038570469,0.3098891563865764,0.2333547884654365,0.456756055147987,1.0,False,False,-0.1405399711982584,0.2842024020753696,1827,True,official_matchdays,False,,,6,1,3,2,2,2,2,2,1:2,0:1,1:2,1:2
2abdce8dc615e9bc3635,D1,2023,2023-09-30,2023-09-26,RB Leipzig,Bayern München,2,2,1.6919814358854417,1.678325404904362,0.270990571543872,0.2291511721368609,0.4998582563192667,1,2,0,2.776010249631051,0.9175020816941876,0.6189466568875613,0.4948134882929286,0.6509084095284818,0.4766154124399761,-0.0309308708960102,-0.8213302710771057,0.5,5.0,5.0,0.0253408193408453,0.0303471879181791,0.2709905715438722,0.229151172136861,0.4998582563192669,1.0,False,False,-0.1405399711982584,0.2842024020753696,1827,True,official_matchdays,False,,,6,2,2,0,0,0,0,0,1:2,0:1,2:1,1:2
3b290673405373012f16,D1,2023,2023-09-30,2023-09-26,VfL Bochum,Borussia Mönchengladbach,1,3,1.423005125258522,1.6929955797986855,0.412574698654007,0.2536409097266058,0.3337843916193874,2,1,0,3.2180807242743574,0.6783948299063346,-0.1919335532830061,-0.3217135813672754,0.0818515081425449,-0.2750572841161073,-0.1342570015697508,0.0,0.5,5.0,5.0,-0.0098205263384243,-0.0158618303940896,0.4125746986540068,0.2536409097266057,0.3337843916193874,1.0,False,False,-0.1405399711982584,0.2842024020753696,1827,True,official_matchdays,False,,,6,1,3,0,0,0,2,2,2:1,1:0,1:2,1:2
4ec9f4316d3e2e5639b6,D1,2023,2023-09-30,2023-09-26,1. FSV Mainz 05,Bayer 04 Leverkusen,0,3,1.2491909097733067,1.9304217446462415,0.1698801310427791,0.2068583492223495,0.6232615197348714,1,2,2,2.8144738284189748,0.213581518078586,-0.5363580657083726,0.3776471183717322,-0.2484855407764788,0.0691199520671561,-0.0697751670458662,-1.277330883110379,0.5,5.0,5.0,-0.0919735568805969,0.0840380095137649,0.1698801310427791,0.2068583492223495,0.6232615197348713,1.0,False,False,-0.1405399711982584,0.2842024020753696,1827,True,official_matchdays,False,,,6,0,3,2,2,2,2,2,1:2,0:1,1:2,1:2
5fcb70928f7f1fccd455,D1,2023,2023-09-30,2023-09-26,1. FC Köln,Stuttgart,0,2,1.5162244694279554,1.4098230715022126,0.3380082273031665,0.263924232277815,0.3980675404190185,1,2,2,2.766292913789393,0.5462282480052731,-0.3993505394120689,0.4607136330017192,-0.3422793387435893,0.0779480780280024,-0.1310283732766541,-0.2091688068301426,0.5,5.0,5.0,-0.0721367643405023,0.0752049190199848,0.3380082273031665,0.263924232277815,0.3980675404190185,1.0,False,False,-0.1405399711982584,0.2842024020753696,1827,True,official_matchdays,False,,,6,0,2,2,2,2,0,2,1:2,0:1,2:1,1:2
bacea602145b2d4e2d40,D1,2023,2023-09-30,2023-09-26,VfL Wolfsburg,Eintracht Frankfurt,2,0,1.6680033587308951,1.1443974440508826,0.4554759093617379,0.2707194841558498,0.2738046064824123,2,1,2,2.534369370600628,0.4447644869180244,0.0077192711166773,0.0744378773911854,0.3425941138002713,-0.3253070376327964,0.0807858288486615,0.0,0.5,5.0,5.0,0.0010893246845415,0.0030185327408516,0.4554759093617379,0.2707194841558498,0.2738046064824122,1.0,False,False,-0.1405399711982584,0.2842024020753696,1827,True,official_matchdays,False,,,6,2,0,2,2,2,2,2,2:1,1:0,2:1,2:1
edcf1dc91e43633497c8,D1,2023,2023-09-30,2023-09-26,1. FC Heidenheim 1846,1. FC Union Berlin,1,0,1.3971869751744492,1.66339992430031,0.3131342144150205,0.2633759008915377,0.4234898846934416,1,2,0,2.975332140458525,0.7204951550153648,-0.200185139065046,-0.114540059593515,0.0975816513669925,-0.1687756970920828,0.0,0.0,0.5,5.0,5.0,-0.0142915109268288,-0.0014447490060992,0.3131342144150205,0.2633759008915378,0.4234898846934418,1.0,True,False,-0.1405399711982584,0.2842024020753696,1827,True,official_matchdays,False,,,6,1,0,0,0,0,0,0,1:2,0:1,1:2,1:2
cfe025b4afb49399b04f,D1,2023,2023-10-01,2023-09-26,SV Darmstadt 98,SV Werder Bremen,4,2,1.5403728609342118,1.9006686664887888,0.3431966270601764,0.2597163664239172,0.3970870065159065,1,2,0,4.171848405392019,0.656521352437335,-0.4771058979096094,-0.0716615385720312,-0.2445110819752792,-0.4120115789613949,0.0,0.0,0.5,5.0,5.0,-0.0441275128623593,0.0166891410382773,0.3431966270601763,0.2597163664239172,0.3970870065159065,1.0,True,False,-0.1405399711982584,0.2842024020753696,1827,True,official_matchdays,False,,,6,4,2,0,0,0,0,0,1:2,0:1,1:2,1:2
eea17990a5053a0162fd,D1,2023,2023-10-01,2023-09-26,SC Freiburg,FC Augsburg,2,0,1.9535004486906653,0.96033815952161,0.5582872675975037,0.2325070460696626,0.2092056863328336,2,1,2,2.3246705279230504,0.2929366836325114,-0.1323643606426774,-0.2230725870773155,0.0888750411616203,-0.545502477606903,0.2963201242588662,0.3929660775319825,0.5,5.0,5.0,0.0176452754716911,-0.0354171228576907,0.5582872675975038,0.2325070460696625,0.2092056863328336,1.0,False,False,-0.1405399711982584,0.2842024020753696,1827,True,official_matchdays,False,,,6,2,0,2,2,2,2,2,2:1,1:0,2:1,2:1
f7bc1d66b6aa9a8a8449,D1,2023,2023-10-06,2023-10-03,Borussia Mönchengladbach,1. FSV Mainz 05,2,2,2.0741324965987187,1.2181624652036944,0.4684633027522937,0.2493628950050968,0.2821738022426096,2,1,0,2.7636421516612386,0.8625359840927678,-0.0643524865073402,-0.5661383872734513,-0.1721675324449691,-0.4728347444194051,-0.1430007630632874,0.4381900754615465,0.4,6.0,6.0,0.0191035333143896,-0.0506280770034292,0.4684633027522936,0.2493628950050968,0.2821738022426096,1.0,False,False,-0.1309657674909013,0.2824783308191806,1827,True,official_matchdays,False,,,7,2,2,0,0,0,0,0,2:1,1:0,2:1,2:1
40f54049a944356ccd54,D1,2023,2023-10-07,2023-10-03,SV Werder Bremen,TSG 1899 Hoffenheim,2,3,1.6096755967296432,1.708592662709397,0.3495781862006629,0.2464974389876468,0.4039243748116903,1,2,3,3.216949329931827,0.5382720466384483,-0.1753980388182138,0.2534944053467634,0.0042883485746521,0.3146060407069839,-0.1179783965720923,-0.4714731372250956,0.4,6.0,6.0,-0.0408281753500151,0.0447329936764426,0.3495781862006629,0.2464974389876469,0.4039243748116902,1.0,False,False,-0.1309657674909013,0.2824783308191806,1827,True,official_matchdays,False,,,7,2,3,3,3,3,3,3,1:2,0:1,1:2,1:2
55ed328fbfccb1a492f4,D1,2023,2023-10-07,2023-10-03,Stuttgart,VfL Wolfsburg,3,1,1.565789485492249,1.3841270367372236,0.4804538305998652,0.2555605481914176,0.2639856212087171,2,1,2,2.896187983053716,0.4049278241352037,0.5508149341953211,0.1424107420215692,0.4275868311179239,-0.2299842825703226,-0.0757738179348416,0.0,0.4,6.0,6.0,0.0441722654217115,-0.009510981610867,0.4804538305998652,0.2555605481914176,0.2639856212087171,1.0,False,False,-0.1309657674909013,0.2824783308191806,1827,True,official_matchdays,False,,,7,3,1,2,2,2,2,2,2:1,1:0,2:1,2:1
730c3b44eff1cf9c7b90,D1,2023,2023-10-07,2023-10-03,FC Augsburg,SV Darmstadt 98,1,2,2.0839253711304178,1.519996901683494,0.5071074325332982,0.2489674733367612,0.2439250941299407,2,1,0,2.8279097330837937,0.8907920141966235,-0.299605875197286,-0.1897184167482987,0.0277086181787063,-0.4835058340588671,0.0,0.0,0.4,6.0,6.0,-0.0204746666823136,-0.0039915479149655,0.5071074325332979,0.2489674733367612,0.2439250941299407,1.0,False,True,-0.1309657674909013,0.2824783308191806,1827,True,official_matchdays,False,,,7,1,2,0,0,0,0,0,2:1,1:0,2:1,2:1
e3be1a9ee469ffa66232,D1,2023,2023-10-07,2023-10-03,RB Leipzig,VfL Bochum,0,0,3.089040937680095,0.6469541100282483,0.7732182371216851,0.140791573279132,0.0859901895991829,2,0,0,3.2907859225528853,1.3434998754730192,0.44823565148327,-0.3309141436395226,0.4678255382360871,-0.3468014382854992,0.1696396771616122,0.0,0.4,6.0,6.0,0.0698512561883837,-0.0639851807961963,0.773218237121685,0.140791573279132,0.0859901895991829,1.0,False,False,-0.1309657674909013,0.2824783308191806,1827,True,official_matchdays,False,,,7,0,0,0,0,0,0,0,2:1,1:0,2:0,2:0
ed1bb02dc882d5280c95,D1,2023,2023-10-07,2023-10-03,Borussia Dortmund,1. FC Union Berlin,4,2,2.342758633004836,0.97795731540515,0.5985223386268711,0.2200047865728909,0.1814728748002378,2,1,2,3.939641027318865,0.2425188229848828,0.4675778333344944,-0.2545774325204951,0.4577026851930537,-0.2322719212328081,0.1156073492690621,0.9092502992831066,0.4,6.0,6.0,0.0743595254157583,-0.0637095053750584,0.5985223386268712,0.220004786572891,0.1814728748002378,1.0,False,False,-0.1309657674909013,0.2824783308191806,1827,True,official_matchdays,False,,,7,4,2,2,2,2,2,2,2:1,1:0,2:1,2:1
074b82ab4c074bb97187,D1,2023,2023-10-08,2023-10-03,Eintracht Frankfurt,1. FC Heidenheim 1846,2,0,1.912890050379944,1.3026021467943234,0.5559535154048816,0.2363143935259078,0.2077320910692106,2,1,2,2.5130333746965383,0.2961743947287872,-0.1190297102056461,0.0076966702657412,0.1892770537359677,-0.375785296909388,0.0,0.0,0.4,6.0,6.0,-0.0122878045338516,0.0067211525368564,0.5559535154048816,0.2363143935259078,0.2077320910692106,1.0,False,True,-0.1309657674909013,0.2824783308191806,1827,True,official_matchdays,False,,,7,2,0,2,2,2,2,2,2:1,1:0,2:1,2:1
52efc960fdfaf1f781fc,D1,2023,2023-10-08,2023-10-03,Bayer 04 Leverkusen,1. FC Köln,3,0,2.5183515118596373,0.8604678383929164,0.7171833402354612,0.1722268236407738,0.110589836123765,2,0,2,2.409594139385509,0.1218774536756423,0.4988353617538512,-0.5076950997762391,0.5126236389625631,-0.1090223097219475,0.0755387414324739,1.5154635746892209,0.4,6.0,6.0,0.0941998639827129,-0.0946428508838323,0.7171833402354612,0.1722268236407738,0.110589836123765,1.0,False,False,-0.1309657674909013,0.2824783308191806,1827,True,official_matchdays,False,,,7,3,0,2,2,2,2,2,2:1,1:0,2:0,2:0
bd7fcc5e802bbb8db4ac,D1,2023,2023-10-08,2023-10-03,Bayern München,SC Freiburg,3,0,3.02584277638009,0.89402779220699,0.8264793708046674,0.1098185647346408,0.0637020644606919,2,0,2,2.346166831711745,0.0462274789332747,0.3397753554533353,0.0876626393962913,0.371501153842051,-0.0966641936253979,0.2525189408673173,1.7326261701267278,0.4,6.0,6.0,0.0595466123201521,-0.0381747125776707,0.8264793708046673,0.1098185647346407,0.0637020644606919,1.0,False,False,-0.1309657674909013,0.2824783308191806,1827,True,official_matchdays,False,,,7,3,0,2,2,2,2,2,2:1,1:0,2:0,2:0
f3ddd80e8e0cf1f6b081,D1,2023,2023-10-20,2023-10-17,Borussia Dortmund,SV Werder Bremen,1,0,3.5658610462548723,0.9738126773462848,0.741769370551451,0.147898800876823,0.1103318285717261,3,1,2,3.5305016370827693,0.1007302256821767,0.5130195103931823,-0.2643897490371104,0.5115480462054458,-0.4746550281365284,0.1529256910539523,1.71887247083942,0.3,7.0,7.0,0.085059266575167,-0.0726277785073634,0.7417693705514509,0.147898800876823,0.1103318285717261,1.0,False,False,-0.1353724791324214,0.2843994707842373,1827,True,official_matchdays,False,,,8,1,0,2,3,4,2,2,2:1,1:0,3:1,3:1
1d2f834605b9361b85f5,D1,2023,2023-10-21,2023-10-17,SC Freiburg,VfL Bochum,2,1,2.0597065613604455,0.8588871032243329,0.5544640921067094,0.241010773704675,0.2045251341886156,2,1,4,2.4608135618610203,0.298418968778896,-0.1210290622786552,-0.2941718454274821,0.2089856895334615,-0.3473163904734712,0.1785337807785881,0.0,0.3,7.0,7.0,0.0115323750824379,-0.0322924204677448,0.5544640921067093,0.2410107737046751,0.2045251341886155,1.0,False,False,-0.1353724791324214,0.2843994707842373,1827,True,official_matchdays,False,,,8,2,1,4,4,3,4,4,2:1,1:0,2:1,2:1
24842332e55d9e389a65,D1,2023,2023-10-21,2023-10-17,TSG 1899 Hoffenheim,Eintracht Frankfurt,1,3,1.764509678060426,1.3561818903154976,0.453157804101463,0.2617696307071122,0.2850725651914249,2,1,0,3.419050205991001,0.7849965720205673,0.3245512133589475,0.0752309723522488,0.1169851700194147,-0.4035282273582535,-0.0155247288286432,-0.6204501632922176,0.3,7.0,7.0,0.0232639600521585,-0.0032748507665986,0.453157804101463,0.2617696307071122,0.2850725651914248,1.0,False,False,-0.1353724791324214,0.2843994707842373,1827,True,official_matchdays,False,,,8,1,3,0,0,0,0,0,2:1,1:0,2:1,2:1
7ffd324143bcb8734c38,D1,2023,2023-10-21,2023-10-17,1. FC Union Berlin,Stuttgart,0,3,1.607813459874647,1.170378588074683,0.3786228783895206,0.2716672630252493,0.34970985858523,2,1,0,3.808671137418614,0.6400356538608372,-0.3221356793106322,0.5813018471608923,0.0359511795279452,0.2368188163884961,0.1623773951014359,0.4581371425459152,0.3,7.0,7.0,-0.0497237619649416,0.0626820703574546,0.3786228783895206,0.2716672630252493,0.34970985858523,1.0,False,False,-0.1353724791324214,0.2843994707842373,1827,True,official_matchdays,False,,,8,0,3,0,0,0,0,0,2:1,1:0,2:1,2:1
d131012c2e54a1e88331,D1,2023,2023-10-21,2023-10-17,SV Darmstadt 98,RB Leipzig,1,3,1.255902768783994,2.5748301122552104,0.1468704762372107,0.1952302671933656,0.6578992565694237,1,2,2,2.5433690634968316,0.1767187126742909,0.0070878426386259,0.3048806436012685,0.0497210465913084,0.338033745627056,0.0,0.0,0.3,7.0,7.0,-0.0145352479162008,0.0301336722281955,0.1468704762372107,0.1952302671933655,0.6578992565694236,1.0,True,False,-0.1353724791324214,0.2843994707842373,1827,True,official_matchdays,False,,,8,1,3,2,2,2,2,2,1:2,0:1,1:2,1:2
e5ecba54a4486a6fac48,D1,2023,2023-10-21,2023-10-17,1. FSV Mainz 05,Bayern München,1,3,1.0500427931125969,2.804017531823564,0.0987265848591046,0.147711904146011,0.7535615109948846,0,2,3,2.4710496500007775,0.0922976740475067,-0.4604493223237562,0.4911383678950932,-0.3934685648427541,0.3314762993983499,-0.0222095098865088,-2.012922774054881,0.3,7.0,7.0,-0.0868092469268673,0.0883436992054342,0.0987265848591046,0.147711904146011,0.7535615109948844,1.0,False,False,-0.1353724791324214,0.2843994707842373,1827,True,official_matchdays,False,,,8,1,3,3,2,2,3,3,1:2,0:1,0:2,0:2
fd82e5ea8ee1c2bf28f9,D1,2023,2023-10-21,2023-10-17,VfL Wolfsburg,Bayer 04 Leverkusen,1,2,1.430748485816526,1.600767982023285,0.2155526788623842,0.2338641928434119,0.550583128294204,1,2,4,2.110731946423944,0.3031309426328746,0.0035277561831544,0.5982503625326622,0.4539173163597504,0.2089427178980257,0.0109936243630378,0.0,0.3,7.0,7.0,-0.0290100612901657,0.0590989672259566,0.2155526788623841,0.2338641928434119,0.550583128294204,1.0,False,False,-0.1353724791324214,0.2843994707842373,1827,True,official_matchdays,False,,,8,1,2,4,4,3,4,4,1:2,0:1,1:2,1:2
ef4d2a11db3bc74a1128,D1,2023,2023-10-22,2023-10-17,1. FC Köln,Borussia Mönchengladbach,3,1,1.5171549128320958,1.495915495824758,0.4045384720680162,0.2588176246026555,0.3366439033293282,2,1,2,3.0579255148614455,0.53489011170086,-0.5693104296580719,-0.0755018935259673,-0.3940806537747027,-0.026078676291805,0.0152200207514236,-0.6763227670403883,0.3,7.0,7.0,-0.0574673680047405,0.0252267518455385,0.4045384720680162,0.2588176246026555,0.3366439033293282,1.0,False,False,-0.1353724791324214,0.2843994707842373,1827,True,official_matchdays,False,,,8,3,1,2,2,2,2,2,2:1,1:0,2:1,2:1
f031962be8e65b8c0349,D1,2023,2023-10-22,2023-10-17,1. FC Heidenheim 1846,FC Augsburg,2,5,1.941554973539764,1.1651570325335503,0.4001247814399161,0.2652760981922097,0.3345991203678741,2,1,0,6.040174769523437,0.6732295796096305,-0.1414475620916696,-0.3395965419652827,0.2741285355751729,-0.5607917797431287,0.0,0.0,0.3,7.0,7.0,0.0028350708890971,-0.0268872760919447,0.4001247814399162,0.2652760981922096,0.3345991203678741,1.0,True,False,-0.1353724791324214,0.2843994707842373,1827,True,official_matchdays,False,,,8,2,5,0,0,0,0,0,2:1,1:0,2:1,2:1
1d96a5424293210ed4d7,D1,2023,2023-10-27,2023-10-24,VfL Bochum,1. FSV Mainz 05,2,2,1.381820666611193,1.4393071934502517,0.3532493451415742,0.2714232256455033,0.3753274292129224,1,2,0,2.870665625319572,0.7964798950913354,-0.4052504719921405,-0.5143902215818975,-0.10631857780542,-0.4540207020188986,-0.1334829427236271,0.0,0.1999999999999999,8.0,8.0,-0.0214796832563005,-0.0245023514224013,0.3532493451415742,0.2714232256455033,0.3753274292129226,1.0,False,False,-0.1285530617014063,0.2686196656741135,1827,True,official_matchdays,False,,,9,2,2,0,0,0,0,0,1:2,0:1,1:2,1:2
302b081233115ffbc6b2,D1,2023,2023-10-28,2023-10-24,Borussia Mönchengladbach,1. FC Heidenheim 1846,2,1,2.6476922785206383,1.365813632470858,0.5342586762646719,0.2306152559415849,0.2351260677937431,2,1,4,2.6275585839596767,0.3253826446638863,-0.2387158710714222,-0.2708168286549643,-0.163946387618192,-0.4551607007185838,0.0,0.0,0.1999999999999999,8.0,8.0,-0.010330745674394,-0.0151458893119253,0.5342586762646719,0.230615255941585,0.2351260677937431,1.0,False,True,-0.1285530617014063,0.2686196656741135,1827,True,official_matchdays,False,,,9,2,1,4,4,3,4,4,2:1,1:0,2:1,2:1
3411fbec16dcc8ed7e1e,D1,2023,2023-10-28,2023-10-24,FC Augsburg,VfL Wolfsburg,3,2,1.297375509803098,1.5214273815677688,0.3348438202635857,0.2647387780045429,0.4004174017318712,1,2,0,3.603949798915048,0.6728534596305825,-0.0661744194353932,-0.0975547755274214,-0.0977741772620205,-0.3621285021957836,0.0208898767224263,0.0,0.1999999999999999,8.0,8.0,-0.0006952093310469,-0.0074912504170937,0.3348438202635857,0.264738778004543,0.4004174017318713,1.0,False,False,-0.1285530617014063,0.2686196656741135,1827,True,official_matchdays,False,,,9,3,2,0,0,0,0,0,1:2,0:1,1:2,1:2
6c2e45f204d8d3d4df01,D1,2023,2023-10-28,2023-10-24,RB Leipzig,1. FC Köln,6,0,2.4268695417395283,0.745526446700876,0.66999191156646,0.1941224049609058,0.1358856834726341,2,0,2,4.524929015080051,0.16505376551219,0.3828679878211843,-0.2740944041748404,0.3877478426081658,-0.2155797577515341,0.0317033618711054,1.4297251945566172,0.1999999999999999,8.0,8.0,0.0607253130571988,-0.0552866338748816,0.66999191156646,0.1941224049609059,0.1358856834726341,1.0,False,False,-0.1285530617014063,0.2686196656741135,1827,True,official_matchdays,False,,,9,6,0,2,2,2,2,2,2:1,1:0,2:0,2:0
c22de943e3a9ef22476a,D1,2023,2023-10-28,2023-10-24,Stuttgart,TSG 1899 Hoffenheim,2,3,2.064971366437168,1.3903651570816735,0.5164792099384724,0.2320413841752557,0.2514794058862719,2,1,0,3.4762925401437936,0.8808770580810057,0.6659005361977458,0.1295734723235597,0.5436956651468753,0.3779979829976333,0.0547601294262361,-0.1199881082146974,0.1999999999999999,8.0,8.0,0.0622494459338349,-0.0224757455077696,0.5164792099384724,0.2320413841752557,0.2514794058862719,1.0,False,False,-0.1285530617014063,0.2686196656741135,1827,True,official_matchdays,False,,,9,2,3,0,0,0,0,0,2:1,1:0,2:1,2:1
c33d35a3c2bc23306d19,D1,2023,2023-10-28,2023-10-24,Bayern München,SV Darmstadt 98,8,0,5.375985481309296,0.9394630192216028,0.8991816197559275,0.0670003017506157,0.0338180784934566,5,1,2,3.4977829599343404,0.0157970486627015,0.5389765188781819,-0.1369081200337499,0.4536819742168013,-0.1751500486515862,0.0,0.0,0.1999999999999999,8.0,8.0,0.0607430578895056,-0.040639637947284,0.8991816197559276,0.0670003017506157,0.0338180784934566,1.0,False,True,-0.1285530617014063,0.2686196656741135,1827,True,official_matchdays,False,,,9,8,0,2,2,2,2,2,2:1,1:0,5:1,5:1
cd76633a277ef4c602fc,D1,2023,2023-10-28,2023-10-24,SV Werder Bremen,1. FC Union Berlin,2,0,1.2947807128866342,1.3900356361649189,0.3592106183955772,0.2719447619491941,0.3688446196552287,1,2,0,2.785136449523612,0.6206113385771928,-0.3173369775529655,-0.4538863774571807,-0.0969308346971654,-0.3272082320250571,-0.1700694356310187,-0.8096221715563133,0.1999999999999999,8.0,8.0,-0.02159096152177,-0.0169702062287372,0.3592106183955772,0.2719447619491941,0.3688446196552287,1.0,False,False,-0.1285530617014063,0.2686196656741135,1827,True,official_matchdays,False,,,9,2,0,0,0,0,0,0,1:2,0:1,1:2,1:2
311098a65c38de1c377c,D1,2023,2023-10-29,2023-10-24,Bayer 04 Leverkusen,SC Freiburg,2,1,2.1715793224662936,1.008888281551553,0.7470706028593639,0.1603529247401962,0.0925764724004398,2,1,4,2.1384689074024603,0.09825674365277,0.6741636365161716,0.07748382451611,0.5727644727780694,-0.2321272449306796,-0.0127587424287835,0.9970342791822256,0.1999999999999999,8.0,8.0,0.0678894067002836,-0.0303070336486695,0.7470706028593639,0.1603529247401962,0.0925764724004399,1.0,False,False,-0.1285530617014063,0.2686196656741135,1827,True,official_matchdays,False,,,9,2,1,4,4,3,4,4,2:1,1:0,2:1,2:1
b7220431c0305ad559dc,D1,2023,2023-10-29,2023-10-24,Eintracht Frankfurt,Borussia Dortmund,3,3,1.4258129513044633,1.9678783368770252,0.2966358817057313,0.2604607741806422,0.4429033441136265,1,2,0,3.811918979669671,0.8310744850678653,0.197792977489333,0.5775604683367048,0.3281459113098555,0.3117904262828694,-0.2161075935336719,-0.626949170322107,0.1999999999999999,8.0,8.0,-0.023038851196196,0.0618065234874979,0.2966358817057313,0.2604607741806422,0.4429033441136265,1.0,False,False,-0.1285530617014063,0.2686196656741135,1827,True,official_matchdays,False,,,9,3,3,0,0,0,0,0,1:2,0:1,1:2,1:2
b81c95c72a8bdcea9d95,D1,2023,2023-11-03,2023-10-31,SV Darmstadt 98,VfL Bochum,1,2,2.1278393984575312,1.7364466320850016,0.4039868689502831,0.2656046265474238,0.3304085045022934,2,1,0,2.6349703487737735,0.6821039787705049,-0.2450849428597284,-0.3284672770641353,-0.1379779157346756,-0.4054204512464721,0.0,0.0,0.0999999999999999,9.0,9.0,-0.008085130432766,-0.0205924805634271,0.4039868689502831,0.2656046265474237,0.3304085045022933,1.0,True,False,-0.1284847489433418,0.2790714626696592,1827,True,official_matchdays,False,,,10,1,2,0,0,0,0,0,2:1,1:0,2:1,2:1
0ffe2c9e652556e7a0d4,D1,2023,2023-11-04,2023-10-31,Borussia Dortmund,Bayern München,0,4,1.8880969132046772,2.19990784972072,0.2524431356813133,0.21909073962319,0.5284661246954967,1,2,2,3.9497833564522447,0.3340724845009333,0.4142850977646038,0.5877532029269744,0.5329270042125718,0.4648527978926151,-0.2027642564806133,-0.6744992169745584,0.0999999999999999,9.0,9.0,0.0002163887636445,0.0498855262709343,0.2524431356813134,0.21909073962319,0.5284661246954967,1.0,False,False,-0.1284847489433418,0.2790714626696592,1827,True,official_matchdays,False,,,10,0,4,2,2,2,2,2,1:2,0:1,1:2,1:2
2ba9d596b704d61e58f5,D1,2023,2023-11-04,2023-10-31,1. FC Union Berlin,Eintracht Frankfurt,0,3,1.3554074029681142,1.1773095661702495,0.3753183680572035,0.2956353914542895,0.329046240488507,1,0,0,3.7693709937608895,0.6784431094840598,-0.5524327758941506,0.1027483979601977,-0.1667645356086798,-0.1347826677422384,-0.014161937812771,-0.2823011289609996,0.0999999999999999,9.0,9.0,-0.061794547200466,0.0393103283037683,0.3753183680572034,0.2956353914542894,0.329046240488507,1.0,False,False,-0.1284847489433418,0.2790714626696592,1827,True,official_matchdays,False,,,10,0,3,0,0,0,0,0,2:1,1:0,1:0,1:0
520b4e50466c63ca160a,D1,2023,2023-11-04,2023-10-31,SC Freiburg,Borussia Mönchengladbach,3,3,1.803760539480856,1.2565335908933393,0.4575196550849606,0.2495561755008876,0.2929241694141516,2,1,0,4.222881593184245,0.8582947375448865,-0.0937387166982061,-0.039114643440599,0.3281507756633833,-0.1580606230300092,0.0517584628113317,-0.1578934715333932,0.0999999999999999,9.0,9.0,-0.0052249500360575,-0.0014177179708826,0.4575196550849607,0.2495561755008876,0.2929241694141516,1.0,False,False,-0.1284847489433418,0.2790714626696592,1827,True,official_matchdays,False,,,10,3,3,0,0,0,0,0,2:1,1:0,2:1,2:1
54fbb365fd5dde14672c,D1,2023,2023-11-04,2023-10-31,1. FC Köln,FC Augsburg,1,1,1.6560590485781457,1.2255813953333536,0.4090198331323261,0.2583861849088619,0.3325939819588119,2,1,0,2.1025742820751665,0.8279070314648472,-0.3576237020999748,0.1024272097133173,-0.1504030413607099,-0.2709992458226187,0.1403402500826831,-0.1254632179750123,0.0999999999999999,9.0,9.0,-0.0341803762364667,0.0214205516171338,0.4090198331323262,0.2583861849088619,0.3325939819588119,1.0,False,False,-0.1284847489433418,0.2790714626696592,1827,True,official_matchdays,False,,,10,1,1,0,0,0,0,0,2:1,1:0,2:1,2:1
683ac1d64a09fd4b5e75,D1,2023,2023-11-04,2023-10-31,1. FSV Mainz 05,RB Leipzig,2,0,1.0095294515813371,2.042262590939616,0.1835981516132033,0.2162653903011381,0.6001364580856583,1,2,0,3.6316294348579943,1.0734464654150808,-0.4179984723984332,0.5231740433206287,-0.4594435380480585,0.4702321028791417,0.0468704697158731,-1.1915925029777754,0.0999999999999999,9.0,9.0,-0.0685940071775255,0.0738527857236353,0.1835981516132033,0.2162653903011382,0.6001364580856585,1.0,False,False,-0.1284847489433418,0.2790714626696592,1827,True,official_matchdays,False,,,10,2,0,0,0,0,0,0,1:2,0:1,1:2,1:2
7c0c7b4e35b4b11634bd,D1,2023,2023-11-04,2023-10-31,TSG 1899 Hoffenheim,Bayer 04 Leverkusen,2,3,1.5146987920199702,1.9445085590087716,0.1977637456357429,0.198994640318123,0.6032416140461341,1,2,3,2.8615940043669403,0.2361265827879348,0.2830619439554344,0.6729557913610136,-0.0808119272710564,0.2846891544856962,-0.0853082306991087,-1.1863066596443803,0.0999999999999999,9.0,9.0,-0.0125727733565736,0.060373660122396,0.1977637456357429,0.198994640318123,0.6032416140461341,1.0,False,False,-0.1284847489433418,0.2790714626696592,1827,True,official_matchdays,False,,,10,2,3,3,3,3,3,3,1:2,0:1,1:2,1:2
acda243f16f46f8fe1bc,D1,2023,2023-11-05,2023-10-31,VfL Wolfsburg,SV Werder Bremen,2,2,1.985770229307377,1.0857618250503331,0.5546962249840246,0.2231684812145028,0.2221352938014727,2,1,0,2.99659661881357,0.9604991993423764,-0.2406438034692453,-0.0607622036592239,0.2518598868938781,-0.5098808379073237,0.0202581590682196,0.0,0.0999999999999999,9.0,9.0,-0.0200133622105523,0.0049430618541288,0.5546962249840245,0.2231684812145028,0.2221352938014727,1.0,False,False,-0.1284847489433418,0.2790714626696592,1827,True,official_matchdays,False,,,10,2,2,0,0,0,0,0,2:1,1:0,2:1,2:1
b0c03af737597f0f81e7,D1,2023,2023-11-05,2023-10-31,1. FC Heidenheim 1846,Stuttgart,2,0,1.633811454243555,1.991837074185024,0.2088413595804101,0.2193311082351338,0.5718275321844561,1,2,0,3.7297315539102054,1.001024855914391,-0.3192946037101169,0.3823308469814916,0.009450856167498,0.4099942132572743,0.0,0.0,0.0999999999999999,9.0,9.0,-0.0510460027200862,0.054197814883655,0.20884135958041,0.2193311082351338,0.571827532184456,1.0,True,False,-0.1284847489433418,0.2790714626696592,1827,True,official_matchdays,False,,,10,2,0,0,0,0,0,0,1:2,0:1,1:2,1:2
cb67667d19609cdf8a59,D1,2023,2023-11-10,2023-11-07,Borussia Mönchengladbach,VfL Wolfsburg,4,0,1.7585104802031606,1.4427562270470224,0.4037222619899785,0.255547602004295,0.3407301360057265,2,1,2,4.202733682137256,0.5369487433189744,-0.028113111802155,-0.2569167948343005,-0.0178902281500698,-0.3942007979318782,0.1190738609293089,0.0,0.0,10.0,10.0,0.0159882216079649,-0.0302397169397877,0.4037222619899785,0.2555476020042949,0.3407301360057266,1.0,False,False,-0.1323167180298863,0.2717544686547389,1827,True,official_matchdays,False,,,11,4,0,2,2,2,2,2,2:1,1:0,2:1,2:1
199ffe205a4932278caa,D1,2023,2023-11-11,2023-11-07,Bayern München,1. FC Heidenheim 1846,4,2,4.491492834958805,0.8462126857043264,0.9080707487188544,0.0602349808286599,0.0316942704524855,4,0,2,3.542784300553119,0.0130837669360563,0.6310811758902632,-0.068997582588281,0.5612094422925055,-0.4917389151189997,0.0,0.0,0.0,10.0,10.0,0.0665579967184403,-0.0384538170533412,0.9080707487188544,0.0602349808286599,0.0316942704524855,1.0,False,False,-0.1323167180298863,0.2717544686547389,1827,True,official_matchdays,False,,,11,4,2,2,2,2,2,2,2:1,1:0,4:0,4:0
2a58afbfcb652790bc93,D1,2023,2023-11-11,2023-11-07,FC Augsburg,TSG 1899 Hoffenheim,1,1,1.6177033829987375,1.646018585460575,0.3687480822338139,0.2523013194231359,0.3789505983430501,1,2,0,2.1847816442870736,0.8386320210720548,0.0846839402055935,0.0749042830994327,0.099875363384398,0.4667975355919821,-0.1225124950313754,-0.2400695585290556,0.0,10.0,10.0,-0.001402444885981,0.0093818560512323,0.368748082233814,0.2523013194231359,0.3789505983430501,1.0,False,False,-0.1323167180298863,0.2717544686547389,1827,True,official_matchdays,False,,,11,1,1,0,0,0,0,0,1:2,0:1,1:2,1:2
c5487f738dc3478327bd,D1,2023,2023-11-11,2023-11-07,SV Darmstadt 98,1. FSV Mainz 05,0,0,1.7040212959603869,2.318864926741308,0.3216379150084035,0.2620428789850482,0.4163192060065483,1,2,0,3.4128947230211626,0.8213533421175522,-0.294871093526284,-0.1700236736163339,-0.2496758524079841,-0.3951605078225026,0.0,0.0,0.0,10.0,10.0,-0.0209859256718117,-0.0022588126853191,0.3216379150084035,0.2620428789850481,0.4163192060065483,1.0,False,False,-0.1323167180298863,0.2717544686547389,1827,True,official_matchdays,False,,,11,0,0,0,0,0,0,0,1:2,0:1,1:2,1:2
dccd4d11f656c4f8e11b,D1,2023,2023-11-11,2023-11-07,Stuttgart,Borussia Dortmund,2,1,1.5504071907586758,2.1075162162519665,0.3710442886698867,0.2535632474023764,0.3753924639277369,2,1,4,2.422426388037654,0.6007991092217448,0.2036574353880925,0.1870225239235877,0.325508240607942,0.2330614367475391,-0.1384204806054543,-0.9519601074054193,0.0,10.0,10.0,0.0040935933123571,0.0154404046532268,0.3710442886698866,0.2535632474023764,0.3753924639277369,1.0,False,False,-0.1323167180298863,0.2717544686547389,1827,True,official_matchdays,False,,,11,2,1,4,0,0,0,0,1:2,0:1,1:2,1:2
f36d27a149d2698f0b1f,D1,2023,2023-11-11,2023-11-07,VfL Bochum,1. FC Köln,1,1,1.40207494763298,1.3145005193727302,0.3928362528091617,0.2658698396084106,0.3412939075824277,2,1,0,2.0650768790532843,0.809748945270607,-0.1127408950278174,-0.2960268228076522,-0.0898723442029349,-0.3697895220995261,0.0577713693136209,0.0,0.0,10.0,10.0,0.0064158201032819,-0.0268542059950554,0.3928362528091617,0.2658698396084105,0.3412939075824277,1.0,False,False,-0.1323167180298863,0.2717544686547389,1827,True,official_matchdays,False,,,11,1,1,0,0,0,0,0,2:1,1:0,2:1,2:1
130b01b1d6bcffccbf80,D1,2023,2023-11-12,2023-11-07,SV Werder Bremen,Eintracht Frankfurt,2,2,1.403037796253617,1.602682631231794,0.3205087002433314,0.2685827097011158,0.4109085900555531,1,2,0,2.7799395308901795,0.8065429488612746,-0.052500839799298,0.2733262220790109,0.1134152790281587,0.1018416429906713,-0.1357474444971582,-0.745977324708597,0.0,10.0,10.0,-0.0257037673087382,0.0367450364227239,0.3205087002433313,0.2685827097011156,0.410908590055553,1.0,False,False,-0.1323167180298863,0.2717544686547389,1827,True,official_matchdays,False,,,11,2,2,0,0,0,0,0,1:2,0:1,1:2,1:2
ab33833bf77bd3a69258,D1,2023,2023-11-12,2023-11-07,Bayer 04 Leverkusen,1. FC Union Berlin,4,0,2.2021541701028866,0.8626060009136673,0.7497858806263846,0.1591585285575078,0.0910555908161074,2,1,2,2.968195727478848,0.0962296633653752,0.6653354842971545,-0.6494366971490472,0.5864597377877906,-0.3850320265685767,0.0791891337359932,1.014879093191201,0.0,10.0,10.0,0.1029648399739674,-0.1021699006165621,0.7497858806263847,0.1591585285575078,0.0910555908161074,1.0,False,False,-0.1323167180298863,0.2717544686547389,1827,True,official_matchdays,False,,,11,4,0,2,2,2,2,2,2:1,1:0,2:1,2:1
f35f56ea44107bea7732,D1,2023,2023-11-12,2023-11-07,RB Leipzig,SC Freiburg,3,1,2.1604908368675044,0.8487032801560265,0.6602741337725748,0.1961880110594741,0.1435378551679511,2,1,2,2.657020181749117,0.1745065157336624,0.2490844322255861,-0.1364053581786471,0.4703244419189476,-0.3477236235767439,0.204382884019398,1.042169731073897,0.0,10.0,10.0,0.0419478553324608,-0.0363139016301139,0.6602741337725749,0.1961880110594741,0.1435378551679511,1.0,False,False,-0.1323167180298863,0.2717544686547389,1827,True,official_matchdays,False,,,11,3,1,2,2,2,2,2,2:1,1:0,2:1,2:1
d31236ca2c5d9ead7e1d,D1,2023,2023-11-24,2023-11-21,1. FC Köln,Bayern München,0,1,0.9521721930433388,2.8080305554732607,0.0917961162436576,0.1425077077874211,0.7656961759689214,0,2,2,2.8565776622810106,0.0836332556918307,-0.265552542672717,0.6537765520956081,-0.1460922060762611,0.5335763628621693,-0.2002112457899639,-2.261204153494225,0.0,11.0,11.0,-0.0692546441615503,0.0886658446326948,0.0917961162436575,0.1425077077874211,0.7656961759689213,1.0,False,False,-0.1472470340107943,0.2826092737840689,1827,True,official_matchdays,False,,,12,0,1,2,3,4,2,2,1:2,0:1,0:2,0:2
17392b9d187d6be24bbd,D1,2023,2023-11-25,2023-11-21,SC Freiburg,SV Darmstadt 98,1,1,2.970315411155318,1.0220597437533463,0.6083839242652507,0.2199648971027679,0.1716511786319814,3,1,0,2.3678989708708227,1.00804988818203,-0.221880214146001,-0.2379191703344451,0.2665382275493042,-0.3149777038436269,0.0,0.0,0.0,11.0,11.0,-0.0102920628978778,-0.0126979063261444,0.6083839242652506,0.2199648971027679,0.1716511786319814,1.0,False,False,-0.1472470340107943,0.2826092737840689,1827,True,official_matchdays,False,,,12,1,1,0,0,0,0,0,2:1,1:0,3:1,3:1
3780b970209712da287d,D1,2023,2023-11-25,2023-11-21,SV Werder Bremen,Bayer 04 Leverkusen,0,3,1.238996265075916,2.1671948873726508,0.1540749700687493,0.1874128290894729,0.6585122008417779,1,2,2,2.7371457639635426,0.1754765818829322,-0.1092059387302826,0.6914099298087044,0.0903831074695702,0.3902530045359864,-0.0823485697077948,-1.7669386791466406,0.0,11.0,11.0,-0.0496085188488532,0.0787187184027743,0.1540749700687493,0.1874128290894728,0.6585122008417779,1.0,False,False,-0.1472470340107943,0.2826092737840689,1827,True,official_matchdays,False,,,12,0,3,2,2,2,2,2,1:2,0:1,1:2,1:2
4a0579228b08388dd20f,D1,2023,2023-11-25,2023-11-21,Borussia Dortmund,Borussia Mönchengladbach,4,2,2.8675146937022635,1.311236349500858,0.6495691724192858,0.1838168977400654,0.1666139298406487,2,1,2,3.349636132365624,0.1843506184306305,0.032916652324174,0.186031716648706,0.2409223044611726,-0.1523739910611034,0.1152338981107224,0.8449075204988137,0.0,11.0,11.0,-0.0002482256944817,0.0111956441431257,0.6495691724192858,0.1838168977400655,0.1666139298406487,1.0,False,False,-0.1472470340107943,0.2826092737840689,1827,True,official_matchdays,False,,,12,4,2,2,2,2,2,2,2:1,1:0,2:1,2:1
859241dbd4e0f785db90,D1,2023,2023-11-25,2023-11-21,1. FC Union Berlin,FC Augsburg,1,1,1.5862637194465772,1.0498218160391584,0.4788598974833963,0.2651538275321285,0.2559862749844752,1,0,0,2.064265754102528,0.8348346715889169,-0.6589007866531933,0.0467579566396934,-0.2896330339277924,-0.2249657186283992,-0.1355435878011756,0.4766165352383809,0.0,11.0,11.0,-0.0750051558873627,0.0443980143866877,0.4788598974833963,0.2651538275321285,0.2559862749844751,1.0,False,False,-0.1472470340107943,0.2826092737840689,1827,True,official_matchdays,False,,,12,1,1,0,0,0,0,0,2:1,1:0,1:0,1:0
9210b2f5d96f320f745f,D1,2023,2023-11-25,2023-11-21,VfL Wolfsburg,RB Leipzig,2,1,1.129379872346195,1.724880348128052,0.2550763732002563,0.2440705398388238,0.5008530869609199,1,2,0,2.6664765908401553,0.8653354528999815,-0.3402175673369927,0.3337816484091863,0.1838982963821412,0.2122837556442842,-0.1948676581110137,0.0,0.0,11.0,11.0,-0.0604542220597092,0.0601324261133189,0.2550763732002563,0.2440705398388238,0.5008530869609199,1.0,False,False,-0.1472470340107943,0.2826092737840689,1827,True,official_matchdays,False,,,12,2,1,0,0,0,0,0,1:2,0:1,1:2,1:2
a31ca4a7dd39af708719,D1,2023,2023-11-25,2023-11-21,Eintracht Frankfurt,Stuttgart,1,2,1.844612222149821,1.2317239649720555,0.3674324397175137,0.2623087171825303,0.3702588430999562,1,2,4,2.3038181904844173,0.6003863855605145,0.2015078900984164,0.2803534503763091,0.2464784193798294,0.1628684850161808,0.0865004543349014,0.045585754706155,0.0,11.0,11.0,0.0104581392077712,0.013634927815965,0.3674324397175136,0.2623087171825302,0.3702588430999561,1.0,False,False,-0.1472470340107943,0.2826092737840689,1827,True,official_matchdays,False,,,12,1,2,4,4,3,0,0,1:2,0:1,2:1,2:1
0db14d051b489b8d940f,D1,2023,2023-11-26,2023-11-21,1. FC Heidenheim 1846,VfL Bochum,0,0,2.163955204265796,1.276704555671784,0.4322356941188806,0.2552029896127432,0.3125613162683761,2,1,0,2.996160878836104,0.8392448583796458,-0.1932685193061874,-0.115196615856256,0.1980348779875818,-0.1758683045666024,0.0,0.0,0.0,11.0,11.0,-0.0135670211378059,-0.0018562356203162,0.4322356941188805,0.2552029896127433,0.3125613162683762,1.0,False,False,-0.1472470340107943,0.2826092737840689,1827,True,official_matchdays,False,,,12,0,0,0,0,0,0,0,2:1,1:0,2:1,2:1
e85981d6dd3de62b812d,D1,2023,2023-11-26,2023-11-21,TSG 1899 Hoffenheim,1. FSV Mainz 05,1,1,1.9838996411976753,1.2811164030670608,0.5188164507864903,0.2375768400878731,0.2436067091256363,2,1,0,2.2298569700361894,0.9098038131081057,-0.0013762773907052,-0.1355024176759811,-0.2269090530842782,-0.3201901227149311,-0.0557826419027977,0.3232665634432146,0.0,11.0,11.0,0.0038483610495886,-0.0106922958029229,0.5188164507864904,0.2375768400878731,0.2436067091256364,1.0,False,False,-0.1472470340107943,0.2826092737840689,1827,True,official_matchdays,False,,,12,1,1,0,0,0,0,0,2:1,1:0,2:1,2:1
996d3ad6f9d20a19ab6c,D1,2023,2023-12-01,2023-11-28,SV Darmstadt 98,1. FC Köln,0,1,1.515790326721945,1.7811381549992562,0.359383333657758,0.2744009499153252,0.3662157164269169,2,1,0,3.146491777800239,0.6061347799296425,-0.2178847808943406,-0.3149761237947442,-0.2246196425466992,-0.3661743283929844,0.0,0.0,0.0,12.0,12.0,-0.0060396718996968,-0.0206033733347573,0.359383333657758,0.2744009499153252,0.3662157164269169,1.0,False,False,-0.1592656969216117,0.2774395866924616,1827,False,official_matchdays,False,expected-points,,13,0,1,0,3,4,3,3,1:2,0:1,1:2,1:2
1289b6f16e9a18c22917,D1,2023,2023-12-02,2023-11-28,VfL Bochum,VfL Wolfsburg,3,1,1.1869182724440464,1.5708365152178752,0.3623483962322231,0.2640675983500585,0.3735840054177185,2,1,2,3.286674512728914,0.6158962733899317,-0.1172111304763086,-0.1591769746293282,-0.069751448327155,-0.5196334111755735,-0.2280861994893518,0.0,0.0,12.0,12.0,-0.015166574290632,0.0013471690353501,0.3623483962322231,0.2640675983500585,0.3735840054177184,1.0,False,False,-0.1592656969216117,0.2774395866924616,1827,False,official_matchdays,False,expected-points,,13,3,1,2,0,0,0,0,1:2,0:1,1:2,1:2
7d2635fc5c74c785a8d9,D1,2023,2023-12-02,2023-11-28,RB Leipzig,1. FC Heidenheim 1846,2,1,2.8837204481182654,0.8363009948029199,0.7743612549584403,0.1369768839013503,0.0886618611402092,2,0,2,2.48357015935106,0.0775364356080997,0.109881980930603,-0.2213679087236855,0.5219021195026238,-0.5356125957038302,0.0,0.0,0.0,12.0,12.0,0.0220565935292445,-0.0276308899188987,0.7743612549584403,0.1369768839013503,0.0886618611402092,1.0,False,False,-0.1592656969216117,0.2774395866924616,1827,False,official_matchdays,False,expected-points,,13,2,1,2,4,3,2,2,2:1,1:0,2:0,2:0
a0c0060dcfb3a91700ff,D1,2023,2023-12-02,2023-11-28,Borussia Mönchengladbach,TSG 1899 Hoffenheim,2,1,2.1520925523322165,1.526863734552037,0.4269309335836139,0.2360183293766908,0.3370507370396952,2,1,4,2.5877075193001993,0.4977160060241142,0.0159410316757648,-0.0639519181368447,0.194417909548864,0.3802750667146367,0.2074273771090311,0.2919315476629333,0.0,12.0,12.0,0.0151630679298702,-0.0175636122529242,0.426930933583614,0.2360183293766908,0.3370507370396953,1.0,False,False,-0.1592656969216117,0.2774395866924616,1827,False,official_matchdays,False,expected-points,,13,2,1,4,4,3,4,4,2:1,1:0,2:1,2:1
fc4ee73ca45a05884a1d,D1,2023,2023-12-02,2023-11-28,Stuttgart,SV Werder Bremen,2,0,2.17376681776678,1.162299868428767,0.683042610104359,0.1859247259164375,0.1310326639792035,2,1,2,2.3290553719393823,0.1521995497460467,0.3465846376252851,-0.2190451296087102,0.3869414430346523,-0.4810961878197524,-0.0301211714948241,0.700391570002442,0.0,12.0,12.0,0.0441046616682228,-0.037727686267394,0.683042610104359,0.1859247259164374,0.1310326639792035,1.0,False,False,-0.1592656969216117,0.2774395866924616,1827,False,official_matchdays,False,expected-points,,13,2,0,2,2,2,2,2,2:1,1:0,2:1,2:1
3acd06316ed74a611d6f,D1,2023,2023-12-03,2023-11-28,Bayer 04 Leverkusen,Borussia Dortmund,1,1,2.2318721044045833,1.5824265895298952,0.5758584673456189,0.213707475659374,0.2104340569950072,2,1,0,2.466782853135814,0.9941514005909772,0.7562260893759571,0.1597663102156309,0.6300201007048273,0.0940545525233568,-0.0678195527799523,0.1145870017387795,0.0,12.0,12.0,0.0642433157878165,-0.0184436958082371,0.5758584673456187,0.213707475659374,0.2104340569950072,1.0,False,False,-0.1592656969216117,0.2774395866924616,1827,False,official_matchdays,False,expected-points,,13,1,1,0,0,0,0,0,2:1,1:0,2:1,2:1
c4d469d9e8618e9ed9b5,D1,2023,2023-12-03,2023-11-28,1. FSV Mainz 05,SC Freiburg,0,1,1.4594150913062598,1.2926136609044223,0.4196920215988812,0.2722647958814272,0.3080431825196916,2,1,0,2.784123553347466,0.7290737493275877,-0.1104981453835713,-0.1813569058019604,-0.2040225263007792,-0.4587142464163908,0.0196471816154019,-0.4650305084890465,0.0,12.0,12.0,-0.000999610167489,-0.0135931423917875,0.4196920215988812,0.2722647958814271,0.3080431825196916,1.0,False,False,-0.1592656969216117,0.2774395866924616,1827,False,official_matchdays,False,expected-points,,13,0,1,0,0,0,0,0,2:1,1:0,2:1,2:1
dbda90ded74d65900ac9,D1,2023,2023-12-03,2023-11-28,FC Augsburg,Eintracht Frankfurt,2,1,1.3672847022815282,1.52644056188251,0.3592789776734165,0.2689574469733956,0.3717635753531878,1,2,0,2.430176645794794,0.6210696926930546,0.0423312181560131,0.0447995103421031,0.0592200181813406,0.0875183136089557,-0.1021656604639548,-0.4705342739915382,0.0,12.0,12.0,-0.0031151367247015,0.0074716731496073,0.3592789776734165,0.2689574469733956,0.3717635753531878,1.0,False,False,-0.1592656969216117,0.2774395866924616,1827,False,official_matchdays,False,expected-points,,13,2,1,0,0,0,0,0,1:2,0:1,1:2,1:2
92d20edc811f355c7f98,D1,2023,2023-12-08,2023-12-05,TSG 1899 Hoffenheim,VfL Bochum,3,1,2.091056603134521,1.1304954156707825,0.5580066712403303,0.2258285822431454,0.2161647465165243,2,1,2,2.7163083354575157,0.2930838488625557,-0.2130781914888727,0.1034081043487355,-0.1854822401826971,-0.1436117095765531,-0.1630689750999985,0.0,0.0,13.0,13.0,-0.0346316731213239,0.0291481687643171,0.5580066712403302,0.2258285822431454,0.2161647465165243,1.0,False,False,-0.1508206564760438,0.280515507201192,1826,True,official_matchdays,False,,,14,3,1,2,2,2,2,2,2:1,1:0,2:1,2:1
00b5d56420d84cdae358,D1,2023,2023-12-09,2023-12-05,SV Werder Bremen,FC Augsburg,2,0,1.6588795045301483,1.374342536713124,0.3958926432008259,0.2582372497428568,0.3458701070563172,2,1,2,2.7875524461448373,0.5512583066487875,-0.3531547282565972,0.1546413195083661,-0.0586299128283792,-0.2072586064775337,-0.0769124829066181,-0.2754430507170586,0.0,13.0,13.0,-0.0468931629464089,0.0369674925089973,0.3958926432008259,0.2582372497428568,0.3458701070563172,1.0,False,False,-0.1508206564760438,0.280515507201192,1826,True,official_matchdays,False,,,14,2,0,2,2,2,2,2,2:1,1:0,2:1,2:1
80310a9dce0c2064391d,D1,2023,2023-12-09,2023-12-05,1. FC Union Berlin,Borussia Mönchengladbach,3,1,1.570433405803789,1.3998979788410095,0.4462438713455059,0.2621377932767316,0.2916183353777623,2,1,2,2.959513548662808,0.4604033262149041,-0.5431750672215601,0.1898452353026088,-0.2603074915957195,-0.2416093172650865,0.1147441242352284,-0.0553845709536079,0.0,12.0,13.0,-0.058072562275525,0.0404060706795774,0.4462438713455061,0.2621377932767317,0.2916183353777623,1.0,False,False,-0.1508206564760438,0.280515507201192,1826,True,official_matchdays,False,,,14,3,1,2,2,2,2,2,2:1,1:0,2:1,2:1
86906fb46a8e2d260fdc,D1,2023,2023-12-09,2023-12-05,1. FC Heidenheim 1846,SV Darmstadt 98,3,2,2.625810225990514,1.165559438456966,0.4616789908655937,0.2623749456285341,0.2759460635058722,2,1,3,3.4543389405990843,0.4347763509334486,-0.2754151718848479,-0.2758725734661925,0.1227919424989942,-0.2752921374713367,0.0,0.0,0.0,13.0,13.0,-0.0137478885151751,-0.0138164987523768,0.4616789908655937,0.2623749456285341,0.2759460635058721,1.0,False,False,-0.1508206564760438,0.280515507201192,1826,True,official_matchdays,False,,,14,3,2,3,3,3,3,3,2:1,1:0,2:1,2:1
9dd0b2d9be2001782492,D1,2023,2023-12-09,2023-12-05,Borussia Dortmund,RB Leipzig,2,3,1.8389537178097553,1.5574262813475377,0.3760156181618216,0.246488387226901,0.3774959946112775,1,2,3,3.152727009737742,0.5896555068643383,0.0715537783244412,0.2100555985376468,0.3270859664237864,0.0770098860985049,-0.1017513864777868,-0.0470946079579819,0.0,13.0,13.0,-0.0084349714183275,0.0225154402614319,0.3760156181618215,0.2464883872269009,0.3774959946112775,1.0,False,False,-0.1508206564760438,0.280515507201192,1826,True,official_matchdays,False,,,14,2,3,3,3,3,0,0,1:2,0:1,2:1,2:1
ca7d08204a2fea51ba9a,D1,2023,2023-12-09,2023-12-05,VfL Wolfsburg,SC Freiburg,0,1,1.5661614031451494,1.2178895014696989,0.4226502060108937,0.2607108607730241,0.3166389332160821,2,1,0,2.7291075272926917,0.7135856971621164,-0.2471900452124404,0.0079389437539546,0.2641443300454576,-0.1962165367427739,0.0080134584148261,0.0,0.0,13.0,13.0,-0.0247152787882004,0.0127527237152761,0.4226502060108937,0.2607108607730241,0.3166389332160821,1.0,False,False,-0.1508206564760438,0.280515507201192,1826,True,official_matchdays,False,,,14,0,1,0,0,0,0,0,2:1,1:0,2:1,2:1
fecbe887de67332e7394,D1,2023,2023-12-09,2023-12-05,Eintracht Frankfurt,Bayern München,5,1,1.157640743188975,2.471195508629376,0.1088377549025441,0.1647526839675968,0.7264095611298591,1,2,0,7.099476223403242,1.3489844444625394,-0.0837539141546723,0.6930284462522462,0.0816904254900228,0.6177945334827898,-0.1218729495567958,-1.615203751359982,0.0,13.0,12.0,-0.0491204612059193,0.079584187810798,0.1088377549025441,0.1647526839675969,0.726409561129859,1.0,False,False,-0.1508206564760438,0.280515507201192,1826,True,official_matchdays,False,,,14,5,1,0,0,0,0,0,1:2,0:1,1:2,1:2
72c565d44f778ecaff4a,D1,2023,2023-12-10,2023-12-05,Stuttgart,Bayer 04 Leverkusen,1,1,1.4228578945697683,1.8298040886972275,0.3329688354291963,0.2536905412793876,0.4133406232914161,1,2,0,2.170775260626237,0.8386965244058648,0.4170792486058164,0.5542213546276641,0.4902969984752242,0.5091764158681965,-0.2080198787809876,-1.0665471091441987,0.0,13.0,13.0,0.003595863190149,0.0449691669715249,0.3329688354291962,0.2536905412793876,0.4133406232914161,1.0,False,False,-0.1508206564760438,0.280515507201192,1826,True,official_matchdays,False,,,14,1,1,0,0,0,0,0,1:2,0:1,1:2,1:2
c1f5ff7de62395cbf9e4,D1,2023,2023-12-10,2023-12-05,1. FC Köln,1. FSV Mainz 05,0,0,1.4838972065503169,1.1736084618754092,0.4016826392091363,0.2750777959053971,0.3232395648854667,2,1,0,2.4899215348355828,0.79134496093874,-0.0816178072393259,-0.1910942540832533,-0.2202933205333485,-0.2586892651576817,-0.0691651121068563,-0.0922691232285459,0.0,13.0,13.0,-0.0020653236251127,-0.0115702794410162,0.4016826392091363,0.2750777959053971,0.3232395648854666,1.0,False,False,-0.1508206564760438,0.280515507201192,1826,True,official_matchdays,False,,,14,0,0,0,0,0,0,0,2:1,1:0,2:1,2:1
8519da1df04b1c6e0f19,D1,2023,2023-12-15,2023-12-12,Borussia Mönchengladbach,SV Werder Bremen,2,2,2.267995581257747,1.2995828333899415,0.480823982582482,0.2428403952436778,0.2763356221738401,2,1,0,2.7019537854037674,0.8808437453834324,-0.0210422396782275,-0.0934595054233307,0.2760886751468941,-0.5112717575707056,-0.0151227740717116,0.8074441569090475,0.0,14.0,14.0,0.0018126125997582,-0.0075376998548361,0.480823982582482,0.2428403952436778,0.2763356221738402,1.0,False,False,-0.1500879925899235,0.2875873931519411,1826,True,official_matchdays,False,,,15,2,2,0,0,0,0,0,2:1,1:0,2:1,2:1
0540b56923b69cc2797d,D1,2023,2023-12-16,2023-12-12,FC Augsburg,Borussia Dortmund,1,1,1.329239697964958,2.2380571558410165,0.2742126450390717,0.2285105375325598,0.4972768174283685,1,2,0,2.3212223055600494,0.9176727985493108,0.013560931319965,-0.1019180777412407,0.168495799289685,0.0544450012313953,-0.1723649333428979,-1.3769086266908024,0.0,14.0,14.0,-0.0021662496480863,-0.0022516076729774,0.2742126450390717,0.2285105375325598,0.4972768174283685,1.0,False,False,-0.1500879925899235,0.2875873931519411,1826,True,official_matchdays,False,,,15,1,1,0,0,0,0,0,1:2,0:1,1:2,1:2
107f7fadddb6f308a160,D1,2023,2023-12-16,2023-12-12,VfL Bochum,1. FC Union Berlin,3,0,1.222300872831121,1.3379799458408372,0.3584591718205507,0.27765045678586,0.3638903713935894,2,1,2,3.639088217202648,0.6210806127675348,-0.0284674864774265,-0.2493399078368455,0.1156556728537784,-0.5054824748766066,-0.0206930101260869,0.0,0.0,14.0,13.0,0.0085855962377952,-0.0224759659535088,0.3584591718205506,0.2776504567858601,0.3638903713935893,1.0,False,False,-0.1500879925899235,0.2875873931519411,1826,True,official_matchdays,False,,,15,3,0,2,0,0,0,0,1:2,0:1,1:1,1:2
20587babc4ff2ce78dc5,D1,2023,2023-12-16,2023-12-12,1. FSV Mainz 05,1. FC Heidenheim 1846,0,1,1.860225430082029,1.2821488294065104,0.571328826143969,0.2274484426355137,0.2012227312205173,2,1,0,3.431586592488828,1.016194546759176,-0.152787359804599,-0.1060172784859453,-0.3279830637032404,-0.5514852240318978,0.0,0.0,0.0,14.0,14.0,-0.0099778720561626,-0.0029623598583645,0.571328826143969,0.2274484426355137,0.2012227312205173,1.0,False,False,-0.1500879925899235,0.2875873931519411,1826,True,official_matchdays,False,,,15,0,1,0,0,0,0,0,2:1,1:0,2:1,2:1
27e598a875e84b4e812c,D1,2023,2023-12-16,2023-12-12,RB Leipzig,TSG 1899 Hoffenheim,3,1,2.60334220534237,0.9645502577712782,0.6602981821334285,0.1837682080793611,0.1559336097872103,2,0,3,2.6038986416631817,0.1734833700238226,0.3290284598472275,0.0214502302343375,0.5480502855954418,0.2115043635823422,0.1475050809637385,1.1839336761197288,0.0,14.0,14.0,0.0392055885211928,-0.0216816540171145,0.6602981821334285,0.1837682080793611,0.1559336097872103,1.0,False,False,-0.1500879925899235,0.2875873931519411,1826,True,official_matchdays,False,,,15,3,1,3,2,2,3,3,2:1,1:0,2:0,2:0
c48bf9c24ea2b354545b,D1,2023,2023-12-16,2023-12-12,SV Darmstadt 98,VfL Wolfsburg,0,1,1.2931295663037272,2.0788198872167873,0.299470325104344,0.2655524153549571,0.434977259540699,1,2,3,3.074337791517192,0.4794512581550918,-0.3869241977238452,-0.3633949056976043,-0.3072035402061203,-0.5362557354333486,0.0,0.0,0.0,14.0,14.0,-0.0205226744875043,-0.0169932806835681,0.299470325104344,0.265552415354957,0.4349772595406989,1.0,False,False,-0.1500879925899235,0.2875873931519411,1826,True,official_matchdays,False,,,15,0,1,3,3,4,3,3,1:2,0:1,1:2,1:2
cf7a7dac81aca47267c2,D1,2023,2023-12-17,2023-12-12,SC Freiburg,1. FC Köln,2,0,1.705009776777325,0.9167613741793044,0.5248969347056213,0.254790819764267,0.2203122455301117,1,0,2,2.280952451122371,0.3391787700187821,0.1231133863535909,-0.0662946942976849,0.1525130881634777,-0.1804702234510004,0.1820218140220154,0.5572996317175923,0.0,14.0,14.0,0.0247271640513441,-0.0218862294485488,0.5248969347056213,0.2547908197642671,0.2203122455301116,1.0,False,False,-0.1500879925899235,0.2875873931519411,1826,True,official_matchdays,False,,,15,2,0,2,2,2,2,2,2:1,1:0,1:0,1:0
d54c957f9d1c4e23de2c,D1,2023,2023-12-17,2023-12-12,Bayern München,Stuttgart,3,0,3.2777493614123574,0.971636791987356,0.6583621344808234,0.1817029709531195,0.1599348945660569,3,1,2,2.6825202796248133,0.175311571309545,0.3722591779141252,0.2793219447548754,0.5931435641505705,0.2903192022776228,0.1905136173710885,1.660789506066137,0.0,13.0,14.0,0.0327855014222231,-0.0002064452887731,0.6583621344808235,0.1817029709531195,0.1599348945660569,1.0,False,False,-0.1500879925899235,0.2875873931519411,1826,True,official_matchdays,False,,,15,3,0,2,2,2,2,2,2:1,1:0,3:1,3:1
e6f41dfccae8232993c7,D1,2023,2023-12-17,2023-12-12,Bayer 04 Leverkusen,Eintracht Frankfurt,3,0,2.20615568559081,1.0995549194537948,0.7072915298857606,0.1742415265229519,0.1184669435912874,2,1,2,2.577644146063077,0.1300727747655284,0.3885097286326947,0.1437023337315534,0.5141723077749625,-0.0253396172109965,-0.0156499910346972,1.0209613544380436,0.0,14.0,14.0,0.0308833566249569,-0.0042727535067445,0.7072915298857606,0.174241526522952,0.1184669435912874,1.0,False,False,-0.1500879925899235,0.2875873931519411,1826,True,official_matchdays,False,,,15,3,0,2,2,2,2,2,2:1,1:0,2:1,2:1
1e63e473dcd1cbeb67bc,D1,2023,2023-12-19,2023-12-19,TSG 1899 Hoffenheim,SV Darmstadt 98,3,3,3.0083726541170197,0.9892320355003849,0.660884129320408,0.1928132771659138,0.1463025935136781,2,0,0,4.027557987986128,1.109722686776054,-0.1558678816215657,-0.4747090369552228,-0.019394023020667,-0.3470062503903262,0.0,0.0,0.0,15.0,15.0,0.0081486636856045,-0.0396775096144439,0.6608841293204081,0.1928132771659138,0.1463025935136781,1.0,False,False,-0.1422412155269882,0.2965234495374079,1817,True,official_matchdays,False,,,16,3,3,0,0,0,0,0,2:1,1:0,2:0,2:0
5d2b96761c22e8703b91,D1,2023,2023-12-19,2023-12-19,Borussia Dortmund,1. FSV Mainz 05,1,1,2.726880432579222,0.9769826185197902,0.6249089584850693,0.1988346686088856,0.1762563729060451,2,0,0,2.4221490878111074,1.0634434036079228,-0.1464299117210501,-0.2458414096189022,0.1478156462912297,-0.2349232240254729,0.1376472645196625,1.4601056316049617,0.0,15.0,15.0,0.0045314425348232,-0.0241450086018208,0.6249089584850692,0.1988346686088856,0.1762563729060451,1.0,False,False,-0.1422412155269882,0.2965234495374079,1817,True,official_matchdays,False,,,16,1,1,0,0,0,0,0,2:1,1:0,2:0,2:0
ae1f8ffe215269953b36,D1,2023,2023-12-19,2023-12-19,SV Werder Bremen,RB Leipzig,1,1,1.0731857114481256,2.1317912775462418,0.1901958564474131,0.2083097475376429,0.6014943960149439,1,2,0,2.336606494669337,1.0247434280910577,-0.0793235924824457,0.4427889307947038,0.1247790616365183,0.1830894569208408,-0.2404802579609532,-1.699446285365843,0.0,15.0,15.0,-0.0420958186860274,0.0602690856016403,0.1901958564474131,0.2083097475376429,0.601494396014944,1.0,False,False,-0.1422412155269882,0.2965234495374079,1817,True,official_matchdays,False,,,16,1,1,0,0,0,0,0,1:2,0:1,1:2,1:2
2d3688c69824e8d8a423,D1,2023,2023-12-20,2023-12-19,Stuttgart,FC Augsburg,3,0,1.9804593988745836,1.0780522963893384,0.6985570151916879,0.1792178110135978,0.1222251737947142,2,1,2,2.5947922332126048,0.137925889983798,0.0361958422148552,0.0084690555934586,0.3794966891966576,-0.2866331077920662,0.0584890440162087,0.4249485192853833,0.0,15.0,15.0,0.006120583642623,-0.0038873387522073,0.6985570151916879,0.1792178110135978,0.1222251737947142,1.0,False,False,-0.1422412155269882,0.2965234495374079,1817,True,official_matchdays,False,,,16,3,0,2,2,2,2,2,2:1,1:0,2:1,2:1
6908688cc3605885f5a6,D1,2023,2023-12-20,2023-12-19,Eintracht Frankfurt,Borussia Mönchengladbach,2,1,2.0848877755918114,1.370790003736959,0.5130063486712737,0.2416427889207258,0.2453508624080004,2,1,4,2.389842239220837,0.3557510995562211,-0.0750577196755788,-0.0399729667746285,0.2126252527100572,-0.3081827413765884,0.0297297706822386,-0.0614668322004505,0.0,15.0,15.0,-0.0040206350947145,-0.0017308992277958,0.5130063486712736,0.2416427889207258,0.2453508624080004,1.0,False,False,-0.1422412155269882,0.2965234495374079,1817,True,official_matchdays,False,,,16,2,1,4,4,3,4,4,2:1,1:0,2:1,2:1
8be1b30948bf72707e69,D1,2023,2023-12-20,2023-12-19,VfL Wolfsburg,Bayern München,1,2,1.1748284317606958,2.4175423020386444,0.1264101196775359,0.1699688465291204,0.7036210337933437,1,2,4,2.258792381625154,0.1327094187570549,-0.1180227114398147,0.4944154437004122,0.0593854955577768,0.3171716082770461,-0.2308854113080271,0.0,0.0,15.0,14.0,-0.0480673138944034,0.0668869505074333,0.126410119677536,0.1699688465291203,0.7036210337933437,1.0,False,False,-0.1422412155269882,0.2965234495374079,1817,True,official_matchdays,False,,,16,1,2,4,4,3,4,4,1:2,0:1,1:2,1:2
9e0ec6e25af844a0f777,D1,2023,2023-12-20,2023-12-19,1. FC Heidenheim 1846,SC Freiburg,3,2,1.4572401836809408,1.453989246314263,0.3370735721985882,0.2675932258401048,0.395333201961307,1,2,0,3.5856893281467745,0.6673659237660333,0.0931132560072626,0.3005548024197547,0.2525614329400622,0.0158048808842721,0.0,0.0,0.0,15.0,15.0,-0.0057164145202614,0.0253998174416123,0.3370735721985881,0.2675932258401048,0.395333201961307,1.0,False,False,-0.1422412155269882,0.2965234495374079,1817,True,official_matchdays,False,,,16,3,2,0,0,0,3,0,1:2,0:1,2:1,1:2
b864a5f7ef854fe575d9,D1,2023,2023-12-20,2023-12-19,Bayer 04 Leverkusen,VfL Bochum,4,0,2.833193367065361,0.8029913686076683,0.8095218908989681,0.121173717002487,0.0693043920985447,2,0,2,2.6150692297825215,0.0557680785030522,0.4643199749836162,0.1656851928050153,0.6108318016069604,-0.2544771257323107,-0.0260624308340188,0.0,0.0,15.0,15.0,0.0368446163164099,-0.0053443579269783,0.8095218908989682,0.121173717002487,0.0693043920985447,1.0,False,False,-0.1422412155269882,0.2965234495374079,1817,True,official_matchdays,False,,,16,4,0,2,2,2,2,2,2:1,1:0,2:0,2:0
c3ee6cdf5cfd3952c181,D1,2023,2023-12-20,2023-12-19,1. FC Union Berlin,1. FC Köln,2,0,1.5132495897476064,0.9568659028799844,0.4926672965534239,0.2683522984020046,0.2389804050445713,1,0,2,2.3179871651494297,0.3865110620393173,-0.3373167135337561,-0.1643659577312801,-0.0807758222769297,-0.2847134678334178,0.0894754033868149,0.6520826633810859,0.0,14.0,15.0,-0.0210396032974708,-0.0040445302657809,0.4926672965534239,0.2683522984020046,0.2389804050445713,1.0,False,False,-0.1422412155269882,0.2965234495374079,1817,True,official_matchdays,False,,,16,2,0,2,2,2,2,2,2:1,1:0,1:0,1:0
44e096907d78810db759,D1,2023,2024-01-12,2024-01-09,Bayern München,TSG 1899 Hoffenheim,3,0,3.8487544190608687,0.959545571410973,0.8362187379766912,0.1024123055030026,0.061368956520306,3,0,4,2.58910726585441,0.0410787309327792,0.5188725246372677,-0.1272046554996332,0.6321883452943813,0.0368371445665261,0.132561555716381,1.8807481300747575,0.0,15.0,16.0,0.0648755630245274,-0.0452921695676457,0.8362187379766914,0.1024123055030026,0.0613689565203059,1.0,False,False,-0.1471035872095904,0.3007573259847171,1826,True,official_matchdays,False,,,17,3,0,4,2,2,4,4,2:1,1:0,3:0,3:0
1e1b733b764bb09002aa,D1,2023,2024-01-13,2024-01-09,RB Leipzig,Eintracht Frankfurt,0,1,2.2147088201607894,0.9566291147082372,0.6673522812266268,0.1929693343305908,0.1396783844427823,2,1,0,3.59217288074735,1.2227495134453552,0.3004125060461394,0.0550282889116784,0.5823486426567244,-0.1736171731456776,-0.0536294950267403,0.8588738112844898,0.0,16.0,16.0,0.024608361407693,-0.0068363216598021,0.6673522812266267,0.1929693343305908,0.1396783844427823,1.0,False,False,-0.1471035872095904,0.3007573259847171,1826,True,official_matchdays,False,,,17,0,1,0,0,0,0,0,2:1,1:0,2:1,2:1
246034a1c69860eecc7a,D1,2023,2024-01-13,2024-01-09,1. FSV Mainz 05,VfL Wolfsburg,1,1,1.3689781386742397,1.2726833511958535,0.433119725619387,0.2755088226002978,0.291371451780315,2,1,0,2.0264938391927214,0.7973774857631883,-0.2010131216205913,-0.1972669216578047,-0.3695048219793109,-0.2598265617408622,-0.224060301696123,0.0,0.0,16.0,16.0,-0.021440981163975,0.0015269790000552,0.4331197256193871,0.2755088226002978,0.291371451780315,1.0,False,False,-0.1471035872095904,0.3007573259847171,1826,True,official_matchdays,False,,,17,1,1,0,0,0,4,0,2:1,1:0,1:1,2:1
45fc2c92badd500f8b67,D1,2023,2024-01-13,2024-01-09,SC Freiburg,1. FC Union Berlin,0,0,1.557201506209291,1.0137573816764178,0.4592319409925439,0.2680990940431331,0.272668964964323,1,0,0,2.4391154051830424,0.820921276222977,0.0892542933753521,-0.0804670219772146,0.3180429482919861,-0.5474395174550286,-0.075232033235151,0.057540565691805,0.0,16.0,15.0,0.0091871787746383,-0.0087478152047315,0.4592319409925439,0.2680990940431331,0.2726689649643229,1.0,False,False,-0.1471035872095904,0.3007573259847171,1826,True,official_matchdays,False,,,17,0,0,0,0,0,0,0,2:1,1:0,1:0,1:0
624343016f32dd05e1bb,D1,2023,2024-01-13,2024-01-09,1. FC Köln,1. FC Heidenheim 1846,1,1,1.5315766801936173,1.4017769677696597,0.4622042950567486,0.2591334053148347,0.2786622996284166,2,1,0,2.106605563737811,0.8401687987234965,-0.311614204817573,0.2597818084019899,-0.2468520431486545,-0.2863162219939536,0.0,0.0,0.0,16.0,16.0,-0.0441505109018568,0.0415588910810776,0.4622042950567486,0.2591334053148348,0.2786622996284166,1.0,False,False,-0.1471035872095904,0.3007573259847171,1826,True,official_matchdays,False,,,17,1,1,0,0,0,0,0,2:1,1:0,2:1,2:1
a12093b25737f6838f81,D1,2023,2024-01-13,2024-01-09,FC Augsburg,Bayer 04 Leverkusen,0,1,1.0636414200757565,2.099226962588342,0.1693067167528215,0.2073367352026993,0.6233565480444793,1,2,3,2.5490169154302356,0.213513576003105,-0.1893090935303229,0.5331392693914268,0.1421970746458958,0.3949841427849384,-0.103123804130493,-1.5520968154723298,0.0,16.0,16.0,-0.0507440630291282,0.0679355718221834,0.1693067167528215,0.2073367352026993,0.6233565480444792,1.0,False,False,-0.1471035872095904,0.3007573259847171,1826,True,official_matchdays,False,,,17,0,1,3,3,4,3,3,1:2,0:1,1:2,1:2
ee7c31cce1336e0982be,D1,2023,2024-01-13,2024-01-09,SV Darmstadt 98,Borussia Dortmund,0,3,1.242691726281148,3.069727418485753,0.1760517861794186,0.2020509951088685,0.6218972187117127,1,3,2,2.9004158493676537,0.2147805492593862,-0.3887613281701554,-0.1796298084061797,-0.3698880230067466,0.0219518858710012,0.0,0.0,0.0,16.0,16.0,-0.0298946423967065,0.0014750855678898,0.1760517861794186,0.2020509951088686,0.6218972187117128,1.0,False,False,-0.1471035872095904,0.3007573259847171,1826,True,official_matchdays,False,,,17,0,3,2,2,2,2,2,1:2,0:1,1:3,1:3
804f0f37d9d4ed3689cc,D1,2023,2024-01-14,2024-01-09,VfL Bochum,SV Werder Bremen,1,1,1.5623457233757858,1.3980101525364648,0.4378383831590275,0.2577596933113629,0.3044019235296096,2,1,0,2.1147296225711445,0.8352836536890798,0.0031430501533906,-0.0677274033075918,0.2471176149765915,-0.4220697550921155,-0.2156034383336563,0.0,0.0,16.0,16.0,-0.0070794967359641,0.003850279078254,0.4378383831590275,0.2577596933113629,0.3044019235296096,1.0,False,False,-0.1471035872095904,0.3007573259847171,1826,True,official_matchdays,False,,,17,1,1,0,0,0,0,0,2:1,1:0,2:1,2:1
a4851d5f2d9cd37b0cd7,D1,2023,2024-01-14,2024-01-09,Borussia Mönchengladbach,Stuttgart,3,1,1.8761423384344025,1.5374388398706105,0.266370188621377,0.2367735009967796,0.4968563103818432,1,2,0,3.3999001441919603,0.8411405840839643,-0.1299252220923337,0.1753044375426035,0.1636623924827292,0.1053847346847614,-0.0177032593715124,-0.0888900787878665,0.0,16.0,16.0,-0.0226429070549391,0.0249118678274526,0.266370188621377,0.2367735009967796,0.4968563103818432,1.0,False,False,-0.1471035872095904,0.3007573259847171,1826,True,official_matchdays,False,,,17,3,1,0,0,0,2,0,1:2,0:1,2:1,1:2
0a1d8cbd35ae494ccf67,D1,2023,2024-01-20,2024-01-16,RB Leipzig,Bayer 04 Leverkusen,2,3,1.6801285179321488,1.2943750305991062,0.3935183412100833,0.2560492673473608,0.3504323914425558,2,1,0,3.4204451933019286,0.6423559902648929,0.0825080936505433,0.5572685169499842,0.3137902746484057,0.5074171697750959,-0.0502228268460592,-0.1186722407656582,0.0,17.0,17.0,-0.0221237578247478,0.0541125883547742,0.3935183412100833,0.2560492673473608,0.3504323914425559,1.0,False,False,-0.1482634738106951,0.2991804425283295,1826,False,official_matchdays,False,expected-points,,18,2,3,0,0,0,0,0,2:1,1:0,2:1,2:1
43eaedf8349cce96e894,D1,2023,2024-01-20,2024-01-16,SV Darmstadt 98,Eintracht Frankfurt,2,2,1.1372039802994722,2.279900292178191,0.2511671723258939,0.2593131346715985,0.4895196930025076,1,2,0,2.7197012782486745,0.8513315107614681,-0.4450595650394719,0.2018540766143024,-0.4295771255292062,0.0142881200979502,-0.0594399505972477,0.0,0.0,17.0,17.0,-0.0575706578645247,0.0454103834432662,0.2511671723258939,0.2593131346715985,0.4895196930025075,1.0,False,False,-0.1482634738106951,0.2991804425283295,1826,False,official_matchdays,False,expected-points,,18,2,2,0,0,0,0,0,1:2,0:1,1:2,1:2
4e475c4105316d84364e,D1,2023,2024-01-20,2024-01-16,1. FC Köln,Borussia Dortmund,0,4,1.1791563051781675,2.035923058942448,0.222604701073687,0.2278796939901252,0.5495156049361878,1,2,2,3.563296888900886,0.3044181980691475,-0.2516541364962603,0.0416813956306504,-0.2051569145262643,0.1636196165443107,-0.1488319447600579,-1.5329453807771265,0.0,17.0,17.0,-0.0346910806691614,0.0241924436258809,0.2226047010736871,0.2278796939901252,0.5495156049361877,1.0,False,False,-0.1482634738106951,0.2991804425283295,1826,False,official_matchdays,False,expected-points,,18,0,4,2,2,2,2,2,1:2,0:1,1:2,1:2
9c87c7c95c136f349973,D1,2023,2024-01-20,2024-01-16,VfL Bochum,Stuttgart,1,0,1.3378294954471792,1.5987636742378324,0.2634390581861029,0.2484631944132495,0.4880977474006475,1,2,0,3.057826835345351,0.8424953910013975,-0.0201329184304601,0.0271968831195587,0.1365816730347551,-0.093642909010403,-0.2442326895151313,0.0,0.0,17.0,17.0,-0.0155847704747805,0.0159379687092354,0.2634390581861029,0.2484631944132495,0.4880977474006476,1.0,False,False,-0.1482634738106951,0.2991804425283295,1826,False,official_matchdays,False,expected-points,,18,1,0,0,0,0,0,0,1:2,0:1,1:2,1:2
a2c44e9ef63541978324,D1,2023,2024-01-20,2024-01-16,SC Freiburg,TSG 1899 Hoffenheim,3,2,1.8996344000376573,1.1980446538596454,0.4687640545692074,0.2502516437153321,0.2809843017154605,2,1,3,3.404332424096498,0.4237896927104985,0.0705629967025796,-0.2939775666422514,0.19807896607925,-0.1594082781848448,0.07308840222015,0.2199011434548577,0.0,17.0,17.0,0.025409598113378,-0.0365803266103616,0.4687640545692074,0.2502516437153321,0.2809843017154605,1.0,False,False,-0.1482634738106951,0.2991804425283295,1826,False,official_matchdays,False,expected-points,,18,3,2,3,3,3,3,3,2:1,1:0,2:1,2:1
ddcb683c2252ff6d543d,D1,2023,2024-01-20,2024-01-16,1. FC Heidenheim 1846,VfL Wolfsburg,1,1,1.6951072144110964,1.4248453997095891,0.3543618717855736,0.2705128655039168,0.3751252627105095,1,2,0,2.086838299709906,0.7984427782943107,0.2104527464510544,-0.1644804862353859,0.3510616687262961,-0.2726530896702557,-0.1187871795410822,0.0,0.0,17.0,17.0,0.0233299399798206,-0.0210313269690372,0.3543618717855736,0.2705128655039168,0.3751252627105096,1.0,False,False,-0.1482634738106951,0.2991804425283295,1826,False,official_matchdays,False,expected-points,,18,1,1,0,0,0,0,0,1:2,0:1,2:1,2:1
2996a801fcdf7fd65eda,D1,2023,2024-01-21,2024-01-16,Bayern München,SV Werder Bremen,0,1,3.970146504766704,0.7867738040207977,0.8798738465702187,0.0805934867866839,0.0395326666430972,3,0,0,5.57569141529836,1.7031707944364278,0.574575920143429,-0.1183820926373814,0.7310150820176055,-0.3488941986322471,0.2920673537750001,2.357672202165067,0.0,16.0,17.0,0.0779800643349619,-0.0551703729596596,0.8798738465702189,0.0805934867866839,0.0395326666430972,1.0,False,False,-0.1482634738106951,0.2991804425283295,1826,False,official_matchdays,False,expected-points,,18,0,1,0,0,0,0,0,2:1,1:0,3:0,3:0
8790fe517eeab287645c,D1,2023,2024-01-21,2024-01-16,Borussia Mönchengladbach,FC Augsburg,1,2,2.2609558406858015,1.1554078436520152,0.4983087483369643,0.2409956667020079,0.2606955849610276,2,1,0,2.5821830510748103,0.8529615381344144,0.0294960976824642,-0.3125983801041434,0.3338185857984573,-0.3645949095064358,0.009083115037454,0.5370012257205113,0.0,17.0,17.0,0.0190336845253263,-0.0331887986464102,0.4983087483369643,0.2409956667020079,0.2606955849610277,1.0,False,False,-0.1482634738106951,0.2991804425283295,1826,False,official_matchdays,False,expected-points,,18,1,2,0,0,0,0,0,2:1,1:0,2:1,2:1
b8a62fa3f957f2a431ad,D1,2023,2024-01-24,2023-11-28,Bayern München,1. FC Union Berlin,1,0,3.2300328828846254,0.6997529327881613,0.8481466296644444,0.1106326251609699,0.0412207451745855,2,0,2,2.874917545693788,0.0369981736650231,0.6930284462522462,-0.5431750672215601,0.5931435641505705,-0.5054824748766066,0.2508815037040273,1.6091214901131394,0.0,12.0,12.0,0.109005673171504,-0.1015130042199697,,,,0.0,False,False,-0.1592656969216117,0.2774395866924616,1827,False,official_matchdays,True,expected-points,,13,1,0,2,2,2,2,2,2:0,2:0,2:0,2:0
46d443990d35c0bbb5f4,D1,2023,2024-01-26,2024-01-23,Eintracht Frankfurt,1. FSV Mainz 05,1,0,1.9028764657463424,0.9889243885847953,0.4491451667625495,0.2777949875352186,0.2730598457022318,2,1,3,2.6239856970486377,0.4551727817356782,0.0994503921781613,-0.1876094442838261,0.2943395369702349,-0.1887418134655978,0.1221651138053166,0.7059383014388116,0.0,18.0,17.0,0.0254337671222732,-0.0298417197275565,0.4491451667625496,0.2777949875352186,0.2730598457022319,1.0,False,False,-0.1226356424590684,0.2888776578175569,1825,True,official_matchdays,False,,,19,1,0,3,3,4,3,3,2:1,1:0,2:1,2:1
13dbab583f0afe5b6292,D1,2023,2024-01-27,2024-01-23,FC Augsburg,Bayern München,2,3,0.988090208752398,2.701503311982969,0.1062222827854088,0.1599520231627205,0.7338256940518706,0,2,2,3.207586669636178,0.1077165842209592,-0.0997230777906938,0.3074140355583128,-0.0038552485672437,0.3801026087835819,-0.1677629390189244,-2.0568959616330615,0.0,18.0,17.0,-0.0337311565079312,0.0441157043963122,0.1062222827854088,0.1599520231627205,0.7338256940518706,1.0,False,False,-0.1226356424590684,0.2888776578175569,1825,True,official_matchdays,False,,,19,2,3,2,3,3,2,2,1:2,0:1,0:2,0:2
2c648a463dd84962a643,D1,2023,2024-01-27,2024-01-23,Bayer 04 Leverkusen,Borussia Mönchengladbach,0,0,2.912151314420747,1.0667783974593097,0.7492458028485234,0.1519864703084168,0.0987677268430597,3,1,0,3.677165030726027,1.2902512834918514,0.5770625918361298,-0.096307844626949,0.653328100843817,-0.3733177352827027,0.2378939500036918,1.0150955897518186,0.0,18.0,18.0,0.074416348915145,-0.0503786115546859,0.7492458028485235,0.1519864703084168,0.0987677268430597,1.0,False,False,-0.1226356424590684,0.2888776578175569,1825,True,official_matchdays,False,,,19,0,0,0,0,0,0,0,2:1,1:0,3:1,3:1
451c83d7a398f07ae85d,D1,2023,2024-01-27,2024-01-23,VfL Wolfsburg,1. FC Köln,1,1,1.7745982123788258,0.9065388186304728,0.5220856131316384,0.2534663662697135,0.2244480205986482,1,0,0,2.1106923604618752,0.8802627676802356,-0.1576404318292064,-0.3592709748932519,-0.0517326970117587,-0.3501720690569676,0.0672721298301737,0.0,0.0,18.0,18.0,0.0055631120532506,-0.0314086823893735,0.5220856131316381,0.2534663662697135,0.2244480205986481,1.0,False,False,-0.1226356424590684,0.2888776578175569,1825,True,official_matchdays,False,,,19,1,1,0,0,0,0,0,2:1,1:0,1:0,1:0
747fe439ea494817438f,D1,2023,2024-01-27,2024-01-23,Stuttgart,RB Leipzig,5,2,1.243120201818124,1.7085906159445217,0.3539878969980109,0.2544581434654138,0.3915539595365752,1,2,0,5.9838001107132195,0.6353950872296876,-0.074823419366406,-0.0294496777842573,0.4569262600691439,0.0873718456908278,-0.2832756365308961,-0.8075332701982937,0.0,18.0,18.0,-0.0201736398739725,0.0149599850164393,0.3539878969980109,0.2544581434654137,0.3915539595365753,1.0,False,False,-0.1226356424590684,0.2888776578175569,1825,True,official_matchdays,False,,,19,5,2,0,0,0,0,0,1:2,0:1,1:2,1:2
cc31a9ff73ca674f50c6,D1,2023,2024-01-27,2024-01-23,SV Werder Bremen,SC Freiburg,3,1,1.4133844498310313,1.3938108678055017,0.3912569370071074,0.2700223931457502,0.3387206698471425,2,1,2,3.15574735816585,0.5582119017238238,0.0595994095308339,0.214597746660426,0.1063346890996927,-0.1443361348806049,-0.1218176403336643,-0.6968252155451671,0.0,18.0,18.0,-0.0108608283966211,0.0245706862061841,0.3912569370071073,0.2700223931457501,0.3387206698471424,1.0,False,False,-0.1226356424590684,0.2888776578175569,1825,True,official_matchdays,False,,,19,3,1,2,2,2,2,2,2:1,1:0,2:1,2:1
f8c7adda9bb2934d0f33,D1,2023,2024-01-27,2024-01-23,TSG 1899 Hoffenheim,1. FC Heidenheim 1846,1,1,2.0623412078410053,1.4842877613876566,0.5647092938958967,0.2243004204726692,0.2109902856314339,2,1,0,2.355144111520046,0.965123324922114,-0.341608910441568,0.1098189195491356,-0.0787325119126545,-0.2342160412396216,0.0593935897705411,0.0,0.0,18.0,18.0,-0.0366821575330865,0.0250926579884649,0.5647092938958969,0.2243004204726693,0.2109902856314339,1.0,False,False,-0.1226356424590684,0.2888776578175569,1825,True,official_matchdays,False,,,19,1,1,0,0,0,0,0,2:1,1:0,2:1,2:1
1f019a5788fa1929c0b3,D1,2023,2024-01-28,2024-01-23,1. FC Union Berlin,SV Darmstadt 98,1,0,2.439260791850186,0.8992143579518789,0.5887206472406761,0.2393054002499506,0.1719739525093731,2,0,2,2.7408899739601753,0.2559928209366136,-0.0620359299707522,-0.3677535525599596,0.0698150880775953,-0.3036468688108616,0.1781807693116234,0.0,0.0,16.0,18.0,0.0210931230965039,-0.0425825972230395,0.5887206472406762,0.2393054002499507,0.1719739525093731,1.0,False,False,-0.1226356424590684,0.2888776578175569,1825,True,official_matchdays,False,,,19,1,0,2,3,4,2,2,2:1,1:0,2:0,2:0
6cc844a2bffa993e862f,D1,2023,2024-01-28,2024-01-23,Borussia Dortmund,VfL Bochum,3,1,3.1567677032930743,0.8879562490398276,0.6989143436236931,0.1722145055331763,0.1288711508431305,2,0,3,2.652275227134879,0.1369181819112208,0.2499160877294747,0.1033997797839919,0.06175022617949,-0.3349014860264208,0.0646057572488864,0.0,0.0,18.0,18.0,0.0230519076461922,-0.0053861142705188,0.6989143436236933,0.1722145055331762,0.1288711508431305,1.0,False,False,-0.1226356424590684,0.2888776578175569,1825,True,official_matchdays,False,,,19,3,1,3,2,2,3,3,2:1,1:0,2:0,2:0
1dfbabe5a9f1f501d69a,D1,2023,2024-02-02,2024-01-30,1. FC Heidenheim 1846,Borussia Dortmund,0,0,1.4795352286963566,2.261058666986235,0.2445685831712092,0.2230556059478158,0.5323758108809751,1,2,0,3.37836456863956,0.946880387334664,0.0907476211252646,0.3979460726171701,0.2853328431665216,0.323261034846828,0.0,0.0,0.0,19.0,19.0,-0.010822541518332,0.0352572262054537,0.2445685831712092,0.2230556059478158,0.532375810880975,1.0,False,False,-0.1245482318409206,0.2925779692151212,1826,True,official_matchdays,False,,,20,0,0,0,0,0,0,0,1:2,0:1,1:2,1:2
1d1ea46ae1a4f729a115,D1,2023,2024-02-03,2024-01-30,SC Freiburg,Stuttgart,1,3,1.6789970323860757,1.2723477543284352,0.3074335851815744,0.2585425298562027,0.4340238849622229,1,2,2,3.052158819211672,0.481688611835297,0.062745308332696,0.0908608810481348,0.2824067037483625,-0.1706378387739768,0.0220694514390482,-0.2298423294952162,0.0,19.0,19.0,0.0028349593528152,0.0048453501162262,0.3074335851815744,0.2585425298562028,0.4340238849622228,1.0,False,False,-0.1245482318409206,0.2925779692151212,1826,True,official_matchdays,False,,,20,1,3,2,2,2,0,0,1:2,0:1,2:1,2:1
5badfc63b1526ace0604,D1,2023,2024-02-03,2024-01-30,Bayern München,Borussia Mönchengladbach,3,1,3.6246511067707026,0.9951463975572316,0.8339432949318599,0.1077567178844537,0.0582999871836862,3,1,4,2.560109204943165,0.042585228052935,0.4164076517032741,-0.1451423736312019,0.516889970889082,-0.3289570108740928,0.0365423145976643,1.51989473591255,0.0,19.0,19.0,0.0507249995817707,-0.0371617356781671,0.8339432949318598,0.1077567178844537,0.0582999871836862,1.0,False,False,-0.1245482318409206,0.2925779692151212,1826,True,official_matchdays,False,,,20,3,1,4,2,2,4,4,2:1,1:0,3:1,3:1
a7f07c5792585f0bf7ad,D1,2023,2024-02-03,2024-01-30,1. FSV Mainz 05,SV Werder Bremen,0,1,1.5120572143096669,1.25659277961493,0.4566623544631307,0.2716688227684348,0.2716688227684346,2,1,0,2.8515634984893055,0.8128107589757152,-0.3145188322236805,0.2217667548846053,-0.2991438565351364,-0.1094420032362426,-0.0325847012121288,0.1693887025153753,0.0,18.0,19.0,-0.0441694560272047,0.039531852160251,0.4566623544631307,0.2716688227684347,0.2716688227684347,1.0,False,False,-0.1245482318409206,0.2925779692151212,1826,True,official_matchdays,False,,,20,0,1,0,0,0,0,0,2:1,1:0,2:1,2:1
b339962f39d687557ed7,D1,2023,2024-02-03,2024-01-30,SV Darmstadt 98,Bayer 04 Leverkusen,0,2,0.9250359272432158,2.8600777295139035,0.1004994298144921,0.1547140980719073,0.7447864721136006,0,2,4,2.400989401622281,0.0991705323514637,-0.4221857778824774,0.4072472030897563,-0.3751085778007308,0.5295383002254571,-0.1781807693116234,0.0,0.0,19.0,19.0,-0.0714899764083167,0.0707430476686806,0.1004994298144921,0.1547140980719073,0.7447864721136006,1.0,False,False,-0.1245482318409206,0.2925779692151212,1826,True,official_matchdays,False,,,20,0,2,4,2,2,4,4,1:2,0:1,0:2,0:2
be5c2e260d56f66fcca2,D1,2023,2024-02-03,2024-01-30,VfL Bochum,FC Augsburg,1,1,1.5200489584181036,1.2454692810392396,0.4399512370239626,0.2649430101415023,0.295105752834535,2,1,0,2.0707416163227683,0.8209532746547881,-0.051844867669751,-0.2023109029417356,0.2687552010125342,-0.119007116991543,0.0376411313825973,0.0,0.0,19.0,19.0,0.0068131149492415,-0.0195209034798158,0.4399512370239627,0.2649430101415024,0.295105752834535,1.0,False,False,-0.1245482318409206,0.2925779692151212,1826,True,official_matchdays,False,,,20,1,1,0,0,0,0,0,2:1,1:0,2:1,2:1
fdb5d501b1f1e551c698,D1,2023,2024-02-03,2024-01-30,1. FC Köln,Eintracht Frankfurt,2,0,1.1726850896624463,1.470452509013468,0.2973774681310658,0.2776096017524111,0.4250129301165231,1,2,0,2.9812077617295283,0.7513815040412762,-0.3174339566892586,0.2382950985120207,-0.3010718419868373,-0.0109902235097597,0.0862032457026213,-0.7947611469095771,0.0,19.0,19.0,-0.0393479883093958,0.0353910454005339,0.2973774681310657,0.2776096017524111,0.4250129301165232,1.0,False,False,-0.1245482318409206,0.2925779692151212,1826,True,official_matchdays,False,,,20,2,0,0,0,0,0,0,1:2,0:1,1:2,1:2
0a8953db4b531a889970,D1,2023,2024-02-04,2024-01-30,VfL Wolfsburg,TSG 1899 Hoffenheim,2,2,1.8942611098496072,1.2818037331529684,0.4520354814075074,0.2521882159431358,0.2957763026493567,2,1,0,2.7765988504016907,0.8510421620345509,-0.1253440066160093,-0.3029451407594566,-0.1052610695539516,-0.2913844185920421,-0.0901081393623453,0.0,0.0,19.0,19.0,-0.0018925505917453,-0.0195219067770279,0.4520354814075075,0.2521882159431358,0.2957763026493568,1.0,False,False,-0.1245482318409206,0.2925779692151212,1826,True,official_matchdays,False,,,20,2,2,0,0,0,0,0,2:1,1:0,2:1,2:1
2589739b1e1dca2b5571,D1,2023,2024-02-04,2024-01-30,RB Leipzig,1. FC Union Berlin,2,0,1.943674744283932,0.858681373730979,0.6847381053226035,0.191726669490329,0.1235352251870676,1,0,2,2.059708418358706,0.1514101298914552,-0.2171004366858401,0.061968185858904,0.0934823502194711,-0.531789552849896,-0.0054470595297753,1.094916165385315,0.0,19.0,18.0,-0.0250808059380179,0.0173241933966711,0.6847381053226034,0.1917266694903289,0.1235352251870676,1.0,False,False,-0.1245482318409206,0.2925779692151212,1826,True,official_matchdays,False,,,20,2,0,2,2,2,2,2,2:1,1:0,1:0,1:0
b01b929869d41db95b54,D1,2023,2024-02-07,2024-01-16,1. FSV Mainz 05,1. FC Union Berlin,1,1,1.307865062146092,1.1467516383892329,0.383618072830177,0.3100781122796787,0.3063038148901443,1,1,4,1.9110363696464017,0.7169770639737664,-0.1876094442838261,-0.0620359299707522,-0.2991438565351364,-0.4484247127835702,-0.1972073451859537,-0.4698959473379868,0.0,17.0,16.0,-0.0255195151891426,0.0130372464764137,,,,0.0,False,False,-0.1482634738106951,0.2991804425283295,1826,False,official_matchdays,True,expected-points,,18,1,1,4,4,4,4,4,1:1,1:1,1:1,1:1
d0601eca390fbc63cc6d,D1,2023,2024-02-09,2024-02-06,Borussia Dortmund,SC Freiburg,3,0,2.6025688637416926,1.0518226512966191,0.6561038896183209,0.1935175108773229,0.1503785995043561,2,1,2,2.63710279919223,0.1783272849406943,0.2636263240186723,-0.0851951679810522,0.2235311458257877,-0.2283861106752187,0.2572716792416927,0.916686022276569,0.0,20.0,20.0,0.0434859747630044,-0.0345644169611234,0.6561038896183209,0.1935175108773229,0.1503785995043561,1.0,False,False,-0.129555481942793,0.2917612281938304,1826,True,official_matchdays,False,,,21,3,0,2,2,2,2,2,2:1,1:0,2:1,2:1
55d7d13b7a437161ee4d,D1,2023,2024-02-10,2024-02-06,Eintracht Frankfurt,VfL Bochum,1,1,2.113033426396992,0.9187603672129084,0.545251359375521,0.2492577642859525,0.2054908763385262,2,1,0,2.133699401583891,0.9031394496441556,0.078870349411062,-0.0652414515740258,0.3613726534397171,-0.4113988925969343,-0.1052823017431236,0.0,0.0,20.0,20.0,0.0058849924326513,-0.0052035475407995,0.5452513593755213,0.2492577642859525,0.2054908763385262,1.0,False,False,-0.129555481942793,0.2917612281938304,1826,True,official_matchdays,False,,,21,1,1,0,0,0,0,0,2:1,1:0,2:1,2:1
5ee2796a44b1deab5ff2,D1,2023,2024-02-10,2024-02-06,1. FC Union Berlin,VfL Wolfsburg,1,0,1.3786109664488404,1.0903654760184118,0.4168397446024731,0.284490033408216,0.2986702219893109,1,0,4,2.303072596124615,0.5102143640870609,-0.0591473822754596,-0.1623322949350927,0.1705578407464545,-0.2230076907206814,-0.0179290801335158,0.0,0.0,19.0,20.0,0.0013054225125328,-0.0123794063730605,0.4168397446024731,0.284490033408216,0.2986702219893108,1.0,False,False,-0.129555481942793,0.2917612281938304,1826,True,official_matchdays,False,,,21,1,0,4,3,4,4,4,2:1,1:0,1:0,1:0
65fcd7f3879660367c0d,D1,2023,2024-02-10,2024-02-06,Borussia Mönchengladbach,SV Darmstadt 98,0,0,2.957291628287809,1.0040521792899633,0.5994046880813594,0.2220017363264294,0.1785935755922113,2,0,0,3.236584782070051,0.9964629436158132,-0.232362231316967,-0.4830012832305471,0.1733944697711061,-0.3495409808784002,0.0,0.0,0.0,20.0,20.0,0.0009138410298306,-0.0366820167572063,0.5994046880813594,0.2220017363264293,0.1785935755922113,1.0,False,False,-0.129555481942793,0.2917612281938304,1826,True,official_matchdays,False,,,21,0,0,0,0,0,0,0,2:1,1:0,2:0,2:0
740b6a0bcd748bec04b6,D1,2023,2024-02-10,2024-02-06,SV Werder Bremen,1. FC Heidenheim 1846,1,2,1.7198042359616506,1.264968338923496,0.5183470524327338,0.2516908259843984,0.2299621215828676,2,1,0,2.8180733971478,0.9249902728475704,0.3653208222051631,0.0517322084856484,0.2166789870620077,-0.2148469731699963,-0.1195305397890108,0.0,0.0,20.0,20.0,0.0279689448067833,-0.0071162932722427,0.5183470524327339,0.2516908259843984,0.2299621215828676,1.0,False,False,-0.129555481942793,0.2917612281938304,1826,True,official_matchdays,False,,,21,1,2,0,0,0,0,0,2:1,1:0,2:1,2:1
7a97464aa733b6bb4e04,D1,2023,2024-02-10,2024-02-06,FC Augsburg,RB Leipzig,2,2,1.0807676586498207,1.9436800819921891,0.2279297179963689,0.2268520361145893,0.5452182458890416,1,2,0,3.003141872167446,0.946972666056384,-0.188674060185927,0.014835905799483,-0.1236671331260372,-0.0611001573316761,-0.2339761686705057,-1.4334245747066716,0.0,20.0,20.0,-0.0313080097420921,0.0226161020227699,0.2279297179963689,0.2268520361145894,0.5452182458890417,1.0,False,False,-0.129555481942793,0.2917612281938304,1826,True,official_matchdays,False,,,21,2,2,0,0,0,0,0,1:2,0:1,1:2,1:2
7eb78884c10b61fd15d1,D1,2023,2024-02-10,2024-02-06,Bayer 04 Leverkusen,Bayern München,3,0,1.6794390498918483,1.7775450940553066,0.3642483400140754,0.2494721703742235,0.386279489611701,1,2,0,3.669158741428058,0.6156283810607605,0.4635281613531999,0.47767227020626,0.4698104965726811,0.4250976645095273,-0.1429420590110947,-0.5047991461607316,0.0,20.0,20.0,0.0153220996744522,0.0317379219035207,0.3642483400140754,0.2494721703742235,0.386279489611701,1.0,False,False,-0.129555481942793,0.2917612281938304,1826,True,official_matchdays,False,,,21,3,0,0,0,0,0,0,1:2,0:1,1:2,1:2
203c4b5610591a9d9347,D1,2023,2024-02-11,2024-02-06,Stuttgart,1. FSV Mainz 05,3,1,1.9649515380627187,0.9977178607698808,0.6646915328620506,0.2036501717705006,0.1316582953674488,2,1,2,2.6036913455749584,0.171239067335618,0.2106147442037396,-0.3785154546234489,0.5204444746563437,-0.2486508324161655,0.2274950692860431,0.757278842525008,0.0,20.0,19.0,0.0513620006158485,-0.059757036136834,0.6646915328620505,0.2036501717705006,0.1316582953674488,1.0,False,False,-0.129555481942793,0.2917612281938304,1826,True,official_matchdays,False,,,21,3,1,2,2,2,2,2,2:1,1:0,2:1,2:1
41949d74de6bb775f138,D1,2023,2024-02-11,2024-02-06,TSG 1899 Hoffenheim,1. FC Köln,1,1,1.9002461981281031,1.1496380228381435,0.5233819241982505,0.2418658892128279,0.2347521865889212,2,1,0,2.179396593905948,0.9038045576247988,-0.2712278834926846,-0.0674712280520207,-0.0672425190179429,-0.3099698025307704,0.1377154066747434,0.3963582150456993,0.0,20.0,20.0,-0.0168634566129302,-7.149896430501835e-05,0.5233819241982507,0.241865889212828,0.2347521865889212,1.0,False,False,-0.129555481942793,0.2917612281938304,1826,True,official_matchdays,False,,,21,1,1,0,0,0,0,0,2:1,1:0,2:1,2:1
11a9c87d7e3683f50034,D1,2023,2024-02-16,2024-02-13,1. FC Köln,SV Werder Bremen,0,1,1.4252333131024686,1.2421636098063549,0.3841205083947905,0.2824415502902872,0.3334379413149222,2,1,0,2.604937937604721,0.6716267723783422,-0.114857208528652,0.202551602578088,-0.0507340723733219,0.0903038332099993,0.0159999708924262,0.08056585704461,0.0,21.0,21.0,-0.0208133024371483,0.0251980221396201,0.3841205083947905,0.2824415502902871,0.3334379413149223,1.0,False,False,-0.1409156108658328,0.2955414226726793,1827,True,official_matchdays,False,,,22,0,1,0,0,0,0,0,2:1,1:0,2:1,2:1
0f61dab413479f4a1579,D1,2023,2024-02-17,2024-02-13,1. FC Heidenheim 1846,Bayer 04 Leverkusen,1,2,1.1944114292965249,1.883677438700648,0.115430762229179,0.1723186826826274,0.7122505550881937,1,2,4,2.01286760659366,0.1258177323173379,0.219206003072877,0.5692866177223608,0.1712457103461047,0.6072742420844134,-0.1792958096835163,0.0,0.0,21.0,21.0,-0.0155085210630061,0.054933152102768,0.115430762229179,0.1723186826826274,0.7122505550881935,1.0,False,False,-0.1409156108658328,0.2955414226726793,1827,True,official_matchdays,False,,,22,1,2,4,4,3,4,4,1:2,0:1,1:2,1:2
22bd89f417e0fea74ea2,D1,2023,2024-02-17,2024-02-13,1. FSV Mainz 05,FC Augsburg,1,0,1.5450471196395423,1.1086903293534416,0.4742775949104981,0.2653852470136306,0.2603371580758713,2,1,3,2.350896040206804,0.4145888124205972,-0.3899644174192586,-0.2142841769763539,-0.2995037401919049,-0.0936517325348995,0.0709531118834937,-0.1313875380166302,0.0,21.0,21.0,-0.0247345772989334,-0.0054778524208471,0.4742775949104981,0.2653852470136306,0.2603371580758712,1.0,False,False,-0.1409156108658328,0.2955414226726793,1827,True,official_matchdays,False,,,22,1,0,3,3,4,3,3,2:1,1:0,2:1,2:1
2f14f1b54fb047910294,D1,2023,2024-02-17,2024-02-13,VfL Wolfsburg,Borussia Dortmund,1,1,1.3652513402436317,1.9838490562437452,0.2980920001758526,0.2512712671639385,0.4506367326602091,1,2,0,2.193474748745818,0.8525270207658036,-0.2303009051197035,0.4053000728259602,-0.1458575516106107,0.2023595469708948,-0.2244051659259223,0.0,0.0,21.0,21.0,-0.0545153524495644,0.0632653108348773,0.2980920001758525,0.2512712671639385,0.450636732660209,1.0,False,False,-0.1409156108658328,0.2955414226726793,1827,True,official_matchdays,False,,,22,1,1,0,0,0,0,0,1:2,0:1,1:2,1:2
593efcd94fa9f4c30ae9,D1,2023,2024-02-17,2024-02-13,SV Darmstadt 98,Stuttgart,1,2,1.1371788563188585,2.137603444170386,0.1389628367585986,0.200724097540198,0.6603130657012033,1,2,4,2.206202316596492,0.1749880466666389,-0.3988784854597767,0.3055383376795323,-0.4844938270782283,-0.0072166357063242,-0.1193443595511768,0.0,0.0,21.0,21.0,-0.0611319834075131,0.0564649760185009,0.1389628367585986,0.200724097540198,0.6603130657012033,1.0,False,False,-0.1409156108658328,0.2955414226726793,1827,True,official_matchdays,False,,,22,1,2,4,4,3,4,4,1:2,0:1,1:2,1:2
cf5e123a97c7edea827f,D1,2023,2024-02-17,2024-02-13,RB Leipzig,Borussia Mönchengladbach,2,0,2.5677551990536767,1.0686450974137889,0.6942924159499608,0.1726348709929632,0.1330727130570758,2,1,2,2.432444678615767,0.1409682725888396,-0.0473377565786103,-0.2501231283944584,0.2495621290970042,-0.4065224294565708,0.0835164949535524,0.8964233489861602,0.0,21.0,21.0,0.0119482055095395,-0.0268212497581929,0.6942924159499609,0.1726348709929632,0.1330727130570758,1.0,False,False,-0.1409156108658328,0.2955414226726793,1827,True,official_matchdays,False,,,22,2,0,2,2,2,2,2,2:1,1:0,2:1,2:1
d33df4eec5eb70cf2b21,D1,2023,2024-02-17,2024-02-13,TSG 1899 Hoffenheim,1. FC Union Berlin,0,1,1.5725604969738387,1.2371528265885232,0.4700081815441588,0.2591396460405631,0.270852172415278,2,1,0,2.8938892196128223,0.8197176013399947,-0.2251532781928694,0.0581666927921704,-0.1179843249110098,-0.4561838599717419,0.0624419542864152,-0.1623605777630526,0.0,21.0,21.0,-0.0223015647445747,0.0139522354745397,0.4700081815441588,0.2591396460405632,0.270852172415278,1.0,False,False,-0.1409156108658328,0.2955414226726793,1827,True,official_matchdays,False,,,22,0,1,0,0,0,0,0,2:1,1:0,2:1,2:1
c419aba64f996b67a039,D1,2023,2024-02-18,2024-02-13,SC Freiburg,Eintracht Frankfurt,3,3,1.472628084107397,1.3040290008317408,0.4126149599094277,0.2815490314676097,0.3058360086229624,2,1,0,4.420748967246893,0.7799585634966131,-0.2595156987429979,0.0620446803338703,0.1183713932859351,-0.1223124794879037,-0.0842213400003223,-0.17850178840902,0.0,21.0,21.0,-0.0332648708910094,0.023391319970553,0.4126149599094279,0.2815490314676097,0.3058360086229625,1.0,False,False,-0.1409156108658328,0.2955414226726793,1827,True,official_matchdays,False,,,22,3,3,0,0,0,0,0,2:1,1:0,2:1,2:1
ff76b2274d6b6f33abc6,D1,2023,2024-02-18,2024-02-13,VfL Bochum,Bayern München,3,2,0.944833310083514,2.7512638305709527,0.1157703515876319,0.1661052870605154,0.7181243613518526,0,2,0,4.116550513680447,1.3251556358879224,-0.1163427785370087,0.2657065493416237,0.1977581199045298,0.1590955536663076,-0.3204187182441942,0.0,0.0,21.0,21.0,-0.0409405412329917,0.0484087297732225,0.1157703515876319,0.1661052870605154,0.7181243613518525,1.0,False,False,-0.1409156108658328,0.2955414226726793,1827,True,official_matchdays,False,,,22,3,2,0,0,0,0,0,1:2,0:1,0:2,0:2
e519b4a7d75c235637fb,D1,2023,2024-02-23,2024-02-20,Bayer 04 Leverkusen,1. FSV Mainz 05,2,1,2.5500555844101203,0.7204924807339383,0.7639994527090901,0.1547651624458928,0.0812353848450171,2,0,2,2.4144599226776124,0.0862477015794306,0.6237183658591064,-0.1631891735544891,0.5310138693953594,-0.3205886141933823,0.1626581031465487,1.68348435348896,0.0,22.0,22.0,0.0786642004209625,-0.0556377408057316,0.7639994527090901,0.1547651624458928,0.0812353848450171,1.0,False,False,-0.1299199521291313,0.2968683457943107,1827,True,official_matchdays,False,,,23,2,1,2,4,3,2,2,2:1,1:0,2:0,2:0
3e17935183949602e0c7,D1,2023,2024-02-24,2024-02-20,Borussia Mönchengladbach,VfL Bochum,5,2,2.094308202868836,1.1620449687590564,0.4771386404578288,0.2504043517807403,0.2724570077614307,2,1,2,4.927948890832287,0.4103191617713326,-0.3184816561496336,0.0846428832469166,0.139586158260736,-0.3335110438698536,0.1888319564813268,0.0,0.0,22.0,22.0,-0.0266387119532428,0.0149467733081069,0.4771386404578289,0.2504043517807404,0.2724570077614307,1.0,False,False,-0.1299199521291313,0.2968683457943107,1827,True,official_matchdays,False,,,23,5,2,2,2,2,2,2,2:1,1:0,2:1,2:1
4f423cc48eafc5d12348,D1,2023,2024-02-24,2024-02-20,Stuttgart,1. FC Köln,1,1,2.0542996334769046,0.9339955677755604,0.7281170105885653,0.1707130468875499,0.1011699425238848,2,1,0,2.5111352629952144,1.228106588981246,0.4073563266537706,-0.2147259654685246,0.5597026199121198,-0.2569346441393967,0.1894548656861411,0.8461016879957733,0.0,22.0,22.0,0.0609446742231103,-0.051313156163848,0.7281170105885653,0.1707130468875499,0.1011699425238848,1.0,False,False,-0.1299199521291313,0.2968683457943107,1827,True,official_matchdays,False,,,23,1,1,0,0,0,0,0,2:1,1:0,2:1,2:1
6868a9ed3364eaae76ad,D1,2023,2024-02-24,2024-02-20,1. FC Union Berlin,1. FC Heidenheim 1846,2,2,1.510299393974663,1.0270018371007503,0.4768260767806864,0.2722785267980624,0.2508953964212512,1,0,0,3.1094941719014733,0.8198901500026362,0.2311139070256938,0.0225209971023373,0.3233123393948786,0.0071511441636694,-0.0597187106552535,0.0,0.0,22.0,22.0,0.0189994053146898,-0.0063176601082882,0.4768260767806864,0.2722785267980624,0.2508953964212512,1.0,False,False,-0.1299199521291313,0.2968683457943107,1827,True,official_matchdays,False,,,23,2,2,0,0,0,0,0,2:1,1:0,1:0,1:0
b87403ead8d6f4f16e47,D1,2023,2024-02-24,2024-02-20,SV Werder Bremen,SV Darmstadt 98,1,1,2.3833006579110716,0.8933199278693928,0.5714816023037899,0.2376458148193977,0.1908725828768125,2,0,0,2.192783460393211,0.9442074683281528,0.2827610311136794,-0.4276628430252709,0.0204479965234238,-0.2827668118383408,-0.1195305397890108,0.0,0.0,22.0,22.0,0.0436827182731809,-0.0509278088687605,0.5714816023037897,0.2376458148193977,0.1908725828768124,1.0,False,False,-0.1299199521291313,0.2968683457943107,1827,True,official_matchdays,False,,,23,1,1,0,0,0,0,0,2:1,1:0,2:0,2:0
ea680382e104e31b2b0b,D1,2023,2024-02-24,2024-02-20,Bayern München,RB Leipzig,2,1,2.3528005136139596,1.2917013638505397,0.5674906012597054,0.2174737224782091,0.2150356762620856,2,1,4,2.426074709359803,0.2805995420327127,0.0540375703017587,0.097245515606433,0.5534720003095225,-0.1162602629396287,0.0266050298769728,0.6234713869263899,0.0,22.0,22.0,0.0018717327437028,0.0056924215517067,0.5674906012597053,0.217473722478209,0.2150356762620856,1.0,False,False,-0.1299199521291313,0.2968683457943107,1827,True,official_matchdays,False,,,23,2,1,4,4,3,4,4,2:1,1:0,2:1,2:1
1d59571f708b6f5fad3f,D1,2023,2024-02-25,2024-02-20,Borussia Dortmund,TSG 1899 Hoffenheim,2,3,3.1629015030932104,1.1072771260887373,0.6326720237567178,0.1910669511745287,0.1762610250687535,3,1,0,3.4846442413389815,1.1153263682963317,0.3298265237029057,-0.3453173665793472,0.3356116795015771,-0.3018558498943567,0.1775495276424904,1.1365871657314268,0.0,22.0,22.0,0.0591259970813824,-0.0599005392252045,0.6326720237567178,0.1910669511745288,0.1762610250687535,1.0,False,False,-0.1299199521291313,0.2968683457943107,1827,True,official_matchdays,False,,,23,2,3,0,0,0,0,0,2:1,1:0,3:1,3:1
c16e9d997970b7e90ea4,D1,2023,2024-02-25,2024-02-20,Eintracht Frankfurt,VfL Wolfsburg,2,2,1.7218671635456588,1.1506977065766508,0.4260444827441575,0.2762536271395833,0.2977018901162591,2,1,0,2.857550944721836,0.7939491288841392,-0.0152401986927598,-0.1915794308189531,0.2737354907139035,-0.2833898120116289,-0.1322894222002285,0.0,0.0,22.0,22.0,0.0014404805616602,-0.0117814620372458,0.4260444827441575,0.2762536271395834,0.2977018901162591,1.0,False,False,-0.1299199521291313,0.2968683457943107,1827,True,official_matchdays,False,,,23,2,2,0,0,0,0,0,2:1,1:0,2:1,2:1
f76644344360f0f10aee,D1,2023,2024-02-25,2024-02-20,FC Augsburg,SC Freiburg,2,1,1.3832207621756425,1.3961059139773049,0.4200137709433096,0.2660087215974294,0.313977507459261,2,1,4,2.3205232475977255,0.5057265410516287,-0.2729188707692884,-0.2723980777622331,-0.1609566963237166,-0.3401833906477529,-0.3320212225445463,-0.3960489750131616,0.0,22.0,22.0,-0.0302730443160445,0.0030071968894684,0.4200137709433096,0.2660087215974294,0.3139775074592609,1.0,False,False,-0.1299199521291313,0.2968683457943107,1827,True,official_matchdays,False,,,23,2,1,4,4,3,0,4,2:1,1:0,1:2,2:1
bddc43fd2723f34bb3ca,D1,2023,2024-03-01,2024-02-27,SC Freiburg,Bayern München,2,2,1.1774322311123022,2.358119526732993,0.1605405986350691,0.200507818797356,0.6389515825675749,1,2,0,2.9199110205439,1.073220156479876,-0.3840739460535906,0.1642444540633972,0.0342813299187624,0.0100071712359533,-0.3177340415725536,-1.6608469866198998,0.0,23.0,23.0,-0.0625063193871566,0.0515148447876469,0.1605405986350691,0.2005078187973561,0.6389515825675749,1.0,False,False,-0.1351320691532166,0.2912950451027802,1827,True,official_matchdays,False,,,24,2,2,0,0,0,0,0,1:2,0:1,1:2,1:2
443c0693d8208b9a6c9a,D1,2023,2024-03-02,2024-02-27,1. FC Union Berlin,Borussia Dortmund,0,2,1.268572177887588,1.6838289178854666,0.2788710056390977,0.2664767387218045,0.4546522556390976,1,2,2,2.6075293647969313,0.4461830523454946,0.1267680000646634,0.1500638223224554,0.2658838216997102,0.1031797818723381,-0.1912575662307986,-0.974226587968374,0.0,23.0,23.0,-0.0043892694211963,0.0182308605405523,0.2788710056390978,0.2664767387218045,0.4546522556390978,1.0,False,False,-0.1351320691532166,0.2912950451027802,1827,True,official_matchdays,False,,,24,0,2,2,2,2,2,2,1:2,0:1,1:2,1:2
762ec73c82780a044fcb,D1,2023,2024-03-02,2024-02-27,SV Darmstadt 98,FC Augsburg,0,6,1.2836733738678965,1.5251933953354986,0.3358317062417332,0.278232663601436,0.3859356301568306,1,2,2,6.924335387978024,0.5672714003228724,-0.3534824064130741,-0.0671725733742772,-0.4945814002823087,-0.1739598115123362,0.0597187106552535,0.0,0.0,23.0,23.0,-0.0290036764398308,0.0079709274504633,0.3358317062417333,0.278232663601436,0.3859356301568307,1.0,False,False,-0.1351320691532166,0.2912950451027802,1827,True,official_matchdays,False,,,24,0,6,2,2,2,2,2,1:2,0:1,1:2,1:2
92c0ec5e14c9b50e8ccf,D1,2023,2024-03-02,2024-02-27,VfL Wolfsburg,Stuttgart,2,3,1.602202223380136,1.3813896063723812,0.2941869540419656,0.267890913457209,0.4379221325008255,1,2,3,3.227635104468582,0.4742430345738469,-0.2166675552289316,0.338142810397285,-0.182475015660468,0.110680728681541,-0.0262889394703681,0.0,0.0,23.0,23.0,-0.0398883430162758,0.0459621057746934,0.2941869540419656,0.2678909134572089,0.4379221325008255,1.0,False,False,-0.1351320691532166,0.2912950451027802,1827,True,official_matchdays,False,,,24,2,3,3,3,3,0,3,1:2,0:1,2:1,1:2
d07cc801bdf9f185db69,D1,2023,2024-03-02,2024-02-27,1. FSV Mainz 05,Borussia Mönchengladbach,1,1,1.5419143882606363,1.4329657375517917,0.4866337583506306,0.254965027646474,0.2584012140028955,2,1,0,2.1283176407386115,0.8586607121944493,-0.2343185674362516,-0.0722236843202941,-0.0622957949497036,-0.5102637202598929,0.1363507781363282,-0.6683887637371415,0.0,23.0,23.0,-0.013003133620794,-0.0023239789670332,0.4866337583506305,0.254965027646474,0.2584012140028954,1.0,False,False,-0.1351320691532166,0.2912950451027802,1827,True,official_matchdays,False,,,24,1,1,0,0,0,0,0,2:1,1:0,2:1,2:1
e8184a2af80990431e9e,D1,2023,2024-03-02,2024-02-27,1. FC Heidenheim 1846,Eintracht Frankfurt,1,2,1.6120499156539605,1.4402993283153886,0.3424999210684179,0.2828907902629999,0.374609288668582,1,2,4,2.405119691176139,0.5884469369671139,-0.0410334044687321,-0.0085280606704517,-0.0168225267059099,-0.1631601605384617,-0.1195305397890108,0.0,0.0,23.0,23.0,-0.0096534644028011,0.0071753911458419,0.3424999210684179,0.282890790263,0.374609288668582,1.0,False,False,-0.1351320691532166,0.2912950451027802,1827,True,official_matchdays,False,,,24,1,2,4,4,3,0,0,1:2,0:1,2:1,2:1
f7bb627f26c185faf792,D1,2023,2024-03-02,2024-02-27,VfL Bochum,RB Leipzig,1,4,1.0607980679722198,2.0134018177438944,0.2013422818791946,0.2178157413056742,0.5808419768151312,1,2,2,3.393862857795209,0.2636758600331085,-0.126821009503759,-0.0808422372915633,0.3423109555922751,-0.2526738416555846,-0.1365222619629345,0.0,0.0,23.0,23.0,-0.0154661021839444,0.0050829398441783,0.2013422818791946,0.2178157413056741,0.5808419768151312,1.0,False,False,-0.1351320691532166,0.2912950451027802,1827,True,official_matchdays,False,,,24,1,4,2,2,2,2,2,1:2,0:1,1:2,1:2
e502215e216dc25d108a,D1,2023,2024-03-03,2024-02-27,1. FC Köln,Bayer 04 Leverkusen,0,2,0.9070888817752956,1.9025283961974115,0.1137918120355587,0.1910886405298326,0.6951195474346088,0,1,2,2.0578522412509113,0.1424155353823532,-0.1754880226661556,0.624944283319148,-0.1387529374846736,0.6114545871882016,-0.1366494711816018,-1.7723071989597252,0.0,23.0,23.0,-0.055628489991653,0.0781013030243026,0.1137918120355586,0.1910886405298326,0.6951195474346087,1.0,False,False,-0.1351320691532166,0.2912950451027802,1827,True,official_matchdays,False,,,24,0,2,2,2,2,2,2,1:2,0:1,0:1,0:1
f70b7533881d8fcd2465,D1,2023,2024-03-03,2024-02-27,TSG 1899 Hoffenheim,SV Werder Bremen,2,1,1.9333314889439863,1.3345321973984885,0.4911294620916888,0.2443118497649982,0.264558688143313,2,1,4,2.3741951854825425,0.3886288037587997,-0.1031930669514973,0.2092475975267353,-0.1939206973417814,0.2541624050621707,0.1294108826889188,0.4769240720903093,0.0,23.0,23.0,-0.0143111424370405,0.0196138689658024,0.4911294620916888,0.2443118497649982,0.264558688143313,1.0,False,False,-0.1351320691532166,0.2912950451027802,1827,True,official_matchdays,False,,,24,2,1,4,4,3,4,4,2:1,1:0,2:1,2:1
bc3f210200378408addf,D1,2023,2024-03-08,2024-03-05,Stuttgart,1. FC Union Berlin,2,0,1.6784295755609735,1.0480569184720514,0.6491046432653602,0.2120695081749962,0.1388258485596435,2,1,2,2.1333328285168203,0.18737364390382,0.3906765583622957,-0.0326750903665414,0.3963209388304411,-0.1941407712778658,-0.0230256673491578,0.2873828951870213,0.0,24.0,24.0,0.0395501269870987,-0.021650053587311,0.6491046432653602,0.2120695081749962,0.1388258485596435,1.0,False,False,-0.1382771033245302,0.2762000074078214,1827,True,official_matchdays,False,,,25,2,0,2,2,2,2,2,2:1,1:0,2:1,2:1
34b72eb132b4001d586a,D1,2023,2024-03-09,2024-03-05,Bayern München,1. FSV Mainz 05,8,1,3.0437602146489,0.774157924775915,0.7781008472420609,0.139108145655194,0.0827910071027452,2,0,2,5.820322348394143,0.0754446610394047,0.0685978890735515,-0.2149310790340088,0.5673187060277873,-0.3834947113764528,0.05238106462818,2.1882834996496916,0.0,24.0,24.0,0.0202253960904646,-0.0275420555884874,0.7781008472420607,0.139108145655194,0.0827910071027452,1.0,False,False,-0.1382771033245302,0.2762000074078214,1827,True,official_matchdays,False,,,25,8,1,2,2,2,2,2,2:1,1:0,2:0,2:0
5745a0201b338ba34368,D1,2023,2024-03-09,2024-03-05,SV Werder Bremen,Borussia Dortmund,1,2,1.305132423000133,2.1425172615283365,0.254495746459807,0.2351590598415374,0.5103451936986556,1,2,4,2.431378681994497,0.3598296977256973,0.0511486659907079,0.2959779111580419,0.0141187586789859,0.2575172751443185,-0.1691410483201854,-1.6135112378217362,0.0,24.0,24.0,-0.0181410813748405,0.035497410232278,0.254495746459807,0.2351590598415374,0.5103451936986556,1.0,False,False,-0.1382771033245302,0.2762000074078214,1827,True,official_matchdays,False,,,25,1,2,4,4,3,4,4,1:2,0:1,1:2,1:2
856da5288b6327f25c59,D1,2023,2024-03-09,2024-03-05,Borussia Mönchengladbach,1. FC Köln,3,3,1.914962004112188,1.0584423779167624,0.5189745056487995,0.2513358207985023,0.2296896735526983,2,1,0,4.429647911846718,0.8825899368696131,-0.0619030976177716,-0.2572558401213386,0.3035455392896771,-0.2067985596209872,-0.117859352920724,0.7572116092079068,0.0,24.0,24.0,0.0007795145982535,-0.016737461485209,0.5189745056487993,0.2513358207985023,0.2296896735526983,1.0,False,False,-0.1382771033245302,0.2762000074078214,1827,True,official_matchdays,False,,,25,3,3,0,0,0,0,0,2:1,1:0,2:1,2:1
9de7eee85f33380624e7,D1,2023,2024-03-09,2024-03-05,FC Augsburg,1. FC Heidenheim 1846,1,0,1.6914829288663455,1.324299611493165,0.5074815595363541,0.2446786090621707,0.2478398314014752,2,1,3,2.5633036066365373,0.3638666179584521,0.160619328312973,-0.1909625899305254,0.0447297746272118,0.0065256150539159,0.1802759371472954,0.0,0.0,24.0,24.0,0.0346238591851883,-0.0361410222660659,0.5074815595363541,0.2446786090621707,0.2478398314014752,1.0,False,False,-0.1382771033245302,0.2762000074078214,1827,True,official_matchdays,False,,,25,1,0,3,3,4,3,3,2:1,1:0,2:1,2:1
e85ea8347ec3d064a7ca,D1,2023,2024-03-09,2024-03-05,RB Leipzig,SV Darmstadt 98,2,0,3.633152426171765,0.6070748092432083,0.8345290787698345,0.1099322383259231,0.0555386829042424,3,0,2,2.424991828439772,0.0425502680948451,0.1227203329500891,-0.4428043049471032,0.3775998900680986,-0.2313043345959998,0.120090442311761,0.0,0.0,24.0,24.0,0.0404167706579521,-0.0564209692578028,0.8345290787698344,0.1099322383259231,0.0555386829042424,1.0,False,False,-0.1382771033245302,0.2762000074078214,1827,True,official_matchdays,False,,,25,2,0,2,2,2,2,2,2:1,1:0,3:0,3:0
7f7b12e9edbb3dcd4e6f,D1,2023,2024-03-10,2024-03-05,VfL Bochum,SC Freiburg,1,2,1.3552507562859462,1.5095735733870383,0.4218272076372314,0.2652486873508353,0.3129241050119332,2,1,0,2.6611052227111704,0.7203683447180182,-0.2301806604735194,-0.3177248930978306,0.1279795903813062,-0.3728837125482469,-0.1851384028918546,0.0,0.0,24.0,24.0,-0.0163887415370531,-0.0110065361415143,0.4218272076372314,0.2652486873508353,0.3129241050119332,1.0,False,False,-0.1382771033245302,0.2762000074078214,1827,True,official_matchdays,False,,,25,1,2,0,0,0,4,0,2:1,1:0,1:2,2:1
a3e0ad2ae5d063f516a7,D1,2023,2024-03-10,2024-03-05,Eintracht Frankfurt,TSG 1899 Hoffenheim,3,1,2.062439391816979,1.3217328905265884,0.4657173545228233,0.2479012274720971,0.2863814180050794,2,1,2,2.859237170053437,0.4289272804188628,0.1129196549059664,0.0720595043242729,0.2018436276297237,-0.1277075014939591,0.0771372786457441,0.3984029318638777,0.0,24.0,24.0,0.0115458542066701,-0.0022968962451582,0.4657173545228233,0.2479012274720971,0.2863814180050794,1.0,False,False,-0.1382771033245302,0.2762000074078214,1827,True,official_matchdays,False,,,25,3,1,2,2,2,2,2,2:1,1:0,2:1,2:1
bcc039fdfbb223a7be37,D1,2023,2024-03-10,2024-03-05,Bayer 04 Leverkusen,VfL Wolfsburg,2,0,2.413352253693843,0.8527934362414368,0.7244420091949694,0.1689511399535971,0.1066068508514336,2,0,4,2.173829405948709,0.1158417146365851,0.6421127731650013,-0.2781887747058678,0.5488955072090512,-0.2318154036649469,0.0295037466110702,0.0,0.0,24.0,24.0,0.079595903382347,-0.0613997034593903,0.7244420091949694,0.1689511399535971,0.1066068508514336,1.0,False,False,-0.1382771033245302,0.2762000074078214,1827,True,official_matchdays,False,,,25,2,0,4,2,2,4,4,2:1,1:0,2:0,2:0
12201c94d733f961f02f,D1,2023,2024-03-15,2024-03-12,1. FC Köln,RB Leipzig,1,5,0.9535206532809768,1.8275063648934344,0.1469613073699446,0.2036285911439488,0.6494101014861066,0,1,2,4.461878534100409,0.1859755059351349,-0.233747334787974,0.2936028978375626,-0.2906029387351422,-0.0583508429258174,-0.1457323931920551,-1.653634958194067,0.0,25.0,25.0,-0.0453414980302782,0.0483342761827577,0.1469613073699446,0.2036285911439487,0.6494101014861067,1.0,False,False,-0.1318831214837328,0.2832941000606547,1827,True,official_matchdays,False,,,26,1,5,2,2,2,2,2,1:2,0:1,0:1,0:1
19340c72d634f262b8e6,D1,2023,2024-03-16,2024-03-12,SV Darmstadt 98,Bayern München,2,5,0.7708163117259567,3.691454165550854,0.057578099152206,0.1040039658244419,0.8384179350233519,0,3,3,3.979810446663697,0.0402408261313106,-0.4732301032236677,0.2653671699819338,-0.5384969805468496,-0.0546136727551,-0.1801356634676415,0.0,0.0,25.0,25.0,-0.0695981519948455,0.0592050053327588,0.057578099152206,0.1040039658244419,0.8384179350233519,1.0,False,False,-0.1318831214837328,0.2832941000606547,1827,True,official_matchdays,False,,,26,2,5,3,2,2,3,3,1:2,0:1,0:3,0:3
35ef165eedf09b836524,D1,2023,2024-03-16,2024-03-12,1. FSV Mainz 05,VfL Bochum,2,0,1.6683945781122052,1.0770682705256096,0.5385107400346512,0.2470487415622885,0.2144405184030602,2,1,2,2.333832513739107,0.3199901537038489,-0.329145752476267,-0.3093298704757471,-0.0504441644672936,-0.4264210901452528,0.1073058597154093,0.0,0.0,25.0,25.0,-0.0120827887380688,-0.0198409924095318,0.5385107400346513,0.2470487415622884,0.2144405184030602,1.0,False,False,-0.1318831214837328,0.2832941000606547,1827,True,official_matchdays,False,,,26,2,0,2,2,2,2,2,2:1,1:0,2:1,2:1
68029379a5af9ba35ba2,D1,2023,2024-03-16,2024-03-12,1. FC Union Berlin,SV Werder Bremen,2,1,1.452864678262718,0.9850397763485648,0.4719489211674753,0.2691169410028019,0.2589341378297228,1,0,3,2.3792881727751167,0.4183087575245207,-0.1434160769500902,-0.0785454772953261,0.1081318234475319,0.1080496883885957,0.0716477488445697,0.6392846498533621,0.0,25.0,25.0,-0.0068319463880142,-0.0042661313242565,0.4719489211674753,0.2691169410028019,0.2589341378297228,1.0,False,False,-0.1318831214837328,0.2832941000606547,1827,True,official_matchdays,False,,,26,2,1,3,4,3,3,3,2:1,1:0,1:0,1:0
b0cf522c5ef4b52eb0b1,D1,2023,2024-03-16,2024-03-12,TSG 1899 Hoffenheim,Stuttgart,0,3,1.7712449324771609,1.7083541447554953,0.2558223863130656,0.2311648069093966,0.5130128067775379,1,2,2,3.319024928604497,0.3560387876550616,-0.0508691169495848,0.5167315978947983,0.0210029736058718,0.2040813705797725,-0.0085163066754445,-0.449743472950074,0.0,25.0,25.0,-0.0313493069234706,0.0546424309707312,0.2558223863130656,0.2311648069093966,0.5130128067775379,1.0,False,False,-0.1318831214837328,0.2832941000606547,1827,True,official_matchdays,False,,,26,0,3,2,2,2,0,2,1:2,0:1,2:1,1:2
c01d30a09e2354e68d5c,D1,2023,2024-03-16,2024-03-12,1. FC Heidenheim 1846,Borussia Mönchengladbach,1,1,1.7253182827903766,1.5304928250923238,0.3914856740508043,0.2634999729188105,0.3450143530303851,2,1,0,2.138791671547403,0.8147282266745807,-0.2771579006149275,-0.1136042087558255,-0.1076193631075778,-0.4179280919566306,-0.0600452211558805,0.0,0.0,25.0,25.0,-0.0250378406814955,0.0054997352129578,0.3914856740508043,0.2634999729188106,0.3450143530303852,1.0,False,False,-0.1318831214837328,0.2832941000606547,1827,True,official_matchdays,False,,,26,1,1,0,0,0,0,0,2:1,1:0,2:1,2:1
e67c7bc3f2f2b9aefa44,D1,2023,2024-03-16,2024-03-12,VfL Wolfsburg,FC Augsburg,1,3,1.683304091784153,1.155647012243916,0.458351025667306,0.2631740779243599,0.2784748964083341,2,1,0,3.555345633836285,0.7999447331345727,-0.36487545036563,0.3085299572810717,-0.2501394255861669,0.0029063245252899,-0.0569428561815351,0.0,0.0,25.0,25.0,-0.0547611857096933,0.0519439110554654,0.458351025667306,0.2631740779243597,0.2784748964083341,1.0,False,False,-0.1318831214837328,0.2832941000606547,1827,True,official_matchdays,False,,,26,1,3,0,0,0,0,0,2:1,1:0,2:1,2:1
220cee3f88b70209aec9,D1,2023,2024-03-17,2024-03-12,Borussia Dortmund,Eintracht Frankfurt,3,1,2.5222019608664565,1.1918178192352575,0.5899855451430056,0.2157509217001509,0.1942635331568432,2,1,2,2.6564786339053965,0.2523986337207229,0.3560872007338451,0.2287103363094958,0.1146979546275346,-0.0205599927679666,0.1856002614160142,0.7381842338675492,0.0,25.0,25.0,0.0334532163287104,-0.0042133394765433,0.5899855451430056,0.215750921700151,0.1942635331568433,1.0,False,False,-0.1318831214837328,0.2832941000606547,1827,True,official_matchdays,False,,,26,3,1,2,2,2,2,2,2:1,1:0,2:1,2:1
690202951de05f55493f,D1,2023,2024-03-17,2024-03-12,SC Freiburg,Bayer 04 Leverkusen,2,3,1.1407051722447294,1.8312408005378007,0.1679125251460512,0.2196373030071337,0.612450171846815,1,2,3,3.217162811615874,0.2266300302747339,-0.103928537652448,0.6628261613733132,-0.0313859876610017,0.6376761674654868,-0.0004129181424965,-1.156047840459168,0.0,25.0,25.0,-0.0435548077410352,0.0714996889270785,0.1679125251460512,0.2196373030071337,0.612450171846815,1.0,False,False,-0.1318831214837328,0.2832941000606547,1827,True,official_matchdays,False,,,26,2,3,3,3,3,3,3,1:2,0:1,1:2,1:2
1202058b5b671ba6ae9e,D1,2023,2024-03-30,2024-03-26,Bayer 04 Leverkusen,TSG 1899 Hoffenheim,2,1,2.876837289277949,0.925780403357427,0.7877649232761458,0.1305805986952306,0.0816544780286234,2,0,2,2.430000512868011,0.0687624743297121,0.663655259653469,-0.1745041066341376,0.5863567423192804,-0.2782272425801896,0.0690974366833579,1.375948983914026,0.0,26.0,26.0,0.0785456031312216,-0.0540880454802551,0.7877649232761459,0.1305805986952307,0.0816544780286234,1.0,False,False,-0.1335701131620223,0.272989449064225,1827,True,official_matchdays,False,,,27,2,1,2,4,3,2,2,2:1,1:0,2:0,2:0
5589c2fcacfe6d190e3d,D1,2023,2024-03-30,2024-03-26,RB Leipzig,1. FSV Mainz 05,0,0,2.479988122609047,0.7783910155180063,0.6940735414954806,0.1807210353327856,0.1252054231717338,2,0,0,3.008238924758044,1.1686325009418743,0.4499467339498604,-0.0770788282184449,0.4392074222709083,-0.4674244598238464,-0.145386112840972,1.5648121127233017,0.0,26.0,26.0,0.0415793091638597,-0.0229359138772889,0.6940735414954807,0.1807210353327855,0.1252054231717337,1.0,False,False,-0.1335701131620223,0.272989449064225,1827,True,official_matchdays,False,,,27,0,0,0,0,0,0,0,2:1,1:0,2:0,2:0
6b54cebfa8cb8bfb45e1,D1,2023,2024-03-30,2024-03-26,SV Werder Bremen,VfL Wolfsburg,0,2,1.4756698330481082,1.2698551113817604,0.3371001932788828,0.268922626098884,0.3939771806222333,1,2,2,2.720696685893448,0.5532195767431576,-0.2217350695473138,-0.4359875953040998,-0.1490340550294011,-0.3067779167552102,-0.0274759646809006,0.0,0.0,26.0,26.0,-0.0017479254235714,-0.0311382078189992,0.3371001932788828,0.268922626098884,0.3939771806222333,1.0,False,False,-0.1335701131620223,0.272989449064225,1827,True,official_matchdays,False,,,27,0,2,2,2,2,0,0,1:2,0:1,2:1,2:1
9caf84add2a8edf82f09,D1,2023,2024-03-30,2024-03-26,Bayern München,Borussia Dortmund,0,2,2.7703303415381746,1.5338625163169823,0.6841970749522648,0.167754098937508,0.1480488261102273,2,1,0,4.376702603909297,1.222087877775732,0.3699312492716534,0.4215598026072119,0.6110033011123812,0.3880187689913726,0.276148764887971,0.7441609643433307,0.0,26.0,26.0,0.0297225730412033,0.0098519795527399,0.6841970749522647,0.1677540989375079,0.1480488261102272,1.0,False,False,-0.1335701131620223,0.272989449064225,1827,True,official_matchdays,False,,,27,0,2,0,0,0,0,0,2:1,1:0,2:1,2:1
a8f24963ff8d103222dc,D1,2023,2024-03-30,2024-03-26,Borussia Mönchengladbach,SC Freiburg,0,3,1.882646907011737,1.4064179099186602,0.4304741128016097,0.2608579542248885,0.3086679329735016,2,1,0,3.942522221931788,0.731294860973858,-0.095849004862376,-0.2425576914019368,0.1895009633934026,-0.1291214496749745,-0.0443010734295289,0.1409522507073496,0.0,26.0,26.0,0.0003279304123827,-0.0172482652255984,0.4304741128016098,0.2608579542248885,0.3086679329735016,1.0,False,False,-0.1335701131620223,0.272989449064225,1827,True,official_matchdays,False,,,27,0,3,0,0,0,0,0,2:1,1:0,2:1,2:1
dcd40c38eeedacd34588,D1,2023,2024-03-30,2024-03-26,Eintracht Frankfurt,1. FC Union Berlin,0,0,1.5816786015824298,0.9945187924215708,0.4698240633199982,0.2786165956897665,0.2515593409902353,1,0,0,2.403955046385462,0.8044107685281768,0.0509518123291134,0.002266246050045,0.2983430806422025,-0.2725573492942468,0.1288304184860543,0.2360423541008251,0.0,26.0,26.0,0.0114233898547118,-0.0087624869357538,0.4698240633199982,0.2786165956897664,0.2515593409902353,1.0,False,False,-0.1335701131620223,0.272989449064225,1827,True,official_matchdays,False,,,27,0,0,0,0,0,0,0,2:1,1:0,1:0,1:0
569c899b942a80c0601a,D1,2023,2024-03-31,2024-03-26,VfL Bochum,SV Darmstadt 98,2,2,2.046943516864892,1.0116350723076413,0.5811170212765957,0.2293882978723404,0.1894946808510638,2,1,0,3.007696462887035,0.9674476219443184,-0.4272184932978154,-0.5410375744413164,-0.0155183535829688,-0.3632113875442161,0.0596721797755884,0.0,0.0,26.0,26.0,-0.0126863616189363,-0.0357264417680202,0.5811170212765957,0.2293882978723404,0.1894946808510638,1.0,False,False,-0.1335701131620223,0.272989449064225,1827,True,official_matchdays,False,,,27,2,2,0,0,0,0,0,2:1,1:0,2:1,2:1
7658629014105f5bc354,D1,2023,2024-03-31,2024-03-26,FC Augsburg,1. FC Köln,1,1,1.710021503128587,1.0259268193462912,0.5354724600478955,0.2476733083942462,0.2168542315578581,2,1,0,2.1337100000790685,0.899751964116753,0.3891763833471395,-0.3178961055921345,0.1566089401850714,-0.1656701568787487,-0.1348889591964461,0.2202103834873955,0.0,26.0,26.0,0.0480679956544983,-0.0445039817667481,0.5354724600478955,0.2476733083942462,0.2168542315578581,1.0,False,False,-0.1335701131620223,0.272989449064225,1827,True,official_matchdays,False,,,27,1,1,0,0,0,0,0,2:1,1:0,2:1,2:1
ddec674dd68e2a94b40c,D1,2023,2024-03-31,2024-03-26,Stuttgart,1. FC Heidenheim 1846,3,3,2.108926174915983,1.064723750915229,0.7558224696059763,0.1511644939211952,0.0930130364728284,2,1,0,4.745242704094428,1.3004407468952337,0.6329870955468344,-0.2500736986682678,0.5180471482663267,-0.0950955259034145,-0.1195305397890108,0.0,0.0,26.0,26.0,0.0698258674986462,-0.0506801976547179,0.7558224696059763,0.1511644939211952,0.0930130364728284,1.0,False,False,-0.1335701131620223,0.272989449064225,1827,True,official_matchdays,False,,,27,3,3,0,0,0,0,0,2:1,1:0,2:1,2:1
69b8c12d106d6e6ea387,D1,2023,2024-04-05,2024-04-02,Eintracht Frankfurt,SV Werder Bremen,1,1,1.9452410910718267,1.0286108785194952,0.537020152211533,0.2464784801176011,0.2165013676708658,2,1,0,2.147191957229861,0.903058167010534,-0.0177106015380874,-0.3586761155830211,0.2220301036740449,-0.0318675568293563,0.1129091769688463,0.903296839657183,0.0,27.0,27.0,0.0218082044737846,-0.04062754032984,0.5370201522115331,0.2464784801176011,0.2165013676708658,1.0,False,False,-0.1476294704406177,0.2562745646755738,1827,True,official_matchdays,False,,,28,1,1,0,0,0,0,0,2:1,1:0,2:1,2:1
0cc4fbe9b70779089e46,D1,2023,2024-04-06,2024-04-02,1. FSV Mainz 05,SV Darmstadt 98,4,0,2.1206899871981935,0.8819320220944061,0.6767325767965018,0.1973224351234152,0.1259449880800828,2,1,2,3.1254972255922304,0.1593001103301562,-0.0658859438159295,-0.4464877070715261,0.0913824848959148,-0.2939811297573121,0.0,0.0,0.0,27.0,27.0,0.0157357909719833,-0.0413544735163561,0.6767325767965018,0.1973224351234153,0.1259449880800829,1.0,False,False,-0.1476294704406177,0.2562745646755738,1827,True,official_matchdays,False,,,28,4,0,2,2,2,2,2,2:1,1:0,2:1,2:1
11858f77db7381038bb5,D1,2023,2024-04-06,2024-04-02,SC Freiburg,RB Leipzig,1,4,1.2380457821379258,1.7782182170520962,0.2072988213529593,0.2247760053546139,0.5679251732924269,1,2,2,3.5201014004235285,0.2801857097918829,0.013429980588061,0.3730812273290333,-0.1462515717816685,0.1645413712117635,-0.2114480842648811,-0.9708835714569956,0.0,27.0,27.0,-0.0278834675208896,0.0472090279167443,0.2072988213529592,0.2247760053546139,0.5679251732924269,1.0,False,False,-0.1476294704406177,0.2562745646755738,1827,True,official_matchdays,False,,,28,1,4,2,2,2,2,2,1:2,0:1,1:2,1:2
1c2caec9db4cbe2d8cda,D1,2023,2024-04-06,2024-04-02,Borussia Dortmund,Stuttgart,0,1,2.6323329064025693,1.2530178554481797,0.4227590591226954,0.2405170586988769,0.3367238821784277,2,1,0,3.3543503352774646,0.6765088860679218,0.4785840272629967,0.4531240507508277,0.2301691384446767,0.3798237945057439,0.1221239554006704,0.5119764546489571,0.0,27.0,27.0,0.0313083979587918,0.0152770059418994,0.4227590591226954,0.2405170586988768,0.3367238821784276,1.0,False,False,-0.1476294704406177,0.2562745646755738,1827,True,official_matchdays,False,,,28,0,1,0,0,0,0,0,2:1,1:0,2:1,2:1
5cf45e70b7b655a1cb18,D1,2023,2024-04-06,2024-04-02,1. FC Union Berlin,Bayer 04 Leverkusen,0,1,0.9347436688423608,1.6265077300092292,0.1596037634819858,0.224489405645223,0.6159068308727913,0,1,4,2.051618229045621,0.2233964171347417,0.0025183604208149,0.7011322993336195,0.2721020702698279,0.6430238304475024,-0.1999456357370032,-1.4134877854614438,0.0,27.0,27.0,-0.0448020607114496,0.0799845936991713,0.1596037634819858,0.224489405645223,0.6159068308727913,1.0,False,False,-0.1476294704406177,0.2562745646755738,1827,True,official_matchdays,False,,,28,0,1,4,3,4,4,4,1:2,0:1,0:1,0:1
e883b05cfb9834179196,D1,2023,2024-04-06,2024-04-02,1. FC Heidenheim 1846,Bayern München,3,2,1.2112811447881442,2.5916747633409356,0.1328433880645611,0.1628912972696405,0.7042653146657984,1,2,0,3.918053885471048,1.2744837977908516,-0.2278555702221719,0.1300034191923152,-0.1511068776817453,0.1008101817508441,-0.1194374213105071,0.0,0.0,27.0,27.0,-0.0352575990473583,0.0303649914958654,0.1328433880645611,0.1628912972696404,0.7042653146657984,1.0,False,False,-0.1476294704406177,0.2562745646755738,1827,True,official_matchdays,False,,,28,3,2,0,0,0,0,0,1:2,0:1,1:2,1:2
ffdcf2164a9b57ef3656,D1,2023,2024-04-06,2024-04-02,1. FC Köln,VfL Bochum,2,1,1.5820077819783205,1.0806033961537769,0.4175771790324734,0.267528554811891,0.3148942661556356,2,1,4,2.483421231331731,0.5099462688812069,-0.283492688551357,-0.3498031561319599,-0.3912220544439563,-0.4664198418551427,-0.0463057765693925,0.0,0.0,27.0,27.0,-0.0131743998770073,-0.0184903923571585,0.4175771790324734,0.267528554811891,0.3148942661556356,1.0,False,False,-0.1476294704406177,0.2562745646755738,1827,True,official_matchdays,False,,,28,2,1,4,4,3,4,4,2:1,1:0,2:1,2:1
0440a2162a14f091bf9d,D1,2023,2024-04-07,2024-04-02,VfL Wolfsburg,Borussia Mönchengladbach,1,3,1.812894283980818,1.3780428146950785,0.5045615642729122,0.2470791165253952,0.2483593192016925,2,1,0,3.5384728851172063,0.8805941749954409,-0.1847807871594191,-0.2314585167665526,-0.3418655775697377,-0.3655524636978272,-0.2190146367796992,0.0,0.0,27.0,27.0,-0.0178558847165992,-0.0029560804796993,0.5045615642729122,0.2470791165253952,0.2483593192016925,1.0,False,False,-0.1476294704406177,0.2562745646755738,1827,True,official_matchdays,False,,,28,1,3,0,0,0,0,0,2:1,1:0,2:1,2:1
ecb5fa22962f3353c193,D1,2023,2024-04-07,2024-04-02,TSG 1899 Hoffenheim,FC Augsburg,3,1,1.8285899513619577,1.3991020251931787,0.426309256214983,0.2440701848559062,0.3296205589291106,2,1,2,2.953275559517552,0.4973410375089415,-0.2636564248606394,0.3165996911541408,-0.1155448896413138,0.175259412813411,0.0757933088922053,0.1653551162202633,0.0,27.0,27.0,-0.0384059615991607,0.0410531249138357,0.426309256214983,0.2440701848559063,0.3296205589291106,1.0,False,False,-0.1476294704406177,0.2562745646755738,1827,True,official_matchdays,False,,,28,3,1,2,2,2,2,2,2:1,1:0,2:1,2:1
babbbcfd35c9b10b3d03,D1,2023,2024-04-12,2024-04-09,FC Augsburg,1. FC Union Berlin,2,0,1.2988020963295512,1.0954519598099837,0.4506724223808734,0.2758426033538104,0.2734849742653163,1,0,2,2.4308290974640956,0.4526439605068059,0.1230505575248768,-0.1184386363277645,0.1057605771037077,-0.2196144170159936,0.0895485717494996,-0.1674312415334634,0.0,28.0,28.0,0.0227044161563508,-0.0224738200964952,0.4506724223808733,0.2758426033538104,0.2734849742653162,1.0,False,False,-0.1340146262266665,0.2538144006400921,1827,True,official_matchdays,False,,,29,2,0,2,2,2,2,2,2:1,1:0,1:0,1:0
4e137860be2ba607fe37,D1,2023,2024-04-13,2024-04-09,Bayern München,1. FC Köln,2,0,3.224513349145922,0.8044525991334387,0.7988911567002182,0.1238590940620493,0.0772497492377326,2,0,4,2.4190379454470134,0.0617533657925403,-0.0539697707913747,-0.1159582854854739,0.3244486121733202,-0.1586163607199613,0.1971093418672415,2.2960969606330544,0.0,28.0,28.0,0.0102564042884982,-0.0187528071023407,0.798891156700218,0.1238590940620493,0.0772497492377326,1.0,False,False,-0.1340146262266665,0.2538144006400921,1827,True,official_matchdays,False,,,29,2,0,4,2,2,4,4,2:1,1:0,2:0,2:0
7d3fbb2ae28e9a9027ee,D1,2023,2024-04-13,2024-04-09,Stuttgart,Eintracht Frankfurt,3,0,1.8817560343816528,1.2797935307863375,0.6304107421305658,0.2060697479652601,0.163519509904174,2,1,2,2.827712113103092,0.2057995906782462,0.4883144695911691,-0.013869353957306,0.3654642171574736,-0.1535334518167877,-0.0341794208794094,0.1430870036722283,0.0,28.0,28.0,0.0478159436130117,-0.0240936878313185,0.6304107421305658,0.2060697479652602,0.163519509904174,1.0,False,False,-0.1340146262266665,0.2538144006400921,1827,True,official_matchdays,False,,,29,3,0,2,2,2,2,2,2:1,1:0,2:1,2:1
9d512dfa0b1ec38f5266,D1,2023,2024-04-13,2024-04-09,Borussia Mönchengladbach,Borussia Dortmund,1,2,1.5290628416997656,2.2591336613381645,0.2940282900221855,0.2337883476761767,0.4721833623016378,1,2,4,2.5441226368899112,0.4197000298737314,0.0063721995541357,0.2720948619642302,-0.040802218996514,0.4911807670474666,-0.1379808728583248,-0.9176394952627834,0.0,28.0,28.0,-0.0198665667857141,0.0337899198616324,0.2940282900221854,0.2337883476761767,0.4721833623016378,1.0,False,False,-0.1340146262266665,0.2538144006400921,1827,True,official_matchdays,False,,,29,1,2,4,4,3,4,4,1:2,0:1,1:2,1:2
b6d43b15829e72ceb56f,D1,2023,2024-04-13,2024-04-09,1. FSV Mainz 05,TSG 1899 Hoffenheim,4,1,1.6251980165399476,1.380997497826023,0.4826948508501662,0.2444180033566999,0.2728871457931338,2,1,2,3.775644874310723,0.4018121720409305,0.1349895092829778,-0.04341143510247,0.2840581795073623,-0.3487441805131726,0.047713520661727,-0.3389692900099779,0.0,28.0,28.0,0.0180551987165076,-0.0134762950074822,0.4826948508501662,0.2444180033566999,0.2728871457931338,1.0,False,False,-0.1340146262266665,0.2538144006400921,1827,True,official_matchdays,False,,,29,4,1,2,2,2,2,2,2:1,1:0,2:1,2:1
dd06b4e86f025d21778a,D1,2023,2024-04-13,2024-04-09,VfL Bochum,1. FC Heidenheim 1846,1,1,1.3688865737681006,1.6394912468637035,0.4574946513557176,0.2582631096362922,0.2842422390079902,2,1,0,2.1184060300237464,0.8402686209817881,-0.407460433038236,-0.0302055546770792,-0.0755531632447123,-0.0773509434361608,0.0,0.0,0.0,28.0,28.0,-0.0392357655699696,0.0173524661842038,0.4574946513557175,0.2582631096362922,0.2842422390079902,1.0,False,False,-0.1340146262266665,0.2538144006400921,1827,True,official_matchdays,False,,,29,1,1,0,0,0,0,0,2:1,1:0,1:2,2:1
f52ff6a4741d1e4445fe,D1,2023,2024-04-13,2024-04-09,RB Leipzig,VfL Wolfsburg,3,0,2.4039903466186745,0.8781090222652506,0.7024143795148763,0.174640503864759,0.1229451166203644,2,0,2,2.4398994267829854,0.134172008810448,0.454978164363263,-0.2882495756477571,0.2974744679762274,-0.052100232760591,0.127236313845679,0.0,0.0,28.0,28.0,0.0662721109109981,-0.0579356814752228,0.7024143795148765,0.174640503864759,0.1229451166203644,1.0,False,False,-0.1340146262266665,0.2538144006400921,1827,True,official_matchdays,False,,,29,3,0,2,2,2,2,2,2:1,1:0,2:0,2:0
1e9de8b321fdfe65d273,D1,2023,2024-04-14,2024-04-09,SV Darmstadt 98,SC Freiburg,0,1,1.0834086433812036,2.103950502064082,0.2415904572564612,0.2440556660039761,0.5143538767395627,1,2,3,2.7462760521729086,0.3537812741839222,-0.4957292891158099,-0.1184425490753728,-0.5945783014857355,0.1064857403293171,0.0,0.0,0.0,28.0,28.0,-0.0436508014578123,0.0129422095482532,0.2415904572564612,0.2440556660039761,0.5143538767395626,1.0,False,False,-0.1340146262266665,0.2538144006400921,1827,True,official_matchdays,False,,,29,0,1,3,3,4,3,3,1:2,0:1,1:2,1:2
6b474898c2e141884378,D1,2023,2024-04-14,2024-04-09,Bayer 04 Leverkusen,SV Werder Bremen,5,0,2.658990129703606,0.7401332309629977,0.7969983432413996,0.1328330572068999,0.0701685995517006,2,0,2,3.2649594275129643,0.063777926096715,0.6917644044851645,-0.3537428736125593,0.5942952225715814,-0.0254828049161533,0.1927097021953255,1.806927323464541,0.0,28.0,28.0,0.0964990692389107,-0.0795979926952804,0.7969983432413995,0.1328330572068999,0.0701685995517006,1.0,False,False,-0.1340146262266665,0.2538144006400921,1827,True,official_matchdays,False,,,29,5,0,2,2,2,2,2,2:1,1:0,2:0,2:0
9ff877fc9ac4a847dc95,D1,2023,2024-04-19,2024-04-16,Eintracht Frankfurt,FC Augsburg,3,1,1.8214293783516984,1.1628661510334708,0.4688568763602447,0.2549486993470826,0.2761944242926727,2,1,2,2.9179554674868435,0.4233952170989263,-0.1642077106559601,0.2738179749633918,0.1794836883131605,0.0071041299740156,0.0195688258141268,0.677288543187549,0.0,29.0,29.0,-0.0291332285230592,0.0346137417384308,0.4688568763602446,0.2549486993470826,0.2761944242926727,1.0,False,False,-0.1308892460151325,0.2674754481940228,1827,True,official_matchdays,False,,,30,3,1,2,2,2,2,2,2:1,1:0,2:1,2:1
0888981efd98c3e7c27d,D1,2023,2024-04-20,2024-04-16,1. FC Union Berlin,Bayern München,1,5,1.0024062779995395,2.052730185718307,0.1943737961711591,0.2129061093316024,0.5927200944972386,1,2,2,4.262342677220633,0.2489871054550458,-0.2706236647742926,0.1552872276602828,0.1027104122650852,-0.0746032811316892,-0.2549160280883581,-1.860275981931009,0.0,29.0,29.0,-0.0475725292648613,0.0418057074091608,0.1943737961711591,0.2129061093316023,0.5927200944972385,1.0,False,False,-0.1308892460151325,0.2674754481940228,1827,True,official_matchdays,False,,,30,1,5,2,2,2,2,2,1:2,0:1,1:2,1:2
72bd5fa50d10acce161e,D1,2023,2024-04-20,2024-04-16,VfL Wolfsburg,VfL Bochum,1,0,1.9397870440087992,1.0009749537250818,0.5364517356929356,0.2412684941935564,0.222279770113508,2,1,3,2.495151034378484,0.3224957758342321,-0.3692356897295591,-0.3569654729924392,-0.4539086841597243,-0.5399221244847273,0.1003006145793325,0.0,0.0,29.0,29.0,-0.0140602645943673,-0.0222497935417325,0.5364517356929356,0.2412684941935564,0.222279770113508,1.0,False,False,-0.1308892460151325,0.2674754481940228,1827,True,official_matchdays,False,,,30,1,0,3,3,4,3,3,2:1,1:0,2:1,2:1
c1b4c613dbf6b93741d8,D1,2023,2024-04-20,2024-04-16,1. FC Heidenheim 1846,RB Leipzig,1,2,1.1778885226141769,1.9790736040327628,0.1539053004935882,0.1883076617803904,0.6577870377260213,1,2,4,2.136031744317497,0.1762563285535511,-0.084286859093755,0.5622727528977567,0.0327541113411923,0.3440730005583964,-0.0600452211558805,0.0,0.0,29.0,29.0,-0.0395445846120573,0.0634438793022574,0.1539053004935883,0.1883076617803904,0.6577870377260213,1.0,False,False,-0.1308892460151325,0.2674754481940228,1827,True,official_matchdays,False,,,30,1,2,4,4,3,4,4,1:2,0:1,1:2,1:2
fc4239d29c5ac7c25d04,D1,2023,2024-04-20,2024-04-16,1. FC Köln,SV Darmstadt 98,0,2,2.031716391166511,0.8190077173978889,0.6392030749237327,0.2098040727320785,0.1509928523441888,1,0,0,3.785883615043457,1.1734114566975788,-0.231792044235725,-0.5271687992903605,-0.1441650399025811,-0.3939933039787898,0.0599984916563264,0.0,0.0,29.0,29.0,0.0061791601237618,-0.0441272023000661,0.6392030749237326,0.2098040727320785,0.1509928523441888,1.0,False,False,-0.1308892460151325,0.2674754481940228,1827,True,official_matchdays,False,,,30,0,2,0,0,0,0,0,2:1,1:0,1:0,1:0
ffb96f1aa1445a5c4882,D1,2023,2024-04-20,2024-04-16,TSG 1899 Hoffenheim,Borussia Mönchengladbach,4,3,1.9801955392258348,1.6969609148769007,0.4517839607201309,0.2382542280414621,0.309961811238407,2,1,3,4.296940107017258,0.4533822273295339,-0.1884421243093848,-0.1152771958303356,0.0780896938705131,-0.1036298061402006,-0.2314851700553206,-0.2493573900256876,0.0,29.0,29.0,-0.0246546111421877,0.0094686451352017,0.4517839607201309,0.2382542280414621,0.309961811238407,1.0,False,False,-0.1308892460151325,0.2674754481940228,1827,True,official_matchdays,False,,,30,4,3,3,3,3,3,3,2:1,1:0,2:1,2:1
166250de8be68c5c3861,D1,2023,2024-04-21,2024-04-16,SV Werder Bremen,Stuttgart,2,1,1.2851019275118076,1.7600910001144252,0.1916491216961369,0.2106451800140359,0.5977056982898271,1,2,0,2.999773639392233,1.0550546360859023,-0.4229621576316296,0.5495080671782867,-0.258925267419769,0.4314984122781576,-0.0527718105008251,-1.0463838433294113,0.0,29.0,29.0,-0.0724102096471185,0.0787375051244514,0.1916491216961369,0.2106451800140359,0.5977056982898271,1.0,False,False,-0.1308892460151325,0.2674754481940228,1827,True,official_matchdays,False,,,30,2,1,0,0,0,0,0,1:2,0:1,1:2,1:2
728061fe1a4dd2821a81,D1,2023,2024-04-21,2024-04-16,Borussia Dortmund,Bayer 04 Leverkusen,1,1,1.7575458909005497,1.5547173375489474,0.375366568914956,0.2492668621700879,0.3753665689149559,1,2,0,2.20540271416521,0.8454003663539185,0.3364950910708916,0.7130905074600329,0.0949966324546481,0.6407812384851627,0.072870447739173,-0.2485670254861727,0.0,29.0,29.0,0.0016385061210461,0.0508407738055,0.375366568914956,0.2492668621700879,0.375366568914956,1.0,False,False,-0.1308892460151325,0.2674754481940228,1827,True,official_matchdays,False,,,30,1,1,0,0,0,0,0,2:1,1:0,2:1,2:1
dc20c295904035194d1f,D1,2023,2024-04-21,2024-04-16,SC Freiburg,1. FSV Mainz 05,1,1,1.6848116423146475,1.1259867197076914,0.3716075156576199,0.2693110647181629,0.359081419624217,1,2,0,2.054279456464068,0.800937931755876,0.0862351017240436,0.3231452978716077,-0.2728055244439892,-0.4061560842532646,0.0507829448522224,0.6042336110523131,0.0,29.0,29.0,-0.0049946074785649,0.0254636274583474,0.3716075156576199,0.2693110647181628,0.3590814196242171,1.0,False,False,-0.1308892460151325,0.2674754481940228,1827,True,official_matchdays,False,,,30,1,1,0,0,0,0,0,2:1,1:0,2:1,2:1
0ea33d16080f43b14199,D1,2023,2024-04-26,2024-04-23,VfL Bochum,TSG 1899 Hoffenheim,3,2,1.4917190826679094,1.7516638916044147,0.4342339738958725,0.2448104801810913,0.3209555459230362,2,1,3,3.0902239992167617,0.483035829958907,-0.4501328358371502,0.0221825062755665,-0.1281165746906798,-0.4188615529483712,0.0474797665915132,0.0,0.0,30.0,30.0,-0.0437484205679176,0.0223509040898385,0.4342339738958724,0.2448104801810913,0.3209555459230361,1.0,False,False,-0.1321004448289831,0.2618916235802005,1827,True,official_matchdays,False,,,31,3,2,3,3,3,0,3,2:1,1:0,1:2,2:1
2e94c3d44f40e942809f,D1,2023,2024-04-27,2024-04-23,Bayern München,Eintracht Frankfurt,2,1,3.025486532517391,1.0701562161468647,0.6791146507984096,0.1773243810418069,0.1435609681597837,3,1,2,2.6162170962185125,0.155021095023061,0.3364814994135466,0.0381698612691273,0.3956055497968345,-0.2587232903267119,-0.0572605814785937,1.3504186802769234,0.0,30.0,30.0,0.0288766278039686,-0.0101440597698349,0.6791146507984094,0.1773243810418069,0.1435609681597837,1.0,False,False,-0.1321004448289831,0.2618916235802005,1827,True,official_matchdays,False,,,31,2,1,2,4,3,2,2,2:1,1:0,3:1,3:1
748e3d1c6c06d4d9f387,D1,2023,2024-04-27,2024-04-23,SC Freiburg,VfL Wolfsburg,1,2,1.6569895860921422,1.1713091665936093,0.4113261030317968,0.2692106236135075,0.3194632733546955,2,1,0,2.473599869895678,0.7047937592148037,0.0480304292761565,-0.1461846653455741,-0.2866149261491855,-0.1721992999719958,0.0323301813108298,0.0,0.0,30.0,30.0,0.0137287852604358,-0.0186364970639067,0.4113261030317969,0.2692106236135075,0.3194632733546956,1.0,False,False,-0.1321004448289831,0.2618916235802005,1827,True,official_matchdays,False,,,31,1,2,0,0,0,0,0,2:1,1:0,2:1,2:1
83b329cbad4da96827cf,D1,2023,2024-04-27,2024-04-23,RB Leipzig,Borussia Dortmund,4,1,1.9992138793021903,1.384188108608913,0.5703016800144518,0.2172577828626483,0.2124405371228999,2,1,2,3.345000205113438,0.2769725722258624,0.5778530090246419,0.2533275467314707,0.3962700010022454,0.5596453750394378,0.1556653971222836,0.0691510072108596,0.0,30.0,30.0,0.0529021934220048,-0.0113431656341992,0.5703016800144517,0.2172577828626482,0.2124405371228999,1.0,False,False,-0.1321004448289831,0.2618916235802005,1827,True,official_matchdays,False,,,31,4,1,2,2,2,2,2,2:1,1:0,2:1,2:1
d93d55e2930b3232aa85,D1,2023,2024-04-27,2024-04-23,Bayer 04 Leverkusen,Stuttgart,2,2,2.3228356972882356,1.0150508273115797,0.5480869546703004,0.2272872442353141,0.2246258010943854,2,1,0,2.909149194936645,0.9479410633185132,0.5254651806585683,0.2934794584503061,0.6765594614410142,0.2601541539795958,0.1775279903435192,0.7605434801351297,0.0,30.0,30.0,0.0467489446605174,-0.0058017127050737,0.5480869546703004,0.2272872442353141,0.2246258010943854,1.0,False,False,-0.1321004448289831,0.2618916235802005,1827,True,official_matchdays,False,,,31,2,2,0,0,0,0,0,2:1,1:0,2:1,2:1
f8312d318d81fa2c5597,D1,2023,2024-04-27,2024-04-23,FC Augsburg,SV Werder Bremen,0,3,1.6978029344064758,1.1921830972124383,0.5292527613673761,0.2342169921943644,0.2365302464382594,2,1,0,4.223463425061172,0.9178521494511924,0.1080110209112128,-0.2270552875663853,0.2228374916718936,-0.1737346350827634,-0.0097542065962836,0.2260082964696338,0.0,30.0,30.0,0.0216661561396263,-0.0276183694723849,0.5292527613673761,0.2342169921943644,0.2365302464382594,1.0,False,False,-0.1321004448289831,0.2618916235802005,1827,True,official_matchdays,False,,,31,0,3,0,0,0,0,0,2:1,1:0,2:1,2:1
28ebd03248b5b48be239,D1,2023,2024-04-28,2024-04-23,Borussia Mönchengladbach,1. FC Union Berlin,0,0,1.6639979253129848,1.1403444696190768,0.4111219912451473,0.2768538264743335,0.3120241822805192,2,1,0,2.5675773452411352,0.789320770298015,-0.1916999436436279,-0.4116292506738419,-0.1907729403138696,-0.2901395470503961,-0.1773420937621599,0.2472812647124875,0.0,30.0,30.0,-0.0074556365187786,-0.0227108231970948,0.4111219912451474,0.2768538264743334,0.3120241822805191,1.0,False,False,-0.1321004448289831,0.2618916235802005,1827,True,official_matchdays,False,,,31,0,0,0,0,0,0,0,2:1,1:0,2:1,2:1
d2f12151b89a6088f2b4,D1,2023,2024-04-28,2024-04-23,SV Darmstadt 98,1. FC Heidenheim 1846,0,1,1.1570819263776324,1.895429592483291,0.2877057705807334,0.2582372549956448,0.454056974423622,1,2,3,2.7379296229465893,0.447514877468629,-0.2395241348244015,-0.1695922092132787,-0.5882023212755552,-0.0661091695499296,-0.0600452211558805,0.0,0.0,30.0,30.0,-0.0184750640795702,-0.0019807531223137,0.2877057705807334,0.2582372549956447,0.4540569744236219,1.0,False,False,-0.1321004448289831,0.2618916235802005,1827,True,official_matchdays,False,,,31,0,1,3,3,4,3,3,1:2,0:1,1:2,1:2
eada4a933c826903930a,D1,2023,2024-04-28,2024-04-23,1. FSV Mainz 05,1. FC Köln,1,1,1.5783629946258435,0.9234692778237932,0.6208663251047974,0.2203074056823474,0.1588262692128551,1,0,0,2.255498160928146,1.018621319075002,0.2055793383273744,-0.3067587541895233,0.4421168640404631,-0.3035828726171421,0.0732118721085278,0.0947755633788676,0.0,30.0,30.0,0.03955646514764,-0.0446154359407474,0.6208663251047974,0.2203074056823474,0.1588262692128551,1.0,False,False,-0.1321004448289831,0.2618916235802005,1827,True,official_matchdays,False,,,31,1,1,0,0,0,0,0,2:1,1:0,1:0,1:0
a47be57b62a20e32e4f3,D1,2023,2024-05-03,2024-04-30,TSG 1899 Hoffenheim,RB Leipzig,1,1,1.2641995080371553,2.374880263547809,0.1780429789467227,0.1852470301179773,0.6367099909353,1,2,0,2.5365660039615148,1.100921316840629,-0.1391043432847541,0.6831271501057239,0.1806605269246608,0.4021707719978045,-0.1911420895825926,-1.2361478924993308,0.0,31.0,31.0,-0.0576238963128912,0.0848250366539397,0.1780429789467227,0.1852470301179773,0.6367099909352999,1.0,False,False,-0.1359996915549475,0.2563545104296143,1827,True,official_matchdays,False,,,32,1,1,0,0,0,0,0,1:2,0:1,1:2,1:2
100f55d7227d17734347,D1,2023,2024-05-04,2024-04-30,1. FC Köln,SC Freiburg,0,0,1.2073145912992898,1.3587705619393171,0.4061499630632849,0.2633279980300418,0.3305220389066732,2,1,0,2.49279032511199,0.8168882491857581,-0.2743563254235138,-0.061047659352382,-0.2549310421623026,0.2072695422949034,-0.1922463523077343,-0.6990091744311807,0.0,31.0,31.0,-0.0339955671901189,0.0172253679513242,0.406149963063285,0.2633279980300418,0.3305220389066732,1.0,False,False,-0.1359996915549475,0.2563545104296143,1827,True,official_matchdays,False,,,32,0,0,0,0,0,0,0,2:1,1:0,0:1,2:1
1a6532e6adff73a84b09,D1,2023,2024-05-04,2024-04-30,VfL Wolfsburg,SV Darmstadt 98,3,0,2.393730850066672,0.7701570896900544,0.6887810923935782,0.1859040229955483,0.1253148846108735,2,0,2,2.386138467729836,0.1471213345227004,0.0367919761503306,-0.3169946528337263,-0.1955890986073846,-0.1302755674664907,0.0600452211558805,0.0,0.0,31.0,31.0,0.0225311913145134,-0.0365413251486831,0.6887810923935782,0.1859040229955482,0.1253148846108735,1.0,False,False,-0.1359996915549475,0.2563545104296143,1827,True,official_matchdays,False,,,32,3,0,2,2,2,2,2,2:1,1:0,2:0,2:0
29f03f138c0ad4a3cad5,D1,2023,2024-05-04,2024-04-30,Borussia Dortmund,FC Augsburg,5,1,2.7882411555439854,0.9537705847954006,0.5182432630131376,0.2219328788366444,0.259823858150218,2,0,2,3.8145164485346297,0.3488521936050143,0.0750391717629967,-0.1010218309951827,0.0151061871706352,-0.1074690415810627,0.1729156631733856,1.3323520015087345,0.0,31.0,31.0,0.0212007918847281,-0.0224999248463373,0.5182432630131375,0.2219328788366445,0.259823858150218,1.0,False,False,-0.1359996915549475,0.2563545104296143,1827,True,official_matchdays,False,,,32,5,1,2,2,2,2,2,2:1,1:0,2:0,2:0
79b6c41867cdd9e6e776,D1,2023,2024-05-04,2024-04-30,SV Werder Bremen,Borussia Mönchengladbach,2,2,1.7339595191373776,1.509679760906225,0.4160233316177731,0.2551609767255675,0.3288156916566592,2,1,0,2.7194285900686306,0.8359803421224093,0.0027765982999303,-0.2233958851383651,-0.0290078390419273,-0.1821451780756113,0.0326328531934899,-0.6407208027155848,0.0,31.0,31.0,0.0130790967465857,-0.0241100610885075,0.4160233316177733,0.2551609767255676,0.3288156916566592,1.0,False,False,-0.1359996915549475,0.2563545104296143,1827,True,official_matchdays,False,,,32,2,2,0,0,0,0,0,2:1,1:0,2:1,2:1
af8a5b8d462883cedfd2,D1,2023,2024-05-04,2024-04-30,Stuttgart,Bayern München,3,1,1.5273918230146355,2.3514325449561624,0.4502397711555843,0.23737888924787,0.3123813395965454,2,1,2,2.8931678336413467,0.4561671476077491,0.218040302431769,0.3959431952035118,0.4487296616124629,0.1545236560194077,-0.2542928498503394,-1.207331676604695,0.0,31.0,31.0,-0.0107077720095156,0.0414069468912797,0.4502397711555844,0.23737888924787,0.3123813395965455,1.0,False,False,-0.1359996915549475,0.2563545104296143,1827,True,official_matchdays,False,,,32,3,1,2,2,2,0,0,2:1,1:0,1:2,1:2
1ca6e5a8b1d9e15e3907,D1,2023,2024-05-05,2024-04-30,1. FC Union Berlin,VfL Bochum,3,4,1.5324013366658886,0.9054146386072324,0.4859622291819806,0.2758921012935163,0.238145669524503,1,0,0,6.380654386087878,0.8926977606119395,-0.3603853014916751,-0.1858621677509545,-0.1086848421652111,-0.5634217446257084,-0.106871748361239,0.0,0.0,31.0,31.0,-0.0320890091796817,0.0047766357175502,0.4859622291819807,0.2758921012935164,0.238145669524503,1.0,False,False,-0.1359996915549475,0.2563545104296143,1827,True,official_matchdays,False,,,32,3,4,0,0,0,0,0,2:1,1:0,1:0,1:0
5cbb42ed9469e16a264e,D1,2023,2024-05-05,2024-04-30,Eintracht Frankfurt,Bayer 04 Leverkusen,1,5,1.190934935141373,1.7758622858027333,0.3032818247597255,0.2669555894820982,0.4297625857581761,1,2,2,4.851613666935256,0.4884158605865248,-0.0891924496871576,0.3715494914008393,0.2766856973733902,0.5029442317987494,-0.1188448335221993,-0.903630483807358,0.0,31.0,31.0,-0.0334389612148677,0.0475568133005517,0.3032818247597256,0.2669555894820983,0.4297625857581762,1.0,False,False,-0.1359996915549475,0.2563545104296143,1827,True,official_matchdays,False,,,32,1,5,2,2,2,2,2,1:2,0:1,1:2,1:2
8cf35f2f742a2d9ac941,D1,2023,2024-05-05,2024-04-30,1. FC Heidenheim 1846,1. FSV Mainz 05,1,1,1.59102881449568,1.1413025497466256,0.320671374695817,0.2678232989777912,0.4115053263263917,1,2,0,2.0567838359861303,0.8082494856640601,0.0175899403183527,0.1659885438659014,-0.1304320818796718,-0.3558954695675617,0.0600452211558805,0.0,0.0,31.0,31.0,-0.0035381721036657,0.0127170963128784,0.3206713746958169,0.2678232989777912,0.4115053263263917,1.0,False,False,-0.1359996915549475,0.2563545104296143,1827,True,official_matchdays,False,,,32,1,1,0,0,0,0,0,1:2,0:1,2:1,2:1
9e458c0e86c669b99209,D1,2023,2024-05-10,2024-05-07,FC Augsburg,Stuttgart,0,1,1.3354839028106715,1.7986659905732765,0.2476684721950726,0.2214178968011249,0.5309136310038024,1,2,3,2.636668565830014,0.3304075787213119,-0.2791283389596079,0.3149445201213285,0.0299712838227143,0.2140729291822679,-0.1257487906176167,-0.8203755468597773,0.0,32.0,32.0,-0.049947499432908,0.051738308490994,0.2476684721950727,0.2214178968011249,0.5309136310038024,1.0,False,False,-0.1443146730803963,0.2569578474247925,1827,True,official_matchdays,False,,,33,0,1,3,3,4,3,3,1:2,0:1,1:2,1:2
18482b4f4d0ba03b175a,D1,2023,2024-05-11,2024-05-07,Borussia Mönchengladbach,Eintracht Frankfurt,1,1,1.816270950047713,1.5264344263807628,0.3816562440780746,0.2582094804948699,0.3601342754270554,2,1,0,2.1736781828137244,0.8256113598088437,-0.2059708165626138,-0.2627948102544386,-0.1792090615059938,-0.3060591121509677,-0.0647489691887418,-0.2625760369415981,0.0,32.0,32.0,-0.0106947896029765,-0.012743491737876,0.3816562440780747,0.2582094804948699,0.3601342754270554,1.0,False,False,-0.1443146730803963,0.2569578474247925,1827,True,official_matchdays,False,,,33,1,1,0,0,0,0,0,2:1,1:0,2:1,2:1
2ea2d10ac6dfdbc645d7,D1,2023,2024-05-11,2024-05-07,RB Leipzig,SV Werder Bremen,1,1,2.6375457316275916,0.8157050721017962,0.742636795912091,0.1464834046982564,0.1108797993896525,2,0,0,2.6775196566376,1.2922943190107463,0.4942557102576366,-0.0003777140738363,0.4740007352698582,0.0465174147376418,0.1721492224086234,1.627511305189228,0.0,32.0,32.0,0.0580519178498866,-0.0333580180406966,0.7426367959120911,0.1464834046982565,0.1108797993896524,1.0,False,False,-0.1443146730803963,0.2569578474247925,1827,True,official_matchdays,False,,,33,1,1,0,0,0,0,0,2:1,1:0,2:0,2:0
80774b1f4d66dbd95d7f,D1,2023,2024-05-11,2024-05-07,SC Freiburg,1. FC Heidenheim 1846,1,1,1.6284753092327715,1.1993173494183107,0.5546266506745556,0.2363310605091087,0.2090422888163357,2,1,0,2.18687317352611,0.9344996492951904,-0.0727908269652609,0.011774194124509,-0.3556248938998244,0.0656838354540053,-0.0599051178189538,0.0,0.0,32.0,32.0,-0.0108630482936992,0.0078122166516616,0.5546266506745555,0.2363310605091086,0.2090422888163357,1.0,False,False,-0.1443146730803963,0.2569578474247925,1827,True,official_matchdays,False,,,33,1,1,0,0,0,0,0,2:1,1:0,2:1,2:1
8a146be41b6abd45122b,D1,2023,2024-05-11,2024-05-07,1. FSV Mainz 05,Borussia Dortmund,3,0,1.193264061990455,1.9591400962015184,0.4332234929249854,0.2454933126574918,0.3212831944175227,2,1,2,3.7139327425226063,0.4847254665468308,0.113454997628432,0.2104837286052504,0.339972821462622,0.2628403287053739,-0.118224146753726,-1.505966175298449,0.0,32.0,32.0,-0.0050898940051056,0.0212868303167897,0.4332234929249854,0.2454933126574918,0.3212831944175228,1.0,False,False,-0.1443146730803963,0.2569578474247925,1827,True,official_matchdays,False,,,33,3,0,2,2,2,0,0,2:1,1:0,1:2,1:2
c5ac66f675c3718f3da6,D1,2023,2024-05-11,2024-05-07,1. FC Köln,1. FC Union Berlin,3,2,1.0961280085809455,1.0298676600346013,0.3427126320689955,0.2839039555601145,0.37338341237089,0,1,0,4.294611694002132,0.6520433126580774,-0.2244049152286952,-0.3927707887616805,-0.2318402208266024,-0.2607230022184733,-0.142271802119295,-0.4358209787020455,0.0,32.0,32.0,-0.0099155421907502,-0.0209432430087685,0.3427126320689954,0.2839039555601146,0.37338341237089,1.0,False,False,-0.1443146730803963,0.2569578474247925,1827,True,official_matchdays,False,,,33,3,2,0,0,0,0,0,1:2,0:1,1:1,1:1
3fb4afb0adf81296700d,D1,2023,2024-05-12,2024-05-07,VfL Bochum,Bayer 04 Leverkusen,0,5,0.9657946000459412,2.391109135582559,0.2208536440375698,0.2218761146118177,0.5572702413506123,1,2,2,3.981201285570509,0.2940149815136551,0.0309284048359111,0.4537216272252984,0.0516138697300915,0.5648241128563993,-0.1015085258172668,0.0,0.0,32.0,32.0,-0.0246686671685371,0.0489011687715976,0.2208536440375698,0.2218761146118178,0.5572702413506123,1.0,False,False,-0.1443146730803963,0.2569578474247925,1827,True,official_matchdays,False,,,33,0,5,2,2,2,2,2,1:2,0:1,1:2,1:2
68ed98913d7175a18515,D1,2023,2024-05-12,2024-05-07,SV Darmstadt 98,TSG 1899 Hoffenheim,0,6,1.1789481675739488,2.1049003560985637,0.2061804051332847,0.2079655168660404,0.5858540780006749,1,2,2,5.374626991017983,0.2572768603749558,-0.3861868238778777,-0.1736203856150325,-0.582971879279939,-0.4407409253184016,0.0,0.0,0.0,32.0,32.0,-0.0299376631070361,0.0019473026323906,0.2061804051332847,0.2079655168660404,0.5858540780006749,1.0,False,False,-0.1443146730803963,0.2569578474247925,1827,True,official_matchdays,False,,,33,0,6,2,2,2,2,2,1:2,0:1,1:2,1:2
e62da66986b72dfbfab5,D1,2023,2024-05-12,2024-05-07,Bayern München,VfL Wolfsburg,2,0,2.957397464845174,1.0023050666974749,0.7102222364186637,0.162784383559456,0.1269933800218803,2,0,4,2.5526359519035347,0.1265972263664146,0.188138839166111,0.2392756550809153,0.4378152751447993,-0.021345649454677,0.2231674822596957,0.0,0.0,32.0,32.0,0.0180084752755501,0.0033622494368011,0.7102222364186637,0.162784383559456,0.1269933800218802,1.0,False,False,-0.1443146730803963,0.2569578474247925,1827,True,official_matchdays,False,,,33,2,0,4,2,2,4,4,2:1,1:0,2:0,2:0
170f57d7f088e2f388ab,D1,2023,2024-05-18,2024-05-14,Eintracht Frankfurt,RB Leipzig,2,2,1.208683508355879,1.8043567438260355,0.3474354860888298,0.2530137049090157,0.3995508090021542,1,2,0,2.8782239375818497,0.8383407910218122,-0.2784027833606099,0.3426325248994311,0.0373479697698907,0.3072036298256938,0.0865304680070521,-0.7242144655320452,0.0,33.0,33.0,-0.0406453811806799,0.043856868257621,0.3474354860888298,0.2530137049090158,0.3995508090021543,1.0,False,False,-0.1487765907006938,0.2487250259021656,1827,True,official_matchdays,False,,,34,2,2,0,0,0,0,0,1:2,0:1,1:2,1:2
3e6285c62947ca13648b,D1,2023,2024-05-18,2024-05-14,Stuttgart,Borussia Mönchengladbach,4,0,2.295985195809344,1.2843906884082084,0.74863763562276,0.1445333595169129,0.1068290048603269,2,1,2,3.1934083695152884,0.0954853665180093,0.3749609151392506,-0.1916764167290674,0.5409840587593303,-0.1520755853304311,-0.0649828189047625,0.4056630406138264,0.0,33.0,33.0,0.0438307714051403,-0.0346665464846311,0.7486376356227601,0.1445333595169129,0.1068290048603269,1.0,False,False,-0.1487765907006938,0.2487250259021656,1827,True,official_matchdays,False,,,34,4,0,2,2,2,2,2,2:1,1:0,2:1,2:1
4c0a3c0c9f172f2f1290,D1,2023,2024-05-18,2024-05-14,1. FC Heidenheim 1846,1. FC Köln,4,1,1.6183737962139308,0.982345154555079,0.4082292851165077,0.241647057940502,0.3501236569429902,1,0,2,4.083156583619659,0.5311724547561525,0.0070033319001322,-0.027374860384546,-0.166506222967903,-0.2483804852256544,0.0,0.0,0.0,33.0,33.0,0.0020690762092405,-0.0030876526334612,0.4082292851165077,0.241647057940502,0.3501236569429902,1.0,False,False,-0.1487765907006938,0.2487250259021656,1827,True,official_matchdays,False,,,34,4,1,2,2,2,2,2,2:1,1:0,1:0,1:0
5068a5a9ed255c0a4b43,D1,2023,2024-05-18,2024-05-14,1. FC Union Berlin,SC Freiburg,2,1,1.2652367088300736,1.1610118462781358,0.450314451456903,0.2764178044966003,0.2732677440464967,1,0,3,2.299472387929378,0.4532362648561077,-0.4193377489908013,-0.1192210635969628,-0.2497741906469453,0.1105223591237047,0.0646231491096247,-0.2631881957291351,0.0,33.0,33.0,-0.0327415642637507,0.0058136236343625,0.4503144514569029,0.2764178044966003,0.2732677440464967,1.0,False,False,-0.1487765907006938,0.2487250259021656,1827,True,official_matchdays,False,,,34,2,1,3,4,3,0,3,2:1,1:0,1:1,1:0
820f6b1dabe38256caa2,D1,2023,2024-05-18,2024-05-14,Bayer 04 Leverkusen,FC Augsburg,2,1,2.913865942481034,0.7316620159843177,0.7441269240392605,0.145663692262617,0.1102093836981224,2,0,2,2.593281692515209,0.0988350505003087,0.521130335520764,-0.3862802827797132,0.4888680030387247,-0.214305556978206,0.1022804806654685,1.5809190269949072,0.0,33.0,33.0,0.0765410717243355,-0.0697985690872829,0.7441269240392606,0.145663692262617,0.1102093836981224,1.0,False,False,-0.1487765907006938,0.2487250259021656,1827,True,official_matchdays,False,,,34,2,1,2,4,3,2,2,2:1,1:0,2:0,2:0
b90f2079a858a120069b,D1,2023,2024-05-18,2024-05-14,Borussia Dortmund,SV Darmstadt 98,4,0,4.028764285229116,0.6196455668791933,0.8261097387529006,0.1065948050003742,0.067295456246725,3,0,2,2.358433505144772,0.0461289538411071,-0.0169598458479277,-0.4462623426335733,0.2214860356579505,-0.2596998432565182,0.1821072529091436,0.0,0.0,33.0,33.0,0.029722495192343,-0.0528836046164181,0.8261097387529007,0.1065948050003742,0.067295456246725,1.0,False,False,-0.1487765907006938,0.2487250259021656,1827,True,official_matchdays,False,,,34,4,0,2,2,2,2,2,2:1,1:0,3:0,3:0
cf23d271eabff8cbcdd5,D1,2023,2024-05-18,2024-05-14,VfL Wolfsburg,1. FSV Mainz 05,1,3,1.518689496304545,1.0961726173522317,0.2972852123922069,0.268221015649952,0.4344937719578408,1,2,2,3.183575702379616,0.480118304697842,0.0829894691223421,0.3087945110762753,0.0486452433901075,-0.314664910326203,0.1649066290309886,0.0,0.0,33.0,33.0,0.0011045528099698,0.018484646199961,0.2972852123922069,0.2682210156499521,0.4344937719578409,1.0,False,False,-0.1487765907006938,0.2487250259021656,1827,True,official_matchdays,False,,,34,1,3,2,2,2,0,0,1:2,0:1,1:0,1:0
d5679a6c6a8f5daa37fa,D1,2023,2024-05-18,2024-05-14,SV Werder Bremen,VfL Bochum,4,1,1.9380827252341728,1.1211599651458632,0.4031170307555227,0.2614219436507205,0.3354610255937567,2,1,2,3.784276738704065,0.5371448112886392,-0.0029653080379295,-0.1074027074796902,-0.086619065101047,-0.2821117995629834,0.1681766600133344,0.0,0.0,33.0,33.0,0.0134824375708582,-0.0190008383467392,0.4031170307555228,0.2614219436507205,0.3354610255937567,1.0,False,False,-0.1487765907006938,0.2487250259021656,1827,True,official_matchdays,False,,,34,4,1,2,2,2,2,2,2:1,1:0,2:1,2:1
ebed2a1591e054095a27,D1,2023,2024-05-18,2024-05-14,TSG 1899 Hoffenheim,Bayern München,4,2,1.4751602519877451,2.855393950226061,0.3191307814434287,0.2161156533476944,0.4647535652088768,1,2,0,3.9062117210107186,0.7262847447740985,0.0699816898729685,0.2837858236296453,0.1254909440742773,-0.0467030455050141,-0.27300722485284,-1.862352107244209,0.0,33.0,33.0,-0.0208414834368274,0.0385298591119581,0.3191307814434287,0.2161156533476944,0.4647535652088768,1.0,False,False,-0.1487765907006938,0.2487250259021656,1827,True,official_matchdays,False,,,34,4,2,0,0,0,0,0,1:2,0:1,1:2,1:2
5534652528a1bc47e907,D1,2024,2024-08-23,2024-08-20,Borussia Mönchengladbach,Bayer 04 Leverkusen,2,3,1.147201906773676,2.380834444968277,0.1850174486234974,0.2107483520744474,0.604234199302055,1,2,3,3.185963651784853,0.2352768931993293,-0.3100691307955054,0.5474171639079219,-0.2098344384038894,0.615586367113537,-0.1851754443393974,-1.1662065207489565,1.0,0.0,0.0,-0.0967917065106404,0.1086591081662612,0.1850174486234974,0.2107483520744474,0.604234199302055,1.0,False,False,-0.1474741039978934,0.2590655614099265,1836,True,official_matchdays,False,,,1,2,3,3,3,3,3,3,1:2,0:1,1:2,1:2
22405067e31b018568f6,D1,2024,2024-08-24,2024-08-20,Borussia Dortmund,Eintracht Frankfurt,2,0,2.5391932827032604,1.085410991605937,0.5598247228378095,0.2221114329588525,0.218063844203338,2,1,2,2.645050424047804,0.2906396034245838,0.1350136817410396,-0.2277243677410929,0.3707309043713029,-0.3105792853700708,0.2479928117018753,0.6550634583211854,1.0,0.0,0.0,0.053663813604282,-0.0582993479042846,0.5598247228378094,0.2221114329588525,0.2180638442033381,1.0,False,False,-0.1474741039978934,0.2590655614099265,1836,True,official_matchdays,False,,,1,2,0,2,2,2,2,2,2:1,1:0,2:1,2:1
35efd410bebcdeaeedf1,D1,2024,2024-08-24,2024-08-20,TSG 1899 Hoffenheim,Holstein Kiel,3,2,2.3171323121234484,1.8074805060258117,0.580966871844526,0.2213846047444498,0.1976485234110243,2,1,3,2.728387492204963,0.2636648445161764,0.2569689932720336,0.0,0.2758199103321904,0.0,0.0,0.0,1.0,0.0,0.0,0.0256968993272033,-0.0128484496636016,0.5809668718445259,0.2213846047444497,0.1976485234110242,1.0,False,True,-0.1474741039978934,0.2590655614099265,1836,True,official_matchdays,False,,,1,3,2,3,3,3,3,3,2:1,1:0,2:1,2:1
7bbfb8937e09b0cba413,D1,2024,2024-08-24,2024-08-20,RB Leipzig,VfL Bochum,1,0,3.1025902185780967,0.7509305338287416,0.7641298749709126,0.1451614504124074,0.09070867461668,2,0,2,2.9161889617712102,0.0849346262177859,0.2149359306703451,-0.2175658752587914,0.3861841060867814,-0.3575711860214607,0.2231295882169379,0.0,1.0,0.0,0.0,0.0435283662408209,-0.0436598634702432,0.7641298749709124,0.1451614504124073,0.09070867461668,1.0,False,False,-0.1474741039978934,0.2590655614099265,1836,True,official_matchdays,False,,,1,1,0,2,3,4,2,2,2:1,1:0,2:0,2:0
8045a695046e16d76f55,D1,2024,2024-08-24,2024-08-20,1. FSV Mainz 05,1. FC Union Berlin,1,1,1.4071318031912348,0.9800594338935804,0.4689476761698884,0.2913159806509913,0.23973634317912,1,0,0,1.9805774276583,0.7796184765067016,0.3860786716896609,-0.2240820570136943,0.4879856217548706,-0.314329015496109,-0.1762886930233988,-0.3410454153231779,1.0,0.0,0.0,0.0324713999854014,-0.024371569251603,0.4689476761698886,0.2913159806509914,0.23973634317912,1.0,False,False,-0.1474741039978934,0.2590655614099265,1836,True,official_matchdays,False,,,1,1,1,0,0,0,0,0,2:1,1:0,1:0,1:0
a6f7abae29364b21d54f,D1,2024,2024-08-24,2024-08-20,SC Freiburg,Stuttgart,3,1,1.3786646415589112,1.600140015726799,0.2743502987545891,0.2595205528759627,0.4661291483694478,1,2,0,3.4705408475855397,0.8111947892422261,-0.1982499723012613,0.4532054042429908,-0.3512398485868159,0.3523798359800748,-0.0692832570213133,-0.3897561095971788,1.0,0.0,0.0,-0.0556933330332708,0.0684411046303573,0.2743502987545893,0.2595205528759628,0.4661291483694478,1.0,False,False,-0.1474741039978934,0.2590655614099265,1836,True,official_matchdays,False,,,1,3,1,0,0,0,0,0,1:2,0:1,1:2,1:2
ae95136298eb6355db90,D1,2024,2024-08-24,2024-08-20,FC Augsburg,SV Werder Bremen,2,2,1.451485319367841,1.3865812461740898,0.4196179009122462,0.2687440488988544,0.3116380501888995,2,1,0,2.885803107689326,0.80793272311238,-0.4774955452495401,0.2066613492024422,-0.0758622148671252,-0.0213482946649666,-0.1386952402567914,0.2260082964696338,1.0,0.0,0.0,-0.0593671765861748,0.0458254667838199,0.4196179009122462,0.2687440488988543,0.3116380501888995,1.0,False,False,-0.1474741039978934,0.2590655614099265,1836,True,official_matchdays,False,,,1,2,2,0,0,0,0,0,2:1,1:0,2:1,2:1
1b7941684fc58aaddaeb,D1,2024,2024-08-25,2024-08-20,FC St. Pauli,1. FC Heidenheim 1846,0,2,1.9498779988234205,1.367128471611498,0.4507690246117654,0.2730372377648407,0.2761937376233939,2,1,0,3.304043768170728,0.8016375522112889,0.0,0.1947831592266523,0.0,0.0311714989441169,0.0,0.0,1.0,0.0,0.0,-0.0097391579613326,0.0194783159226652,0.4507690246117654,0.2730372377648407,0.2761937376233939,1.0,True,False,-0.1474741039978934,0.2590655614099265,1836,True,official_matchdays,False,,,1,0,2,0,0,0,0,0,2:1,1:0,2:1,2:1
dcf3bdbf82bd63dfa8a5,D1,2024,2024-08-25,2024-08-20,VfL Wolfsburg,Bayern München,2,3,1.2596776211368077,2.2832658814286444,0.1512695817378621,0.1939196260818031,0.654810792180335,1,2,3,2.9877353097541746,0.1796428969340219,-0.04521761487506,0.0527058118013486,-0.0967619497754613,-0.2117764233382934,-0.2603659934558122,0.0,1.0,0.0,0.0,-0.020175351750364,0.0205497615966784,0.1512695817378621,0.193919626081803,0.6548107921803349,1.0,False,False,-0.1474741039978934,0.2590655614099265,1836,True,official_matchdays,False,,,1,2,3,3,3,3,3,3,1:2,0:1,1:2,1:2
6a749f1c8ebe0008e4aa,D1,2024,2024-08-30,2024-08-27,1. FC Union Berlin,FC St. Pauli,1,0,1.77951949927109,0.535791167385222,0.494619628141388,0.2741605938840836,0.2312197779745283,1,0,4,2.1142006166049367,0.3840359372254125,-0.2065337076122444,-0.2645454545454545,-0.0849830750137653,0.0,0.0,0.0,0.9,1.0,1.0,-0.0074260980339517,-0.0161278600739332,0.494619628141388,0.2741605938840836,0.2312197779745283,1.0,False,True,-0.1476249220179624,0.2600221192239715,1836,True,official_matchdays,False,,,2,1,0,4,3,4,4,4,2:1,1:0,1:0,1:0
478924b464caf8e3a04f,D1,2024,2024-08-31,2024-08-27,Bayer 04 Leverkusen,RB Leipzig,2,3,1.829153118606209,1.209549248379057,0.5321336760925451,0.2313624678663239,0.2365038560411311,2,1,0,3.744440009394927,0.9196212026090234,0.5689811786312129,0.33303196884474,0.5143217629271309,0.2559840121896997,0.0905556683072816,0.1794160182753129,0.9,1.0,1.0,0.0488111632474429,-0.0037105058736452,0.5321336760925449,0.2313624678663238,0.236503856041131,1.0,False,False,-0.1476249220179624,0.2600221192239715,1836,True,official_matchdays,False,,,2,2,3,0,0,0,0,0,2:1,1:0,2:1,2:1
81e43ea8c611d5ef0e99,D1,2024,2024-08-31,2024-08-27,Eintracht Frankfurt,TSG 1899 Hoffenheim,3,1,1.94827599012047,1.497406970100595,0.5283080709894892,0.2332286849977988,0.238463244012712,2,1,2,2.7140230266659224,0.3337536141445255,-0.3234777131124671,0.3875689939864793,-0.0288703145669791,-0.1458319986722967,0.1143052417792471,0.5119334269672857,0.9,1.0,1.0,-0.0344924568148444,0.037697020858545,0.5283080709894892,0.2332286849977988,0.238463244012712,1.0,False,False,-0.1476249220179624,0.2600221192239715,1836,True,official_matchdays,False,,,2,3,1,2,2,2,2,2,2:1,1:0,2:1,2:1
83228678325f7cc0a0e7,D1,2024,2024-08-31,2024-08-27,Holstein Kiel,VfL Wolfsburg,0,2,1.057595488626092,1.7561210166544192,0.2998412118591632,0.2600248991732579,0.4401338889675789,1,2,2,2.549253761695559,0.4709677628018018,-0.2345454545454545,-0.1977097801530615,0.0,-0.1541779537745801,0.0,0.0,0.9,1.0,1.0,-0.0135690564468923,-0.0080437052880334,0.2998412118591631,0.260024899173258,0.4401338889675788,1.0,True,False,-0.1476249220179624,0.2600221192239715,1836,True,official_matchdays,False,,,2,0,2,2,2,2,2,2,1:2,0:1,1:2,1:2
a29b2567cb4dc459d176,D1,2024,2024-08-31,2024-08-27,Stuttgart,1. FSV Mainz 05,3,3,1.9724599225139463,1.0376765827383236,0.5821276781953735,0.2265355351467845,0.1913367866578419,2,1,0,4.522935251008963,0.9737296780403558,0.2351130538042959,0.2940027109905022,0.5894000588700758,-0.0852554991862735,0.2376755868010225,0.993989720649492,0.9,1.0,1.0,0.0430597178855691,-0.0166039296458292,0.5821276781953736,0.2265355351467845,0.1913367866578419,1.0,False,False,-0.1476249220179624,0.2600221192239715,1836,True,official_matchdays,False,,,2,3,3,0,0,0,0,0,2:1,1:0,2:1,2:1
d51cb5bc10037113cb8d,D1,2024,2024-08-31,2024-08-27,VfL Bochum,Borussia Mönchengladbach,0,2,1.546027778133604,1.794670620056392,0.3658360894451888,0.2597535377632506,0.3744103727915605,2,1,0,2.9886038581156664,0.592670326391867,-0.2989815161556633,-0.3481799204714469,-0.1472864080871644,-0.2775831686719066,-0.2626019279164137,0.0,0.9,1.0,1.0,-0.0256192519878146,-0.0067388198435408,0.3658360894451888,0.2597535377632506,0.3744103727915605,1.0,False,False,-0.1476249220179624,0.2600221192239715,1836,True,official_matchdays,False,,,2,0,2,0,2,2,2,2,1:2,0:1,1:2,1:2
ea39b62636aece1d06b2,D1,2024,2024-08-31,2024-08-27,SV Werder Bremen,Borussia Dortmund,0,0,1.260854939422127,2.134545810737189,0.2426509611028412,0.2320497055206783,0.5252993333764806,1,2,0,3.063556148195597,0.9245665333607844,0.1701908901315545,0.2435201131896377,0.1179813968524014,0.0193606553560561,-0.1597755913326864,-1.5583602979783684,0.9,1.0,1.0,-0.038208802917474,0.0588943530835336,0.2426509611028412,0.2320497055206783,0.5252993333764805,1.0,False,False,-0.1476249220179624,0.2600221192239715,1836,True,official_matchdays,False,,,2,0,0,0,0,0,0,0,1:2,0:1,1:2,1:2
5ea631aad36944081d13,D1,2024,2024-09-01,2024-08-27,1. FC Heidenheim 1846,FC Augsburg,4,0,1.9287228138050765,1.077516006104978,0.3993601270404708,0.2746316059877162,0.3260082669718129,2,1,2,3.889116178264436,0.5424721661301963,0.3326627643177718,-0.4144177517013344,0.0524471367632557,-0.3331038628455945,-0.1838007689058272,0.0,0.9,1.0,1.0,0.0447971255715525,-0.0488848749407306,0.3993601270404708,0.2746316059877163,0.3260082669718129,1.0,False,False,-0.1476249220179624,0.2600221192239715,1836,True,official_matchdays,False,,,2,4,0,2,2,2,2,2,2:1,1:0,2:1,2:1
f0f3b93ca77d2a2c87ab,D1,2024,2024-09-01,2024-08-27,Bayern München,SC Freiburg,2,0,3.163419314404059,0.99077325627888,0.7934165330588019,0.1240354011629393,0.0825480657782588,3,1,3,2.539098023599527,0.0648756927188281,0.2233194187847223,-0.0331825795828097,0.5520864194190662,-0.0097833198332892,0.268868742901552,1.597087786201874,0.9,1.0,1.0,0.0733689831922324,-0.0638621412321368,0.7934165330588019,0.1240354011629392,0.0825480657782588,1.0,False,False,-0.1476249220179624,0.2600221192239715,1836,True,official_matchdays,False,,,2,2,0,3,2,2,3,3,2:1,1:0,3:1,3:1
2bf621037d988b3401b7,D1,2024,2024-09-13,2024-09-10,Borussia Dortmund,1. FC Heidenheim 1846,4,2,2.3451230425143006,1.159133622582893,0.6910117991958709,0.1826057796354108,0.1263824211687184,2,1,2,3.5706675700541046,0.1447910953728964,0.1971127029197417,0.4251362046088885,0.4368872849331663,0.1984463347328974,0.0,0.0,0.8,2.0,2.0,-0.0015455399384702,0.0326579853149017,0.6910117991958707,0.1826057796354107,0.1263824211687184,1.0,False,False,-0.154177693202585,0.2575547142261528,1836,True,official_matchdays,False,,,3,4,2,2,2,2,2,2,2:1,1:0,2:1,2:1
04ce6935b3348583585e,D1,2024,2024-09-14,2024-09-10,Holstein Kiel,Bayern München,1,6,0.6081644749283389,3.367913200311352,0.0851390882360152,0.13130442490895,0.7835564868550349,0,3,2,3.878025896058839,0.0713373107288647,-0.3791863841427295,0.3761278847297594,-0.2645454545454545,0.0096700247529985,0.0,0.0,0.8,2.0,2.0,-0.0567250326507609,0.0565721076801124,0.0851390882360152,0.1313044249089499,0.7835564868550348,1.0,True,False,-0.154177693202585,0.2575547142261528,1836,True,official_matchdays,False,,,3,1,6,2,2,2,2,2,1:2,0:1,0:3,0:3
3723fd7c994cd4a3ac19,D1,2024,2024-09-14,2024-09-10,TSG 1899 Hoffenheim,Bayer 04 Leverkusen,1,4,1.340680439020528,2.37176845917545,0.1660199134276727,0.1942500201643619,0.6397300664079653,1,2,2,3.0641603151887433,0.1950901070387961,0.1411575502928736,0.3094539402666188,0.3829772499758018,0.6215880517223978,-0.0966413559308346,-1.4006588499753765,0.8,2.0,2.0,-0.0342021867800928,0.0567327613080674,0.1660199134276726,0.1942500201643619,0.6397300664079654,1.0,False,False,-0.154177693202585,0.2575547142261528,1836,True,official_matchdays,False,,,3,1,4,2,2,2,2,2,1:2,0:1,1:2,1:2
71f647d82dc963b8a149,D1,2024,2024-09-14,2024-09-10,Borussia Mönchengladbach,Stuttgart,1,3,1.6854531111447233,1.8264702369834176,0.3413379138085576,0.2434415070563571,0.4152205791350852,1,2,2,2.9465170533709895,0.5177423098281537,-0.1528606825019554,0.1333633760502649,-0.2725833273825549,0.1122906398320807,-0.047399121947864,-0.7495403919426036,0.8,2.0,2.0,-0.039315000988954,0.0383401356663695,0.3413379138085576,0.243441507056357,0.4152205791350852,1.0,False,False,-0.154177693202585,0.2575547142261528,1836,True,official_matchdays,False,,,3,1,3,2,2,2,2,2,1:2,0:1,1:2,1:2
8600483b840eecc19bee,D1,2024,2024-09-14,2024-09-10,VfL Wolfsburg,Eintracht Frankfurt,1,2,1.5348631447444896,1.2812512300684735,0.3565475095230452,0.2717033429509891,0.3717491475259657,1,2,4,2.3700292160559258,0.5956479667521796,0.0340574814187719,-0.0924849528973687,-0.1998817849371756,-0.3914465314626182,0.1241644293027546,0.0,0.8,2.0,2.0,0.0142382172518833,-0.0171595908258132,0.3565475095230452,0.2717033429509891,0.3717491475259656,1.0,False,False,-0.154177693202585,0.2575547142261528,1836,True,official_matchdays,False,,,3,1,2,4,4,3,0,0,1:2,0:1,2:1,2:1
91c0fec057e25e597ab9,D1,2024,2024-09-14,2024-09-10,RB Leipzig,1. FC Union Berlin,0,0,2.2358351519106066,0.7090017333326935,0.6502812260791427,0.2056444902985323,0.144074283622325,2,0,0,2.7043993334540555,1.074623747985358,0.3864839543377901,0.0073413408460733,0.4935687195589325,-0.2571959261699806,0.0829551697546174,1.5235136934232691,0.8,2.0,2.0,0.0728993607476716,-0.0532080959884784,0.6502812260791427,0.2056444902985323,0.144074283622325,1.0,False,False,-0.154177693202585,0.2575547142261528,1836,True,official_matchdays,False,,,3,0,0,0,0,0,0,0,2:1,1:0,2:0,2:0
d5e7cec045c33f0f331a,D1,2024,2024-09-14,2024-09-10,SC Freiburg,VfL Bochum,2,1,2.0795060418726576,0.9485973643449586,0.5607045673991279,0.2361588202592386,0.2031366123416332,2,1,4,2.409818806374646,0.2900159487638578,-0.1372029193184872,-0.3618766535569311,-0.0918886619277088,-0.3904622703455756,0.1855112752059044,0.0,0.8,2.0,2.0,0.013649104506293,-0.0386030831500639,0.560704567399128,0.2361588202592387,0.2031366123416332,1.0,False,False,-0.154177693202585,0.2575547142261528,1836,True,official_matchdays,False,,,3,2,1,4,4,3,4,4,2:1,1:0,2:1,2:1
0bc01571ab5a119a3609,D1,2024,2024-09-15,2024-09-10,1. FSV Mainz 05,SV Werder Bremen,1,2,1.576852754004421,1.1734467559184738,0.4697469746974697,0.2618261826182617,0.2684268426842684,2,1,0,2.656852444708301,0.8244144546467848,0.1750431749647788,0.1169023308483338,0.3776005851518986,-0.0770209355484664,-0.0852906814645707,-0.2279178900339767,0.8,2.0,2.0,0.0028363090801531,0.0117609662105025,0.4697469746974697,0.2618261826182618,0.2684268426842684,1.0,False,False,-0.154177693202585,0.2575547142261528,1836,True,official_matchdays,False,,,3,1,2,0,0,0,0,0,2:1,1:0,2:1,2:1
1bb3f5f68bc2dad44d51,D1,2024,2024-09-15,2024-09-10,FC Augsburg,FC St. Pauli,3,1,1.6620113904008975,0.3659582341795639,0.4587885096513815,0.2648806588871236,0.276330831461495,1,0,2,3.703906047835688,0.4394303691540506,-0.4694211708600546,-0.374713716644147,-0.064887912869251,-0.2345454545454545,0.0,0.0,0.8,2.0,2.0,-0.0282064312537981,-0.0140003131214119,0.4587885096513815,0.2648806588871236,0.2763308314614949,1.0,False,True,-0.154177693202585,0.2575547142261528,1836,True,official_matchdays,False,,,3,3,1,2,2,2,2,2,2:1,1:0,1:0,1:0
e5d4ae4d9f544822425f,D1,2024,2024-09-20,2024-09-17,FC Augsburg,1. FSV Mainz 05,2,3,1.4012600637757266,1.3640709007588714,0.3971250406176985,0.271480959970291,0.3313939994120105,2,1,0,3.684990011423935,0.678444193534266,-0.252319166802305,-0.020336801194524,0.1196454029450939,-0.0725935561052805,-0.1088189923970336,0.147690554477413,0.7,3.0,3.0,-0.0270714415370012,0.0134386431371598,0.3971250406176985,0.271480959970291,0.3313939994120105,1.0,False,False,-0.1578559825429331,0.2459568472844774,1836,True,official_matchdays,False,,,4,2,3,0,0,0,0,0,2:1,1:0,1:1,2:1
0e2c684aad7df0071e31,D1,2024,2024-09-21,2024-09-17,1. FC Heidenheim 1846,SC Freiburg,0,3,1.7476086892001164,1.2430399338457951,0.3525694996341089,0.2771644621401088,0.3702660382257823,1,2,2,3.757450391522832,0.5976902537575136,0.2120868969296052,0.0073631189276977,0.2320623190673844,-0.1213224137307993,0.0455113726092745,0.0,0.7,3.0,3.0,0.0231161023770393,-0.0121436015841742,0.3525694996341089,0.2771644621401088,0.3702660382257823,1.0,False,False,-0.1578559825429331,0.2459568472844774,1836,True,official_matchdays,False,,,4,0,3,2,2,2,0,0,1:2,0:1,2:1,2:1
2c64b49b06890a28be0e,D1,2024,2024-09-21,2024-09-17,Eintracht Frankfurt,Borussia Mönchengladbach,2,0,2.100251976721866,1.3017142104613064,0.5385522473732811,0.2321121066160872,0.2293356460106316,2,1,2,2.6196460662632615,0.3194048969731211,0.1075290356258291,-0.2420085674614838,0.1491919122709282,-0.0314654831873711,0.0959285572918702,0.5769315784406229,0.7,3.0,3.0,0.0377460624229615,-0.0444700390147442,0.5385522473732811,0.2321121066160872,0.2293356460106316,1.0,False,False,-0.1578559825429331,0.2459568472844774,1836,True,official_matchdays,False,,,4,2,0,2,2,2,2,2,2:1,1:0,2:1,2:1
34beb8bd47f1093d6a24,D1,2024,2024-09-21,2024-09-17,1. FC Union Berlin,TSG 1899 Hoffenheim,2,1,1.577379730506576,1.3077852126900955,0.4719943250621592,0.2603664347489628,0.2676392401888779,2,1,4,2.279289654865837,0.4182114359993306,0.0066816401170872,-0.0103483732203348,0.0502009034960751,-0.2362426896098156,-0.0153193863000833,-0.2563429849049115,0.7,3.0,3.0,-0.0040663888781146,0.0038830522229522,0.4719943250621592,0.2603664347489628,0.2676392401888779,1.0,False,False,-0.1578559825429331,0.2459568472844774,1836,True,official_matchdays,False,,,4,2,1,4,4,3,4,4,2:1,1:0,2:1,2:1
bc42d9c84e69d05f8988,D1,2024,2024-09-21,2024-09-17,SV Werder Bremen,Bayern München,0,5,1.2183813942684318,2.5937467217622383,0.1237506820402068,0.1719623481133216,0.7042869698464714,1,2,2,3.766766119451263,0.1323314766766452,0.2792968275808324,0.457477445146721,0.0339614020556179,0.2170265594257631,-0.1877854409742535,-2.1236958314206036,0.7,3.0,3.0,-0.041498138597826,0.0783368522342037,0.1237506820402069,0.1719623481133216,0.7042869698464715,1.0,False,False,-0.1578559825429331,0.2459568472844774,1836,True,official_matchdays,False,,,4,0,5,2,2,2,2,2,1:2,0:1,1:2,1:2
d8d1a03f47bd3d012aa4,D1,2024,2024-09-21,2024-09-17,VfL Bochum,Holstein Kiel,2,2,2.072299022044141,1.0486230966055452,0.4833545788113332,0.2565796423716996,0.2600657788169672,2,1,0,2.874607537151864,0.8539396863057471,-0.4173647498466071,-0.4874305813646826,-0.2574916108432336,-0.2345454545454545,0.0,0.0,0.7,3.0,3.0,-0.0173649459164265,-0.0278748206441379,0.4833545788113331,0.2565796423716996,0.2600657788169672,1.0,False,True,-0.1578559825429331,0.2459568472844774,1836,True,official_matchdays,False,,,4,2,2,0,0,0,0,0,2:1,1:0,2:1,2:1
527543030e23070594ed,D1,2024,2024-09-22,2024-09-17,Stuttgart,Borussia Dortmund,5,1,1.663650823501764,1.847308970700556,0.4145242070116862,0.2506677796327212,0.3348080133555927,2,1,2,4.933132871048084,0.5177126457284122,0.2388515745940243,0.2977768703252444,0.417368063501281,-0.0068290434929402,-0.0522833395561689,-0.4474522091777884,0.7,3.0,3.0,-0.0014482666952795,0.0282796889412429,0.4145242070116861,0.2506677796327212,0.3348080133555927,1.0,False,False,-0.1578559825429331,0.2459568472844774,1836,True,official_matchdays,False,,,4,5,1,2,2,2,0,2,2:1,1:0,1:2,2:1
9883949d2b9f4b923006,D1,2024,2024-09-22,2024-09-17,Bayer 04 Leverkusen,VfL Wolfsburg,4,3,2.503274112488892,0.8385168873642216,0.7336376234992285,0.1635898645881641,0.1027725119126074,2,0,2,5.157242222711892,0.1082727486159396,0.3994677166898669,-0.0658806935289452,0.3014117900731746,0.0463976254510842,0.1115693897804566,0.0,0.7,3.0,3.0,0.0488192758344567,-0.0321399246764107,0.7336376234992285,0.1635898645881641,0.1027725119126074,1.0,False,False,-0.1578559825429331,0.2459568472844774,1836,True,official_matchdays,False,,,4,4,3,2,3,3,2,2,2:1,1:0,2:0,2:0
d81f1fad5ffb2f0c2793,D1,2024,2024-09-22,2024-09-17,FC St. Pauli,RB Leipzig,0,0,0.5246431343608706,2.4648040995152902,0.1870145000810598,0.2302756856419796,0.5827098142769607,0,2,0,2.4410596680475116,0.9670006710091834,-0.4623661217879952,0.2509088086501053,-0.2645454545454545,0.3667051614113503,0.0,0.0,0.7,3.0,3.0,-0.0587820526113047,0.0482091869544102,0.1870145000810597,0.2302756856419796,0.5827098142769607,1.0,True,False,-0.1578559825429331,0.2459568472844774,1836,True,official_matchdays,False,,,4,0,0,0,0,0,0,0,1:2,0:1,0:2,0:2
07272695bc031a056f97,D1,2024,2024-09-27,2024-09-24,Borussia Dortmund,VfL Bochum,4,2,3.186470282660117,0.8493151225545578,0.7734834294616197,0.1372130833379697,0.0893034872004104,2,0,3,3.652938213360815,0.0781122997937354,0.091446705689302,-0.3450345164791551,0.4878429684443092,-0.4408145419716177,0.1218944980977875,0.0,0.6,4.0,4.0,0.0324911212977773,-0.04517051183727,0.7734834294616199,0.1372130833379697,0.0893034872004104,1.0,False,False,-0.1553788595192696,0.2420397772830048,1836,True,official_matchdays,False,,,5,4,2,3,2,2,3,3,2:1,1:0,2:0,2:0
0198452dac8288c93390,D1,2024,2024-09-28,2024-09-24,VfL Wolfsburg,Stuttgart,2,2,1.4078092570118552,1.6872275444186853,0.2975219253518254,0.2462777891087089,0.4562002855394655,1,2,0,2.8419277265903418,0.8647351677822029,-0.2113456996475601,0.4050322877049833,-0.2844746316260094,0.2281943330049257,-0.0859999352792313,0.0,0.6,4.0,4.0,-0.0456861811139667,0.0553705105168379,0.2975219253518254,0.2462777891087089,0.4562002855394657,1.0,False,False,-0.1553788595192696,0.2420397772830048,1836,True,official_matchdays,False,,,5,2,2,0,0,0,0,0,1:2,0:1,1:2,1:2
2d3fcbda9edd421efbdd,D1,2024,2024-09-28,2024-09-24,Bayern München,Bayer 04 Leverkusen,1,1,2.3312674926006203,1.5871565797619158,0.5548641775069245,0.2176678065956868,0.2274680158973884,2,1,0,2.475210611294118,0.971659614573534,0.520896631263184,0.4844099172237897,0.588974360423072,0.6621518331115716,-0.0189228907680046,0.4079319855776932,0.6,4.0,4.0,0.033042002510394,0.0172233249139546,0.5548641775069246,0.2176678065956869,0.2274680158973885,1.0,False,False,-0.1553788595192696,0.2420397772830048,1836,True,official_matchdays,False,,,5,1,1,0,0,0,0,0,2:1,1:0,2:1,2:1
758d41234bce72ceb619,D1,2024,2024-09-28,2024-09-24,SC Freiburg,FC St. Pauli,0,3,1.9525255249587945,0.4513606598500179,0.5885322755138839,0.2351244139920664,0.1763433104940497,1,0,0,5.558763566911256,1.0800640715445642,0.1950783052459971,-0.3797474018204005,0.0813329074439169,-0.3791863841427295,0.0,0.0,0.6,4.0,4.0,0.0384952006156197,-0.0477286554443399,0.588532275513884,0.2351244139920663,0.1763433104940497,1.0,False,True,-0.1553788595192696,0.2420397772830048,1836,True,official_matchdays,False,,,5,0,3,0,0,0,0,0,2:1,1:0,1:0,1:0
90a53649aea5d0b0a7b3,D1,2024,2024-09-28,2024-09-24,1. FSV Mainz 05,1. FC Heidenheim 1846,0,2,1.6080253682135677,1.3356346343053642,0.5188556566970091,0.2526007802340702,0.2285435630689206,2,1,0,3.3320712465027045,0.9281633807437422,0.140029428591483,0.0412080086257971,0.1524576729818125,-0.0106717192257744,-0.0451893006234988,0.0,0.6,4.0,4.0,0.0096830773966835,-0.0006212055358194,0.5188556566970092,0.2526007802340703,0.2285435630689206,1.0,False,False,-0.1553788595192696,0.2420397772830048,1836,True,official_matchdays,False,,,5,0,2,0,0,0,0,0,2:1,1:0,2:1,2:1
afd1677c15c1a91baf4a,D1,2024,2024-09-28,2024-09-24,Borussia Mönchengladbach,1. FC Union Berlin,1,0,1.4941156620020295,1.2421892004812305,0.4525253269478724,0.2710038681156751,0.2764708049364524,2,1,3,2.4552608998592187,0.4496077201494021,-0.3151397294070864,0.1888788980104074,-0.3602771037400781,-0.2336981852553569,-0.1506005923105142,0.1528845998473309,0.6,4.0,4.0,-0.0461946784590447,0.0398816368892108,0.4525253269478725,0.2710038681156751,0.2764708049364524,1.0,False,False,-0.1553788595192696,0.2420397772830048,1836,True,official_matchdays,False,,,5,1,0,3,3,4,3,3,2:1,1:0,2:1,2:1
f47e38c2c9cdfd1dda88,D1,2024,2024-09-28,2024-09-24,RB Leipzig,FC Augsburg,4,0,2.715371076210289,0.764454444109176,0.676395030850014,0.1840001808059424,0.1396047883440435,2,0,2,2.796351994595196,0.1580657395237681,0.1463211922251114,-0.3041203176889068,0.3420689621400357,-0.4260870651547576,0.1800767578355104,1.6625030399424552,0.6,4.0,4.0,0.0637795185978688,-0.0716694748710586,0.676395030850014,0.1840001808059425,0.1396047883440435,1.0,False,False,-0.1553788595192696,0.2420397772830048,1836,True,official_matchdays,False,,,5,4,0,2,2,2,2,2,2:1,1:0,2:0,2:0
98990d1d9de24253fe15,D1,2024,2024-09-29,2024-09-24,TSG 1899 Hoffenheim,SV Werder Bremen,3,4,1.968210483511824,1.43510480164805,0.4058590173939579,0.2520598108025632,0.3420811718034788,2,1,0,4.647208194613217,0.6611128747172965,-0.1657905738972659,0.0394899721981951,0.1813954072302197,0.0567325280089236,0.1157030032631358,0.315104995867534,0.6,4.0,4.0,-0.0080418308984665,0.001726800813513,0.4058590173939579,0.2520598108025633,0.3420811718034788,1.0,False,False,-0.1553788595192696,0.2420397772830048,1836,True,official_matchdays,False,,,5,3,4,0,0,0,0,0,2:1,1:0,2:1,2:1
e4e08eece010c53fa468,D1,2024,2024-09-29,2024-09-24,Holstein Kiel,Eintracht Frankfurt,2,4,1.0365956540865384,2.2326419102011212,0.2172001763143159,0.2259086739495597,0.5568911497361242,1,2,2,3.9797661231701422,0.2945560987387923,-0.3984310600409677,0.2209734862339726,-0.4245027836435801,-0.1410344518483504,0.0,0.0,0.6,4.0,4.0,-0.0508917803157954,0.0420189016254456,0.217200176314316,0.2259086739495598,0.5568911497361243,1.0,True,False,-0.1553788595192696,0.2420397772830048,1836,True,official_matchdays,False,,,5,2,4,2,2,2,2,2,1:2,0:1,1:2,1:2
23954d5f8c0876174e3e,D1,2024,2024-10-04,2024-10-01,FC Augsburg,Borussia Mönchengladbach,2,1,1.5945538112566895,1.6564131051240272,0.3950014363688596,0.255960930767021,0.3490376328641195,2,1,4,2.400160832711267,0.5533665292302506,-0.3756255515734906,-0.1018078364758634,-0.0591520832478217,-0.1391090589248859,0.0017467205109372,-0.2918739463665169,0.5,5.0,5.0,-0.0360332516375904,0.0121615822351227,0.3950014363688595,0.255960930767021,0.3490376328641195,1.0,False,False,-0.1525293405805131,0.2339533463402189,1827,True,official_matchdays,False,,,6,2,1,4,4,3,0,4,2:1,1:0,1:2,2:1
23901655fe5782228da9,D1,2024,2024-10-05,2024-10-01,SV Werder Bremen,SC Freiburg,0,1,1.5169825754137738,1.3638951012429723,0.3677811550151975,0.2644376899696048,0.3677811550151975,1,2,3,2.7072855037571353,0.6048909378146914,0.1456810760155538,0.0272552595118359,-0.1049146326256919,0.1161982997463487,-0.0338731461778312,-0.472437528002281,0.5,5.0,5.0,0.0056062182170435,0.0030405985593259,0.3677811550151976,0.2644376899696048,0.3677811550151976,1.0,False,False,-0.1525293405805131,0.2339533463402189,1827,True,official_matchdays,False,,,6,0,1,3,0,0,0,0,2:1,1:0,2:1,2:1
8058b8ac92d08ea2839f,D1,2024,2024-10-05,2024-10-01,1. FC Union Berlin,Borussia Dortmund,2,1,1.098803294122094,1.7482264163027228,0.2845064010955184,0.2716109268248998,0.4438826720795817,1,2,0,2.54200681326608,0.7827354122164778,0.0344395016215686,0.2745775046634351,0.1978940016808074,-0.1584322950647703,-0.2050824360308865,-1.349877200967723,0.5,5.0,5.0,-0.0374125118846557,0.0528633621989059,0.2845064010955183,0.2716109268248999,0.4438826720795818,1.0,False,False,-0.1525293405805131,0.2339533463402189,1827,True,official_matchdays,False,,,6,2,1,0,0,0,0,0,1:2,0:1,1:2,1:2
874599b94ded7a76be83,D1,2024,2024-10-05,2024-10-01,VfL Bochum,VfL Wolfsburg,1,3,1.2494918706268918,1.6206813128448256,0.3163877557938507,0.2556413066814314,0.4279709375247179,1,2,2,3.0252802550195264,0.4926709380144093,-0.4565082767881477,-0.2328825244053895,-0.2707376468943893,-0.0623871060595133,-0.1191301203300332,0.0,0.5,5.0,5.0,-0.0399632074750469,0.00549366741537,0.3163877557938508,0.2556413066814314,0.4279709375247178,1.0,False,False,-0.1525293405805131,0.2339533463402189,1827,True,official_matchdays,False,,,6,1,3,2,2,2,2,2,1:2,0:1,1:2,1:2
b0f803d3b282c823edfb,D1,2024,2024-10-05,2024-10-01,FC St. Pauli,1. FSV Mainz 05,0,3,1.101919404963852,1.1663305308402392,0.3927398430702422,0.2802003558746757,0.3270598010550822,1,0,0,3.6741360357256623,0.6856053351231589,-0.0805212578822385,-0.021796271674823,-0.2240892159741452,0.1205319172055057,0.0,0.0,0.5,5.0,5.0,-0.0069623122044827,0.0018464357266296,0.3927398430702422,0.2802003558746757,0.3270598010550822,1.0,True,False,-0.1525293405805131,0.2339533463402189,1827,True,official_matchdays,False,,,6,0,3,0,0,0,0,0,2:1,1:0,1:1,1:1
b17d01461464a4752846,D1,2024,2024-10-05,2024-10-01,Bayer 04 Leverkusen,Holstein Kiel,2,2,4.334734001259117,0.7382105753419467,0.8850450548695452,0.0769297535731901,0.0380251915572646,3,0,0,3.805730329111045,1.6368093441804543,0.3746673083024162,-0.4669114668433262,0.3605448037281928,-0.2036673499730112,0.0,0.0,0.5,5.0,5.0,0.0608123041724079,-0.0654245120994534,0.8850450548695452,0.0769297535731901,0.0380251915572646,1.0,False,True,-0.1525293405805131,0.2339533463402189,1827,True,official_matchdays,False,,,6,2,2,0,0,0,0,0,2:1,1:0,3:0,3:0
09ca0b41151a281b667d,D1,2024,2024-10-06,2024-10-01,1. FC Heidenheim 1846,RB Leipzig,0,1,1.2081743727324763,1.7724084592982194,0.2065053802267639,0.2265212681447245,0.5669733516285117,1,2,3,2.465121609391689,0.2814684351843391,0.1698827374283593,0.2656441557487326,0.057594553656595,0.2981657533075185,-0.0954534722453976,0.0,0.5,5.0,5.0,-0.0010666076568705,0.0228429523157251,0.2065053802267639,0.2265212681447244,0.5669733516285116,1.0,False,False,-0.1525293405805131,0.2339533463402189,1827,True,official_matchdays,False,,,6,0,1,3,3,4,3,3,1:2,0:1,1:2,1:2
c6530f319a5f226a89d9,D1,2024,2024-10-06,2024-10-01,Eintracht Frankfurt,Bayern München,3,3,1.38845139151398,2.307332138340599,0.1735784905829195,0.1971994810539972,0.6292220283630834,1,2,0,3.8967266594653216,1.070538526590369,0.3742034333155701,0.3678017488061383,0.2952626525155157,0.3670726383487639,-0.0031920784653595,-1.3351176421700277,0.5,5.0,5.0,0.0021816814408567,0.0349185776652286,0.1735784905829195,0.1971994810539972,0.6292220283630833,1.0,False,False,-0.1525293405805131,0.2339533463402189,1827,True,official_matchdays,False,,,6,3,3,0,0,0,0,0,1:2,0:1,1:2,1:2
f8181a0a3add6aa40c25,D1,2024,2024-10-06,2024-10-01,Stuttgart,TSG 1899 Hoffenheim,1,1,2.7021528015682432,1.328872474377779,0.7301358704599497,0.1513414541617933,0.118522675378257,2,1,0,2.822141941589394,1.2673673413353477,0.3095510323320639,-0.2364525881125618,0.4913082218810759,-0.3143027673053993,0.091594453271761,0.6460820068850228,0.5,5.0,5.0,0.0554334803884853,-0.0517785581775102,0.7301358704599497,0.1513414541617933,0.118522675378257,1.0,False,False,-0.1525293405805131,0.2339533463402189,1827,True,official_matchdays,False,,,6,1,1,0,0,0,0,0,2:1,1:0,2:1,2:1
964912d0e843cdba6adc,D1,2024,2024-10-18,2024-10-15,Borussia Dortmund,FC St. Pauli,2,1,2.731090821034753,0.664387274223679,0.7337667017397196,0.1680479684054253,0.0981853298548552,2,0,2,2.571139755931962,0.1087606477864449,0.0613147285938048,-0.2339866976245035,0.5931259050121606,-0.0253788929514954,0.0,0.0,0.4,6.0,6.0,0.0178308077406056,-0.0264644061921405,0.7337667017397195,0.1680479684054253,0.0981853298548552,1.0,False,True,-0.144452398454577,0.2230457071365026,1827,True,official_matchdays,False,,,7,2,1,2,4,3,2,2,2:1,1:0,2:0,2:0
5744a19e6808a73a4e26,D1,2024,2024-10-19,2024-10-15,Borussia Mönchengladbach,1. FC Heidenheim 1846,3,2,1.6653389337088884,1.533456310155317,0.5191374750539485,0.2527379812762644,0.2281245436697872,2,1,3,3.028333312644408,0.3471460625016421,-0.2040211041999241,0.0188562794677159,-0.182261990544402,0.1641208634589943,0.0430945092356823,0.0,0.4,6.0,6.0,-0.019190198931594,0.0099319576949836,0.5191374750539484,0.2527379812762643,0.2281245436697873,1.0,False,False,-0.144452398454577,0.2230457071365026,1827,True,official_matchdays,False,,,7,3,2,3,3,3,3,3,2:1,1:0,2:1,2:1
6ddd2cabacb3020dbc70,D1,2024,2024-10-19,2024-10-15,TSG 1899 Hoffenheim,VfL Bochum,3,1,2.4565719397662633,1.2308335277417148,0.5646493153548657,0.216194557680917,0.2191561269642173,2,1,2,2.687452161198576,0.2842997133777906,-0.2166816916452375,-0.5479541436367352,-0.0084963714991099,-0.471597830304802,-0.0763808928079154,0.0,0.4,6.0,6.0,0.0019104933769172,-0.0401422851410158,0.5646493153548657,0.216194557680917,0.2191561269642173,1.0,False,False,-0.144452398454577,0.2230457071365026,1827,True,official_matchdays,False,,,7,3,1,2,2,2,2,2,2:1,1:0,2:1,2:1
7e9bec537f1f255ae5c8,D1,2024,2024-10-19,2024-10-15,SC Freiburg,FC Augsburg,3,1,1.9262940871198415,1.062964177238642,0.5520809490828128,0.2456830822005357,0.2022359687166515,2,1,2,2.7673095528774003,0.3018910400968714,0.1790708786541721,-0.124741208189363,-0.0861099296566556,-0.4823086557554836,0.2082556090411352,0.5526648635588448,0.4,6.0,6.0,0.0400835773625305,-0.0373670938392901,0.5520809490828129,0.2456830822005357,0.2022359687166514,1.0,False,False,-0.144452398454577,0.2230457071365026,1827,True,official_matchdays,False,,,7,3,1,2,2,2,2,2,2:1,1:0,2:1,2:1
8a429342527fa04c755c,D1,2024,2024-10-19,2024-10-15,Bayer 04 Leverkusen,Eintracht Frankfurt,2,1,2.3478287862563154,1.0557624413829316,0.6591398205476278,0.189633480117869,0.1512266993345032,2,1,4,2.3206200353946875,0.1750160333095258,0.2412151961178606,0.3109463198380091,0.236259475278746,0.0571797047829249,0.1883076249508759,0.9271856565923344,0.4,6.0,6.0,0.0272614414333527,0.0003466343644407,0.6591398205476278,0.189633480117869,0.1512266993345032,1.0,False,False,-0.144452398454577,0.2230457071365026,1827,True,official_matchdays,False,,,7,2,1,4,4,3,4,4,2:1,1:0,2:1,2:1
ab0482878f61d896bdd6,D1,2024,2024-10-19,2024-10-15,1. FSV Mainz 05,RB Leipzig,0,2,1.0201375717825862,1.7976650066771511,0.2378819114071255,0.2509250449307537,0.5111930436621206,1,2,2,2.3932625147529154,0.3584834225125098,0.1711578261751125,0.3746297187169344,-0.0116009433883321,0.3578819650024244,0.1080980925189686,-1.810193594419868,0.4,6.0,6.0,-0.0143127346365857,0.041602111881188,0.2378819114071255,0.2509250449307537,0.5111930436621207,1.0,False,False,-0.144452398454577,0.2230457071365026,1827,True,official_matchdays,False,,,7,0,2,2,2,2,2,2,1:2,0:1,1:2,1:2
d071174cff6b4673962c,D1,2024,2024-10-19,2024-10-15,Bayern München,Stuttgart,4,0,2.9057852206414108,1.295329741953592,0.7095754110535267,0.1660185103851406,0.1244060785613326,3,1,2,3.092936083934424,0.1273854600382374,0.3023800572076656,0.1911127471770801,0.4203335825034565,0.1276877047601961,0.0996384128739369,1.1625088286680467,0.4,6.0,6.0,0.0372893772922898,-0.0126147370730525,0.7095754110535268,0.1660185103851406,0.1244060785613326,1.0,False,False,-0.144452398454577,0.2230457071365026,1827,True,official_matchdays,False,,,7,4,0,2,2,2,2,2,2:1,1:0,3:1,3:1
30c3fe1094a67b7a8d33,D1,2024,2024-10-20,2024-10-15,VfL Wolfsburg,SV Werder Bremen,2,4,1.7210222630076033,1.191996438848316,0.4613997669253942,0.2609556058840343,0.2776446271905715,2,1,0,4.884853368814701,0.80278485778776,-0.0615928865426029,-0.0009971990633341,-0.236020054038764,0.2233079419691549,0.089624652297706,0.0,0.4,6.0,6.0,-0.0016281960862082,-0.0015013081940885,0.4613997669253941,0.2609556058840343,0.2776446271905715,1.0,False,False,-0.144452398454577,0.2230457071365026,1827,True,official_matchdays,False,,,7,2,4,0,0,0,0,0,2:1,1:0,2:1,2:1
403a9508356c97b96dad,D1,2024,2024-10-20,2024-10-15,Holstein Kiel,1. FC Union Berlin,0,2,1.2169331602252729,1.7070794200425818,0.2778981581798483,0.2795232936078006,0.4425785482123509,1,2,2,2.6132478289084227,0.4660793329021552,-0.3931886850458084,0.2050201842311964,-0.4982063283730266,-0.3490123214672548,0.0,0.0,0.4,6.0,6.0,-0.0495698777161406,0.04016145267541,0.2778981581798483,0.2795232936078006,0.442578548212351,1.0,True,False,-0.144452398454577,0.2230457071365026,1827,True,official_matchdays,False,,,7,0,2,2,2,2,2,2,1:2,0:1,1:2,1:2
af96f8545a33dae65039,D1,2024,2024-10-25,2024-10-22,1. FSV Mainz 05,Borussia Mönchengladbach,1,1,1.7129741799905422,1.3947472542263843,0.4087173990710967,0.2554483744194354,0.3358342265094677,2,1,0,2.1419492616024653,0.8341916631533157,-0.0396869165869428,-0.0106532995074666,-0.1862956623910389,-0.2346206157971631,0.098755558234459,-0.4395645008439298,0.3,7.0,7.0,-0.0017949825279274,-0.000722028276793,0.4087173990710968,0.2554483744194354,0.3358342265094677,1.0,False,False,-0.1430949291095676,0.2215927516395639,1827,True,official_matchdays,False,,,8,1,1,0,0,0,0,0,2:1,1:0,2:1,2:1
202bebea4c6e6b49b5bd,D1,2024,2024-10-26,2024-10-22,SV Werder Bremen,Bayer 04 Leverkusen,2,2,1.1364388897054902,2.1523029639992206,0.1698912090082063,0.1955482487359763,0.6345605422558173,1,2,0,3.0404042922716643,1.0786727247980217,0.1720572144006528,0.311163409395413,-0.2065697189255368,0.4803636506131158,-0.2440105763800188,-1.7157638458429103,0.3,7.0,7.0,-0.0234212066925281,0.0475822378823314,0.1698912090082064,0.1955482487359763,0.6345605422558174,1.0,False,False,-0.1430949291095676,0.2215927516395639,1827,True,official_matchdays,False,,,8,2,2,0,0,0,0,0,1:2,0:1,1:2,1:2
30d4d2f1f26d4b50bd14,D1,2024,2024-10-26,2024-10-22,Stuttgart,Holstein Kiel,2,1,3.3211286279418037,0.994406174880326,0.7784538456713235,0.1341033935820347,0.0874427607466418,3,1,2,2.650631768879972,0.0747126550750383,-0.0328505467940231,-0.4563387794727955,0.3803262315093003,-0.185222722525835,0.0,0.0,0.3,7.0,7.0,0.0195318842942374,-0.0439913506075783,0.7784538456713235,0.1341033935820347,0.0874427607466418,1.0,False,True,-0.1430949291095676,0.2215927516395639,1827,True,official_matchdays,False,,,8,2,1,2,4,3,2,2,2:1,1:0,3:1,3:1
3c98fdc85e62072150e7,D1,2024,2024-10-26,2024-10-22,FC Augsburg,Borussia Dortmund,2,1,1.2344550181030334,2.399183808739061,0.2567526740826988,0.2418402712950673,0.5014070546222339,1,2,0,2.6282096381521582,0.8623123387282345,-0.2189411684905157,0.2336963520957522,0.0713909793224209,-0.2905837851317784,-0.234505297590733,-1.4888665474869087,0.3,7.0,7.0,-0.0564706984395276,0.0572084576197894,0.2567526740826988,0.2418402712950673,0.5014070546222339,1.0,False,False,-0.1430949291095676,0.2215927516395639,1827,True,official_matchdays,False,,,8,2,1,0,0,0,0,0,1:2,0:1,1:2,1:2
c2f0f32d1b2b5b4b2ee4,D1,2024,2024-10-26,2024-10-22,FC St. Pauli,VfL Wolfsburg,0,0,0.9681954663679708,1.376854430617633,0.366539911930493,0.2764939798088401,0.3569661082606667,1,0,0,2.2835936888986588,0.7852372707376307,-0.3145612631502112,-0.1638236330818856,-0.375785296909388,0.1216969031896664,0.0,0.0,0.3,7.0,7.0,-0.0232649446609268,-0.0006543001506779,0.366539911930493,0.2764939798088401,0.3569661082606667,1.0,True,False,-0.1430949291095676,0.2215927516395639,1827,True,official_matchdays,False,,,8,0,0,0,0,0,0,0,2:1,1:0,0:1,0:1
fb0ffbc7db8e50d2b2c4,D1,2024,2024-10-26,2024-10-22,RB Leipzig,SC Freiburg,3,1,2.1682416935568063,0.8415175122180616,0.5547400028597302,0.2329369429483818,0.2123230541918879,2,1,2,2.8329484562108016,0.2975971637848621,0.4801972557239814,0.3197734250406543,0.4295377067588434,0.2720898169976444,0.2493147104206856,1.1098381763836107,0.3,7.0,7.0,0.0528205761642767,-0.0128220421260449,0.5547400028597302,0.2329369429483818,0.2123230541918878,1.0,False,False,-0.1430949291095676,0.2215927516395639,1827,True,official_matchdays,False,,,8,3,1,2,2,2,2,2,2:1,1:0,2:1,2:1
23ee7368aa807d1f832e,D1,2024,2024-10-27,2024-10-22,1. FC Union Berlin,Eintracht Frankfurt,1,1,1.2558547310275183,1.2024715738557177,0.370320823678364,0.283509710709252,0.3461694656123839,1,0,0,2.000411426617084,0.7703291460201251,0.3611163756376254,0.1345757235634487,0.3424224242175928,-0.1103949039879503,-0.0679361559833379,-0.7298161782879538,0.3,7.0,7.0,0.0205124222492635,0.0042721827107901,0.370320823678364,0.283509710709252,0.3461694656123839,1.0,False,False,-0.1430949291095676,0.2215927516395639,1827,True,official_matchdays,False,,,8,1,1,0,0,0,4,4,2:1,1:0,1:1,1:1
4d8b33dabdc09825a789,D1,2024,2024-10-27,2024-10-22,VfL Bochum,Bayern München,0,5,0.9507934123909462,3.4300641680501696,0.066221188932855,0.1022710126406872,0.8315077984264575,1,3,2,2.9998513383999885,0.0432342278813317,-0.5594882335792728,0.3969794948015944,-0.3320777400329501,0.2349850198376707,-0.2113260869290205,0.0,0.3,7.0,7.0,-0.086364102444458,0.0782386655055741,0.066221188932855,0.1022710126406873,0.8315077984264577,1.0,False,False,-0.1430949291095676,0.2215927516395639,1827,True,official_matchdays,False,,,8,0,5,2,2,2,2,2,1:2,0:1,1:3,1:3
ab3b065787ef9718f436,D1,2024,2024-10-27,2024-10-22,1. FC Heidenheim 1846,TSG 1899 Hoffenheim,0,0,2.034234435413396,1.523320461294872,0.417387767318887,0.26186794168774,0.320744290993373,2,1,0,3.1004835092427148,0.8219283840205803,-0.1050360636900011,-0.0483027706326833,-0.0532018699738536,-0.3173418471559855,-0.0409773071865958,0.0,0.3,7.0,7.0,-0.0101373331966957,0.0024703914805615,0.417387767318887,0.26186794168774,0.3207442909933729,1.0,False,False,-0.1430949291095676,0.2215927516395639,1827,True,official_matchdays,False,,,8,0,0,0,0,0,0,0,2:1,1:0,2:1,2:1
f56dc509fd20f85bed0b,D1,2024,2024-11-01,2024-10-29,Bayer 04 Leverkusen,Stuttgart,0,0,2.3066404251897823,1.1666182633582332,0.6145051804215791,0.1997141836370132,0.1857806359414076,2,1,0,3.2003847802888816,1.0525884493275235,0.1957501715786115,0.0863375906142952,0.3104127908658338,-0.0915098205233776,0.1112319591658878,0.7545768430903537,0.1999999999999999,8.0,8.0,0.0245926198008925,-0.0104882316912472,0.6145051804215792,0.1997141836370132,0.1857806359414076,1.0,False,False,-0.1591808965410285,0.2208393547694654,1827,True,official_matchdays,False,,,9,0,0,0,0,0,0,0,2:1,1:0,2:1,2:1
23fa66695a234bc7502f,D1,2024,2024-11-02,2024-10-29,TSG 1899 Hoffenheim,FC St. Pauli,0,2,1.788376088836357,0.7857266633872906,0.5094581682357894,0.2449568686146506,0.24558496314956,1,0,0,3.2102267772744524,0.8886935404897118,-0.1024473796766928,-0.277927319637646,0.1925906648575803,-0.1741092062380539,0.0,0.0,0.1999999999999999,8.0,8.0,0.003651628014213,-0.0226703629799299,0.5094581682357893,0.2449568686146506,0.24558496314956,1.0,False,True,-0.1591808965410285,0.2208393547694654,1827,True,official_matchdays,False,,,9,0,2,0,0,0,0,0,2:1,1:0,1:0,1:0
3dfebd62bbb9070387b5,D1,2024,2024-11-02,2024-10-29,Bayern München,1. FC Union Berlin,3,0,2.753258707700528,0.7911373839997518,0.8177461889110001,0.1200455509442747,0.0622082601447249,2,0,2,2.2416835960971913,0.051497253588213,0.5380649459124579,0.2367283559245542,0.4970556764567231,-0.090061342675067,0.3255496151989864,2.064933820457981,0.1999999999999999,8.0,8.0,0.0685722266572573,-0.0298325615654066,0.8177461889110003,0.1200455509442748,0.0622082601447249,1.0,False,False,-0.1591808965410285,0.2208393547694654,1827,True,official_matchdays,False,,,9,3,0,2,2,2,2,2,2:1,1:0,2:0,2:0
7fcec9aea9197c5b7534,D1,2024,2024-11-02,2024-10-29,Eintracht Frankfurt,VfL Bochum,7,2,2.4541247206376573,0.9196701233921052,0.7188024206391338,0.1625862618112326,0.1186113175496337,2,0,2,6.44593630836523,0.1195750158190213,0.0876859505024155,-0.5851128817683425,0.1793914840334998,-0.5001651845879409,-0.0810884028642246,0.0,0.1999999999999999,8.0,8.0,0.0339698189954474,-0.0588411655587437,0.7188024206391337,0.1625862618112326,0.1186113175496337,1.0,False,False,-0.1591808965410285,0.2208393547694654,1827,True,official_matchdays,False,,,9,7,2,2,2,2,2,2,2:1,1:0,2:0,2:0
aadc430b58fe3149f466,D1,2024,2024-11-02,2024-10-29,VfL Wolfsburg,FC Augsburg,1,1,1.83256621746897,1.206739696784343,0.4775071962138203,0.2505977713811432,0.2718950324050364,2,1,0,2.1443719898715967,0.8635437313414291,-0.1337310397061429,-0.0028369379906541,-0.3069124056272529,-0.5757485756805371,-0.1448058911123131,0.0,0.1999999999999999,8.0,8.0,-0.0204715516266972,0.0136431527418573,0.4775071962138203,0.2505977713811432,0.2718950324050365,1.0,False,False,-0.1591808965410285,0.2208393547694654,1827,True,official_matchdays,False,,,9,1,1,0,0,0,0,0,2:1,1:0,2:1,2:1
abe41a0d538ce94d70ca,D1,2024,2024-11-02,2024-10-29,Borussia Dortmund,RB Leipzig,2,1,1.5259742199682775,1.7185051602473949,0.427461634316378,0.2551163600031434,0.3174220056804786,2,1,4,2.283697231655284,0.4936412670111441,0.0277784737481921,0.5667980387775066,0.6031629405483692,0.4230321111924267,-0.2576529188765385,-0.1736364924555465,0.1999999999999999,8.0,8.0,-0.0393128829701607,0.0690417085964457,0.4274616343163779,0.2551163600031434,0.3174220056804787,1.0,False,False,-0.1591808965410285,0.2208393547694654,1827,True,official_matchdays,False,,,9,2,1,4,4,3,0,4,2:1,1:0,1:2,2:1
ef22d2e3ab7e0cad362a,D1,2024,2024-11-02,2024-10-29,Holstein Kiel,1. FC Heidenheim 1846,1,0,1.3003603774897765,2.089851781381717,0.3435268373601465,0.2746246063710054,0.3818485562688481,1,2,0,3.0855779839452566,0.6521840076154048,-0.4881094015941936,-0.1523024403236034,-0.546416317217227,0.0341854283020774,0.0,0.0,0.1999999999999999,8.0,8.0,-0.0411958181432391,0.0091752260473493,0.3435268373601465,0.2746246063710053,0.3818485562688481,1.0,True,False,-0.1591808965410285,0.2208393547694654,1827,True,official_matchdays,False,,,9,1,0,0,0,0,0,0,1:2,0:1,1:2,1:2
6c92bd7b135dfca90b68,D1,2024,2024-11-03,2024-10-29,Borussia Mönchengladbach,SV Werder Bremen,4,1,1.8658097783483083,1.4651820747034503,0.4539237817022972,0.2463152303810915,0.2997609879166113,2,1,2,3.636290160112984,0.4487270787847533,-0.0047652650943131,0.0750069726062165,0.0071964707395467,0.376118469892175,-0.0269145933144262,0.2116466108099532,0.1999999999999999,8.0,8.0,-0.0045143717514136,0.0080264571270088,0.4539237817022972,0.2463152303810915,0.2997609879166114,1.0,False,False,-0.1591808965410285,0.2208393547694654,1827,True,official_matchdays,False,,,9,4,1,2,2,2,2,2,2:1,1:0,2:1,2:1
d29db296f957b1897056,D1,2024,2024-11-03,2024-10-29,SC Freiburg,1. FSV Mainz 05,0,0,1.6290089039615538,1.1164107288190033,0.5612871025513049,0.2415666010980299,0.197146296350665,2,1,0,2.6506949670726936,0.929131094225218,0.1457099014108352,-0.0953794899807705,0.12229205001689,0.3079704894384712,0.0551630947812392,0.7003554180362578,0.1999999999999999,8.0,8.0,0.0255998964693652,-0.023083375897862,0.5612871025513051,0.24156660109803,0.197146296350665,1.0,False,False,-0.1591808965410285,0.2208393547694654,1827,True,official_matchdays,False,,,9,0,0,0,0,0,0,0,2:1,1:0,2:1,2:1
6c45f0ad2320e74290b3,D1,2024,2024-11-08,2024-11-05,1. FC Union Berlin,SC Freiburg,0,0,1.2252645180274957,1.0650888029318164,0.3814755185150109,0.3023013542949143,0.3162231271900747,1,0,0,2.1737490927756027,0.7323040376148773,0.0413664508946745,0.05670807471412,0.2213930466312123,0.0497406330155189,0.079914765456789,-0.3246991619322742,0.0999999999999999,9.0,9.0,0.0044852317217702,0.0004184945586695,0.3814755185150108,0.3023013542949143,0.3162231271900748,1.0,False,False,-0.1634204197721546,0.2288439986288204,1827,True,official_matchdays,False,,,10,0,0,0,0,0,3,3,2:1,1:0,1:1,1:1
6d78baea12ec5228a4d8,D1,2024,2024-11-09,2024-11-05,FC St. Pauli,Bayern München,0,1,0.7450022940834158,2.1302509191709107,0.0837882907448569,0.1382748959980154,0.7779368132571275,0,2,2,2.1127435752049335,0.0754524834356065,-0.0317478023923714,0.593634876372111,-0.3152079476367856,0.4018604161324069,0.0,0.0,0.0999999999999999,9.0,9.0,-0.0328565240578426,0.0609508777568296,0.083788290744857,0.1382748959980154,0.7779368132571275,1.0,True,False,-0.1634204197721546,0.2288439986288204,1827,True,official_matchdays,False,,,10,0,1,2,3,4,2,2,1:2,0:1,0:2,0:2
6e296945eb3013505b79,D1,2024,2024-11-09,2024-11-05,SV Werder Bremen,Holstein Kiel,2,1,2.3318706625268364,1.1955442768047193,0.5834126848707349,0.2225108844623268,0.1940764306669382,2,1,4,2.3995250575192344,0.2607217457712354,-0.0912993176638217,-0.2236451563197067,-0.1721118997438779,-0.2932606872941741,0.0,0.0,0.0999999999999999,9.0,9.0,0.0020523260496031,-0.0177995497487795,0.583412684870735,0.2225108844623268,0.1940764306669382,1.0,False,True,-0.1634204197721546,0.2288439986288204,1827,True,official_matchdays,False,,,10,2,1,4,4,3,4,4,2:1,1:0,2:1,2:1
a4c91cddb571ebcfec60,D1,2024,2024-11-09,2024-11-05,VfL Bochum,Bayer 04 Leverkusen,1,1,0.900519921131691,2.7645839544044413,0.09456249901694,0.1436840366799314,0.7617534643031285,0,2,0,2.725935040385711,1.3224874356349234,-0.612763155641594,0.1010726120461714,-0.4051894825636479,0.3345511116945139,-0.1942363430371747,0.0,0.0999999999999999,9.0,9.0,-0.0760417633183267,0.0504572361385555,0.09456249901694,0.1436840366799314,0.7617534643031285,1.0,False,False,-0.1634204197721546,0.2288439986288204,1827,True,official_matchdays,False,,,10,1,1,0,0,0,0,0,1:2,0:1,0:2,0:2
c93de290ed8ec2629ef7,D1,2024,2024-11-09,2024-11-05,1. FSV Mainz 05,Borussia Dortmund,3,1,1.3037830403411907,1.883358284130956,0.277412106983912,0.2566432861401967,0.4659446068758912,1,2,0,3.440195960110844,0.805103416130997,-0.1009544414661939,0.1393884542544379,-0.2189625621530571,-0.395677590293587,0.0401847721800635,-1.6256777216535043,0.0999999999999999,9.0,9.0,-0.0191198225544718,0.021041523193884,0.2774121069839121,0.2566432861401967,0.4659446068758912,1.0,False,False,-0.1634204197721546,0.2288439986288204,1827,True,official_matchdays,False,,,10,3,1,0,0,0,0,0,1:2,0:1,1:2,1:2
e6005c3450a2582b489f,D1,2024,2024-11-09,2024-11-05,RB Leipzig,Borussia Mönchengladbach,0,0,2.5696971096021444,0.961128658869188,0.6026284163597597,0.2087536344252761,0.1886179492149641,2,0,0,3.066821902650918,1.0248085500055404,0.3076630334575141,0.2051847807897953,0.4851285841054203,-0.2151788599836887,0.1261757433154667,1.3102849071669298,0.0999999999999999,9.0,9.0,0.0300915637399523,-0.0044491730275868,0.6026284163597597,0.2087536344252762,0.1886179492149641,1.0,False,False,-0.1634204197721546,0.2288439986288204,1827,True,official_matchdays,False,,,10,0,0,0,0,0,0,0,2:1,1:0,2:0,2:0
3c518546a412a3ebedce,D1,2024,2024-11-10,2024-11-05,FC Augsburg,TSG 1899 Hoffenheim,0,0,1.78485176697336,1.6718858340733174,0.4544951386454623,0.2518310794605465,0.2936737818939912,2,1,0,3.071087541391123,0.8525668548854486,-0.0250385141335265,-0.2575054715564262,0.2152769700776415,-0.2596674585022766,-0.1508964387489398,-0.5144433545733387,0.0999999999999999,9.0,9.0,0.0015404918405883,-0.0156676911250859,0.4544951386454623,0.2518310794605464,0.2936737818939911,1.0,False,False,-0.1634204197721546,0.2288439986288204,1827,True,official_matchdays,False,,,10,0,0,0,0,0,0,0,2:1,1:0,2:1,2:1
c203a709e4aa5383801b,D1,2024,2024-11-10,2024-11-05,Stuttgart,Eintracht Frankfurt,2,3,1.883560493739044,1.400336119361471,0.5009869572159993,0.2368527446243957,0.262160298159605,2,1,0,3.524072557277304,0.8514945795485775,0.0714850567939698,0.2843405161389268,0.4285958446270911,-0.0899015642038339,0.0843426638258092,0.1133860611282103,0.0999999999999999,9.0,9.0,-0.0025679217834383,0.0203592004300832,0.5009869572159992,0.2368527446243956,0.262160298159605,1.0,False,False,-0.1634204197721546,0.2288439986288204,1827,True,official_matchdays,False,,,10,2,3,0,0,0,0,0,2:1,1:0,2:1,2:1
f31d6707f767c6690eb6,D1,2024,2024-11-10,2024-11-05,1. FC Heidenheim 1846,VfL Wolfsburg,1,3,1.5190467597782409,1.2350307820057054,0.3373792894381,0.2867217384714184,0.3758989720904816,1,2,2,3.233890540245742,0.5855362332915471,-0.2855552485604082,-0.1123597558953102,-0.0663546485422649,0.1004915510636723,-0.0807594993576365,0.0,0.0999999999999999,9.0,9.0,-0.0269755120291571,0.0070797618063712,0.3373792894381001,0.2867217384714184,0.3758989720904815,1.0,False,False,-0.1634204197721546,0.2288439986288204,1827,True,official_matchdays,False,,,10,1,3,2,2,2,0,0,1:2,0:1,2:1,2:1
700aa9648ab97fabae2e,D1,2024,2024-11-22,2024-11-19,Bayern München,FC Augsburg,3,0,3.749360141993895,0.8449072842874399,0.8568656882533248,0.0939950608074166,0.0491392509392587,3,0,4,2.43735131247214,0.0317371686382558,0.6035804677501316,-0.0165659652558282,0.5533640537350272,-0.5351298219353591,0.1275002927265175,2.2471130351617545,0.0,10.0,10.0,0.0675613596741304,-0.0382106345494152,0.8568656882533247,0.0939950608074166,0.0491392509392587,1.0,False,False,-0.1795717707942979,0.227355957464966,1827,True,official_matchdays,False,,,11,3,0,4,2,2,4,4,2:1,1:0,3:0,3:0
21370d19b5dd9e362355,D1,2024,2024-11-23,2024-11-19,TSG 1899 Hoffenheim,RB Leipzig,4,3,1.1669613471846845,2.139741904917313,0.282444767826432,0.2616086783966133,0.4559465537769545,1,2,0,4.947455098069119,0.791211871733167,-0.2105815640226052,0.1928786894374347,-0.0187900667468561,0.1830972910917388,-0.1590239364783116,-1.1368911786292424,0.0,10.0,10.0,-0.0386532876980478,0.0377681439687893,0.2824447678264321,0.2616086783966133,0.4559465537769546,1.0,False,False,-0.1795717707942979,0.227355957464966,1827,True,official_matchdays,False,,,11,4,3,0,0,0,0,0,1:2,0:1,1:2,1:2
50f941e19e9193d7958c,D1,2024,2024-11-23,2024-11-19,Eintracht Frankfurt,SV Werder Bremen,1,0,2.171279204764561,1.2094981983332578,0.5599853467300461,0.2253117512725597,0.2147029019973943,2,1,3,2.879704069485062,0.2904756164798883,0.349855368637088,0.0818163673804438,0.3361992553784773,0.1557130896602479,0.0605002353289031,0.8530863294812238,0.0,10.0,10.0,0.0339197302611317,-0.0123361434602551,0.559985346730046,0.2253117512725596,0.2147029019973943,1.0,False,False,-0.1795717707942979,0.227355957464966,1827,True,official_matchdays,False,,,11,1,0,3,3,4,3,3,2:1,1:0,2:1,2:1
770157b9009e616881dc,D1,2024,2024-11-23,2024-11-19,Borussia Dortmund,SC Freiburg,4,0,2.2499635761675916,1.1445241906450798,0.569742230787762,0.2278968923151048,0.2023608768971331,2,1,2,3.392869277460854,0.2780086659929506,-0.0223220855857947,0.0471789173196657,0.6715641289731016,-0.0253336437299944,0.3248114096689234,1.0329097264011813,0.0,10.0,10.0,0.0116494160588834,-0.0104065744721898,0.5697422307877621,0.2278968923151048,0.2023608768971332,1.0,False,False,-0.1795717707942979,0.227355957464966,1827,True,official_matchdays,False,,,11,4,0,2,2,2,2,2,2:1,1:0,2:1,2:1
9d4dace42d68485e6de8,D1,2024,2024-11-23,2024-11-19,Stuttgart,VfL Bochum,2,0,2.7797773258186185,0.9355902977543868,0.729040704628241,0.156308236180523,0.1146510591912359,2,0,4,2.3868059022731933,0.1109960698198986,-0.0618628169058218,-0.5020120027710604,0.2310877883654297,-0.5430775562330802,0.1493526016054538,0.0,0.0,10.0,10.0,0.0263819485282435,-0.0545756895120876,0.729040704628241,0.156308236180523,0.1146510591912359,1.0,False,False,-0.1795717707942979,0.227355957464966,1827,True,official_matchdays,False,,,11,2,0,4,2,2,4,4,2:1,1:0,2:0,2:0
9e108b2976b844808435,D1,2024,2024-11-23,2024-11-19,Bayer 04 Leverkusen,1. FC Heidenheim 1846,5,2,2.4554763179097185,0.854660709586369,0.8049859418931585,0.1255482661668228,0.0694657919400187,2,0,2,4.489575706267072,0.0586183462466479,0.080257981356818,-0.4143447993434492,0.1951344126599231,-0.092461020923671,0.1703046246362584,0.0,0.0,10.0,10.0,0.0372582693346671,-0.0539626102339987,0.8049859418931583,0.1255482661668228,0.0694657919400187,1.0,False,False,-0.1795717707942979,0.227355957464966,1827,True,official_matchdays,False,,,11,5,2,2,2,2,2,2,2:1,1:0,2:0,2:0
b50508b6138d7af38fa8,D1,2024,2024-11-23,2024-11-19,VfL Wolfsburg,1. FC Union Berlin,1,0,1.365549859973673,1.0161881028410384,0.4133803470353531,0.2906189106430361,0.2960007423216108,1,0,4,2.2999741483735305,0.5161984079226525,0.0405909361593893,-0.0255738124228697,-0.2511118188728427,-0.2267106928456745,-0.0618962936364243,0.0,0.0,10.0,10.0,0.0022429695552612,-0.0014921133684352,0.4133803470353531,0.2906189106430361,0.2960007423216108,1.0,False,False,-0.1795717707942979,0.227355957464966,1827,True,official_matchdays,False,,,11,1,0,4,3,4,4,4,2:1,1:0,1:0,1:0
1c2e1851f18a765b48e7,D1,2024,2024-11-24,2024-11-19,Borussia Mönchengladbach,FC St. Pauli,2,0,1.3311797427450338,0.727891972225224,0.5271045620455593,0.253066115995348,0.2198293219590926,1,0,2,2.1048757952063255,0.3359974850960876,0.1054974210629706,-0.1264925634298436,0.2216268845920345,0.0579481109848666,0.0,0.0,0.0,10.0,10.0,0.0168743702777892,-0.0179241273961329,0.5271045620455592,0.253066115995348,0.2198293219590926,1.0,False,False,-0.1795717707942979,0.227355957464966,1827,True,official_matchdays,False,,,11,2,0,2,2,2,2,2,2:1,1:0,1:0,1:0
cf9e65036b30d14b91a6,D1,2024,2024-11-24,2024-11-19,Holstein Kiel,1. FSV Mainz 05,0,3,1.2630621445739545,1.8010127266041605,0.311096297616879,0.273657774694504,0.415245927688617,1,2,2,3.2384535075013035,0.5136068091264238,-0.2805980130914978,0.090058754368561,-0.2446506285349187,0.2566130942431553,0.0,0.0,0.0,10.0,10.0,-0.0325627390275778,0.023035776091431,0.3110962976168791,0.273657774694504,0.4152459276886169,1.0,False,False,-0.1795717707942979,0.227355957464966,1827,True,official_matchdays,False,,,11,0,3,2,2,2,2,2,1:2,0:1,1:2,1:2
a483a844a2643e52d0f0,D1,2024,2024-11-29,2024-11-26,FC St. Pauli,Holstein Kiel,3,1,1.1563556903843455,0.7195401315402434,0.559965188125797,0.2526492009749638,0.1873856108992392,1,0,2,3.318734983985416,0.2925756215865339,-0.2170631326259609,-0.3563293734574549,-0.3849317564406454,-0.3681823573302301,0.0,0.0,0.0,11.0,11.0,-0.0038898445897233,-0.0247797807144474,0.559965188125797,0.2526492009749638,0.1873856108992393,1.0,False,False,-0.1717414166096524,0.2361927381488834,1827,True,official_matchdays,False,,,12,3,1,2,2,2,2,2,2:1,1:0,1:0,1:0
2752236d36a7a76ff2eb,D1,2024,2024-11-30,2024-11-26,1. FC Union Berlin,Bayer 04 Leverkusen,1,2,0.9082541546882869,1.6378231320274417,0.2059246722856454,0.250012983323303,0.5440623443910517,0,1,3,2.313909263306272,0.3127906082883526,-0.1414836389385168,0.2114501681420835,0.1789610878971312,0.2149359306703451,-0.200459470458046,-1.6469478312577703,0.0,11.0,11.0,-0.0347438458238581,0.0382421722840364,0.2059246722856453,0.2500129833233031,0.5440623443910516,1.0,False,False,-0.1717414166096524,0.2361927381488834,1827,True,official_matchdays,False,,,12,1,2,3,4,3,3,3,1:2,0:1,0:1,0:1
540f028dc242db725529,D1,2024,2024-11-30,2024-11-26,RB Leipzig,VfL Wolfsburg,1,5,2.182796093469259,0.9086714134132484,0.56625665865169,0.2322751827964456,0.2014681585518644,2,1,0,7.130112314574721,1.012251465817049,0.0377206719458152,0.2100664234727372,0.3752568561546096,0.2152003888302774,0.2161109246426326,0.0,0.0,11.0,11.0,0.0040742922530762,0.0083150625178513,0.56625665865169,0.2322751827964456,0.2014681585518644,1.0,False,False,-0.1717414166096524,0.2361927381488834,1827,True,official_matchdays,False,,,12,1,5,0,0,0,0,0,2:1,1:0,2:1,2:1
825d1d6d97b7c40c4f22,D1,2024,2024-11-30,2024-11-26,SV Werder Bremen,Stuttgart,2,2,1.4227374895345062,1.691841095666064,0.3191489361702128,0.2553191489361702,0.4255319148936171,1,2,0,2.8085769599189856,0.8374830239927569,-0.0901845786051745,0.0820153605826273,0.0388935013474465,-0.1345769158415651,-0.0035218449490358,-0.966472390609434,0.0,11.0,11.0,-0.0132953181371006,0.0128868572359732,0.3191489361702128,0.2553191489361702,0.4255319148936171,1.0,False,False,-0.1717414166096524,0.2361927381488834,1827,True,official_matchdays,False,,,12,2,2,0,0,0,0,0,1:2,0:1,1:2,1:2
9e0c9a292fbde0126e10,D1,2024,2024-11-30,2024-11-26,FC Augsburg,VfL Bochum,1,0,1.9602936880866588,1.1210636764704849,0.5537900044428673,0.2419335120419597,0.2042764835151727,2,1,3,2.617654347355759,0.2993640661013781,-0.2065314717821311,-0.5284297400749768,0.1137764007553124,-0.5621172654938934,-0.0285594229814324,0.0,0.0,11.0,11.0,0.0043403686764641,-0.0410884292693195,0.5537900044428674,0.2419335120419597,0.2042764835151728,1.0,False,False,-0.1717414166096524,0.2361927381488834,1827,True,official_matchdays,False,,,12,1,0,3,3,4,3,3,2:1,1:0,2:1,2:1
b0af123f5d5105258a05,D1,2024,2024-11-30,2024-11-26,Borussia Dortmund,Bayern München,1,1,1.7853901670791514,2.3523199787623224,0.2110899723010911,0.2218399245942023,0.5670701031047065,1,2,0,2.53346131826197,0.9716605811968146,0.1306148468966782,0.6407501063243448,0.7399458772822262,0.4429463631469713,-0.1271011983899467,-0.6824564198339431,0.0,11.0,11.0,-0.0253310805460467,0.0638993282070979,0.2110899723010911,0.2218399245942023,0.5670701031047065,1.0,False,False,-0.1717414166096524,0.2361927381488834,1827,True,official_matchdays,False,,,12,1,1,0,0,0,0,0,1:2,0:1,1:2,1:2
d03bb66da8638ade51f4,D1,2024,2024-11-30,2024-11-26,SC Freiburg,Borussia Mönchengladbach,3,1,1.6772937508955428,1.3980526600856116,0.4783690148352136,0.2551301412454473,0.2665008439193391,2,1,2,2.8583865971105427,0.4082129734656274,-0.1509245563516479,0.2827890687724053,0.1042945055373099,-0.2393417358436123,0.1585713504750579,0.1906972628909788,0.0,11.0,11.0,-0.0213033415500321,0.02789656717107,0.4783690148352136,0.2551301412454473,0.2665008439193391,1.0,False,False,-0.1717414166096524,0.2361927381488834,1827,True,official_matchdays,False,,,12,3,1,2,2,2,2,2,2:1,1:0,2:1,2:1
ccbe1290aa74a9b80091,D1,2024,2024-12-01,2024-11-26,1. FSV Mainz 05,TSG 1899 Hoffenheim,2,0,1.92874029895634,1.3846605488465311,0.4589101413816863,0.2644135994664564,0.2766762591518573,2,1,2,2.7498137092326975,0.43924253906066,0.2829722765539474,0.0106502100951126,-0.0501738493527229,-0.2156698528427635,0.1376645768606666,-0.5754644608990315,0.0,11.0,11.0,0.0346479459936724,-0.0199668216612194,0.4589101413816863,0.2644135994664564,0.2766762591518573,1.0,False,False,-0.1717414166096524,0.2361927381488834,1827,True,official_matchdays,False,,,12,2,0,2,2,2,2,2,2:1,1:0,2:1,2:1
efd841533c49e9a4b529,D1,2024,2024-12-01,2024-11-26,1. FC Heidenheim 1846,Eintracht Frankfurt,0,4,1.3943870563349543,1.7218662947193155,0.2561317214625225,0.2589082170881325,0.4849600614493448,1,2,2,4.011939717452128,0.3979030619173735,-0.4693613254615772,0.4069142529742051,-0.2278973281119774,0.1096482807094461,-0.1298872526212036,0.0,0.0,11.0,11.0,-0.0737762078259281,0.0706538542015595,0.2561317214625226,0.2589082170881326,0.4849600614493447,1.0,False,False,-0.1717414166096524,0.2361927381488834,1827,True,official_matchdays,False,,,12,0,4,2,2,2,2,2,1:2,0:1,1:2,1:2
eaab78fbc06e0848238c,D1,2024,2024-12-06,2024-12-03,Stuttgart,1. FC Union Berlin,3,2,1.6653015746532178,0.8955579860302686,0.5247774358844752,0.2682521529800529,0.2069704111354719,1,0,3,3.756865229557622,0.340632454108554,0.0011424563988188,-0.273365468785347,0.3190183651612223,-0.283112781088882,0.0660928327060595,0.9430373761726524,0.0,12.0,12.0,0.0170871607144522,-0.0306983113337786,0.5247774358844752,0.268252152980053,0.2069704111354719,1.0,False,False,-0.1713825935938045,0.2308948297917618,1827,True,official_matchdays,False,,,13,3,2,3,3,3,3,3,2:1,1:0,1:0,1:0
1001dabfc97dfb8cedda,D1,2024,2024-12-07,2024-12-03,VfL Bochum,SV Werder Bremen,0,1,1.2834583788322544,1.7402057618273132,0.3052992254629069,0.2648175602081568,0.4298832143289363,1,2,3,2.792436278067321,0.4883691065667572,-0.5539941353695591,-0.0700075852466741,-0.3551025320263923,0.0339177031681516,-0.255140089307861,0.0,0.0,12.0,12.0,-0.0646560387400152,0.0334559527092035,0.3052992254629069,0.2648175602081568,0.4298832143289362,1.0,False,False,-0.1713825935938045,0.2308948297917618,1827,True,official_matchdays,False,,,13,0,1,3,3,4,3,3,1:2,0:1,1:2,1:2
11cfc3fb63d05dcccf3f,D1,2024,2024-12-07,2024-12-03,Bayern München,1. FC Heidenheim 1846,4,2,3.6280585353394503,0.829492842265368,0.8819031096537261,0.0768404787787819,0.0412564115674919,3,0,2,3.526536622973024,0.0215534261838385,0.4594923229606877,-0.5111785925117451,0.6663527287392129,-0.2286792337560468,0.035731194575073,0.0,0.0,12.0,12.0,0.0732947216504096,-0.0758790351279625,0.8819031096537262,0.0768404787787819,0.0412564115674919,1.0,False,False,-0.1713825935938045,0.2308948297917618,1827,True,official_matchdays,False,,,13,4,2,2,2,2,2,2,2:1,1:0,3:0,3:0
16373a9653b2fde4f3a0,D1,2024,2024-12-07,2024-12-03,Holstein Kiel,RB Leipzig,0,2,0.8940720844502614,2.83448165761233,0.1786475514155176,0.2191191934982093,0.6022332550862732,0,2,4,2.574510352862095,0.2381465519453274,-0.4289769462611633,-0.1218865883902799,-0.361346711445527,-0.0071002559956869,0.0,0.0,0.0,12.0,12.0,-0.0368033652066023,0.0092601884740301,0.1786475514155176,0.2191191934982092,0.6022332550862732,1.0,False,False,-0.1713825935938045,0.2308948297917618,1827,True,official_matchdays,False,,,13,0,2,4,2,2,4,4,1:2,0:1,0:2,0:2
7b18496e78a9791d3c29,D1,2024,2024-12-07,2024-12-03,Eintracht Frankfurt,FC Augsburg,2,2,2.2888181877456883,1.0152528591567769,0.6177940189425013,0.2196286076515773,0.1625773734059214,2,1,0,2.9863581747675285,1.0170803621805118,0.4827325915007107,0.0073431749765653,0.4325085614898554,-0.5684455499699023,0.0638432158631581,1.0366990420387985,0.0,12.0,12.0,0.0510982611944007,-0.0265944728705369,0.6177940189425013,0.2196286076515772,0.1625773734059214,1.0,False,False,-0.1713825935938045,0.2308948297917618,1827,True,official_matchdays,False,,,13,2,2,0,0,0,0,0,2:1,1:0,2:1,2:1
912b67567e1fbc8d58e7,D1,2024,2024-12-07,2024-12-03,Borussia Mönchengladbach,Borussia Dortmund,1,1,1.6002715352422487,2.151669363838734,0.2968742618119179,0.2465048497821323,0.4566208884059498,1,2,0,2.308613110566104,0.8643919044568571,0.118685060834058,0.1111219900786702,0.3747394390902457,-0.5013673152642811,-0.1730596665219551,-1.22360698929216,0.0,12.0,12.0,-0.0023405767466254,0.0138309292922618,0.2968742618119179,0.2465048497821323,0.4566208884059498,1.0,False,False,-0.1713825935938045,0.2308948297917618,1827,True,official_matchdays,False,,,13,1,1,0,0,0,0,0,1:2,0:1,1:2,1:2
c3398312591e9d8253cd,D1,2024,2024-12-07,2024-12-03,Bayer 04 Leverkusen,FC St. Pauli,2,1,1.9522279835740295,0.5443888380665637,0.7729041880348699,0.1458753718665507,0.0812204400985795,1,0,3,2.353949697654595,0.0794488918191131,0.2933755735528272,-0.0051893101295672,0.3056873663120033,-0.1090701251915153,0.0,0.0,0.0,12.0,12.0,0.029597022861761,-0.015187709690598,0.7729041880348697,0.1458753718665507,0.0812204400985795,1.0,False,False,-0.1713825935938045,0.2308948297917618,1827,True,official_matchdays,False,,,13,2,1,3,4,3,3,3,2:1,1:0,1:0,1:0
47de9a3e69167542c819,D1,2024,2024-12-08,2024-12-03,VfL Wolfsburg,1. FSV Mainz 05,4,3,1.6305410087110466,1.2073907767998129,0.4444360981325962,0.2793969622763397,0.2761669395910641,2,1,3,5.30501983945172,0.462982090110475,0.3814188105121686,0.3682105142291245,-0.0860803787406627,0.399546872481298,0.0757815409647529,0.0,0.0,12.0,12.0,0.0235204323879982,0.0139610338490663,0.4444360981325961,0.2793969622763397,0.2761669395910641,1.0,False,False,-0.1713825935938045,0.2308948297917618,1827,True,official_matchdays,False,,,13,4,3,3,3,3,3,3,2:1,1:0,2:1,2:1
db7b5e39569cbc5b002d,D1,2024,2024-12-08,2024-12-03,TSG 1899 Hoffenheim,SC Freiburg,1,1,1.726108856149611,1.535733660914501,0.3511348198670167,0.2742292109047883,0.374635969228195,1,2,0,2.0964660956918584,0.7903910094664774,-0.1078748011717412,0.0056401323584258,0.1045013684979266,-0.2104091739353465,-0.0921398111562843,-0.0173035343532917,0.0,12.0,12.0,-0.0156764772929096,0.0105647438522438,0.3511348198670168,0.2742292109047883,0.374635969228195,1.0,False,False,-0.1713825935938045,0.2308948297917618,1827,True,official_matchdays,False,,,13,1,1,0,0,0,0,0,1:2,0:1,2:1,2:1
79e139f92c470d116d16,D1,2024,2024-12-13,2024-12-10,SC Freiburg,VfL Wolfsburg,3,2,1.5319317190080917,1.3739643369542147,0.4303382130237254,0.2801615345784957,0.2895002523977789,2,1,3,3.382940212711955,0.4868154331367578,0.00860081313598,0.4696037613489591,0.2584317223788733,0.3922598527899776,0.0256038458832,0.0,0.0,13.0,13.0,-0.0213399144596899,0.0452501431839369,0.4303382130237254,0.2801615345784957,0.2895002523977789,1.0,False,False,-0.1713024626762966,0.2276720823508334,1827,True,official_matchdays,False,,,14,3,2,3,3,3,3,3,2:1,1:0,2:1,2:1
1dce0445fb761289df24,D1,2024,2024-12-14,2024-12-10,FC Augsburg,Bayer 04 Leverkusen,0,2,1.0510478658652282,2.232552460358004,0.1741361641542348,0.2267916233151582,0.5990722125306067,1,2,2,2.4138808992214873,0.2425009348373782,0.0099978792084276,0.397378781213853,0.2767325166051187,0.33303196884474,-0.1221663297011742,-1.8539955582521264,0.0,13.0,13.0,-0.0249774676249086,0.0453463006460226,0.1741361641542349,0.2267916233151583,0.5990722125306068,1.0,False,False,-0.1713024626762966,0.2276720823508334,1827,True,official_matchdays,False,,,14,0,2,2,2,2,2,2,1:2,0:1,1:2,1:2
3a5b4afd6a6289f25f30,D1,2024,2024-12-14,2024-12-10,1. FSV Mainz 05,Bayern München,2,1,1.1650829325688634,2.4581875391231125,0.1461254284061067,0.2037655227667245,0.6501090488271687,1,2,0,3.14329868421008,1.1932639476500173,0.2049221191133169,0.549813050388016,0.131715869478244,0.3640238411650094,-0.1613533652874032,-2.308134141487447,0.0,13.0,13.0,-0.0150661088724392,0.0528028673475059,0.1461254284061067,0.2037655227667245,0.6501090488271687,1.0,False,False,-0.1713024626762966,0.2276720823508334,1827,True,official_matchdays,False,,,14,2,1,0,0,0,0,0,1:2,0:1,1:2,1:2
7f85eda930776a58ca44,D1,2024,2024-12-14,2024-12-10,Borussia Mönchengladbach,Holstein Kiel,4,1,2.873268217744212,0.9486237733433583,0.6615186851528785,0.1948030483885777,0.1436782664585437,2,0,2,2.9664920976812863,0.173161272414651,0.0378533769877701,-0.4652017665026423,0.2847007375792075,-0.4397360024708274,0.0,0.0,0.0,13.0,13.0,0.0270454260239091,-0.0484128454996527,0.6615186851528786,0.1948030483885777,0.1436782664585437,1.0,False,False,-0.1713024626762966,0.2276720823508334,1827,True,official_matchdays,False,,,14,4,1,2,2,2,2,2,2:1,1:0,2:0,2:0
9a6f6b0424d3d8b2e658,D1,2024,2024-12-14,2024-12-10,FC St. Pauli,SV Werder Bremen,0,2,1.0052083755897443,0.9952685079851372,0.3611474938504297,0.2804204069897455,0.3584320991598248,1,0,0,2.589644850716775,0.6206724883592095,-0.1681878810185357,0.0624858272255506,-0.1181937415195722,0.1411099467170228,0.0,0.0,0.0,13.0,13.0,-0.0199430794631311,0.0146579767734818,0.3611474938504296,0.2804204069897454,0.3584320991598249,1.0,False,False,-0.1713024626762966,0.2276720823508334,1827,True,official_matchdays,False,,,14,0,2,0,0,0,0,0,2:1,1:0,1:1,1:1
d2550037f6fa80d0ac48,D1,2024,2024-12-14,2024-12-10,1. FC Union Berlin,VfL Bochum,0,2,1.6844399744926328,0.8011082805342667,0.6007315552684748,0.2424272012377854,0.1568412434937397,1,0,0,3.622390291798104,1.1305660380684497,-0.3247000778080599,-0.5515949604271181,0.0529888580782702,-0.6184261045744357,-0.1207951042604825,0.0,0.0,13.0,13.0,-0.0109300149724742,-0.0328847369392846,0.6007315552684748,0.2424272012377855,0.1568412434937397,1.0,False,False,-0.1713024626762966,0.2276720823508334,1827,True,official_matchdays,False,,,14,0,2,0,0,0,0,0,2:1,1:0,1:0,1:0
939f9ec7269120c2181a,D1,2024,2024-12-15,2024-12-10,Borussia Dortmund,TSG 1899 Hoffenheim,1,1,2.885931960904742,1.264799454482509,0.6602601678743811,0.1897753775926365,0.1499644545329825,3,1,0,2.601509970014805,1.1148967656600357,0.0283343881578878,-0.0911489692521734,0.5408661210438737,-0.2869036815950544,0.1051359855309833,1.050213260754473,0.0,13.0,13.0,0.0126476865549466,-0.0157884156096609,0.6602601678743811,0.1897753775926365,0.1499644545329824,1.0,False,False,-0.1713024626762966,0.2276720823508334,1827,True,official_matchdays,False,,,14,1,1,0,0,0,0,0,2:1,1:0,3:1,3:1
b694ec1798a335eb4eee,D1,2024,2024-12-15,2024-12-10,1. FC Heidenheim 1846,Stuttgart,1,3,1.380587347582955,1.8557950863980095,0.2326302749912104,0.24459070044063,0.5227790245681598,1,2,2,2.743906998254603,0.3416813149766411,-0.5961168710381527,0.1576496230160977,-0.3197266072614342,-0.1130536579960001,0.0832984242411338,0.0,0.0,13.0,13.0,-0.0633292470425634,0.0414058846414607,0.2326302749912104,0.2445907004406299,0.5227790245681596,1.0,False,False,-0.1713024626762966,0.2276720823508334,1827,True,official_matchdays,False,,,14,1,3,2,2,2,2,2,1:2,0:1,1:2,1:2
d768fa8e4803fdc773d8,D1,2024,2024-12-15,2024-12-10,RB Leipzig,Eintracht Frankfurt,2,1,1.9962085387710813,1.179682029762955,0.4536343075080934,0.2467958667790145,0.2995698257128919,2,1,4,2.506751809308967,0.4491657502690181,0.0294610041437531,0.33317970317165,0.1115799074222672,0.2990422576188183,-0.0713917459789898,0.614635491163783,0.0,13.0,13.0,-0.0172824720431566,0.0354145074089268,0.4536343075080934,0.2467958667790146,0.299569825712892,1.0,False,False,-0.1713024626762966,0.2276720823508334,1827,True,official_matchdays,False,,,14,2,1,4,4,3,4,4,2:1,1:0,2:1,2:1
55520084cfd9cff70e0f,D1,2024,2024-12-20,2024-12-17,Bayern München,RB Leipzig,5,1,2.2756891893724136,1.3068203262845304,0.7814009708625025,0.1354132364278768,0.0831857927096206,2,1,2,3.6889411483438193,0.0730421562484565,0.3305265480075691,0.1440834279147244,0.6793963194696433,0.1670506610193163,0.0432925998869598,0.5957785019591735,0.0,14.0,14.0,0.0280131133993686,-0.004282614603254,0.7814009708625025,0.1354132364278768,0.0831857927096206,1.0,False,False,-0.1736924717659413,0.2214956402835337,1827,True,official_matchdays,False,,,15,5,1,2,2,2,2,2,2:1,1:0,2:1,2:1
6fa3a8b06f1ca1ab4c99,D1,2024,2024-12-21,2024-12-17,Stuttgart,FC St. Pauli,0,1,1.775421182018412,0.6315995666208168,0.6482491324530173,0.2053720311866239,0.1463788363603587,1,0,0,2.9432957009858796,1.1910736999333045,0.3022008116706641,-0.2479525413346819,0.3783028342603719,-0.2164406133351742,0.0,0.0,0.0,14.0,14.0,0.0426177082338005,-0.0399052947170014,0.6482491324530173,0.205372031186624,0.1463788363603587,1.0,False,False,-0.1736924717659413,0.2214956402835337,1827,True,official_matchdays,False,,,15,0,1,0,0,0,0,0,2:1,1:0,1:0,1:0
71a29392ca213ad5b707,D1,2024,2024-12-21,2024-12-17,Bayer 04 Leverkusen,SC Freiburg,5,1,2.376556299591341,0.9354883008265988,0.6915650041554232,0.189733539907452,0.1187014559371248,2,1,2,3.820321312978474,0.14522099846905,0.4988591160062309,0.1269710756979754,0.4074785801100439,-0.1953173582045172,0.0484378962875826,1.3222486693254962,0.0,14.0,14.0,0.0459592526301034,-0.0146677430448931,0.6915650041554231,0.189733539907452,0.1187014559371248,1.0,False,False,-0.1736924717659413,0.2214956402835337,1827,True,official_matchdays,False,,,15,5,1,2,2,2,2,2,2:1,1:0,2:1,2:1
7edb76312f5bec70d777,D1,2024,2024-12-21,2024-12-17,Eintracht Frankfurt,1. FSV Mainz 05,1,3,1.8448725192920752,1.2098818121613366,0.5183230152408088,0.2414466703906552,0.2402303143685361,2,1,0,3.62518615505022,0.9042052179755912,0.1528145539957052,0.2813909151502781,0.2919791556325567,0.2072578894585546,0.1303453390086551,1.097720148364491,0.0,14.0,14.0,0.0077291765924893,0.0139810968648097,0.5183230152408088,0.2414466703906551,0.240230314368536,1.0,False,False,-0.1736924717659413,0.2214956402835337,1827,True,official_matchdays,False,,,15,1,3,0,0,0,0,0,2:1,1:0,2:1,2:1
c973d5d548e05a8f986c,D1,2024,2024-12-21,2024-12-17,TSG 1899 Hoffenheim,Borussia Mönchengladbach,1,2,1.9354393730909616,1.7624460106191944,0.4062699194529756,0.2587355855594831,0.3349944949875413,2,1,0,2.621107284772792,0.6742316723840112,-0.0974839957382026,0.2401463597147632,0.0630148937330403,-0.3129520331424273,-0.1645661113095717,0.1733937285376871,0.0,14.0,14.0,-0.029984023125037,0.037117141323865,0.4062699194529756,0.2587355855594831,0.3349944949875412,1.0,False,False,-0.1736924717659413,0.2214956402835337,1827,True,official_matchdays,False,,,15,1,2,0,0,0,0,0,2:1,1:0,2:1,2:1
d14f9c8b996c8a49ae8f,D1,2024,2024-12-21,2024-12-17,Holstein Kiel,FC Augsburg,5,1,1.2042192714001558,1.854780814275507,0.3132553875273566,0.2886492241566277,0.3980953883160156,1,2,0,5.985081869473618,0.7134164755649034,-0.5344516459791246,-0.1652626500775299,-0.4313272451327148,-0.465656703944967,0.0,0.0,0.0,14.0,14.0,-0.0451820320940359,0.0101963172912032,0.3132553875273566,0.2886492241566277,0.3980953883160157,1.0,False,False,-0.1736924717659413,0.2214956402835337,1827,True,official_matchdays,False,,,15,5,1,0,0,0,0,0,1:2,0:1,1:2,1:2
d4051e5cc5f4a75117aa,D1,2024,2024-12-21,2024-12-17,SV Werder Bremen,1. FC Union Berlin,4,1,1.4052991405960291,0.9826805903473876,0.4545313067386004,0.2832390932198994,0.2622296000415002,1,0,2,4.201385895490146,0.4465248423942548,0.2441904031400792,-0.4398272178016794,-0.0276024603700839,-0.3527519604849898,-0.0750443814526227,-0.0234350144367818,0.0,14.0,14.0,0.0426581821314607,-0.0524400228645407,0.4545313067386003,0.2832390932198993,0.2622296000415002,1.0,False,False,-0.1736924717659413,0.2214956402835337,1827,True,official_matchdays,False,,,15,4,1,2,2,2,2,2,2:1,1:0,1:0,1:0
4cad5f1597fc1a825238,D1,2024,2024-12-22,2024-12-17,VfL Wolfsburg,Borussia Dortmund,1,3,1.5729633270147254,1.896636730183912,0.312619608771883,0.2598064868540172,0.4275739043740998,1,2,2,2.9162018650492656,0.492902065353624,0.2246163967920113,0.0205882445680596,0.0426712774741218,-0.4707975097022427,-0.1520735492529056,0.0,0.0,14.0,14.0,0.0138285499881528,-0.0015683179201493,0.3126196087718829,0.2598064868540172,0.4275739043741,1.0,False,False,-0.1736924717659413,0.2214956402835337,1827,True,official_matchdays,False,,,15,1,3,2,2,2,2,2,1:2,0:1,1:2,1:2
b933d4ca5d20ed4891ee,D1,2024,2024-12-22,2024-12-17,VfL Bochum,1. FC Heidenheim 1846,2,0,1.436070061270306,1.548859067172223,0.4102371566234905,0.2703835805018459,0.3193792628746637,2,1,2,2.748618609012597,0.5229306055869071,-0.2562470439271733,-0.6056272906869139,-0.4118076984492135,-0.3610579245121173,0.0,0.0,0.0,14.0,14.0,0.0046566601416283,-0.0477503768723327,0.4102371566234903,0.2703835805018459,0.3193792628746636,1.0,False,False,-0.1736924717659413,0.2214956402835337,1827,True,official_matchdays,False,,,15,2,0,2,2,2,0,2,2:1,1:0,1:2,2:1
36ea6cf984227803967f,D1,2024,2025-01-10,2025-01-07,Borussia Dortmund,Bayer 04 Leverkusen,2,3,1.7297358583779072,1.7800757717713322,0.3384255063730625,0.2688337825273342,0.3927407110996033,1,2,3,3.146321262355721,0.5555672699476333,0.1529676159392617,0.5614729479384114,0.3775539583361706,0.4026467807476241,0.0318629915816634,-0.2534962217353342,0.0,15.0,15.0,-0.0111837362239112,0.0469057644177948,0.3384255063730624,0.2688337825273341,0.3927407110996033,1.0,False,False,-0.1640873845590625,0.2292740571329856,1818,True,official_matchdays,False,,,16,2,3,3,3,3,3,3,1:2,0:1,1:2,1:2
2e3ef012fab55f422ef1,D1,2024,2025-01-11,2025-01-07,TSG 1899 Hoffenheim,VfL Wolfsburg,0,1,1.7993066588981543,1.6722973362836866,0.3919973395726688,0.2761024739598799,0.3319001864674513,2,1,0,3.351333135955601,0.6762518512010427,-0.2405857403056585,0.0709639612551061,-0.1089228266724358,0.1644831885185073,0.0576408697228593,0.0,0.0,15.0,15.0,-0.0247247286071781,0.0162436396546505,0.3919973395726688,0.2761024739598798,0.3319001864674513,1.0,False,False,-0.1640873845590625,0.2292740571329856,1818,True,official_matchdays,False,,,16,0,1,0,0,0,0,0,2:1,1:0,2:1,2:1
39323b8c45507cb21fae,D1,2024,2025-01-11,2025-01-07,Borussia Mönchengladbach,Bayern München,0,1,1.3792826665036917,2.722403977224944,0.1397168263175973,0.1816585887112162,0.6786245849711864,1,2,3,3.3102741637388573,0.1558027917937546,0.3169160740826647,0.4167543218630486,0.422588159376794,0.2014876431747785,-0.0575045432871036,-1.8405045385856376,0.0,15.0,15.0,0.0079786641507588,0.0287048556465268,0.1397168263175972,0.1816585887112162,0.6786245849711865,1.0,False,False,-0.1640873845590625,0.2292740571329856,1818,True,official_matchdays,False,,,16,0,1,3,3,4,3,3,1:2,0:1,1:2,1:2
4422f3a8d863d8c60a1b,D1,2024,2025-01-11,2025-01-07,SC Freiburg,Holstein Kiel,3,2,2.5605274534396925,1.1073408377606624,0.6837635943398277,0.190849677938225,0.1253867277219473,2,1,3,3.1160416656577805,0.152150895322807,-0.0887829621910096,-0.2260209505564936,0.3887689223890813,-0.509627240985107,0.0,0.0,0.0,15.0,15.0,0.0024227513087237,-0.0181629469460988,0.6837635943398278,0.190849677938225,0.1253867277219473,1.0,False,False,-0.1640873845590625,0.2292740571329856,1818,True,official_matchdays,False,,,16,3,2,3,3,3,3,3,2:1,1:0,2:1,2:1
903f78e0cd7dc8e14ef4,D1,2024,2025-01-11,2025-01-07,1. FSV Mainz 05,VfL Bochum,2,0,2.202371564133549,0.9066706282266944,0.6115013692106203,0.2228836766281701,0.1656149541612096,2,1,2,2.290048532069855,0.228036632474333,0.427080720863944,-0.0139627056990769,0.2213372402939066,-0.3077562598644106,0.1522031517711017,0.0,0.0,15.0,15.0,0.0510163649599033,-0.0303604642016599,0.6115013692106204,0.22288367662817,0.1656149541612097,1.0,False,False,-0.1640873845590625,0.2292740571329856,1818,True,official_matchdays,False,,,16,2,0,2,2,2,2,2,2:1,1:0,2:1,2:1
c1b0f158ae60fbc72793,D1,2024,2025-01-11,2025-01-07,1. FC Heidenheim 1846,1. FC Union Berlin,2,0,1.276651604612005,1.0991082101739609,0.3005626388867,0.2922648973223433,0.4071724637909568,0,1,0,2.8236868818424976,0.7404208075975749,-0.6134290241752623,-0.5537476420735707,-0.3989504030228863,-0.4221492765583521,0.0398243008945659,0.0,0.0,15.0,15.0,-0.0316643052691194,-0.0266945280433222,0.3005626388866999,0.2922648973223432,0.4071724637909568,1.0,False,False,-0.1640873845590625,0.2292740571329856,1818,True,official_matchdays,False,,,16,2,0,0,0,0,0,0,1:2,0:1,1:1,1:1
e4f5d668adca2c87af4f,D1,2024,2025-01-11,2025-01-07,FC St. Pauli,Eintracht Frankfurt,0,1,0.8621092265459362,1.1415872982041162,0.2670109614481099,0.2747058018356634,0.4582832367162269,0,1,4,1.8854969662701289,0.4402151827182662,-0.0266359928610435,0.0087476364935436,-0.2403331524442553,0.1248104004449318,0.0,0.0,0.0,15.0,15.0,-0.0031009811107815,0.0022065632924065,0.2670109614481097,0.2747058018356633,0.4582832367162268,1.0,False,False,-0.1640873845590625,0.2292740571329856,1818,True,official_matchdays,False,,,16,0,1,4,3,4,0,4,1:2,0:1,0:0,0:1
6c46bbee86f4f4fdf556,D1,2024,2025-01-12,2025-01-07,RB Leipzig,SV Werder Bremen,4,2,2.1973600391281805,1.0211320689754764,0.5433357246011334,0.2313473279931833,0.2253169474056833,2,1,2,4.040569643282101,0.3128315733833728,-0.0747450946431548,0.3492444642160996,0.2048189986921606,0.2886327304256113,0.1108913517185126,1.4327645151208075,0.0,15.0,15.0,-0.0193921650891948,0.033117133567842,0.5433357246011334,0.2313473279931833,0.2253169474056833,1.0,False,False,-0.1640873845590625,0.2292740571329856,1818,True,official_matchdays,False,,,16,4,2,2,2,2,2,2,2:1,1:0,2:1,2:1
f0e613e9f993deda3b9e,D1,2024,2025-01-12,2025-01-07,FC Augsburg,Stuttgart,0,1,1.249817074425249,1.8723936490319533,0.2629425968092848,0.2600610341045254,0.4769963690861899,1,2,3,2.777090306005139,0.4103033486253541,-0.2650304318683718,0.1540867607543142,0.1104019224664779,0.080133339269169,-0.1260904348633686,-1.2323129730674098,0.0,15.0,15.0,-0.0405119029677213,0.0349647194120184,0.2629425968092847,0.2600610341045254,0.4769963690861898,1.0,False,False,-0.1640873845590625,0.2292740571329856,1818,True,official_matchdays,False,,,16,0,1,3,3,4,3,3,1:2,0:1,1:2,1:2
038cc3ecb70607360680,D1,2024,2025-01-14,2025-01-14,Holstein Kiel,Borussia Dortmund,4,2,1.320682238440525,3.1193807852122157,0.1767949282077881,0.2061337417250287,0.6170713300671831,1,3,0,4.552992808145798,1.100934736092864,-0.2858616955917835,0.0250360250273363,-0.1587398290836636,-0.1866513039330228,0.0,0.0,0.0,16.0,16.0,-0.0298379708105451,0.0167966872823228,0.1767949282077881,0.2061337417250288,0.6170713300671831,1.0,False,False,-0.1415063003223028,0.2288776124830643,1827,True,official_matchdays,False,,,17,4,2,0,0,0,0,0,1:2,0:1,1:3,1:3
58b3ace8e782f51102c2,D1,2024,2025-01-14,2025-01-14,Bayer 04 Leverkusen,1. FSV Mainz 05,1,0,2.392487829617893,0.9750020065826364,0.6987814451324581,0.1869786288733335,0.1142399259942085,2,1,3,2.6105722942964538,0.1387443861430043,0.6173085362751641,0.5232246672432058,0.486510263491844,0.3428962265836586,0.1615839964064835,1.7688929900684145,0.0,16.0,16.0,0.0436488200856803,0.0133778400902381,0.698781445132458,0.1869786288733334,0.1142399259942085,1.0,False,False,-0.1415063003223028,0.2288776124830643,1827,True,official_matchdays,False,,,17,1,0,3,3,4,3,3,2:1,1:0,2:1,2:1
6b1106597e9068d72e96,D1,2024,2025-01-14,2025-01-14,VfL Wolfsburg,Borussia Mönchengladbach,5,1,1.8566295313684151,1.43245869833595,0.4885305758403478,0.2519789285913372,0.2594904955683149,2,1,2,4.567807123015398,0.3924296695945341,0.2149266720593691,0.1394729240370164,-0.078292052974387,-0.1000131918817577,-0.2456918621628712,0.0,0.0,16.0,16.0,0.0022344278959425,0.0154855519088767,0.4885305758403478,0.2519789285913373,0.2594904955683149,1.0,False,False,-0.1415063003223028,0.2288776124830643,1827,True,official_matchdays,False,,,17,5,1,2,2,2,2,2,2:1,1:0,2:1,2:1
a3de895e0428db3fae42,D1,2024,2025-01-14,2025-01-14,Eintracht Frankfurt,SC Freiburg,4,1,1.9297863767391912,1.2169236246489163,0.5578701005227903,0.2315431727897988,0.2105867266874108,2,1,2,3.4392892422199925,0.2934378583342125,0.1638884211366059,0.1072511750006169,0.1295387484994717,-0.2930001060486797,0.0398099026483315,0.7052304974486174,0.0,16.0,16.0,0.0130167784960463,0.0005402013108148,0.5578701005227903,0.2315431727897988,0.2105867266874109,1.0,False,False,-0.1415063003223028,0.2288776124830643,1827,True,official_matchdays,False,,,17,4,1,2,2,2,2,2,2:1,1:0,2:1,2:1
01ecfb331760b9dc675e,D1,2024,2025-01-15,2025-01-14,SV Werder Bremen,1. FC Heidenheim 1846,3,3,1.9189632790648403,1.2501554585248085,0.5834544270180888,0.2232466469576255,0.1932989260242855,2,1,0,4.243526397390542,0.9811293146717202,0.1498302190564474,-0.3303422648829482,0.1663948043047381,-0.43285594387399,-0.1236491177931301,0.0,0.0,16.0,16.0,0.0253176792601356,-0.0343432815514606,0.5834544270180889,0.2232466469576255,0.1932989260242855,1.0,False,False,-0.1415063003223028,0.2288776124830643,1827,True,official_matchdays,False,,,17,3,3,0,0,0,0,0,2:1,1:0,2:1,2:1
5f118983c3eca6e73591,D1,2024,2025-01-15,2025-01-14,VfL Bochum,FC St. Pauli,1,0,0.9134807692743668,0.8439270415509128,0.368492815579145,0.2918643401681913,0.3396428442526638,1,0,4,1.8758048100959896,0.5993433786890087,-0.1214361772336533,-0.1423549831064104,-0.2017420639120714,-0.0207221480538985,0.0,0.0,0.0,16.0,16.0,-0.0050258685680448,-0.0081636894489583,0.3684928155791449,0.2918643401681912,0.3396428442526639,1.0,False,False,-0.1415063003223028,0.2288776124830643,1827,True,official_matchdays,False,,,17,1,0,4,3,4,0,0,2:1,1:0,0:0,0:0
ac8ccff0d9d3adb98aa8,D1,2024,2025-01-15,2025-01-14,Bayern München,TSG 1899 Hoffenheim,5,0,3.807247187190193,0.9745479118631788,0.85383988462387,0.0944961137133136,0.0516640016628165,3,0,2,2.89004051079548,0.0329614639014986,0.4551643606068615,-0.3178655253441328,0.709573999014193,-0.2380126896098809,0.1122339705179052,1.7702340744768983,0.0,16.0,16.0,0.067021410853788,-0.0601564690906516,0.8538398846238698,0.0944961137133136,0.0516640016628165,1.0,False,False,-0.1415063003223028,0.2288776124830643,1827,True,official_matchdays,False,,,17,5,0,2,2,2,2,2,2:1,1:0,3:0,3:0
c52c24e170e5c5edfba4,D1,2024,2025-01-15,2025-01-14,1. FC Union Berlin,FC Augsburg,0,2,1.3263284172754957,0.9677687250825572,0.5185075760773223,0.271810239311189,0.2096821846114885,1,0,0,3.2460901912379185,0.9673331619644552,-0.5909261319287761,-0.3747152711470615,-0.0731429113055956,-0.508139560501043,-0.1313622793339853,0.2323116477234183,0.0,16.0,16.0,-0.0469249636022238,-0.001357106551568,0.5185075760773225,0.271810239311189,0.2096821846114886,1.0,False,False,-0.1415063003223028,0.2288776124830643,1827,True,official_matchdays,False,,,17,0,2,0,0,0,0,0,2:1,1:0,1:0,1:0
d0fbc40139bba7dfbb6c,D1,2024,2025-01-15,2025-01-14,Stuttgart,RB Leipzig,2,1,1.556575731016417,1.5971172098441706,0.4737098713934364,0.2518933443123829,0.2743967842941807,2,1,4,2.2141186483586757,0.415725151608577,0.2463183423315703,0.0714475726887829,0.1464042837757175,-0.0157926257612054,-0.0885662164101993,-0.4674215302276006,0.0,16.0,16.0,0.0166311447782079,-0.0007428490271902,0.4737098713934363,0.2518933443123828,0.2743967842941807,1.0,False,False,-0.1415063003223028,0.2288776124830643,1827,True,official_matchdays,False,,,17,2,1,4,4,3,0,4,2:1,1:0,1:2,2:1
32483828295bb9660e4d,D1,2024,2025-01-17,2025-01-14,Eintracht Frankfurt,Borussia Dortmund,2,0,1.718217652154657,1.8014425841359456,0.3732555447879189,0.2661655138320536,0.3605789413800274,2,1,2,3.0914151212816843,0.5936698658593107,0.1638884211366059,0.0250360250273363,0.1295387484994717,-0.1866513039330228,-0.2488538067561114,-0.389268512203836,0.0,16.0,16.0,0.0026943505244882,0.0067518717837089,0.3732555447879189,0.2661655138320536,0.3605789413800274,1.0,False,False,-0.1415063003223028,0.2288776124830643,1827,True,official_matchdays,False,,,18,2,0,2,2,2,0,0,2:1,1:0,1:2,1:2
1c2980d275380f5ccab4,D1,2024,2025-01-18,2025-01-14,VfL Bochum,RB Leipzig,3,3,0.9418714174565186,2.303084104784867,0.2627981597347391,0.2578263026586765,0.4793755376065843,1,2,0,4.280774156729591,0.8496855758408577,-0.1214361772336533,0.0714475726887829,-0.2017420639120714,-0.0157926257612054,-0.1878078836562317,0.0,0.0,16.0,16.0,-0.025106390540616,0.0226069603133725,0.2627981597347392,0.2578263026586765,0.4793755376065844,1.0,False,False,-0.1415063003223028,0.2288776124830643,1827,True,official_matchdays,False,,,18,3,3,0,0,0,0,0,1:2,0:1,1:2,1:2
3346392e1f7d37c8d608,D1,2024,2025-01-18,2025-01-14,Holstein Kiel,TSG 1899 Hoffenheim,1,3,1.7586572652664707,2.241431799645481,0.328990861364962,0.2650204160995528,0.405988722535485,1,2,2,2.97604381870939,0.5313202055662647,-0.2858616955917835,-0.3178655253441328,-0.1587398290836636,-0.2380126896098809,-0.0597187106552535,0.0,0.0,16.0,16.0,-0.0156788288247343,-0.0145075322220614,0.3289908613649621,0.2650204160995528,0.405988722535485,1.0,False,False,-0.1415063003223028,0.2288776124830643,1827,True,official_matchdays,False,,,18,1,3,2,2,2,2,2,1:2,0:1,1:2,1:2
441538997f22a246d2d7,D1,2024,2025-01-18,2025-01-14,Bayer 04 Leverkusen,Borussia Mönchengladbach,3,1,2.807469377391481,1.0266162016669698,0.7515699035394519,0.1534555912371549,0.0949745052233933,2,0,3,2.4792445053762004,0.0942862879517704,0.6173085362751641,0.1394729240370164,0.486510263491844,-0.1000131918817577,0.1566110932121196,1.4654625606484943,0.0,16.0,16.0,0.0625877620862715,-0.0247486890706625,0.7515699035394517,0.1534555912371549,0.0949745052233934,1.0,False,False,-0.1415063003223028,0.2288776124830643,1827,True,official_matchdays,False,,,18,3,1,3,2,2,3,3,2:1,1:0,2:0,2:0
4e95af9d394e5403104a,D1,2024,2025-01-18,2025-01-14,Stuttgart,SC Freiburg,4,0,1.9894030317169815,1.176501172259654,0.5760987777077855,0.2208600394907445,0.20304118280147,2,1,2,3.542991820098212,0.2696971252181066,0.2463183423315703,0.1072511750006169,0.1464042837757175,-0.2930001060486797,-0.0044007204457142,0.7316450365128605,0.0,16.0,16.0,0.0190492394608404,-0.0013707635942311,0.5760987777077855,0.2208600394907445,0.20304118280147,1.0,False,False,-0.1415063003223028,0.2288776124830643,1827,True,official_matchdays,False,,,18,4,0,2,2,2,2,2,2:1,1:0,2:1,2:1
91759d5674088db652d8,D1,2024,2025-01-18,2025-01-14,Bayern München,VfL Wolfsburg,3,2,3.191702124810674,1.0143340891220811,0.8187157911935301,0.1148558124336247,0.0664283963728453,3,1,2,3.1439160068323924,0.0504685538570436,0.4551643606068615,0.2149266720593691,0.709573999014193,0.3150143529075926,0.2179469167421071,0.0,0.0,16.0,16.0,0.045667448294823,-0.0121628966615115,0.8187157911935299,0.1148558124336247,0.0664283963728453,1.0,False,False,-0.1415063003223028,0.2288776124830643,1827,True,official_matchdays,False,,,18,3,2,2,3,3,2,2,2:1,1:0,3:1,3:1
d40fb3532842c0ecba8e,D1,2024,2025-01-18,2025-01-14,1. FC Heidenheim 1846,FC St. Pauli,0,2,1.0969962929749926,0.7374313626514751,0.3936059632356719,0.2745032942450506,0.3318907425192773,1,0,0,2.7528373061669194,0.6766476927775085,-0.3303422648829482,-0.1423549831064104,-0.1978242388697202,-0.0207221480538985,0.1195305397890108,0.0,0.0,16.0,16.0,-0.0199399503435237,-0.0036949120559441,0.3936059632356719,0.2745032942450507,0.3318907425192773,1.0,False,False,-0.1415063003223028,0.2288776124830643,1827,True,official_matchdays,False,,,18,0,2,0,0,0,0,0,2:1,1:0,0:0,1:0
0232df8fff8993194d93,D1,2024,2025-01-19,2025-01-14,1. FC Union Berlin,1. FSV Mainz 05,2,1,1.0407597790852214,1.2403184623117138,0.3693916073762159,0.2996950776825903,0.3309133149411935,1,0,3,2.438123786192127,0.5969877064400959,-0.5909261319287761,0.5232246672432058,-0.0731429113055956,0.3428962265836586,0.1369154841511703,0.1525414698494959,0.0,16.0,16.0,-0.0784080723474793,0.0750229991132008,0.369391607376216,0.2996950776825904,0.3309133149411936,1.0,False,False,-0.1415063003223028,0.2288776124830643,1827,True,official_matchdays,False,,,18,2,1,3,4,3,0,0,2:1,1:0,1:1,1:1
cdc3d323c8dff6c74016,D1,2024,2025-01-19,2025-01-14,SV Werder Bremen,FC Augsburg,0,2,1.9669555101089005,1.106948577102988,0.5115697310819263,0.2557848655409631,0.2326454033771106,2,1,0,3.3894335929893993,0.91596256415732,0.1498302190564474,-0.3747152711470615,0.1663948043047381,-0.508139560501043,0.0957660710486497,0.266969988174203,0.0,16.0,16.0,0.0385070890154303,-0.049751341619961,0.5115697310819263,0.2557848655409631,0.2326454033771107,1.0,False,False,-0.1415063003223028,0.2288776124830643,1827,True,official_matchdays,False,,,18,0,2,0,0,0,0,0,2:1,1:0,2:1,2:1
42841077b30e417fcc1c,D1,2024,2025-01-24,2025-01-21,VfL Wolfsburg,Holstein Kiel,2,2,3.0412757434987303,1.2566528758047573,0.66984422002786,0.193120410209645,0.1370353697624949,3,1,0,2.7899502699971275,1.1185246440909271,0.1390933720983153,-0.1973523181291511,0.1448681570780968,-0.5303518347962122,0.1194374213105071,0.0,0.0,18.0,18.0,0.0297488241818144,-0.0326617714833562,0.66984422002786,0.1931204102096451,0.1370353697624949,1.0,False,False,-0.1338587738680592,0.2414071395676562,1836,True,official_matchdays,False,,,19,2,2,0,0,0,0,0,2:1,1:0,3:1,3:1
00b376cb30798f6feb01,D1,2024,2025-01-25,2025-01-21,Borussia Mönchengladbach,VfL Bochum,3,0,2.266543149788595,1.1182052488397956,0.5541264867088531,0.2336023424360851,0.2122711708550617,2,1,2,2.8349243452475443,0.2984322942223953,-0.20380523957976,0.0460158669187068,0.2462152895151372,-0.3690748860611221,0.2878807149016948,0.0,0.0,18.0,18.0,-0.0082872815588266,0.0003978129257739,0.5541264867088531,0.2336023424360851,0.2122711708550617,1.0,False,False,-0.1338587738680592,0.2414071395676562,1836,True,official_matchdays,False,,,19,3,0,2,2,2,2,2,2:1,1:0,2:1,2:1
11dcb7bd060fc59fb6bc,D1,2024,2025-01-25,2025-01-21,FC Augsburg,1. FC Heidenheim 1846,2,1,1.6738011845375576,1.2874524040283983,0.50150509680509,0.2632209071628925,0.2352739960320174,2,1,4,2.2633881869291783,0.3731362676878325,0.0625262556744849,-0.3377790338453049,-0.0299379360496635,-0.4179099439514671,0.0032827853365339,0.0,0.0,18.0,18.0,0.0233057165265404,-0.0370683554350814,0.50150509680509,0.2632209071628926,0.2352739960320175,1.0,False,False,-0.1338587738680592,0.2414071395676562,1836,True,official_matchdays,False,,,19,2,1,4,4,3,4,4,2:1,1:0,2:1,2:1
3389f70ba2a6fed5858c,D1,2024,2025-01-25,2025-01-21,SC Freiburg,Bayern München,1,2,1.103879834964156,2.7027720054987063,0.1110610294780492,0.1695663932209501,0.7193725773010005,1,2,4,2.388523431134303,0.1198390643493689,-0.206027508391853,0.5456688575786935,0.4756333179922024,0.285202962087038,-0.2933280215997533,-1.7230372093249309,0.0,18.0,18.0,-0.0625525947981076,0.0795346622574496,0.1110610294780492,0.1695663932209501,0.7193725773010006,1.0,False,False,-0.1338587738680592,0.2414071395676562,1836,True,official_matchdays,False,,,19,1,2,4,4,3,4,4,1:2,0:1,1:2,1:2
3462532717fbce9ad68f,D1,2024,2025-01-25,2025-01-21,Borussia Dortmund,SV Werder Bremen,2,2,2.52628252094983,1.193374496949955,0.5883623990722303,0.2171177873569506,0.194519813570819,2,1,0,2.7881793478251105,0.9969128293865333,-0.2387476837812863,-0.0693759800401657,0.1491046888670825,0.1001082708391869,0.1243612413676496,1.3281969580328,0.0,18.0,18.0,-0.0141879073077378,-0.0012182758833347,0.5883623990722304,0.2171177873569506,0.194519813570819,1.0,False,False,-0.1338587738680592,0.2414071395676562,1836,True,official_matchdays,False,,,19,2,2,0,0,0,0,0,2:1,1:0,2:1,2:1
46c4edf53c906c74fb4c,D1,2024,2025-01-25,2025-01-21,1. FSV Mainz 05,Stuttgart,2,0,1.3949068048915347,1.5364820821326293,0.3360934449971664,0.2727158239405578,0.3911907310622757,1,2,0,2.9420710353463666,0.6681760224723455,0.0926337864748605,0.5034105919016393,0.3544460158635336,0.1856517359895708,-0.190248727747904,-1.1525427951934877,0.0,18.0,18.0,-0.0254195873349911,0.0552218062538161,0.3360934449971665,0.2727158239405579,0.3911907310622757,1.0,False,False,-0.1338587738680592,0.2414071395676562,1836,True,official_matchdays,False,,,19,2,0,0,0,0,0,0,1:2,0:1,1:2,1:2
b8cd5b0768a934f2f116,D1,2024,2025-01-25,2025-01-21,RB Leipzig,Bayer 04 Leverkusen,2,2,1.5410618531708542,1.677464923179801,0.2581390176723179,0.2418011051614116,0.5000598771662704,1,2,0,2.780349788035642,0.8915611973308315,-0.0570322580502842,0.7168498344702126,0.3408955182585451,0.4435914458435474,-0.0099848739314587,-0.1489286646473266,0.0,18.0,18.0,-0.042044961225112,0.0750358400461084,0.2581390176723179,0.2418011051614117,0.5000598771662704,1.0,False,False,-0.1338587738680592,0.2414071395676562,1836,True,official_matchdays,False,,,19,2,2,0,0,0,0,0,1:2,0:1,1:2,1:2
900c485f8a57c65fdcc2,D1,2024,2025-01-26,2025-01-21,TSG 1899 Hoffenheim,Eintracht Frankfurt,2,2,1.558585925409426,1.9126510338398215,0.3093161012385569,0.2653742595584276,0.4253096392030157,1,2,0,2.594155678604087,0.816239718203749,-0.1472327012391013,0.365817512467434,-0.2466546832631535,0.2824693621794405,-0.1891673629895801,-0.7524273626005853,0.0,18.0,18.0,-0.0424725138967608,0.0534017544581774,0.3093161012385568,0.2653742595584276,0.4253096392030156,1.0,False,False,-0.1338587738680592,0.2414071395676562,1836,True,official_matchdays,False,,,19,2,2,0,0,0,0,0,1:2,0:1,1:2,1:2
ce82682951665af392b6,D1,2024,2025-01-26,2025-01-21,FC St. Pauli,1. FC Union Berlin,3,0,0.7697757393310413,0.643946409708085,0.3806995778687203,0.3031047594496181,0.3161956626816615,1,0,2,3.8527942306860536,0.5753852051516872,-0.0346258543776654,-0.3311735572959143,-0.3168790261609465,-0.482971339903826,-0.0596721797755884,0.0,0.0,18.0,18.0,0.0101124834382497,-0.0284024540219287,0.3806995778687204,0.3031047594496182,0.3161956626816615,1.0,False,False,-0.1338587738680592,0.2414071395676562,1836,True,official_matchdays,False,,,19,3,0,2,2,2,0,0,2:1,1:0,0:0,0:0
895c65fdf8a5ddd5e9a8,D1,2024,2025-01-31,2025-01-28,SV Werder Bremen,1. FSV Mainz 05,1,0,1.4857086208943238,1.399785397699536,0.4136622833442818,0.2810470219192034,0.3052906947365147,2,1,3,2.6094039507860467,0.5159817547953983,-0.0595670251133281,0.20543965222964,-0.0789470106734151,-0.0215116123168963,0.100852102475916,0.1871998103002805,0.0,19.0,19.0,-0.011186079999019,0.0184797113548346,0.4136622833442819,0.2810470219192033,0.3052906947365147,1.0,False,False,-0.1326744618548331,0.247464534829631,1836,True,official_matchdays,False,,,20,1,0,3,3,4,3,3,2:1,1:0,2:1,2:1
0a5d5fd4387fc5a23559,D1,2024,2025-02-01,2025-01-28,Stuttgart,Borussia Mönchengladbach,1,2,2.2451243312579,1.2342867152532813,0.6057970186612798,0.2058660864281838,0.1883368949105365,2,1,0,2.9490446538979405,1.0681678695236207,0.2361865087591,-0.0182622008443503,0.3726912287790123,-0.3475640089714125,0.1166990689180894,0.8491123657735672,0.0,19.0,19.0,0.0303667143640319,-0.0194704989682945,0.6057970186612797,0.2058660864281838,0.1883368949105364,1.0,False,False,-0.1326744618548331,0.247464534829631,1836,True,official_matchdays,False,,,20,1,2,0,0,0,0,0,2:1,1:0,2:1,2:1
0ece43129a3bde7c1bb2,D1,2024,2025-02-01,2025-01-28,Bayern München,Holstein Kiel,4,3,5.2090121845805415,0.9312549342802612,0.9161946351908696,0.0585160807147453,0.0252892840943852,4,0,2,4.735451428795887,0.0110870187630125,0.5609175121577145,-0.1579210710016093,0.716278307656731,-0.4377218170355546,0.1801356634676415,0.0,0.0,19.0,19.0,0.0729945879392339,-0.0528447658814287,0.9161946351908694,0.0585160807147453,0.0252892840943851,1.0,False,False,-0.1326744618548331,0.247464534829631,1836,True,official_matchdays,False,,,20,4,3,2,3,3,2,2,2:1,1:0,4:0,4:0
6e057a1aa8f884bf19d3,D1,2024,2025-02-01,2025-01-28,1. FC Union Berlin,RB Leipzig,0,0,0.9341498940219636,1.6266019947886092,0.305388850600525,0.2730123821987502,0.4215987672007248,0,1,0,2.3975156993705427,0.7995188670126168,-0.4044477494961654,-0.0494410335402993,-0.0716048732782152,-0.1623788533294644,-0.0863074886992798,-1.4674228555715918,0.0,19.0,19.0,-0.0422880977075655,0.0195936585557423,0.305388850600525,0.2730123821987502,0.4215987672007248,1.0,False,False,-0.1326744618548331,0.247464534829631,1836,True,official_matchdays,False,,,20,0,0,0,0,0,0,0,1:2,0:1,0:1,0:1
6f88296ebf5b494b7679,D1,2024,2025-02-01,2025-01-28,VfL Bochum,SC Freiburg,0,1,1.296852676130765,1.5954368705869268,0.3388816322943754,0.2817329546589333,0.3793854130466911,1,2,3,2.736260715779026,0.5793766839865789,-0.0917111944114981,-0.2628308991173345,0.0153445650012513,-0.499631326244199,-0.2132665886444453,0.0,0.0,19.0,19.0,-0.0066929039175053,-0.0110342007589362,0.3388816322943754,0.2817329546589334,0.3793854130466912,1.0,False,False,-0.1326744618548331,0.247464534829631,1836,True,official_matchdays,False,,,20,0,1,3,3,4,3,3,1:2,0:1,1:2,1:2
86fe54c6a75b5aa9c07a,D1,2024,2025-02-01,2025-01-28,FC St. Pauli,FC Augsburg,1,1,1.0887941143797657,0.7565025563601774,0.4061855264967677,0.2982924960210638,0.2955219774821684,1,0,0,2.0802700110894854,0.7447133422507765,0.1840038181386887,0.2346902105947949,-0.047538438020434,0.0158761504585736,-0.1201839580981969,0.0,0.0,19.0,19.0,0.0006566733792192,0.0202780280574549,0.4061855264967677,0.2982924960210638,0.2955219774821685,1.0,False,False,-0.1326744618548331,0.247464534829631,1836,True,official_matchdays,False,,,20,1,1,0,0,0,3,0,2:1,1:0,0:0,1:0
f4e488fb2f2df7fb8863,D1,2024,2025-02-01,2025-01-28,1. FC Heidenheim 1846,Borussia Dortmund,1,2,1.3903546442603374,2.111453378711754,0.2214593675279115,0.2374751322618502,0.5410655002102384,1,2,4,2.3478405158798186,0.3160595650059246,-0.3709113336547412,-0.2619908097935459,-0.3423759502759292,-0.3524965613273787,-0.0943948441877632,0.0,0.0,19.0,19.0,-0.0287113350851849,-0.0029337720872293,0.2214593675279114,0.2374751322618502,0.5410655002102384,1.0,False,False,-0.1326744618548331,0.247464534829631,1836,True,official_matchdays,False,,,20,1,2,4,4,3,4,4,1:2,0:1,1:2,1:2
4a5a6703f551e6af412d,D1,2024,2025-02-02,2025-01-28,Eintracht Frankfurt,VfL Wolfsburg,1,1,2.021374450822229,1.314584785516755,0.4856608611274409,0.2491872481177445,0.2651518907548146,2,1,0,2.196519009281673,0.869891785590906,0.2405848646794759,0.0545950362742493,0.3750113491838568,0.0978012393832527,-0.0678298569921645,0.0,0.0,19.0,19.0,0.0179372418046269,-0.0031782467569406,0.4856608611274409,0.2491872481177445,0.2651518907548145,1.0,False,False,-0.1326744618548331,0.247464534829631,1836,True,official_matchdays,False,,,20,1,1,0,0,0,0,0,2:1,1:0,2:1,2:1
f9b4c53ba5a437e753f4,D1,2024,2025-02-02,2025-01-28,Bayer 04 Leverkusen,TSG 1899 Hoffenheim,3,1,3.127896458657668,0.9625641555709206,0.7726461250852623,0.1385356754890484,0.088818199425689,3,1,4,2.5227449103731354,0.0787705903711745,0.5219196205413127,-0.1802883650312694,0.6084847195643303,-0.1249210525046221,0.1990442487339641,1.3951920965397555,0.0,19.0,19.0,0.0711585927423929,-0.0540770299668907,0.7726461250852625,0.1385356754890485,0.088818199425689,1.0,False,False,-0.1326744618548331,0.247464534829631,1836,True,official_matchdays,False,,,20,3,1,4,2,2,4,4,2:1,1:0,3:1,3:1
ccab52a908f0aaf3b3da,D1,2024,2025-02-07,2025-02-04,Bayern München,SV Werder Bremen,3,0,3.5434525861778643,0.9573925542087364,0.873380120993884,0.0809366582218426,0.0456832207842735,3,1,2,2.4553949778918045,0.0246702930648675,0.6168528926662669,0.1078474888867915,0.7443008461515823,0.0226141793538484,0.2770340335564897,1.9567351577052772,0.0,20.0,20.0,0.0701446165001116,-0.0339095974224586,0.8733801209938838,0.0809366582218426,0.0456832207842735,1.0,False,False,-0.1335553819555405,0.2423092926347268,1836,True,official_matchdays,False,,,21,3,0,2,2,2,2,2,2:1,1:0,3:1,3:1
0546aecc9fdb0496fe40,D1,2024,2025-02-08,2025-02-04,Borussia Mönchengladbach,Eintracht Frankfurt,1,1,1.6739744413279654,1.680151868871218,0.3687943262411347,0.2624113475177304,0.3687943262411347,2,1,0,2.1636993813071377,0.8160555304059154,0.1651018488658584,0.1312226269940617,0.4143877378955833,0.1722114301403967,-0.1444829837947661,-0.8226978267093243,0.0,20.0,20.0,0.0027249043471444,0.0120913194458515,0.3687943262411348,0.2624113475177305,0.3687943262411348,1.0,False,False,-0.1335553819555405,0.2423092926347268,1836,True,official_matchdays,False,,,21,1,1,0,0,0,0,0,2:1,1:0,1:2,1:2
1e631c5a3f6746be8263,D1,2024,2025-02-08,2025-02-04,Borussia Dortmund,Stuttgart,1,2,2.0854661778620796,1.46050908836833,0.5065008479366875,0.2442057659694742,0.2492933860938383,2,1,0,2.7770979520383996,0.8797399852557759,-0.0582078985832683,0.0732476073269681,0.0594929388906109,0.0389998723640191,-0.0843473516476016,0.3628539731395932,0.0,20.0,20.0,-0.0137005378070553,0.0144525232442403,0.5065008479366875,0.2442057659694742,0.2492933860938383,1.0,False,False,-0.1335553819555405,0.2423092926347268,1836,True,official_matchdays,False,,,21,1,2,0,0,0,0,0,2:1,1:0,2:1,2:1
4f8ccbfb6f31f1bc709a,D1,2024,2025-02-08,2025-02-04,SC Freiburg,1. FC Heidenheim 1846,1,0,1.869865975885241,1.164268031520127,0.5518012917485708,0.2429048943320681,0.2052938139193608,2,1,3,2.5267110053259985,0.30203041980228,-0.0990086890943602,-0.3980909306142671,0.2295626552875144,-0.4399602868131461,0.1032342888527216,0.0,0.0,20.0,20.0,0.0151653920639134,-0.0400203730493447,0.5518012917485711,0.2429048943320681,0.2052938139193608,1.0,False,False,-0.1335553819555405,0.2423092926347268,1836,True,official_matchdays,False,,,21,1,0,3,3,4,3,3,2:1,1:0,2:1,2:1
886ec7e9bc1b9cbd12dd,D1,2024,2025-02-08,2025-02-04,1. FSV Mainz 05,FC Augsburg,0,0,1.7320930428531252,1.0012955171836353,0.5394035814710672,0.2608591090720734,0.1997373094568595,2,1,0,2.549185290663986,0.8771804731346087,0.0079132382931741,0.1330165028154636,0.483695668426476,0.0169977806882653,0.0899364600943538,0.0797701778739225,0.0,20.0,20.0,-0.001362678306738,0.0084091653621699,0.539403581471067,0.2608591090720734,0.1997373094568595,1.0,False,False,-0.1335553819555405,0.2423092926347268,1836,True,official_matchdays,False,,,21,0,0,0,0,0,0,0,2:1,1:0,2:1,2:1
da2fc29b42d13d3763fd,D1,2024,2025-02-08,2025-02-04,TSG 1899 Hoffenheim,1. FC Union Berlin,0,4,1.5921908378487133,1.0755941563872071,0.4310415527610716,0.2680426462547841,0.3009158009841443,1,0,0,5.33150686327751,0.7463623977315834,-0.2611937306843828,-0.3344382443981248,-0.1983655442558297,-0.5490286553012886,-0.0253537824930617,0.2211594236791631,0.0,20.0,20.0,-0.0106651499731851,-0.0191164487809402,0.4310415527610716,0.2680426462547841,0.3009158009841444,1.0,False,False,-0.1335553819555405,0.2423092926347268,1836,True,official_matchdays,False,,,21,0,4,0,0,0,0,0,2:1,1:0,1:0,1:0
e685c743ed67aead8cd4,D1,2024,2025-02-08,2025-02-04,VfL Wolfsburg,Bayer 04 Leverkusen,0,0,1.28640811633969,2.069983099733604,0.2272849614916903,0.2498354276449128,0.5228796108633968,1,2,0,2.994975668450498,0.8878084267936273,-0.0213514051045393,0.5642274687260792,0.116185015382131,0.3043855720036842,-0.1628917268347462,0.0,0.0,20.0,20.0,-0.0384911002884952,0.0656349034695722,0.2272849614916903,0.2498354276449128,0.5228796108633968,1.0,False,False,-0.1335553819555405,0.2423092926347268,1836,True,official_matchdays,False,,,21,0,0,0,0,0,0,0,1:2,0:1,1:2,1:2
08fa535d12589fc2d7a0,D1,2024,2025-02-09,2025-02-04,RB Leipzig,FC St. Pauli,2,0,1.4756084662149007,0.626907109443824,0.6072960883944298,0.221219224774769,0.1714846868308012,1,0,2,1.942161532642087,0.2325613054177232,-0.0365842147008665,0.0881219285259907,0.2201404716877067,0.0998991974023102,0.0,0.0,0.0,20.0,20.0,-0.0080645178963861,0.0106414035876423,0.6072960883944297,0.221219224774769,0.1714846868308012,1.0,False,False,-0.1335553819555405,0.2423092926347268,1836,True,official_matchdays,False,,,21,2,0,2,2,2,2,2,2:1,1:0,1:0,1:0
33d6a314b014ca646d38,D1,2024,2025-02-09,2025-02-04,Holstein Kiel,VfL Bochum,2,2,2.3452939358597344,1.5000758702673445,0.41663504943902,0.2695181534506655,0.3138467971103145,2,1,0,2.4910249650575396,0.8056883046155832,-0.2266822221637999,-0.1756826539692795,-0.0558186876131913,-0.4355395495219347,0.0,0.0,0.0,20.0,20.0,-0.013884089517916,-0.0062341542887379,0.4166350494390201,0.2695181534506655,0.3138467971103145,1.0,False,False,-0.1335553819555405,0.2423092926347268,1836,True,official_matchdays,False,,,21,2,2,0,0,0,0,0,2:1,1:0,2:1,2:1
8aa81080e7a7d31500d6,D1,2024,2025-02-14,2025-02-11,FC Augsburg,RB Leipzig,0,0,1.1048049452049844,1.914645534725556,0.3227546810536337,0.2827673754363694,0.3944779435099968,1,2,0,2.6336631757684033,0.774206069796343,0.0864068665950226,0.1027522917218048,0.0920416426754313,-0.1927132890984633,-0.2714822549563765,-1.6997345032950102,0.0,21.0,21.0,-0.0100710406744068,0.0195289985902481,0.3227546810536337,0.2827673754363694,0.3944779435099968,1.0,False,False,-0.1457423119022574,0.2377291734666492,1836,True,official_matchdays,False,,,22,0,0,0,0,0,0,0,1:2,0:1,1:2,1:2
0b79f104745e40f626e6,D1,2024,2025-02-15,2025-02-11,1. FC Union Berlin,Borussia Mönchengladbach,1,2,1.3270055482919585,1.2792400486258482,0.4217369152917651,0.2704358185627985,0.3078272661454361,2,1,0,2.6199044520821073,0.7301006511732452,-0.0652576200534956,0.1127276103699015,-0.1182481838568915,-0.105036067138014,0.0778738829032446,-0.150888959570424,0.0,21.0,21.0,-0.0082684483786824,0.0106419478945027,0.4217369152917652,0.2704358185627986,0.3078272661454363,1.0,False,False,-0.1457423119022574,0.2377291734666492,1836,True,official_matchdays,False,,,22,1,2,0,0,0,0,0,2:1,1:0,1:1,2:1
29c0a4377df445e007f2,D1,2024,2025-02-15,2025-02-11,FC St. Pauli,SC Freiburg,0,1,0.95009261006902,0.8619144752219636,0.3739407962977739,0.2982206973589723,0.3278385063432539,1,0,0,1.9971062596214455,0.680568377023953,-0.0443220114522234,0.0754920974233779,-0.0617087350745315,-0.289949717294987,0.1801356634676415,0.0,0.0,21.0,21.0,0.0007999771569908,0.0007585271415668,0.3739407962977738,0.2982206973589723,0.3278385063432538,1.0,False,False,-0.1457423119022574,0.2377291734666492,1836,True,official_matchdays,False,,,22,0,1,0,0,0,0,0,2:1,1:0,0:0,0:0
6fe357841fe2cb294884,D1,2024,2025-02-15,2025-02-11,VfL Bochum,Borussia Dortmund,2,0,1.150990983425736,2.3418578268449233,0.1977493371664963,0.2268715673430351,0.5753790954904685,1,2,0,3.703711108522382,1.0261379376129112,-0.1467741483169555,-0.1682545336268912,-0.1079168472270455,-0.1057676797417216,-0.1825924705530726,0.0,0.0,21.0,21.0,-0.0153943116780046,-0.0003571224191877,0.1977493371664963,0.226871567343035,0.5753790954904685,1.0,False,False,-0.1457423119022574,0.2377291734666492,1836,True,official_matchdays,False,,,22,2,0,0,0,0,0,0,1:2,0:1,1:2,1:2
8494fbb45f43ee840cae,D1,2024,2025-02-15,2025-02-11,Stuttgart,VfL Wolfsburg,1,2,1.9929834920186331,1.2485575439451944,0.5466195994167755,0.2283017419998466,0.2250786585833781,2,1,0,2.7901887737030906,0.9514177572496572,0.1800031266253922,-0.0770234871520206,0.1852272554212257,0.0775743586987489,0.0447707919682697,0.0,0.0,21.0,21.0,0.0240900266185537,-0.0189410446448851,0.5466195994167754,0.2283017419998465,0.2250786585833781,1.0,False,False,-0.1457423119022574,0.2377291734666492,1836,True,official_matchdays,False,,,22,1,2,0,0,0,0,0,2:1,1:0,2:1,2:1
fd3e6ec56fddc57ee9e1,D1,2024,2025-02-15,2025-02-11,Bayer 04 Leverkusen,Bayern München,0,0,1.857834964581269,1.8311249275642496,0.3170312907231668,0.2607279194198721,0.422240789856961,1,2,0,3.20834674448227,0.8253193330418984,0.4033475667823715,0.6549526802322573,0.672036781098296,0.347248129051719,0.0583103609683832,-0.3750419779371429,0.0,21.0,21.0,0.0105026407150434,0.0424123716356879,0.3170312907231667,0.2607279194198721,0.422240789856961,1.0,False,False,-0.1457423119022574,0.2377291734666492,1836,True,official_matchdays,False,,,22,0,0,0,0,0,0,0,1:2,0:1,2:1,1:2
258641aa7eec9c8ea51b,D1,2024,2025-02-16,2025-02-11,1. FC Heidenheim 1846,1. FSV Mainz 05,0,2,1.2649080351784865,1.4335070051176904,0.2678056062365233,0.2716205009122573,0.460573892851219,1,2,2,2.511189796910062,0.4364780643212255,-0.423702049451454,0.0038360533237043,-0.3746823467313948,-0.1749481736157421,0.1281412629807951,0.0,0.0,21.0,21.0,-0.0361549444622908,0.0151616446559033,0.2678056062365234,0.2716205009122574,0.4605738928512191,1.0,False,False,-0.1457423119022574,0.2377291734666492,1836,True,official_matchdays,False,,,22,0,2,2,2,2,2,2,1:2,0:1,1:2,1:2
47ede4439566224e3947,D1,2024,2025-02-16,2025-02-11,Eintracht Frankfurt,Holstein Kiel,3,1,3.140513267243087,1.2854470628635914,0.7160584155228422,0.1673739354385553,0.1165676490386022,3,1,4,2.556495005274729,0.1222248744619753,0.0849352868344394,-0.185296162758793,0.2448121595060684,-0.4795832190303012,0.1201839580981969,0.0,0.0,21.0,21.0,0.0237675347262934,-0.0287855785225111,0.7160584155228424,0.1673739354385554,0.1165676490386022,1.0,False,False,-0.1457423119022574,0.2377291734666492,1836,True,official_matchdays,False,,,22,3,1,4,2,2,4,4,2:1,1:0,3:1,3:1
a129ab1d243bc5a7b13b,D1,2024,2025-02-16,2025-02-11,SV Werder Bremen,TSG 1899 Hoffenheim,1,3,1.9956025389504648,1.4348081396909569,0.5043830074173972,0.2407282535401213,0.2548887390424813,2,1,0,3.4806493031292383,0.8675431014295986,-0.1011559820966549,-0.3670966412877338,0.1186346882797269,-0.2190887011408996,-0.0584096151962332,-0.1865010832283786,0.0,21.0,21.0,0.0053187530949095,-0.0287313842641289,0.5043830074173973,0.2407282535401214,0.2548887390424814,1.0,False,False,-0.1457423119022574,0.2377291734666492,1836,True,official_matchdays,False,,,22,1,3,0,0,0,0,0,2:1,1:0,2:1,2:1
ed221f17ceacfa016339,D1,2024,2025-02-21,2025-02-18,SC Freiburg,SV Werder Bremen,5,0,1.7751443240668732,1.2208490729855868,0.4666886590840635,0.2762582292279227,0.2570531116880135,2,1,2,4.956851976059863,0.426815897794192,0.1818443612076862,-0.2597608269521086,0.308233887143458,-0.171075879416071,0.0682198431537501,0.2336979483803464,0.0,22.0,22.0,0.0345834696260615,-0.0384792929132826,0.4666886590840636,0.2762582292279227,0.2570531116880136,1.0,False,False,-0.1552154765954538,0.2331535088326713,1836,True,official_matchdays,False,,,23,5,0,2,2,2,2,2,2:1,1:0,2:1,2:1
35fb2c95ee517142aad0,D1,2024,2025-02-22,2025-02-18,1. FSV Mainz 05,FC St. Pauli,2,0,1.1333003775792192,0.5968814085415836,0.5305739628795234,0.2675162838048017,0.2019097533156748,1,0,2,2.0487739916118057,0.3326933149113629,0.1392252011709155,-0.1334928972062216,0.397451937018536,-0.0981428891898957,0.1801356634676415,0.0,0.0,22.0,22.0,0.0296039481507847,-0.02931733295255,0.5305739628795234,0.2675162838048017,0.2019097533156748,1.0,False,False,-0.1552154765954538,0.2331535088326713,1836,True,official_matchdays,False,,,23,2,0,2,2,2,2,2,2:1,1:0,1:0,1:0
37b8fc6d93cfd66c82de,D1,2024,2025-02-22,2025-02-18,Holstein Kiel,Bayer 04 Leverkusen,0,2,1.2354266520344035,3.144635963209174,0.0906886373348969,0.1453502817559307,0.7639610809091721,1,3,3,2.7527260625418357,0.0850655046737553,-0.2619870697267549,0.268057360657656,-0.0451307643144961,0.1835606029504053,0.0,0.0,0.0,22.0,22.0,-0.0396015750055582,0.0399050895521033,0.090688637334897,0.1453502817559308,0.7639610809091723,1.0,False,False,-0.1552154765954538,0.2331535088326713,1836,True,official_matchdays,False,,,23,0,2,3,2,2,3,3,1:2,0:1,1:3,1:3
8d9b9d3d785a6c7cf54b,D1,2024,2025-02-22,2025-02-18,Borussia Mönchengladbach,FC Augsburg,0,3,1.9608432211808935,1.1728652760239016,0.5195806735529213,0.2522502478462731,0.2281690786008055,2,1,0,4.360709400412093,0.9293172350961432,0.2057604999982991,0.0715418863302826,0.2804287378474481,0.0146031591327982,-0.0267864841874827,0.3832006072938426,0.0,22.0,22.0,0.0156596314739416,-0.0017945121575125,0.5195806735529213,0.2522502478462731,0.2281690786008055,1.0,False,False,-0.1552154765954538,0.2331535088326713,1836,True,official_matchdays,False,,,23,0,3,0,0,0,0,0,2:1,1:0,2:1,2:1
d7db897ce0fe0dc80b8f,D1,2024,2025-02-22,2025-02-18,Borussia Dortmund,1. FC Union Berlin,6,0,2.0187920015729324,0.9228075677977956,0.6154548753483802,0.2138912683385626,0.1706538563130571,2,1,2,5.301719280724507,0.2227471662393264,-0.2746925055726784,-0.1506671171413829,-0.1118120107519429,-0.2412937211775678,0.1099969932750057,1.3628552984835844,0.0,22.0,22.0,-0.0144360450364484,-0.0068319360992546,0.6154548753483803,0.2138912683385626,0.1706538563130571,1.0,False,False,-0.1552154765954538,0.2331535088326713,1836,True,official_matchdays,False,,,23,6,0,2,2,2,2,2,2:1,1:0,2:1,2:1
ecae04057038ab677fb4,D1,2024,2025-02-22,2025-02-18,VfL Wolfsburg,VfL Bochum,1,1,2.329894508362746,0.959736099986133,0.6162915851272015,0.2161203522504891,0.1675880626223091,2,1,0,2.294605616576801,1.022368378787995,0.1135831536539387,0.0123595933003924,0.0725994023592616,-0.3566292127519322,0.1662916816532433,0.0,0.0,22.0,22.0,0.0190549197830364,-0.0127577824353198,0.6162915851272016,0.2161203522504892,0.1675880626223092,1.0,False,False,-0.1552154765954538,0.2331535088326713,1836,True,official_matchdays,False,,,23,1,1,0,0,0,0,0,2:1,1:0,2:1,2:1
1b1f1f19bbfa449d71fc,D1,2024,2025-02-23,2025-02-18,Bayern München,Eintracht Frankfurt,4,0,2.9099299611373746,1.13086428464693,0.7339094422893321,0.1507238981004948,0.1153666596101731,3,1,2,2.938293527455182,0.1068313445109921,0.5346253842777856,0.262606488580516,0.7561880080378283,0.0784482157192315,0.0164126603628626,1.0178067118763132,0.0,22.0,22.0,0.0411528470168958,-0.0012912533739808,0.7339094422893322,0.1507238981004947,0.1153666596101731,1.0,False,False,-0.1552154765954538,0.2331535088326713,1836,True,official_matchdays,False,,,23,4,0,2,2,2,2,2,2:1,1:0,3:1,3:1
25bba14ed95f6b90aa2b,D1,2024,2025-02-23,2025-02-18,RB Leipzig,1. FC Heidenheim 1846,2,2,2.615999896141442,0.8549478727237655,0.7039429914694184,0.1769689084699656,0.1190881000606159,2,0,0,3.220154432828701,1.187097888440081,0.0247831631658824,-0.4608745821503457,0.3534642642629078,-0.5215311504687976,0.1211869640273316,0.0,0.0,22.0,22.0,0.0315813936254721,-0.0533859645746952,0.7039429914694185,0.1769689084699655,0.1190881000606159,1.0,False,False,-0.1552154765954538,0.2331535088326713,1836,True,official_matchdays,False,,,23,2,2,0,0,0,0,0,2:1,1:0,2:0,2:0
afc6bbab2683ff981252,D1,2024,2025-02-23,2025-02-18,TSG 1899 Hoffenheim,Stuttgart,1,1,1.5896069973104348,1.8997133709205285,0.2718446601941747,0.2427184466019418,0.4854368932038835,1,2,0,2.26627577738271,0.8830238476765009,-0.1282671018706976,-0.0129532429939839,-0.2955006408382607,0.148593764282856,-0.0517301893185657,-0.7788419016648283,0.0,22.0,22.0,-0.0147655575032988,0.0077045402600647,0.2718446601941747,0.2427184466019417,0.4854368932038835,1.0,False,False,-0.1552154765954538,0.2331535088326713,1836,True,official_matchdays,False,,,23,1,1,0,0,0,0,0,1:2,0:1,1:2,1:2
63e058fb891546933c8a,D1,2024,2025-02-28,2025-02-25,Stuttgart,Bayern München,1,3,1.361524178048398,2.321386102902985,0.1986204716900053,0.2245476195096796,0.5768319088003149,1,2,2,2.63888733034966,0.268942958611409,-0.0132814590316231,0.5841838133755214,-0.0053529709491737,0.2187222739458025,-0.1591308727242526,-0.9913921728120704,0.0,23.0,23.0,-0.038493880208151,0.0670389979253459,0.1986204716900053,0.2245476195096797,0.576831908800315,1.0,False,False,-0.1602360802460609,0.2409443317629848,1836,True,official_matchdays,False,,,24,1,3,2,2,2,2,2,1:2,0:1,1:2,1:2
4c7033448fb06104419b,D1,2024,2025-03-01,2025-02-25,FC St. Pauli,Borussia Dortmund,0,2,0.7828621542515851,1.3593647815240004,0.2321388752991137,0.2564107684269032,0.5114503562739832,0,1,2,2.1673065660450863,0.3583156939752304,-0.2829732072314536,-0.076413531429059,-0.1444411068294839,-0.2033765122766987,-0.0603261945870803,0.0,0.0,23.0,23.0,-0.0274929538810464,0.0095236169480207,0.2321388752991137,0.2564107684269032,0.5114503562739832,1.0,False,False,-0.1602360802460609,0.2409443317629848,1836,True,official_matchdays,False,,,24,0,2,2,2,2,2,2,1:2,0:1,0:1,0:1
6a69d77694bc4288adaa,D1,2024,2025-03-01,2025-02-25,SV Werder Bremen,VfL Wolfsburg,1,2,1.4870616745581458,1.6317361981715472,0.3605066106219465,0.2706352742629344,0.368858115115119,1,2,4,2.5056637097373704,0.6015485468335378,-0.4093475497202279,0.0938355554497244,-0.0192913158168666,0.1802377792630683,0.0244475944379677,0.0,0.0,23.0,23.0,-0.0444041530226106,0.0286285533090854,0.3605066106219466,0.2706352742629344,0.368858115115119,1.0,False,False,-0.1602360802460609,0.2409443317629848,1836,True,official_matchdays,False,,,24,1,2,4,4,3,4,4,1:2,0:1,1:2,1:2
726b5b76c107842fb99c,D1,2024,2025-03-01,2025-02-25,RB Leipzig,1. FSV Mainz 05,1,2,1.855294899301963,1.015353613131902,0.4797218838380601,0.2580125807669566,0.2622655353949833,2,1,0,2.5769244213549434,0.8409557179332131,0.02430451812848,0.246974971480478,0.2238215894372648,-0.014067290262506,-0.0016120927547541,1.6199643254210878,0.0,23.0,23.0,-0.0099989013989136,0.0235628758793615,0.4797218838380601,0.2580125807669566,0.2622655353949834,1.0,False,False,-0.1602360802460609,0.2409443317629848,1836,True,official_matchdays,False,,,24,1,2,0,0,0,0,0,2:1,1:0,2:1,2:1
b4e8e0168d6bcac62fc6,D1,2024,2025-03-01,2025-02-25,Eintracht Frankfurt,Bayer 04 Leverkusen,1,4,1.3227972636494438,1.8482504474929111,0.2083094100831918,0.2433819128012802,0.5483086771155279,1,2,2,3.482523277592526,0.3066526169771418,0.0859657503173578,0.3493458124090158,0.3737033220726929,0.323456504619581,-0.2445905230280468,-0.6427647339391702,0.0,23.0,23.0,-0.0211002417401173,0.042865819876436,0.2083094100831918,0.2433819128012802,0.5483086771155279,1.0,False,False,-0.1602360802460609,0.2409443317629848,1836,True,official_matchdays,False,,,24,1,4,2,2,2,2,2,1:2,0:1,1:2,1:2
eead5226fc3ab66c157a,D1,2024,2025-03-01,2025-02-25,1. FC Heidenheim 1846,Borussia Mönchengladbach,0,3,1.5544534635891831,1.6548660553388164,0.3164554038500772,0.2662103954393406,0.4173342007105821,1,2,2,3.4169741310649497,0.5105114309274619,-0.377412435762625,-0.0208344772687165,-0.4239767213573476,0.0906034438784363,-0.0809977410127587,0.0,0.0,23.0,23.0,-0.0407494067634646,0.0208370611118975,0.3164554038500772,0.2662103954393406,0.4173342007105821,1.0,False,False,-0.1602360802460609,0.2409443317629848,1836,True,official_matchdays,False,,,24,0,3,2,2,2,2,2,1:2,0:1,1:2,1:2
f6bac5c42230dbd1e80e,D1,2024,2025-03-01,2025-02-25,VfL Bochum,TSG 1899 Hoffenheim,0,1,1.5162515517831696,1.7218625934260878,0.3938047405778968,0.2680519662757112,0.338143293146392,2,1,0,3.169321464283078,0.6649883307330025,-0.0526838977633882,-0.1078774945058666,0.1077177990176053,-0.0068509555983873,-0.0402127473035463,0.0,0.0,23.0,23.0,-0.0018851524162228,-0.0061429171972399,0.3938047405778968,0.2680519662757113,0.3381432931463919,1.0,False,False,-0.1602360802460609,0.2409443317629848,1836,True,official_matchdays,False,,,24,0,1,0,0,0,3,3,2:1,1:0,1:2,1:2
50b6a20633b1b5dac702,D1,2024,2025-03-02,2025-02-25,FC Augsburg,SC Freiburg,0,0,1.3822198049345076,1.3904587269486866,0.3595846742364442,0.3025077418179611,0.3379075839455946,1,1,3,2.4713513676420895,0.7299781234575589,0.2744117039981203,0.3648967239951987,0.0728495578829778,-0.0577730266645056,-0.2169292348170652,-0.5006679365545493,0.0,23.0,23.0,-0.0016501275408011,0.0336155489404671,0.3595846742364442,0.302507741817961,0.3379075839455948,1.0,False,False,-0.1602360802460609,0.2409443317629848,1836,True,official_matchdays,False,,,24,0,0,3,0,0,3,3,2:1,1:0,1:1,1:1
57db80af1440c59be40a,D1,2024,2025-03-02,2025-02-25,1. FC Union Berlin,Holstein Kiel,0,1,1.902529259194544,1.254604947888981,0.5951894231024506,0.2251307510553003,0.1796798258422491,2,1,0,3.5620996757251104,1.0778594925739542,-0.2497424656718261,-0.3950109889694925,-0.2543046034689624,-0.5300864335484745,0.1208401594480401,0.0,0.0,23.0,23.0,0.000818310853694,-0.0330559835857599,0.5951894231024505,0.2251307510553004,0.1796798258422492,1.0,False,False,-0.1602360802460609,0.2409443317629848,1836,True,official_matchdays,False,,,24,0,1,0,0,0,0,0,2:1,1:0,2:1,2:1
378833303e5467cf7aa0,D1,2024,2025-03-07,2025-03-04,Borussia Mönchengladbach,1. FSV Mainz 05,1,3,1.537042405955947,1.4013345735171423,0.3669150759175866,0.2797592954210338,0.3533256286613796,2,1,0,3.219462361513086,0.6310796788562816,0.1920026378999438,0.3192030912572802,0.040418518209728,0.1451725300738938,-0.0849909083249376,0.30343042941992,0.0,24.0,24.0,-0.0010094361891165,0.0265697226469777,0.3669150759175866,0.2797592954210338,0.3533256286613797,1.0,False,False,-0.1520392248766494,0.2243907003859415,1836,True,official_matchdays,False,,,25,1,3,0,0,0,0,0,2:1,1:0,2:1,2:1
2c3551f1c7f125142a66,D1,2024,2025-03-08,2025-03-04,VfL Wolfsburg,FC St. Pauli,1,1,1.3989943267385707,0.601519840488734,0.5433157297752194,0.2570526033345122,0.1996316668902684,1,0,0,2.2188669723336427,0.8870156188585919,0.1968921483781402,-0.3487444717565093,0.0602151352408769,-0.197121627004883,0.0,0.0,0.0,24.0,24.0,0.0371264384256395,-0.0447190545945579,0.5433157297752192,0.2570526033345123,0.1996316668902684,1.0,False,False,-0.1520392248766494,0.2243907003859415,1836,True,official_matchdays,False,,,25,1,1,0,0,0,0,0,2:1,1:0,1:0,1:0
6e0dce97b6cb2095b9cd,D1,2024,2025-03-08,2025-03-04,Borussia Dortmund,FC Augsburg,0,1,2.444150939902343,1.0387053959343584,0.623957917700584,0.2174614155084039,0.1585806667910121,2,1,0,3.7194427737535407,1.144599444594025,0.1302463483089173,0.2224541670632606,0.0605178317656594,0.2010175662051578,0.1504511187400102,1.5951669462070028,0.0,24.0,24.0,0.0094244824147292,0.0082105433538796,0.6239579177005838,0.2174614155084039,0.1585806667910121,1.0,False,False,-0.1520392248766494,0.2243907003859415,1836,True,official_matchdays,False,,,25,0,1,0,0,0,0,0,2:1,1:0,2:1,2:1
a86e4fb95255a77fc76b,D1,2024,2025-03-08,2025-03-04,SC Freiburg,RB Leipzig,0,0,1.3231715813649414,1.6283839842872678,0.366490044958253,0.2870102761721258,0.346499678869621,2,1,0,2.6305240674209127,0.7627313267944011,0.2398295093402971,-0.1406783164251921,0.4685785207493566,-0.220912433753566,-0.292592763957566,-1.199066566740461,0.0,24.0,24.0,0.016387228557411,-0.0114296689116557,0.366490044958253,0.2870102761721259,0.3464996788696211,1.0,False,False,-0.1520392248766494,0.2243907003859415,1836,True,official_matchdays,False,,,25,0,0,0,0,0,0,0,2:1,1:0,1:2,1:2
a9591167a49767d69b05,D1,2024,2025-03-08,2025-03-04,Holstein Kiel,Stuttgart,2,2,1.545105481537705,2.2858113416717623,0.1653351337159146,0.2059562657064626,0.6287086005776228,1,2,0,2.771039378628303,1.053115662851958,-0.1472732368554765,-0.1843595143003042,-0.1503191721832504,0.0991854449265,-0.0603731229421639,0.0,0.0,24.0,24.0,-0.0085280041176406,-0.0080536334401483,0.1653351337159146,0.2059562657064626,0.6287086005776228,1.0,False,False,-0.1520392248766494,0.2243907003859415,1836,True,official_matchdays,False,,,25,2,2,0,0,0,0,0,1:2,0:1,1:2,1:2
dacfd4dacf3fba734489,D1,2024,2025-03-08,2025-03-04,Bayern München,VfL Bochum,2,3,4.131448009727698,0.6645909674719593,0.8601278154302225,0.0883202474678581,0.0515519371019193,3,0,0,4.672566358993634,1.647174053004672,0.6153049875212581,-0.1403524481901863,0.7659394672157024,-0.2918962735450297,0.2597697525696589,0.0,0.0,24.0,24.0,0.081536608790118,-0.0577889818235644,0.8601278154302224,0.0883202474678581,0.0515519371019193,1.0,False,False,-0.1520392248766494,0.2243907003859415,1836,True,official_matchdays,False,,,25,2,3,0,0,0,0,0,2:1,1:0,3:0,3:0
eb1c6bc10310c786d2fa,D1,2024,2025-03-08,2025-03-04,Bayer 04 Leverkusen,SV Werder Bremen,0,2,2.9968783087482223,0.8173700836228124,0.7562978051213833,0.1532050216162288,0.0904971732623877,2,0,0,4.546982497705808,1.422653540523558,0.4388218988041117,-0.4329362520931847,0.4917873574281727,-0.3332814172214834,0.2073005996263597,1.5816931797681342,0.0,24.0,24.0,0.0758940324663884,-0.075599750130842,0.7562978051213834,0.1532050216162288,0.0904971732623877,1.0,False,False,-0.1520392248766494,0.2243907003859415,1836,True,official_matchdays,False,,,25,0,2,0,0,0,0,0,2:1,1:0,2:0,2:0
337cac3b9dc9548b8be3,D1,2024,2025-03-09,2025-03-04,Eintracht Frankfurt,1. FC Union Berlin,1,2,1.8328184686682163,0.881690286828707,0.5489365080334405,0.2364231494995511,0.2146403424670081,1,0,0,2.7630453915750706,0.9740169871515728,-0.1191063458960774,-0.3020065586497101,0.1103054884881082,-0.390883595440989,0.0443545489758901,0.9735867862797484,0.0,24.0,24.0,0.0054074207916722,-0.0264630660189616,0.5489365080334406,0.2364231494995511,0.2146403424670082,1.0,False,False,-0.1520392248766494,0.2243907003859415,1836,True,official_matchdays,False,,,25,1,2,0,0,0,0,0,2:1,1:0,1:0,1:0
e46f44ea7fa8fd4fde1f,D1,2024,2025-03-09,2025-03-04,TSG 1899 Hoffenheim,1. FC Heidenheim 1846,1,1,2.1316720313443,1.2695522375940944,0.5389683634387048,0.2396919606247506,0.2213396759365447,2,1,0,2.2393088556878853,0.917546463670126,0.0882725205470591,-0.5025465896294239,-0.305232532536115,-0.430485897817594,0.0319268434084109,0.0,0.0,24.0,24.0,0.0355509237065976,-0.0562646271607159,0.5389683634387048,0.2396919606247506,0.2213396759365447,1.0,False,False,-0.1520392248766494,0.2243907003859415,1836,True,official_matchdays,False,,,25,1,1,0,0,0,0,0,2:1,1:0,2:1,2:1
b303209b1a0c5d09f417,D1,2024,2025-03-14,2025-03-11,FC St. Pauli,TSG 1899 Hoffenheim,1,0,0.9506802379088122,1.0528513501865668,0.4169812774481856,0.2923954079667154,0.290623314585099,1,0,4,1.8953689858568077,0.5098678164264009,-0.2887428762227715,0.0763870827184638,-0.2551575096230654,0.1510923445396539,0.1207462458843279,0.0,0.0,25.0,25.0,-0.0266563294639839,0.0160385397887685,0.4169812774481856,0.2923954079667155,0.290623314585099,1.0,False,False,-0.1515463502557382,0.2069106931013669,1836,True,official_matchdays,False,,,26,1,0,4,3,4,0,0,2:1,1:0,1:1,1:1
03d9b51304e8a50926bf,D1,2024,2025-03-15,2025-03-11,FC Augsburg,VfL Wolfsburg,1,0,1.3780647339288332,1.4315746265666545,0.3682508195611216,0.2910188847595489,0.3407302956793296,2,1,3,2.664748420154452,0.5998961526656095,0.2990878084360884,0.0953799470120649,0.0002528933566065,0.3045678484572447,0.138576197802459,0.0,0.0,25.0,25.0,0.0320685933831285,-0.0123452056107208,0.3682508195611215,0.2910188847595489,0.3407302956793295,1.0,False,False,-0.1515463502557382,0.2069106931013669,1836,True,official_matchdays,False,,,26,1,0,3,3,4,0,0,2:1,1:0,1:2,1:1
25f0d770b5d239727bbc,D1,2024,2025-03-15,2025-03-11,1. FSV Mainz 05,SC Freiburg,2,2,1.5814722279450264,1.091263526858996,0.4757858782088915,0.2796285424561028,0.2445855793350056,2,1,0,2.992980245637381,0.8051293443655652,0.4547846513228548,0.2007146390756103,0.5222896805568517,-0.0701045299934577,-0.0474038505872919,-0.4208977586806268,0.0,25.0,25.0,0.0330725406491403,-0.0002975761292171,0.4757858782088915,0.2796285424561028,0.2445855793350056,1.0,False,False,-0.1515463502557382,0.2069106931013669,1836,True,official_matchdays,False,,,26,2,2,0,0,0,0,0,2:1,1:0,2:1,2:1
326f861f2c99bbeb83ed,D1,2024,2025-03-15,2025-03-11,SV Werder Bremen,Borussia Mönchengladbach,2,4,1.71053717019172,1.6291020381434358,0.3979503199947024,0.264565309691769,0.3374843703135285,2,1,0,4.232061357918386,0.6672862198550495,-0.1822776624401915,0.0475244762328848,-0.1363298848486144,0.2633632868486527,-0.0849174972507096,-0.1162306191196396,0.0,25.0,25.0,-0.0248498649181988,0.0181122056078335,0.3979503199947024,0.2645653096917689,0.3374843703135285,1.0,False,False,-0.1515463502557382,0.2069106931013669,1836,True,official_matchdays,False,,,26,2,4,0,0,0,0,0,2:1,1:0,2:1,2:1
77c4e041950fcdd81587,D1,2024,2025-03-15,2025-03-11,RB Leipzig,Borussia Dortmund,2,0,1.9398296300928397,1.477050620906918,0.3970583101574409,0.2636117155590724,0.3393299742834867,2,1,2,2.955614501091537,0.5481746493774297,-0.118058852615915,0.0097117003461031,0.0229925912965011,0.0260941262154779,0.1690394114721484,0.1045675570880074,0.0,25.0,25.0,-0.0038394997052892,-0.0015778579082013,0.3970583101574408,0.2636117155590723,0.3393299742834867,1.0,False,False,-0.1515463502557382,0.2069106931013669,1836,True,official_matchdays,False,,,26,2,0,2,2,2,2,2,2:1,1:0,2:1,2:1
aa5345d3d177e15e5f6a,D1,2024,2025-03-15,2025-03-11,1. FC Union Berlin,Bayern München,1,1,0.853518020535137,2.436150354772186,0.1122435295695319,0.1810379509185999,0.7067185195118681,0,2,0,2.4603216515587194,1.1827485135868787,-0.06766367990956,0.3408255295455633,-0.3291195938412218,0.3523008665134136,-0.3562342727645057,-1.9913934981560617,0.0,25.0,25.0,-0.0416193581064594,0.0552774505882596,0.1122435295695319,0.1810379509185999,0.706718519511868,1.0,False,False,-0.1515463502557382,0.2069106931013669,1836,True,official_matchdays,False,,,26,1,1,0,0,0,0,0,1:2,0:1,0:2,0:2
308ec447401fc096ae13,D1,2024,2025-03-16,2025-03-11,VfL Bochum,Eintracht Frankfurt,1,3,1.2451961434082186,1.8528597125686328,0.3088519165364465,0.2650978950271164,0.4260501884364372,1,2,2,2.9813901597577455,0.4950847864898934,0.004779449039476,-0.2616380531093907,-0.0054545306678706,-0.068420526501306,-0.0765125565810916,0.0,0.0,25.0,25.0,0.0097342197303625,-0.0225771499338582,0.3088519165364464,0.2650978950271164,0.4260501884364371,1.0,False,False,-0.1515463502557382,0.2069106931013669,1836,True,official_matchdays,False,,,26,1,3,2,2,2,2,2,1:2,0:1,1:2,1:2
a7f4ceab067d8b1e3b50,D1,2024,2025-03-16,2025-03-11,Stuttgart,Bayer 04 Leverkusen,3,4,1.3199023382332666,1.8340707814681376,0.3145567778359815,0.2692392759443572,0.4162039462196611,1,2,3,5.0069829988154435,0.5122535866030931,-0.2107448024412603,0.186516854702122,-0.1210027763909606,0.4543808853292078,-0.0694049563893401,-0.6163501948749273,0.0,25.0,25.0,-0.0338705707986991,0.0326591734117422,0.3145567778359816,0.2692392759443571,0.4162039462196613,1.0,False,False,-0.1515463502557382,0.2069106931013669,1836,True,official_matchdays,False,,,26,3,4,3,3,3,3,3,1:2,0:1,1:2,1:2
dc5e388a08f99c5a43cb,D1,2024,2025-03-16,2025-03-11,1. FC Heidenheim 1846,Holstein Kiel,3,1,2.00306412388655,1.6472049736873142,0.4722284458770895,0.2657107132790311,0.2620608408438795,2,1,2,2.813016211155052,0.4178208807963648,-0.4349680091110695,-0.1836363523198097,-0.5006332838934285,-0.2580803997720657,-0.0603731229421639,0.0,0.0,25.0,25.0,-0.0373336394422246,0.0064034213706806,0.4722284458770897,0.2657107132790309,0.2620608408438794,1.0,False,False,-0.1515463502557382,0.2069106931013669,1836,True,official_matchdays,False,,,26,3,1,2,2,2,2,2,2:1,1:0,2:1,2:1
ddcf8e6f4c55e4cac9cc,D1,2024,2025-03-28,2025-03-25,Bayer 04 Leverkusen,VfL Bochum,3,1,3.1275666791632477,0.718787460940591,0.7756901919396518,0.1449998383109076,0.0793099697494407,2,0,3,2.620517601932976,0.0776299144039167,0.269607160506356,-0.1327466118006444,0.2667631941059321,-0.0560551210896231,0.1534466741610191,0.0,0.0,26.0,26.0,0.0412703803487187,-0.0344273529134332,0.7756901919396517,0.1449998383109075,0.0793099697494407,1.0,False,False,-0.1442717517008241,0.2098960797419067,1836,True,official_matchdays,False,,,27,3,1,3,2,2,3,3,2:1,1:0,2:0,2:0
277aa7ed7ffcae4425f9,D1,2024,2025-03-29,2025-03-25,Holstein Kiel,SV Werder Bremen,0,3,1.891446049116812,1.9294846119866425,0.2875588570760097,0.2512356330243032,0.461205509899687,1,2,2,3.472825567119453,0.4361089421464397,-0.2639402030286366,-0.262825621682536,-0.1828203062720452,-0.0738419912510399,-0.0600452211558805,0.0,0.0,26.0,26.0,-0.0162550002765308,-0.0100832909590277,0.2875588570760097,0.2512356330243032,0.461205509899687,1.0,False,False,-0.1442717517008241,0.2098960797419067,1836,True,official_matchdays,False,,,27,0,3,2,2,2,2,2,1:2,0:1,1:2,1:2
8617ef1a03900cccded5,D1,2024,2025-03-29,2025-03-25,VfL Wolfsburg,1. FC Heidenheim 1846,0,1,2.038488163109594,1.0983370276667426,0.5739538362171533,0.2370058129652922,0.1890403508175544,2,1,0,3.3676614180645714,1.0432503140898413,-0.0222051758637056,-0.160573832299237,0.0266853308078811,-0.3557982580711635,0.1584225842443908,0.0,0.0,26.0,26.0,0.0137293032408108,-0.0228682536489579,0.5739538362171533,0.2370058129652922,0.1890403508175544,1.0,False,False,-0.1442717517008241,0.2098960797419067,1836,True,official_matchdays,False,,,27,0,1,0,0,0,0,0,2:1,1:0,2:1,2:1
ac71fdc1e5a9bfad87fd,D1,2024,2025-03-29,2025-03-25,Eintracht Frankfurt,Stuttgart,1,0,1.8260764003981071,1.504575354609305,0.3775599702656036,0.2606715411148824,0.3617684886195139,2,1,3,3.1261324184753017,0.5862576823210115,-0.0818673289299372,-0.3368123189833737,-0.066813945298974,0.0853393404243569,-0.0329056811334385,-0.0264145390642428,0.0,26.0,26.0,0.007008598999503,-0.0279425813951685,0.3775599702656036,0.2606715411148825,0.3617684886195138,1.0,False,False,-0.1442717517008241,0.2098960797419067,1836,True,official_matchdays,False,,,27,1,0,3,3,4,3,3,2:1,1:0,2:1,2:1
be74d53a148ee4cfa09a,D1,2024,2025-03-29,2025-03-25,Bayern München,FC St. Pauli,3,2,2.198072180109773,0.4911024637139291,0.8350208786625596,0.1097951328345234,0.055183988502917,2,0,2,4.13589609507516,0.0423183542585146,0.2200830574719263,-0.1202652000580107,0.4643963190727306,-0.2245287491994307,0.0600452211558805,0.0,0.0,26.0,26.0,0.0310238268078871,-0.0260329339371914,0.8350208786625595,0.1097951328345233,0.0551839885029169,1.0,False,False,-0.1442717517008241,0.2098960797419067,1836,True,official_matchdays,False,,,27,3,2,2,3,3,2,2,2:1,1:0,2:0,2:0
e0c8e4bc70c045eab563,D1,2024,2025-03-29,2025-03-25,Borussia Mönchengladbach,RB Leipzig,1,0,1.452257735755001,1.867846390216447,0.3293857958726043,0.267568293565981,0.4030459105614145,1,2,0,3.122598430602078,0.683762208519511,0.2352318124364056,0.0760274011587536,-0.1469369933309187,-0.1838777358184452,-0.0651763482926343,-1.3165338960011677,0.0,26.0,26.0,0.0164629937710711,-0.0009000330913131,0.3293857958726043,0.2675682935659811,0.4030459105614146,1.0,False,False,-0.1442717517008241,0.2098960797419067,1836,True,official_matchdays,False,,,27,1,0,0,0,0,0,0,1:2,0:1,1:2,1:2
f962e3c52819267e410c,D1,2024,2025-03-29,2025-03-25,TSG 1899 Hoffenheim,FC Augsburg,1,1,1.6251634779206972,1.3474960649805006,0.3977474807350325,0.2892708950800236,0.3129816241849437,2,1,0,1.9999975338472256,0.7612964160888613,-0.0979531472604769,0.3619530939138288,-0.2497337595825765,0.3482995291229389,0.0903226729912491,0.4534710714025815,0.0,26.0,26.0,-0.0233768357721766,0.0365768331048442,0.3977474807350326,0.2892708950800237,0.3129816241849437,1.0,False,False,-0.1442717517008241,0.2098960797419067,1836,True,official_matchdays,False,,,27,1,1,0,0,0,0,0,2:1,1:0,2:1,2:1
2cbd959d2c55f55b0e30,D1,2024,2025-03-30,2025-03-25,SC Freiburg,1. FC Union Berlin,1,2,1.4988504476830995,0.9121008921234284,0.4768196063996683,0.2780289250143838,0.2451514685859477,1,0,0,2.737091011966018,0.87445332556974,0.1686273280518358,-0.1150150835917208,0.3215686185028805,-0.1372579210373875,-0.0688457962315437,0.2683562888311308,0.0,26.0,26.0,0.0191711971731924,-0.0164905849501866,0.4768196063996684,0.2780289250143838,0.2451514685859477,1.0,False,False,-0.1442717517008241,0.2098960797419067,1836,True,official_matchdays,False,,,27,1,2,0,0,0,0,0,2:1,1:0,1:0,1:0
6252cf2e4c3a81f60d81,D1,2024,2025-03-30,2025-03-25,Borussia Dortmund,1. FSV Mainz 05,3,1,1.8660599990291071,1.2802024455931729,0.5725927884228554,0.2318302509224243,0.1955769606547202,2,1,2,2.6771449218017325,0.2746725372898422,-0.1053299594115613,0.3704204730210436,-0.1076565204011701,0.248539041164147,-0.1380136946287659,1.5153967683330805,0.0,26.0,26.0,-0.0359547043236466,0.0492092300041207,0.5725927884228554,0.2318302509224244,0.1955769606547201,1.0,False,False,-0.1442717517008241,0.2098960797419067,1836,True,official_matchdays,False,,,27,3,1,2,2,2,2,2,2:1,1:0,2:1,2:1
e037483380381a4c534f,D1,2024,2025-04-04,2025-04-01,FC Augsburg,Bayern München,1,3,1.0390473341841149,2.4807071489701253,0.1290964746371445,0.1972381189816993,0.6736654063811561,1,2,2,2.555717534959767,0.1620630423355538,0.2374147455095417,0.3004574378945983,0.12012298195384,0.222867213130255,-0.2431775307518864,-1.9755535881729855,0.0,27.0,27.0,-0.00344027388137,0.030333883051577,0.1290964746371446,0.1972381189816993,0.6736654063811561,1.0,False,False,-0.1232478809245648,0.2056503055555266,1836,True,official_matchdays,False,,,28,1,3,2,2,2,2,2,1:2,0:1,1:2,1:2
2c78333818719a690781,D1,2024,2025-04-05,2025-04-01,RB Leipzig,TSG 1899 Hoffenheim,3,1,2.4133760699273483,1.0453416608601624,0.6186445872490872,0.2103118464378794,0.171043566313033,2,1,2,2.6363080768989824,0.2189189251636101,-0.0581365712242276,-0.1030657035269836,0.1917368876160369,0.0034418558278363,0.1254393893641759,1.0840347710499525,0.0,27.0,27.0,0.0056115975221352,-0.0136717112596957,0.6186445872490873,0.2103118464378795,0.1710435663130331,1.0,False,False,-0.1232478809245648,0.2056503055555266,1836,True,official_matchdays,False,,,28,3,1,2,2,2,2,2,2:1,1:0,2:1,2:1
322953bde78a52c98d3b,D1,2024,2025-04-05,2025-04-01,VfL Bochum,Stuttgart,0,4,1.1765935680402737,1.9243633054941176,0.3036984541454597,0.2562199896159808,0.4400815562385595,1,2,2,3.856629880018765,0.4713900977933885,-0.2188788151334606,-0.3734330377635713,-0.1411419071872456,-0.0504976582116575,-0.2077138072401659,0.0,0.0,27.0,27.0,-0.0136019199871757,-0.0160136726576758,0.3036984541454597,0.2562199896159808,0.4400815562385596,1.0,False,False,-0.1232478809245648,0.2056503055555266,1836,True,official_matchdays,False,,,28,0,4,2,2,2,2,2,1:2,0:1,1:2,1:2
63ea05145427b559aca7,D1,2024,2025-04-05,2025-04-01,SV Werder Bremen,Eintracht Frankfurt,2,0,1.5338501849578734,1.760986912236567,0.3608624627353888,0.2595849868178274,0.3795525504467836,1,2,0,3.0289327011500697,0.6199412954725421,-0.0265670714717542,0.089553761216315,-0.2853004884990652,0.1167474750836047,-0.0912490357997104,-0.9403354349171076,0.0,27.0,27.0,-0.0116968469979767,0.0148461814852047,0.3608624627353889,0.2595849868178275,0.3795525504467836,1.0,False,False,-0.1232478809245648,0.2056503055555266,1836,True,official_matchdays,False,,,28,2,0,0,0,0,0,0,1:2,0:1,1:2,1:2
7aad10901e4129de996f,D1,2024,2025-04-05,2025-04-01,1. FC Heidenheim 1846,Bayer 04 Leverkusen,0,1,1.0137928817460278,2.330237279760728,0.1398428008231881,0.2017306786343011,0.6584265205425108,1,2,3,2.6297744944134815,0.1769237175130253,0.0450438515230358,0.3940435380454736,-0.2144413788651629,0.529457130969051,-0.2764639948291859,0.0,0.0,27.0,27.0,-0.0290209914914293,0.0509753609698548,0.1398428008231881,0.2017306786343011,0.6584265205425107,1.0,False,False,-0.1232478809245648,0.2056503055555266,1836,True,official_matchdays,False,,,28,0,1,3,3,4,3,3,1:2,0:1,1:2,1:2
b0b0859fbd8dd0018c64,D1,2024,2025-04-05,2025-04-01,SC Freiburg,Borussia Dortmund,1,4,1.432848515505676,1.835857036454128,0.3103555120046787,0.2699125840947205,0.4197319039006007,1,2,2,3.7465719470871592,0.5058844102351976,0.0378822405381819,0.0864693622971303,0.1432895707203155,-0.091890876253739,-0.4107471668979545,-0.9674754885658544,0.0,27.0,27.0,-0.021072602405936,0.0272901825477016,0.3103555120046787,0.2699125840947206,0.4197319039006007,1.0,False,False,-0.1232478809245648,0.2056503055555266,1836,True,official_matchdays,False,,,28,1,4,2,2,2,2,2,1:2,0:1,1:2,1:2
f32b2e7e3b99a41119db,D1,2024,2025-04-05,2025-04-01,1. FSV Mainz 05,Holstein Kiel,1,1,2.579474039265859,1.0795875435136653,0.6608611201035934,0.2016186468112658,0.1375202330851408,2,1,0,2.4248514857803043,1.093062019691842,0.1270900122416885,-0.3693496696560224,0.4057414174417286,-0.3283240216872827,0.1812602391720601,0.0,0.0,27.0,27.0,0.0402394966655729,-0.0523524795362896,0.6608611201035933,0.2016186468112658,0.1375202330851408,1.0,False,False,-0.1232478809245648,0.2056503055555266,1836,True,official_matchdays,False,,,28,1,1,0,0,0,0,0,2:1,1:0,2:1,2:1
2bb1d0d147739a5b3d13,D1,2024,2025-04-06,2025-04-01,1. FC Union Berlin,VfL Wolfsburg,1,0,1.1900431510689684,1.2487475917615285,0.3877137596425004,0.2869784625752647,0.3253077777822351,1,0,4,2.279630873918108,0.5630762283988003,0.0890467728417792,-0.1387202272674945,-0.2926997127798196,0.0892316024359412,-0.0140227115623839,0.0,0.0,27.0,27.0,0.0151395530694334,-0.0176232257907192,0.3877137596425004,0.2869784625752646,0.3253077777822349,1.0,False,False,-0.1232478809245648,0.2056503055555266,1836,True,official_matchdays,False,,,28,1,0,4,3,4,0,0,2:1,1:0,1:1,1:1
eb090e1e0f1b8952ba41,D1,2024,2025-04-06,2025-04-01,FC St. Pauli,Borussia Mönchengladbach,1,1,0.9323961346650144,1.1467589994430838,0.381440820578572,0.2793493068354836,0.3392098725859443,1,0,0,2.0685460626109853,0.779897858821925,-0.2625887021508811,0.3062550282129565,-0.0325464830869183,0.3889214677256149,-0.1208401594480401,0.0,0.0,27.0,27.0,-0.0476136295981379,0.0497969459012417,0.381440820578572,0.2793493068354836,0.3392098725859444,1.0,False,False,-0.1232478809245648,0.2056503055555266,1836,True,official_matchdays,False,,,28,1,1,0,0,0,4,4,2:1,1:0,1:1,1:1
447ea94caf7b35ae5644,D1,2024,2025-04-11,2025-04-08,VfL Wolfsburg,RB Leipzig,2,3,1.2535178681030668,1.666539005384582,0.3296213808463252,0.2583518930957683,0.4120267260579064,1,2,3,3.5247723591981153,0.5211085262473896,-0.2343016434410699,0.1251837671969934,-0.1354105171189979,-0.2512901265263402,-0.0785980320052459,0.0,0.0,28.0,28.0,-0.0336192543042189,0.0281633604920151,0.3296213808463252,0.2583518930957683,0.4120267260579064,1.0,False,False,-0.1209468682227535,0.2018606106764057,1836,True,official_matchdays,False,,,29,2,3,3,3,3,3,3,1:2,0:1,1:2,1:2
1ef4208d3682cb990d7d,D1,2024,2025-04-12,2025-04-08,TSG 1899 Hoffenheim,1. FSV Mainz 05,2,0,1.4098450681007142,1.57746537445501,0.3576776933392936,0.2749776486365668,0.3673446580241395,1,2,0,2.907531253564865,0.6231327506624977,-0.1978452511674072,0.1016009746086006,-0.2643736072186238,0.0872738177535158,-0.171236594609155,0.1240253437974227,0.0,28.0,28.0,-0.0334264035776285,0.0286141897496881,0.3576776933392936,0.2749776486365669,0.3673446580241394,1.0,False,False,-0.1209468682227535,0.2018606106764057,1836,True,official_matchdays,False,,,29,2,0,0,0,0,0,0,1:2,0:1,1:2,1:2
21e88cc7179c87a02a76,D1,2024,2025-04-12,2025-04-08,Borussia Mönchengladbach,SC Freiburg,1,2,1.8307526910601584,1.3601753490259725,0.436810212183956,0.2608893870030203,0.3023004008130235,2,1,0,2.5650276419676623,0.7456511644246719,0.1917236529538798,-0.1585509490088744,-0.0039368206319452,-0.0535352114201307,-0.1733531349053163,-0.1179337856378251,0.0,28.0,28.0,0.0184322560005658,-0.0167736208033156,0.4368102121839561,0.2608893870030203,0.3023004008130236,1.0,False,False,-0.1209468682227535,0.2018606106764057,1836,True,official_matchdays,False,,,29,1,2,0,0,0,0,0,2:1,1:0,2:1,2:1
a14cf9f9a6d479c9c346,D1,2024,2025-04-12,2025-04-08,Bayer 04 Leverkusen,1. FC Union Berlin,0,0,2.2686090135192103,0.7005335799643044,0.7153371792321463,0.1788342948080366,0.1058285259598169,2,0,0,2.8614605722631272,1.197220072282046,0.4398486361679087,0.2297606417399418,0.3482841618300742,0.0641707178886678,0.2110294690952936,1.7387968911277192,0.0,28.0,28.0,0.0430483049845584,-0.0095678410891659,0.7153371792321465,0.1788342948080366,0.105828525959817,1.0,False,False,-0.1209468682227535,0.2018606106764057,1836,True,official_matchdays,False,,,29,0,0,0,0,0,0,0,2:1,1:0,2:0,2:0
dc6dca75e6b5c8094f5b,D1,2024,2025-04-12,2025-04-08,VfL Bochum,FC Augsburg,1,2,1.193195788218527,1.444529497264475,0.3868767075138598,0.2849451199054177,0.3281781725807225,2,1,0,2.6505226010390337,0.6822118759716549,-0.3123284022065432,0.0580923469490692,-0.2485580681515519,0.263011144623367,-0.0291978680032188,0.0,0.0,28.0,28.0,-0.0355973509682687,0.022885548205395,0.3868767075138598,0.2849451199054177,0.3281781725807225,1.0,False,False,-0.1209468682227535,0.2018606106764057,1836,True,official_matchdays,False,,,29,1,2,0,0,0,4,4,2:1,1:0,1:2,1:2
f87eade42074b185c9a8,D1,2024,2025-04-12,2025-04-08,Holstein Kiel,FC St. Pauli,1,2,1.1465763447241168,1.107832806774106,0.3014228856887306,0.2826398572036761,0.4159372571075934,0,1,3,2.3766864101073035,0.5118703325320374,-0.3056460485772765,-0.2381220700595184,-0.2761188635241089,-0.281322855571052,-0.1206523891741607,0.0,0.0,28.0,28.0,-0.0246911208134597,-0.0024972851183799,0.3014228856887305,0.2826398572036761,0.4159372571075933,1.0,False,False,-0.1209468682227535,0.2018606106764057,1836,True,official_matchdays,False,,,29,1,2,3,4,3,0,3,1:2,0:1,1:1,0:1
fff88df9e4999d8864a2,D1,2024,2025-04-12,2025-04-08,Bayern München,Borussia Dortmund,2,2,2.877276296016507,1.440527856251974,0.6673618352450471,0.1835245046923879,0.1491136600625651,2,1,0,2.8051052287642464,1.1342389371967023,0.3825542102823583,0.2231750525155541,0.497561509838031,0.1136567437736528,0.0953145015193521,0.6772096680253397,0.0,28.0,28.0,0.0318623934784257,-0.0015759303385301,0.667361835245047,0.1835245046923878,0.1491136600625651,1.0,False,False,-0.1209468682227535,0.2018606106764057,1836,True,official_matchdays,False,,,29,2,2,0,0,0,0,0,2:1,1:0,2:1,2:1
00b305e8e9d71e9e5b98,D1,2024,2025-04-13,2025-04-08,Eintracht Frankfurt,1. FC Heidenheim 1846,3,0,2.0845450219408734,1.0786410296151072,0.5520008835548356,0.2327062548319404,0.2152928616132238,2,1,2,2.8235292353650108,0.3012064256351667,-0.0632032462407546,-0.0634976546767327,0.1019025840363408,-0.1084761783154636,0.2449198467834361,0.0,0.0,28.0,28.0,0.0091005504489329,-0.0154355954948073,0.5520008835548357,0.2327062548319405,0.2152928616132238,1.0,False,False,-0.1209468682227535,0.2018606106764057,1836,True,official_matchdays,False,,,29,3,0,2,2,2,2,2,2:1,1:0,2:1,2:1
9fab2c7fe1494c16cc2f,D1,2024,2025-04-13,2025-04-08,Stuttgart,SV Werder Bremen,1,2,2.1374631632363377,1.2567505507446457,0.578904219554617,0.2133489708021509,0.2077468096432323,2,1,0,2.8721280597320273,1.0083129963909538,-0.0972464277513835,0.1142844429680884,-0.2598790276053042,0.1485187000461746,-0.0071086630630403,0.971361267167028,0.0,28.0,28.0,-0.0157942980766947,0.01664619883753,0.5789042195546168,0.2133489708021509,0.2077468096432322,1.0,False,False,-0.1209468682227535,0.2018606106764057,1836,True,official_matchdays,False,,,29,1,2,0,0,0,0,0,2:1,1:0,2:1,2:1
0f29b2dbb09063a6286f,D1,2024,2025-04-19,2025-04-15,1. FC Heidenheim 1846,Bayern München,0,4,1.0149901994009412,2.869077693315007,0.1012738608867095,0.1542050211883394,0.7445211179249512,0,2,2,2.8488906755802703,0.0993050426449134,-0.1848637426263933,0.2476851006613737,-0.2697330945474593,0.3189042056275881,-0.1230910012503171,0.0,0.0,29.0,29.0,-0.0370251793582238,0.0401662472599728,0.1012738608867096,0.1542050211883394,0.744521117924951,1.0,False,False,-0.1256830203984901,0.1965882221589484,1836,True,official_matchdays,False,,,30,0,4,2,2,2,2,2,1:2,0:1,0:2,0:2
5fd5a3bfd33dd8c4a93e,D1,2024,2025-04-19,2025-04-15,SC Freiburg,TSG 1899 Hoffenheim,3,2,1.8387671460634905,1.3548379059122744,0.4908065014176235,0.2559582292339218,0.2532352693484545,2,1,3,3.213140413187821,0.3889207357531099,-0.0101494246084276,0.0372610842452402,-0.0753963237673494,-0.1104733345465663,0.093247775483005,-0.0407616972547178,0.0,29.0,29.0,0.0017843921010454,-0.0004288091192048,0.4908065014176235,0.2559582292339219,0.2532352693484546,1.0,False,False,-0.1256830203984901,0.1965882221589484,1836,True,official_matchdays,False,,,30,3,2,3,3,3,3,3,2:1,1:0,2:1,2:1
68636ab5fc2e31354b69,D1,2024,2025-04-19,2025-04-15,RB Leipzig,Holstein Kiel,1,1,3.3141084013088236,0.9714605375030612,0.7265607447103042,0.161595004341341,0.1118442509483547,3,1,0,2.705230947696046,1.2433225889695865,0.2192934603327887,-0.3712367964920973,0.3568490867583739,-0.2686765245561462,0.1207462458843279,0.0,0.0,29.0,29.0,0.0465284981521001,-0.0541256649600655,0.7265607447103043,0.161595004341341,0.1118442509483547,1.0,False,False,-0.1256830203984901,0.1965882221589484,1836,True,official_matchdays,False,,,30,1,1,0,0,0,0,0,2:1,1:0,3:1,3:1
85890e85c3f82903ae24,D1,2024,2025-04-19,2025-04-15,1. FC Union Berlin,Stuttgart,4,4,1.1393512817193694,1.3792369818579984,0.3363060576570252,0.2799253362262885,0.383768606116686,0,1,0,7.130489646447674,0.7788876288663781,0.1223431342154529,-0.2370761203973649,-0.0633436796788254,0.1476130640325055,-0.0963840002927252,-1.079853470539717,0.0,29.0,29.0,0.0192689194267772,-0.0250055687358728,0.3363060576570252,0.2799253362262887,0.3837686061166861,1.0,False,False,-0.1256830203984901,0.1965882221589484,1836,True,official_matchdays,False,,,30,4,4,0,0,0,0,0,1:2,0:1,0:1,0:1
ca5c440781ae646c59b4,D1,2024,2025-04-19,2025-04-15,1. FSV Mainz 05,VfL Wolfsburg,2,2,1.532278092965491,1.1828076528830804,0.4704415421296111,0.2603539493429628,0.269204508527426,2,1,0,2.9954243418230027,0.8408625922253321,-0.053320491153694,-0.3127104585055341,0.2700211209905288,-0.0907310680945431,-0.1455953435310958,0.0,0.0,29.0,29.0,0.0030237066333525,-0.0213252541163139,0.4704415421296111,0.2603539493429628,0.2692045085274261,1.0,False,False,-0.1256830203984901,0.1965882221589484,1836,True,official_matchdays,False,,,30,2,2,0,0,0,0,0,2:1,1:0,2:1,2:1
f275c3c63992119b9695,D1,2024,2025-04-19,2025-04-15,SV Werder Bremen,VfL Bochum,1,0,2.222937441506483,1.0443706704343152,0.5498657513770864,0.2314520072706471,0.2186822413522665,2,1,3,2.744101127923057,0.3040127961357776,0.2771492815946031,-0.3767185674355307,-0.0611668257527501,-0.1592808082875286,0.2478745289367639,0.0,0.0,29.0,29.0,0.058944582978075,-0.0639230472701214,0.5498657513770864,0.231452007270647,0.2186822413522665,1.0,False,False,-0.1256830203984901,0.1965882221589484,1836,True,official_matchdays,False,,,30,1,0,3,3,4,3,3,2:1,1:0,2:1,2:1
1c61664e71f04a104b5e,D1,2024,2025-04-20,2025-04-15,FC St. Pauli,Bayer 04 Leverkusen,1,1,0.6560284626503592,1.4740116550267268,0.1844509789858709,0.2467331277343469,0.5688158932797821,0,1,0,2.2190530784073266,0.9249846649494023,-0.0152569752185592,0.3381121139432837,-0.089521939923479,0.5542479286163953,-0.0603731229421639,0.0,0.0,29.0,29.0,-0.0214499593661283,0.0375927163023645,0.184450978985871,0.2467331277343469,0.568815893279782,1.0,False,False,-0.1256830203984901,0.1965882221589484,1836,True,official_matchdays,False,,,30,1,1,0,0,0,0,0,1:2,0:1,0:1,0:1
b9376cf3351394038406,D1,2024,2025-04-20,2025-04-15,Borussia Dortmund,Borussia Mönchengladbach,3,2,2.5664073821690123,1.3306530356502146,0.6746692368351879,0.1811968807500219,0.1441338824147901,2,1,3,2.9184781292718354,0.1594469911148973,0.1804229303286705,0.0367731546808764,0.0411344320336123,0.3197053093462557,0.1613631778994183,1.0854092742036796,0.0,29.0,29.0,0.0242717941937941,-0.0134119899433167,0.674669236835188,0.1811968807500219,0.1441338824147901,1.0,False,False,-0.1256830203984901,0.1965882221589484,1836,True,official_matchdays,False,,,30,3,2,3,3,3,3,3,2:1,1:0,2:1,2:1
e7b2f0ffc83306831523,D1,2024,2025-04-20,2025-04-15,FC Augsburg,Eintracht Frankfurt,0,0,1.3120870562067262,1.535236271819074,0.3681361175560712,0.2826759474091261,0.3491879350348026,2,1,0,2.6049724498141646,0.7720102114485218,0.2043676317552334,0.1371902209533698,-0.038126233664161,-0.077692182341595,-0.0546447895123957,-0.9975917761929046,0.0,29.0,29.0,0.010845012652235,0.006232879983195,0.3681361175560712,0.2826759474091261,0.3491879350348028,1.0,False,False,-0.1256830203984901,0.1965882221589484,1836,True,official_matchdays,False,,,30,0,0,0,0,0,0,0,2:1,1:0,1:2,1:2
93af574b738fee79f276,D1,2024,2025-04-25,2025-04-22,Stuttgart,1. FC Heidenheim 1846,0,1,2.252499889714045,1.0421897404633007,0.6418836740660072,0.1951850355833368,0.1629312903506559,2,1,0,3.535961714303811,1.1507958738221626,-0.1971373794557819,-0.2811099011025822,-0.3704893920969787,-0.2184464813390194,0.0305575025950591,0.0,0.0,30.0,30.0,-0.0041303677606961,-0.019781996267222,0.6418836740660072,0.1951850355833368,0.162931290350656,1.0,False,False,-0.133634272078445,0.1926271514038054,1836,True,official_matchdays,False,,,31,0,1,0,0,0,0,0,2:1,1:0,2:1,2:1
191ac6fc3743372d2b75,D1,2024,2025-04-26,2025-04-22,Bayern München,1. FSV Mainz 05,3,0,2.802619584713703,0.9474442604898122,0.7820181612858315,0.1339974939281902,0.0839843447859784,2,0,2,2.40821198112691,0.0725247805573752,0.3922229236879532,-0.106563593226643,0.3420296546858535,-0.1051852000095708,0.0849837990550224,1.7279488031338988,0.0,30.0,30.0,0.0487996619828786,-0.034516695459813,0.7820181612858315,0.1339974939281902,0.0839843447859783,1.0,False,False,-0.133634272078445,0.1926271514038054,1836,True,official_matchdays,False,,,31,3,0,2,2,2,2,2,2:1,1:0,2:0,2:0
1b8106c54eb301705710,D1,2024,2025-04-26,2025-04-22,Holstein Kiel,Borussia Mönchengladbach,4,3,1.6590435691034178,2.1944330271513506,0.3109450872249864,0.2465005095617768,0.4425544032132366,1,2,0,4.347431120414868,0.7314135738370213,-0.3038793909529293,-0.1271351185308019,-0.3236440503720616,0.1049641312926299,-0.1811193688264919,0.0,0.0,30.0,30.0,-0.0330871516100774,0.0115364261358908,0.3109450872249865,0.2465005095617769,0.4425544032132366,1.0,False,False,-0.133634272078445,0.1926271514038054,1836,True,official_matchdays,False,,,31,4,3,0,0,0,0,0,1:2,0:1,1:2,1:2
299634930dc0f554b010,D1,2024,2025-04-26,2025-04-22,Eintracht Frankfurt,RB Leipzig,4,0,1.4542328570517196,1.5898668800091658,0.4394887136252379,0.2472124014141963,0.3132988849605657,2,1,2,4.4541577371258025,0.4734430648839981,0.0497190796129738,0.1571829052552534,0.2960029232702095,-0.0895413853023237,0.0217419697661846,-0.458073123693557,0.0,30.0,30.0,-0.001800138813156,0.0121452380565674,0.4394887136252379,0.2472124014141964,0.3132988849605657,1.0,False,False,-0.133634272078445,0.1926271514038054,1836,True,official_matchdays,False,,,31,4,0,2,2,2,0,2,2:1,1:0,1:2,2:1
850589ddd59ce4fb5b61,D1,2024,2025-04-26,2025-04-22,Bayer 04 Leverkusen,FC Augsburg,2,0,2.3318839908272384,0.7839412819257243,0.7005644644002568,0.1901731879409878,0.1092623476587555,2,0,4,2.12850145826305,0.1377657420074461,0.254654047765167,0.1449387203553755,0.2262016372423707,0.3991550533448278,0.1458644889100949,1.687561029030827,0.0,30.0,30.0,0.0255116932042526,-0.0055320547982255,0.7005644644002565,0.1901731879409878,0.1092623476587556,1.0,False,False,-0.133634272078445,0.1926271514038054,1836,True,official_matchdays,False,,,31,2,0,4,2,2,4,4,2:1,1:0,2:0,2:0
d4a57d43ebd2d9becf10,D1,2024,2025-04-26,2025-04-22,TSG 1899 Hoffenheim,Borussia Dortmund,2,3,1.5006484804093665,2.33775377781138,0.2291496603878201,0.2211560675835938,0.549694272028586,1,2,3,2.969712325575511,0.3041948217287575,-0.1300495871471631,0.3280902866801027,-0.0439997651474296,0.0304137362326531,-0.0768771242381027,-0.9267137913111364,0.0,30.0,30.0,-0.0332533292606265,0.0431553642372735,0.2291496603878201,0.2211560675835938,0.549694272028586,1.0,False,False,-0.133634272078445,0.1926271514038054,1836,True,official_matchdays,False,,,31,2,3,3,3,3,3,3,1:2,0:1,1:2,1:2
eebca9c9f21e52df80a9,D1,2024,2025-04-26,2025-04-22,VfL Wolfsburg,SC Freiburg,0,1,1.6061284512439178,1.3333646856781167,0.3969470444123375,0.2676047490420251,0.3354482065456374,2,1,0,2.791108882813305,0.6708083439609452,-0.316035619949774,0.1115895927426889,-0.2683834722354542,0.1127955989201723,-0.0347930495157084,0.0,0.0,30.0,30.0,-0.0389226941078972,0.028700392747543,0.3969470444123374,0.2676047490420252,0.3354482065456373,1.0,False,False,-0.133634272078445,0.1926271514038054,1836,True,official_matchdays,False,,,31,0,1,0,0,0,0,0,2:1,1:0,2:1,2:1
cd2513e631d7a7bcfa01,D1,2024,2025-04-27,2025-04-22,SV Werder Bremen,FC St. Pauli,0,0,1.2272864956413352,0.825339138894429,0.5000587800037344,0.2581825222845367,0.241758697711729,1,0,0,2.1714046810122705,0.8587992216222262,0.4074383324811614,-0.0151712920262164,0.0631087458338763,-0.0540108414702229,0.1207462458843279,0.0,0.0,30.0,30.0,0.0475397101436433,-0.0279263581208961,0.5000587800037343,0.2581825222845367,0.241758697711729,1.0,False,False,-0.133634272078445,0.1926271514038054,1836,True,official_matchdays,False,,,31,0,0,0,0,0,0,0,2:1,1:0,1:0,1:0
f0a321d5ee766df9c63a,D1,2024,2025-04-27,2025-04-22,VfL Bochum,1. FC Union Berlin,1,1,1.0616467165843086,1.328773104065367,0.4139750122909562,0.272820208673123,0.3132047790359208,1,0,0,2.0444945782470514,0.7982629933264376,-0.4696517320886262,0.0977069427330239,-0.364517143282387,0.049986052875766,0.1964897121415987,0.0,0.0,30.0,30.0,-0.0420260347384338,0.0234287952706537,0.4139750122909562,0.2728202086731229,0.3132047790359208,1.0,False,False,-0.133634272078445,0.1926271514038054,1836,True,official_matchdays,False,,,31,1,1,0,0,0,0,4,2:1,1:0,0:1,1:1
6aee2d7c294f11679e41,D1,2024,2025-05-02,2025-04-29,1. FC Heidenheim 1846,VfL Bochum,0,0,1.6932080450326643,1.0600669292118483,0.4174914438997317,0.270072148737397,0.3124364073628712,2,1,0,2.5481880047444694,0.8047102824241414,-0.0738919651588092,-0.4079831944395188,-0.3507312311248873,-0.2311123972235716,-0.0953390512983197,0.0,0.0,31.0,31.0,0.008243010641179,-0.0323367686210954,0.4174914438997318,0.2700721487373971,0.3124364073628712,1.0,False,False,-0.1257159314691427,0.1962474218750561,1836,True,official_matchdays,False,,,32,0,0,0,0,0,0,0,2:1,1:0,2:1,2:1
10e2c4afb3cfb1918b1f,D1,2024,2025-05-03,2025-04-29,RB Leipzig,Bayern München,3,3,1.4660963168176744,2.1391877795497076,0.2118509682653197,0.2081424173985307,0.5800066143361496,1,2,0,3.8559656497340544,1.0083269365520793,-0.0238874946989144,0.4673660401711976,0.2332277479826061,0.4506464735149581,-0.117904223890474,-0.5198886882865239,0.0,31.0,31.0,-0.031652262672975,0.0538261899465891,0.2118509682653196,0.2081424173985307,0.5800066143361496,1.0,False,False,-0.1257159314691427,0.1962474218750561,1836,True,official_matchdays,False,,,32,3,3,0,0,0,0,0,1:2,0:1,1:2,1:2
3a1a60fc5c17b2b673e6,D1,2024,2025-05-03,2025-04-29,FC St. Pauli,Stuttgart,0,1,0.9095201533534476,1.0830417048207732,0.3560793301576781,0.2739861128302596,0.3699345570120624,0,1,4,2.0472018882994205,0.5988433418369624,-0.0117862685848717,-0.282223298778401,-0.0727787337970712,0.0582693063009084,0.0603731229421639,0.0,0.0,31.0,31.0,0.015951194227541,-0.0306516725957047,0.3560793301576781,0.2739861128302595,0.3699345570120624,1.0,False,False,-0.1257159314691427,0.1962474218750561,1836,True,official_matchdays,False,,,32,0,1,4,3,4,0,4,1:2,0:1,0:0,0:1
5d28939fe318ab7eb3a4,D1,2024,2025-05-03,2025-04-29,Borussia Dortmund,VfL Wolfsburg,4,0,2.444717285552455,1.1813437252991623,0.7210144927536233,0.1594202898550724,0.1195652173913043,2,1,2,3.111645054046106,0.1175435832808233,0.3824301177399858,-0.3797597292227219,0.1904564545859149,-0.0770853588749902,0.1826746897534125,0.0,0.0,31.0,31.0,0.0663647327228053,-0.0662312132969421,0.7210144927536232,0.1594202898550724,0.1195652173913043,1.0,False,False,-0.1257159314691427,0.1962474218750561,1836,True,official_matchdays,False,,,32,4,0,2,2,2,2,2,2:1,1:0,2:1,2:1
8120759684399436a99d,D1,2024,2025-05-03,2025-04-29,Borussia Mönchengladbach,TSG 1899 Hoffenheim,4,4,2.1614489498230465,1.5234978906404124,0.4531270172073551,0.2409029711735305,0.3059700116191143,2,1,0,5.215895235465981,0.8751700409066094,-0.1981126823943757,-0.2271888107911437,-0.1237340495747743,-0.2111297186447377,0.1811105402722807,-0.1586954828925431,0.0,31.0,31.0,0.0006036993137336,-0.0218687739730096,0.453127017207355,0.2409029711735305,0.3059700116191143,1.0,False,False,-0.1257159314691427,0.1962474218750561,1836,True,official_matchdays,False,,,32,4,4,0,0,0,0,0,2:1,1:0,2:1,2:1
d4dca23bdf80e6670774,D1,2024,2025-05-03,2025-04-29,1. FC Union Berlin,SV Werder Bremen,2,2,1.312055512634679,1.2417352173247973,0.349916869164855,0.2782964573474869,0.3717866734876582,0,1,0,3.0334927092019828,0.7815231493863406,0.0841264728011136,0.3382100826768923,-0.0513037813596126,0.2417506652682865,-0.076675991767658,-0.1084922033726889,0.0,31.0,31.0,-0.0123316564421161,0.0334484842160164,0.3499168691648548,0.2782964573474869,0.3717866734876583,1.0,False,False,-0.1257159314691427,0.1962474218750561,1836,True,official_matchdays,False,,,32,2,2,0,0,0,3,3,1:2,0:1,1:1,1:1
3f9bbbdbb73b045501df,D1,2024,2025-05-04,2025-04-29,FC Augsburg,Holstein Kiel,1,3,1.9560205498657008,1.3480594196880007,0.5171149144254279,0.2530562347188264,0.2298288508557456,2,1,0,3.619994416777532,0.9246088916254688,-0.0611953760937787,-0.069200030463764,-0.0907844721104449,-0.2164308392728605,-0.1811193688264919,0.0,0.0,31.0,31.0,-0.0117155045275142,0.0051957341996371,0.5171149144254279,0.2530562347188264,0.2298288508557457,1.0,False,False,-0.1257159314691427,0.1962474218750561,1836,True,official_matchdays,False,,,32,1,3,0,0,0,0,0,2:1,1:0,2:1,2:1
d6f283b7df316d3b8faa,D1,2024,2025-05-04,2025-04-29,1. FSV Mainz 05,Eintracht Frankfurt,1,1,1.3701260328494536,1.447843231051373,0.4003494594299444,0.2617669542426558,0.3378835863273999,2,1,0,2.0870748273104756,0.8194330374234794,-0.2803597079634124,0.2565096840805909,0.1586849632837716,-0.1298712876830282,-0.0178778990438702,-0.7499869911538178,0.0,31.0,31.0,-0.0417553499525642,0.0405628487584232,0.4003494594299444,0.2617669542426559,0.3378835863273998,1.0,False,False,-0.1257159314691427,0.1962474218750561,1836,True,official_matchdays,False,,,32,1,1,0,0,0,0,0,2:1,1:0,1:2,2:1
f17b5f607a1c8ac86f69,D1,2024,2025-05-04,2025-04-29,SC Freiburg,Bayer 04 Leverkusen,2,2,1.115377147802364,1.930143499879289,0.3091838991699683,0.2713066693571231,0.4195094314729085,1,2,0,2.8002288378219227,0.8025768167240772,0.2048269439029368,0.3416653354449243,0.0580652544927603,0.3918462627044511,-0.1754355614127431,-1.3566925974490354,0.0,31.0,31.0,-0.0053723504525896,0.0326969644199827,0.3091838991699683,0.2713066693571231,0.4195094314729085,1.0,False,False,-0.1257159314691427,0.1962474218750561,1836,True,official_matchdays,False,,,32,2,2,0,0,0,0,0,1:2,0:1,1:2,1:2
175b99ef65bf6053cdf8,D1,2024,2025-05-09,2025-05-06,VfL Wolfsburg,TSG 1899 Hoffenheim,2,2,1.88936717743233,1.4264265004475023,0.4170436596175373,0.2581162109524758,0.3248401294299866,2,1,0,2.6843015228982945,0.8298380801667902,-0.5011574229564166,-0.2458791886256298,-0.3172984354054246,-0.1692231597584228,0.0170000809940161,0.0,0.0,32.0,32.0,-0.0369717788146593,-0.0003800517644429,0.4170436596175375,0.2581162109524759,0.3248401294299867,1.0,False,False,-0.1314500909752788,0.1944597461455092,1836,True,official_matchdays,False,,,33,2,2,0,0,0,0,0,2:1,1:0,2:1,2:1
0377f06533d7a9c258e3,D1,2024,2025-05-10,2025-05-06,VfL Bochum,1. FSV Mainz 05,1,4,1.0180530068020512,1.5667962131774409,0.3224568730916657,0.2584912433751125,0.419051883533222,0,1,2,4.094837349677102,0.5082968719319633,-0.3373384948843759,-0.2894971554866883,-0.3585344751497691,-0.2190615099680916,-0.2372802157951103,0.0,0.0,32.0,32.0,-0.0311230025038586,-0.0002187800146945,0.3224568730916656,0.2584912433751124,0.4190518835332219,1.0,False,False,-0.1314500909752788,0.1944597461455092,1836,True,official_matchdays,False,,,33,1,4,2,2,2,2,2,1:2,0:1,0:1,0:1
473f1ba9665a4f9cafa0,D1,2024,2025-05-10,2025-05-06,Holstein Kiel,SC Freiburg,1,2,1.6980214479257152,1.962747155883336,0.2958035524732857,0.2498761587998018,0.4543202887269125,1,2,4,2.4300263349792344,0.4477041836874399,0.079311119375719,0.1453155103495804,-0.1522106016681033,0.2759279301825161,-0.0610331068128252,0.0,0.0,32.0,32.0,-0.0023863189205483,0.0136176504068133,0.2958035524732856,0.2498761587998018,0.4543202887269125,1.0,False,False,-0.1314500909752788,0.1944597461455092,1836,True,official_matchdays,False,,,33,1,2,4,4,3,4,4,1:2,0:1,1:2,1:2
4d787d4ad78860ce4a0d,D1,2024,2025-05-10,2025-05-06,Bayern München,Borussia Mönchengladbach,2,0,3.6467572804033583,1.1212562703659734,0.8225156638363187,0.100539322449961,0.0769450137137201,3,1,3,2.873148966929755,0.0475293800775644,0.3205739778161441,-0.2286564814644438,0.4261907269751729,-0.007713461661365,0.0902824558057586,1.762618942229019,0.0,32.0,32.0,0.0480043446451245,-0.0434084698275395,0.8225156638363189,0.100539322449961,0.0769450137137201,1.0,False,False,-0.1314500909752788,0.1944597461455092,1836,True,official_matchdays,False,,,33,2,0,3,2,2,3,3,2:1,1:0,3:1,3:1
cb353e471516d5fd6826,D1,2024,2025-05-10,2025-05-06,1. FC Union Berlin,1. FC Heidenheim 1846,0,3,1.3618330594945476,0.9759414645778256,0.4350082746970085,0.2745441272583425,0.290447598044649,1,0,0,4.06036978319069,0.7680712879875209,0.0663564641862684,-0.0566421783948552,-0.0414270270856255,0.0008836058591311,-0.1287093428150272,0.0,0.0,32.0,32.0,0.0030322881976182,-0.0025465739080475,0.4350082746970085,0.2745441272583425,0.290447598044649,1.0,False,False,-0.1314500909752788,0.1944597461455092,1836,True,official_matchdays,False,,,33,0,3,0,0,0,0,0,2:1,1:0,1:0,1:0
f677fb5ac0c7c5f081a7,D1,2024,2025-05-10,2025-05-06,SV Werder Bremen,RB Leipzig,0,0,1.3556616933242491,1.785282142531074,0.4035213239182506,0.2587799794693128,0.3376986966124366,2,1,0,2.864050317147986,0.8262769873859885,0.2747902327494212,-0.0222512122966644,0.0290590618838367,-0.1995988666824041,-0.1555554482023833,-1.3984085586106647,0.0,32.0,32.0,0.0208138114796561,-0.0081868604570183,0.4035213239182506,0.2587799794693128,0.3376986966124366,1.0,False,False,-0.1314500909752788,0.1944597461455092,1836,True,official_matchdays,False,,,33,0,0,0,0,0,0,0,2:1,1:0,1:2,1:2
5096d730d7cebbd45574,D1,2024,2025-05-11,2025-05-06,Eintracht Frankfurt,FC St. Pauli,2,2,1.344539287224171,0.6470632389421569,0.6275243642776072,0.2124358649670296,0.1600397707553629,1,0,0,4.049995660989593,1.0396568227756748,0.2143979761594588,-0.1068026769981597,0.3884333718734528,-0.1038151775100725,0.0610331068128252,0.0,0.0,32.0,32.0,0.0298315868064951,-0.0244518218484301,0.6275243642776074,0.2124358649670296,0.1600397707553629,1.0,False,False,-0.1314500909752788,0.1944597461455092,1836,True,official_matchdays,False,,,33,2,2,0,0,0,0,0,2:1,1:0,1:0,1:0
b4d8ffeb8547bf3866e5,D1,2024,2025-05-11,2025-05-06,Stuttgart,FC Augsburg,4,0,1.9342433969034245,0.9995652861345604,0.6131593432141087,0.2130934937179078,0.1737471630679832,2,1,2,3.414223426171571,0.2252426074816161,-0.051434772380038,-0.1868680934638747,-0.4043742660147659,0.1506620044213301,0.1883173942566751,1.028617608442825,0.0,32.0,32.0,0.0136157971480236,-0.0255309404402193,0.6131593432141089,0.2130934937179078,0.1737471630679833,1.0,False,False,-0.1314500909752788,0.1944597461455092,1836,True,official_matchdays,False,,,33,4,0,2,2,2,2,2,2:1,1:0,2:1,2:1
b5221eff159e5e1bc151,D1,2024,2025-05-11,2025-05-06,Bayer 04 Leverkusen,Borussia Dortmund,2,4,2.131382284837428,1.4299986348170388,0.3595343456364949,0.241818785770739,0.3986468685927663,1,2,2,3.998602650892029,0.5493668594971828,0.2141425109648555,0.4626473897068082,0.3150100826401805,0.2050324410369274,0.0259149002695724,0.3892171088831812,0.0,32.0,32.0,-0.0004223733753762,0.0342618684089594,0.3595343456364949,0.2418187857707389,0.3986468685927662,1.0,False,False,-0.1314500909752788,0.1944597461455092,1836,True,official_matchdays,False,,,33,2,4,2,2,2,0,0,1:2,0:1,2:1,2:1
12773c5a149f2947720f,D1,2024,2025-05-17,2025-05-13,Borussia Dortmund,Holstein Kiel,3,0,3.6891332831429726,1.261022388421272,0.881094531195834,0.0748099130260613,0.0440955557781047,3,1,2,2.7350068720338445,0.0216794516378853,0.5724570809587144,-0.0554428210716846,0.3452762419358066,0.0153852002316414,-0.121687941452266,0.0,0.0,33.0,33.0,0.0539334520768423,-0.0280827390824908,0.8810945311958339,0.0748099130260613,0.0440955557781047,1.0,False,False,-0.135793455020623,0.1858441721924712,1836,True,official_matchdays,False,,,34,3,0,2,2,2,2,2,2:1,1:0,3:1,3:1
226061858471ccdb640c,D1,2024,2025-05-17,2025-05-13,Borussia Mönchengladbach,VfL Wolfsburg,0,1,1.81676272664194,1.4678255313103727,0.4342771982116244,0.2248385494287133,0.3408842523596622,2,1,0,3.054457918435052,0.6735826269832279,-0.3008718066980098,-0.4338284265738141,-0.1676410592310147,-0.2528629356028226,0.0646765028448809,0.0,0.0,33.0,33.0,-0.0051619341988662,-0.0315730774647249,0.4342771982116245,0.2248385494287133,0.3408842523596622,1.0,False,False,-0.135793455020623,0.1858441721924712,1836,True,official_matchdays,False,,,34,0,1,0,0,0,0,0,2:1,1:0,2:1,2:1
22a493a965435eabaa35,D1,2024,2025-05-17,2025-05-13,FC St. Pauli,VfL Bochum,0,2,1.189735869641355,0.6690485121509673,0.5699770338924073,0.2266337253810286,0.2033892407265641,1,0,0,3.2935814546973523,1.01082536643507,-0.1103252856548458,-0.4663577845831861,-0.1601516871510431,-0.2524125797877525,-0.0608912120281565,0.0,0.0,33.0,33.0,0.0092408000622668,-0.0380749535741685,0.5699770338924073,0.2266337253810285,0.2033892407265641,1.0,False,False,-0.135793455020623,0.1858441721924712,1836,True,official_matchdays,False,,,34,0,2,0,0,0,0,0,2:1,1:0,1:0,1:0
5f6ab8f632eae036f328,D1,2024,2025-05-17,2025-05-13,RB Leipzig,Stuttgart,2,3,1.8570907054284744,1.3464499378862906,0.4777456351350874,0.2242249561129301,0.2980294087519826,2,1,0,3.440736356752734,0.7712804338115646,-0.0409647297579774,0.1468443161475673,0.1285020585385956,0.16771589672079,-0.0033643768627404,0.4270472914436367,0.0,33.0,33.0,-0.0116069076263131,0.0169008869457926,0.4777456351350874,0.2242249561129301,0.2980294087519824,1.0,False,False,-0.135793455020623,0.1858441721924712,1836,True,official_matchdays,False,,,34,2,3,0,0,0,0,0,2:1,1:0,2:1,2:1
8f15020199c4e037a98b,D1,2024,2025-05-17,2025-05-13,1. FC Heidenheim 1846,SV Werder Bremen,1,4,1.420652211072785,1.398217971906401,0.412941013909786,0.2454171400497436,0.3416418460404704,2,1,0,4.337508980266769,0.6641853124840372,0.1425724968805259,0.1625972342763429,-0.3505401384814069,0.1354937089243678,0.0968858326762415,0.0,0.0,33.0,33.0,0.0109716796080475,0.0042868069497959,0.412941013909786,0.2454171400497435,0.3416418460404704,1.0,False,False,-0.135793455020623,0.1858441721924712,1836,True,official_matchdays,False,,,34,1,4,0,0,0,0,0,2:1,1:0,2:1,2:1
a20ac041fd6862d9caf9,D1,2024,2025-05-17,2025-05-13,TSG 1899 Hoffenheim,Bayern München,0,4,1.239445848053472,3.2016496310036513,0.1857450994783984,0.1814832616318577,0.632771638889744,1,3,2,3.1345003390173165,0.202294085436502,-0.2244146653330669,0.4559092380361667,-0.1365432816583067,0.3670257794557798,-0.1774469034394048,-1.6039234593364762,0.0,33.0,33.0,-0.0541092736070852,0.0656840022422402,0.1857450994783984,0.1814832616318577,0.6327716388897439,1.0,False,False,-0.135793455020623,0.1858441721924712,1836,True,official_matchdays,False,,,34,0,4,2,2,2,2,2,1:2,0:1,1:3,1:3
defca05820466ce4ba0f,D1,2024,2025-05-17,2025-05-13,FC Augsburg,1. FC Union Berlin,1,2,1.1870844602115806,1.015459816199378,0.4565516416482267,0.2736678428323665,0.2697805155194067,1,0,0,2.779276930740288,0.8165539852073151,-0.3429215942652871,-0.1351925366154802,-0.1877705228211087,0.0449793396310587,0.1932553561091822,0.051235862096892,0.0,33.0,33.0,-0.0178697647902955,-0.0060359417537427,0.4565516416482267,0.2736678428323665,0.2697805155194068,1.0,False,False,-0.135793455020623,0.1858441721924712,1836,True,official_matchdays,False,,,34,1,2,0,0,0,0,0,2:1,1:0,1:1,1:0
e32a8af45b6edd83bbe1,D1,2024,2025-05-17,2025-05-13,SC Freiburg,Eintracht Frankfurt,1,3,1.497418249052739,1.5301695969614058,0.4006743467266085,0.2552683338016296,0.3440573194717617,2,1,0,3.215541080446101,0.6559626545052251,0.2759198765555042,0.1732227842713868,-0.0118751934283323,-0.1091934648453272,-0.1278700313285572,-0.6667233446111129,0.0,33.0,33.0,0.0125373468755532,0.0099197861657913,0.4006743467266085,0.2552683338016296,0.3440573194717617,1.0,False,False,-0.135793455020623,0.1858441721924712,1836,True,official_matchdays,False,,,34,1,3,0,0,0,2,0,2:1,1:0,1:2,2:1
f8a9163288f98a33985a,D1,2024,2025-05-17,2025-05-13,1. FSV Mainz 05,Bayer 04 Leverkusen,2,2,1.1438560888426716,1.7390182353657309,0.4357685651944926,0.2411105259197953,0.3231209088857122,2,1,0,2.995006442259721,0.8702145980405251,-0.0885583091868368,0.0623718623963028,0.0706667112041267,0.2619371687715933,-0.1664595888797091,-1.4399562439917402,0.0,33.0,33.0,-0.0202974034824842,0.0189880811429575,0.4357685651944925,0.2411105259197953,0.3231209088857121,1.0,False,False,-0.135793455020623,0.1858441721924712,1836,True,official_matchdays,False,,,34,2,2,0,0,0,0,0,2:1,1:0,1:2,1:2
597f471c303296dc4bc3,D1,2025,2025-08-22,2025-08-19,Bayern München,RB Leipzig,6,0,2.696096236261537,1.1580796754841047,0.7768913976936254,0.1318427196646965,0.0912658826416783,2,1,2,4.364672685320876,0.0754894124860524,0.5630365455506874,-0.19422098812648,0.4856976727422829,-0.166393463187331,0.089626523913492,0.5198886882865239,1.0,0.0,0.0,0.0834932473642304,-0.06505246949302,0.7768913976936251,0.1318427196646965,0.0912658826416783,1.0,False,False,-0.128646747182775,0.1706453940372605,1827,True,official_matchdays,False,,,1,6,0,2,2,2,2,2,2:1,1:0,2:1,2:1
0988800243df6fd0a0a2,D1,2025,2025-08-23,2025-08-19,1. FC Heidenheim 1846,VfL Wolfsburg,1,3,1.2849524936856316,1.4627969950949855,0.3071904525111885,0.2669318746892093,0.4258776727996021,1,2,2,3.0798220566926573,0.4952350464291253,-0.0759845647909969,-0.1791165533519219,-0.4170201062783672,-0.0306641628911365,-0.0822035295237229,0.0,1.0,0.0,0.0,-0.0027528052876897,-0.0100022506194561,0.3071904525111885,0.2669318746892093,0.4258776727996022,1.0,False,False,-0.128646747182775,0.1706453940372605,1827,True,official_matchdays,False,,,1,1,3,2,2,2,2,2,1:2,0:1,1:2,1:2
56d19da7b61807566a7b,D1,2025,2025-08-23,2025-08-19,FC St. Pauli,Borussia Dortmund,3,3,0.7416354485311679,1.598490552900775,0.2075851261402441,0.2437103299101046,0.5487045439496511,0,1,0,5.546667655749383,0.9161423262303384,-0.2639679963616091,0.6820154140240198,-0.311471824150072,0.3644411648179684,-0.1457971276603882,0.0,1.0,0.0,0.0,-0.0677874267203813,0.0886897976035018,0.2075851261402441,0.2437103299101047,0.5487045439496511,1.0,False,False,-0.128646747182775,0.1706453940372605,1827,True,official_matchdays,False,,,1,3,3,0,0,0,0,0,1:2,0:1,0:1,0:1
9c5017f31b9a8a8b0903,D1,2025,2025-08-23,2025-08-19,Eintracht Frankfurt,SV Werder Bremen,4,1,2.0681764137034353,1.2519610096408342,0.5551164686626797,0.2345367080099821,0.2103468233273382,2,1,2,3.3573289756319693,0.2971746099432265,0.2748643909166024,0.3457928907826007,0.2558227192674808,0.3235589106639263,0.0093783075673953,0.9403354349171076,1.0,0.0,0.0,0.0341740958038276,-0.0031412317188675,0.5551164686626796,0.2345367080099821,0.2103468233273382,1.0,False,False,-0.128646747182775,0.1706453940372605,1827,True,official_matchdays,False,,,1,4,1,2,2,2,2,2,2:1,1:0,2:1,2:1
ccaec94e22dee8d387d7,D1,2025,2025-08-23,2025-08-19,1. FC Union Berlin,Stuttgart,2,1,1.1159952646317928,1.6600626667527243,0.283997173622525,0.261055897758867,0.4549469286186079,1,2,0,2.5789030432701625,0.7877869369947252,0.0458092079854138,0.2972298277723541,-0.2236111452997556,0.3176662577415811,-0.0832489348400794,-1.079853470539717,1.0,0.0,0.0,-0.0414393540955732,0.0585913058834616,0.283997173622525,0.261055897758867,0.454946928618608,1.0,False,False,-0.128646747182775,0.1706453940372605,1827,True,official_matchdays,False,,,1,2,1,0,0,0,0,0,1:2,0:1,1:2,1:2
d105bcaf83217758f01a,D1,2025,2025-08-23,2025-08-19,Bayer 04 Leverkusen,TSG 1899 Hoffenheim,1,2,2.9719775436383435,1.0001998622248502,0.6274477305631792,0.2032768025582653,0.1692754668785555,2,0,0,2.9269966659800484,1.1251153629770376,-0.0083423307005945,-0.3168696558508421,0.0849496444113312,-0.2016426501387384,0.2121804424708488,1.3159309001943176,1.0,0.0,0.0,0.058516544350883,-0.0747771436784548,0.6274477305631792,0.2032768025582653,0.1692754668785555,1.0,False,False,-0.128646747182775,0.1706453940372605,1827,True,official_matchdays,False,,,1,1,2,0,0,0,0,0,2:1,1:0,2:0,2:0
f61bf9983c1d2b084df2,D1,2025,2025-08-23,2025-08-19,SC Freiburg,FC Augsburg,1,3,1.6713641237251076,0.9858174909801456,0.5163648457862728,0.2625095026064292,0.2211256516072979,1,0,0,3.9152334709735426,0.9421891435067126,0.0896794673337796,-0.4386121455817838,-0.1263531860903622,-0.0693484557425849,0.1698605011947146,0.3308684315817917,1.0,0.0,0.0,0.0476632898617476,-0.0651099237741478,0.5163648457862728,0.2625095026064292,0.221125651607298,1.0,False,False,-0.128646747182775,0.1706453940372605,1827,True,official_matchdays,False,,,1,1,3,0,0,0,0,0,2:1,1:0,1:0,1:0
ac5e02d84f39a28bd3b0,D1,2025,2025-08-24,2025-08-19,1. FSV Mainz 05,1. FC Köln,0,1,1.530123304979865,1.0116800497262426,0.5034938614672453,0.2594178898418492,0.2370882486909053,1,0,0,2.739353057771868,0.9028380503907054,-0.09535878569121,-0.1486014683322212,-0.004852507440049,-0.3332149307551926,0.041115585188264,0.9120402759081908,1.0,0.0,0.0,0.022750981004608,-0.0349489937057795,0.5034938614672453,0.2594178898418494,0.2370882486909053,1.0,False,True,-0.128646747182775,0.1706453940372605,1827,True,official_matchdays,False,,,1,0,1,0,0,0,0,0,2:1,1:0,1:0,1:0
fd53e1f6bb924c5a6ef6,D1,2025,2025-08-24,2025-08-19,Borussia Mönchengladbach,Hamburger SV,0,0,1.9979819913528445,1.7543387383208942,0.51393609789259,0.2386131883072739,0.2474507138001359,2,1,0,3.361028591984047,0.9050720454968734,-0.407431952616986,0.0,-0.2379706066576095,0.0,0.0,1.036153608684359,1.0,0.0,0.0,-0.0148393550445896,-0.0055322425862596,0.5139360978925901,0.238613188307274,0.247450713800136,1.0,False,True,-0.128646747182775,0.1706453940372605,1827,True,official_matchdays,False,,,1,0,0,0,0,0,0,0,2:1,1:0,2:1,2:1
6a7173ff95e5c72e058e,D1,2025,2025-08-29,2025-08-26,Hamburger SV,FC St. Pauli,0,2,0.5450946560340804,0.293927502724047,0.3948729790276646,0.2894927668331652,0.3156342541391701,1,0,0,3.243197310639722,0.7080872057225538,-0.053030303030303,-0.2191977360986234,0.0,-0.0878187164304213,0.0,0.0,0.9,1.0,1.0,0.0056568565019008,-0.0192682584583471,0.3948729790276646,0.2894927668331652,0.3156342541391701,1.0,True,False,-0.1195617541122572,0.1701406732261708,1827,True,official_matchdays,False,,,2,0,2,0,0,0,0,0,2:1,1:0,0:0,0:0
0540df33cbb13fc6065e,D1,2025,2025-08-30,2025-08-26,FC Augsburg,Bayern München,2,3,0.8485914260208741,2.935202631108885,0.0952430024240928,0.1466534218292973,0.7581035757466099,0,2,2,3.4062498810134283,0.0890923357115736,-0.1869337985458228,0.6141199624514181,-0.2544835173380321,0.4533254008656223,-0.2717881775492847,-1.9755535881729855,0.9,1.0,1.0,-0.1074387425885096,0.1287980507837893,0.0952430024240928,0.1466534218292973,0.7581035757466098,1.0,False,False,-0.1195617541122572,0.1701406732261708,1827,True,official_matchdays,False,,,2,2,3,2,3,3,2,2,1:2,0:1,0:2,0:2
20375f9b5a8bcdc672ad,D1,2025,2025-08-30,2025-08-26,RB Leipzig,1. FC Heidenheim 1846,2,0,2.1722570307856883,0.943025122658471,0.660881022665366,0.1942962840962359,0.144822693238398,2,1,2,2.2298859361841687,0.1737263392789164,-0.2921007149103969,-0.2357970888862046,-0.0150897544811561,0.1897629315861385,0.0943110181315283,0.0,0.9,1.0,1.0,-0.012704666140153,-0.013690224049677,0.660881022665366,0.1942962840962359,0.144822693238398,1.0,False,False,-0.1195617541122572,0.1701406732261708,1827,True,official_matchdays,False,,,2,2,0,2,2,2,2,2,2:1,1:0,2:1,2:1
7e241681c53a191afc24,D1,2025,2025-08-30,2025-08-26,SV Werder Bremen,Bayer 04 Leverkusen,3,3,1.1890859421515756,2.0951777194123715,0.2636172643307855,0.2450332796390591,0.4913494560301553,1,2,0,4.066618946140805,0.8808930988469319,0.0874095748994237,-0.1674596807819185,0.0244974545362755,0.192165046998886,-0.0983073726454927,-1.6303046877550302,0.9,1.0,1.0,-0.0244832825777245,0.0204807772835997,0.2636172643307856,0.2450332796390591,0.4913494560301553,1.0,False,False,-0.1195617541122572,0.1701406732261708,1827,True,official_matchdays,False,,,2,3,3,0,0,0,0,0,1:2,0:1,1:2,1:2
897013d9643fca93aee5,D1,2025,2025-08-30,2025-08-26,Stuttgart,Borussia Mönchengladbach,1,0,2.313019159545654,1.3201861463895523,0.5910025024115418,0.2111671862549105,0.1978303113335477,2,1,3,2.959298002307613,0.2510073656667653,0.1433794179298854,-0.3937390105432674,-0.179481330059766,-0.1196244358904486,0.0481866106712317,0.8156829624988586,0.9,1.0,1.0,0.0547870895099378,-0.0673050691406069,0.5910025024115418,0.2111671862549104,0.1978303113335477,1.0,False,False,-0.1195617541122572,0.1701406732261708,1827,True,official_matchdays,False,,,2,1,0,3,3,4,3,3,2:1,1:0,2:1,2:1
8b2b3741de8b44e8c8c7,D1,2025,2025-08-30,2025-08-26,TSG 1899 Hoffenheim,Eintracht Frankfurt,1,3,1.495598574998487,2.0734073189158484,0.3307779313811738,0.2498429056176951,0.419379163001131,1,2,2,2.945961046719862,0.5089560737335683,-0.1032269563009688,0.3777221553881778,-0.2447856530411239,0.0465030911443512,-0.1576093956124404,-0.6259616473563953,0.9,1.0,1.0,-0.0511734102456466,0.0648981702000071,0.3307779313811738,0.2498429056176951,0.4193791630011311,1.0,False,False,-0.1195617541122572,0.1701406732261708,1827,True,official_matchdays,False,,,2,1,3,2,2,2,2,2,1:2,0:1,1:2,1:2
0763ffce50264e14a708,D1,2025,2025-08-31,2025-08-26,Borussia Dortmund,1. FC Union Berlin,3,0,2.401545687227376,0.9280420769401592,0.6805922792173453,0.185616076150185,0.1337916446324696,2,1,2,2.506777568957726,0.1543748239944226,0.4966584483325155,0.1574944375332586,0.4923362050767987,0.2169811204862245,0.1650531530749628,1.349579782244538,0.9,1.0,1.0,0.0804093257108388,-0.0477016814175501,0.6805922792173453,0.185616076150185,0.1337916446324695,1.0,False,False,-0.1195617541122572,0.1701406732261708,1827,True,official_matchdays,False,,,2,3,0,2,2,2,2,2,2:1,1:0,2:1,2:1
23b0742cf5aa3cd40616,D1,2025,2025-08-31,2025-08-26,1. FC Köln,SC Freiburg,4,1,0.6855198348607923,0.5586127058740952,0.3732346108204777,0.2862228610586485,0.3405425281208737,1,0,2,6.36645666030309,0.5907275927249124,0.034809387211879,-0.0430443072998402,-0.0067890177024385,0.4097511492249668,-0.1028024883501608,-0.9953039224508956,0.9,1.0,1.0,-0.0219013085864732,0.0214895625820752,0.3732346108204776,0.2862228610586484,0.3405425281208737,1.0,True,False,-0.1195617541122572,0.1701406732261708,1827,True,official_matchdays,False,,,2,4,1,2,2,2,0,0,2:1,1:0,0:0,0:0
ddf5ac2b48ad5cc92724,D1,2025,2025-08-31,2025-08-26,VfL Wolfsburg,1. FSV Mainz 05,1,1,1.4565147878653557,1.2330236366740115,0.4599150982152367,0.2591786741323434,0.28090622765242,2,1,0,2.0897262210514964,0.8392464431605566,0.0459954282567654,-0.1753601675710421,-0.326428768591801,0.0293899944601642,0.0851449840039578,0.0,0.9,1.0,1.0,0.0176248004044265,-0.0240930373701403,0.4599150982152366,0.2591786741323433,0.28090622765242,1.0,False,False,-0.1195617541122572,0.1701406732261708,1827,True,official_matchdays,False,,,2,1,1,0,0,0,0,0,2:1,1:0,2:1,2:1
a9cf5112a0bb7a35716e,D1,2025,2025-09-12,2025-09-09,Bayer 04 Leverkusen,Eintracht Frankfurt,3,1,2.0357446194367284,1.3351926755308718,0.4488586729461809,0.2480534771544684,0.3030878498993504,2,1,2,2.8990728297591364,0.4571495346716782,-0.1968812714954856,0.5061046431191589,-0.0909289751658213,0.2110233818786406,0.2885674113094819,0.3296330370554061,0.8,2.0,2.0,-0.0239723279989242,0.0394334965801079,0.448858672946181,0.2480534771544684,0.3030878498993505,1.0,False,False,-0.1165713615932792,0.1739632839976094,1827,True,official_matchdays,False,,,3,3,1,2,2,2,2,2,2:1,1:0,2:1,2:1
4fa09f589a375af844c4,D1,2025,2025-09-13,2025-09-09,Bayern München,Hamburger SV,5,0,3.749539931713083,0.2458264143882566,0.8856677262415504,0.0788251712691892,0.0355071024892603,3,0,2,2.24357507509894,0.0205460307755769,0.6203851081318473,-0.2556237807621309,0.5506761506929061,-0.053030303030303,0.0,2.3676290868565735,0.8,2.0,2.0,0.1221722815884227,-0.1039342152199369,0.8856677262415505,0.0788251712691892,0.0355071024892603,1.0,False,True,-0.1165713615932792,0.1739632839976094,1827,True,official_matchdays,False,,,3,5,0,2,2,2,2,2,2:1,1:0,3:0,3:0
55aaeae2b0c9cd618a8c,D1,2025,2025-09-13,2025-09-09,SC Freiburg,Stuttgart,3,1,1.3827056348265363,1.767761694207706,0.3298957075155597,0.260975991460777,0.4091283010236634,1,2,0,3.2698148532611,0.6845341976235171,-0.1614556696459219,0.2309052614652962,-0.2771162497714334,0.1032914251685912,-0.1315822763087978,-0.5290134223745317,0.8,2.0,2.0,-0.0448502123007875,0.0483226918917562,0.3298957075155596,0.2609759914607769,0.4091283010236634,1.0,False,False,-0.1165713615932792,0.1739632839976094,1827,True,official_matchdays,False,,,3,3,1,0,0,0,0,0,1:2,0:1,1:2,1:2
58b892280c438ad78cdf,D1,2025,2025-09-13,2025-09-09,1. FC Heidenheim 1846,Borussia Dortmund,0,2,1.0930164997696348,2.4361959352737066,0.181671823980307,0.2135368136078324,0.6047913624118607,1,2,2,2.5286531952569145,0.234792489618391,-0.310044233918701,0.553038193460339,-0.4587078824078791,0.2394557980404613,-0.1128374359856869,0.0,0.8,2.0,2.0,-0.0642982048641714,0.0764479028412533,0.1816718239803069,0.2135368136078324,0.6047913624118606,1.0,False,False,-0.1165713615932792,0.1739632839976094,1827,True,official_matchdays,False,,,3,0,2,2,2,2,2,2,1:2,0:1,1:2,1:2
9a3efe91f959b2ee466b,D1,2025,2025-09-13,2025-09-09,VfL Wolfsburg,1. FC Köln,3,3,1.5694364374001937,0.5535520718574765,0.4793677890275489,0.2639215917117966,0.2567106192606545,1,0,0,6.161511546729608,0.8375052423464446,0.0350762201850375,0.1807965484626488,-0.2904923336908817,-0.1166355632086718,0.0342853012237318,0.0,0.8,2.0,2.0,-0.003817940343442,0.0146115787758264,0.4793677890275488,0.2639215917117966,0.2567106192606545,1.0,False,True,-0.1165713615932792,0.1739632839976094,1827,True,official_matchdays,False,,,3,3,3,0,0,0,0,0,2:1,1:0,1:0,1:0
ad9c7bc8a79ea28fc253,D1,2025,2025-09-13,2025-09-09,1. FSV Mainz 05,RB Leipzig,0,1,1.2744786187277006,1.461506226259378,0.3667112028827078,0.2622292400502043,0.3710595570670877,2,1,0,2.5955753283656064,0.598807361413638,-0.1665654190909415,-0.106856927443406,-0.1645968553750752,-0.2893286301009204,0.0758187847901299,-1.0618900152904271,0.8,2.0,2.0,-0.0287605566032259,0.0150894392765085,0.3667112028827078,0.2622292400502044,0.3710595570670877,1.0,False,False,-0.1165713615932792,0.1739632839976094,1827,True,official_matchdays,False,,,3,0,1,0,3,4,3,3,1:2,0:1,1:2,1:2
c7692fb64007d872e085,D1,2025,2025-09-13,2025-09-09,1. FC Union Berlin,TSG 1899 Hoffenheim,2,4,1.4843552893812002,1.3203712402356238,0.3669914378506053,0.277138076960929,0.3558704851884657,2,1,0,4.678186382198118,0.6263910610085991,-0.0604288348040625,-0.1979775325191615,-0.0267237028473011,0.0146683827091059,0.1177738340633409,-0.2205637369198334,0.8,2.0,2.0,0.0053334101103222,-0.0182537284764834,0.3669914378506053,0.277138076960929,0.3558704851884657,1.0,False,False,-0.1165713615932792,0.1739632839976094,1827,True,official_matchdays,False,,,3,2,4,0,0,0,0,0,2:1,1:0,2:1,2:1
180088be9d56feb0c3ba,D1,2025,2025-09-14,2025-09-09,Borussia Mönchengladbach,SV Werder Bremen,0,4,1.783385952417534,1.544303797556445,0.4890670974441816,0.2395430681359256,0.2713898344198925,2,1,0,4.946610195939669,0.8274402806811207,-0.4435025678082357,0.0088822556100197,-0.2613533459546491,0.1125966249291379,0.1255296824427247,0.0773381027901755,0.8,2.0,2.0,-0.0369711233833848,0.015240107773474,0.4890670974441816,0.2395430681359256,0.2713898344198927,1.0,False,False,-0.1165713615932792,0.1739632839976094,1827,True,official_matchdays,False,,,3,0,4,0,0,0,0,0,2:1,1:0,2:1,2:1
d1c91f37dfe0843d32f6,D1,2025,2025-09-14,2025-09-09,FC St. Pauli,FC Augsburg,2,1,1.049734657947268,0.8481735075120123,0.4281779500794064,0.2832959850978551,0.2885260648227385,1,0,3,2.5397811943851236,0.4904843620300491,-0.0069404008292489,-0.2504823883425351,-0.2782226233474894,0.1159862619191102,-0.0858464127345057,0.0,0.8,2.0,2.0,0.0075377586974765,-0.0204088981560657,0.4281779500794065,0.283295985097855,0.2885260648227385,1.0,False,False,-0.1165713615932792,0.1739632839976094,1827,True,official_matchdays,False,,,3,2,1,3,4,3,0,3,2:1,1:0,0:0,1:0
44bbe8c3ead1a0abe00d,D1,2025,2025-09-19,2025-09-16,Stuttgart,FC St. Pauli,2,0,1.4934486981618829,0.848498410275653,0.5393660318873346,0.2426453870958444,0.217988581016821,1,0,2,2.177772791293392,0.3185794579118394,0.0728082048064988,0.1142220684070185,-0.0339488251776867,0.0607228185056165,0.0061475675980304,0.0,0.7,3.0,3.0,0.0018770954402004,0.0074744182204753,0.5393660318873343,0.2426453870958445,0.217988581016821,1.0,False,False,-0.110767418904899,0.1683674363780857,1827,True,official_matchdays,False,,,4,2,0,2,2,2,2,2,2:1,1:0,1:0,1:0
2426b7ab111e2829b8b9,D1,2025,2025-09-20,2025-09-16,TSG 1899 Hoffenheim,Bayern München,1,4,1.1883493675212011,3.5134490453592613,0.12532981530343,0.1644678979771328,0.7102022867194373,1,3,2,2.7976884201887926,0.1267399666916517,-0.02964435310792,0.6979619170002936,-0.337473688663016,0.4917943786985216,-0.2693602550967657,-1.7115642726208833,0.7,3.0,3.0,-0.0812829186865104,0.1146987968811291,0.12532981530343,0.1644678979771328,0.7102022867194371,1.0,False,False,-0.110767418904899,0.1683674363780857,1827,True,official_matchdays,False,,,4,1,4,2,2,2,2,2,1:2,0:1,1:3,1:3
8dac8e5e37c61c792b58,D1,2025,2025-09-20,2025-09-16,Hamburger SV,1. FC Heidenheim 1846,2,1,0.3138441996457735,1.2599931550389,0.4627474807690103,0.2663105159981199,0.2709420032328697,1,0,3,2.630387374945727,0.4329711294670703,-0.3984851662719398,-0.3643223230929842,-0.2645454545454545,0.0390576969780963,0.0,0.0,0.7,3.0,3.0,-0.0216324004725447,-0.0165079739957014,0.4627474807690103,0.2663105159981199,0.2709420032328698,1.0,True,False,-0.110767418904899,0.1683674363780857,1827,True,official_matchdays,False,,,4,2,1,3,4,3,0,0,2:1,1:0,0:1,0:1
bcd7c90a6d3d3584a4e0,D1,2025,2025-09-20,2025-09-16,RB Leipzig,1. FC Köln,3,1,2.0283951697083435,0.4544118566226702,0.56963570588498,0.226481666195233,0.2038826279197867,1,0,2,3.202637597868102,0.2780754967391666,0.0322570089759473,0.1489730796086095,0.1203849573983329,-0.1183915498649288,0.2039655198591121,1.6801254728161406,0.7,3.0,3.0,0.0353775186844023,-0.0263160142551744,0.5696357058849801,0.226481666195233,0.2038826279197868,1.0,False,True,-0.110767418904899,0.1683674363780857,1827,True,official_matchdays,False,,,4,3,1,2,2,2,2,2,2:1,1:0,1:0,1:0
c53a840181008a4453f1,D1,2025,2025-09-20,2025-09-16,FC Augsburg,1. FSV Mainz 05,1,4,1.1155769745202355,1.2846980462030764,0.3521691669009773,0.2804700550768264,0.3673607780221961,0,1,2,4.523806905843628,0.6029189590952074,-0.3627809966820796,-0.2337734865311163,-0.3660632642610332,0.0214541957398414,-0.0880544948876989,-0.0807465200193048,0.7,3.0,3.0,-0.0304052141863749,0.0005774900257151,0.3521691669009775,0.2804700550768264,0.3673607780221962,1.0,False,False,-0.110767418904899,0.1683674363780857,1827,True,official_matchdays,False,,,4,1,4,2,2,2,2,2,1:2,0:1,0:1,0:1
f4aa0a64ef075129f038,D1,2025,2025-09-20,2025-09-16,SV Werder Bremen,SC Freiburg,0,3,1.7418983900423886,1.4229980617311448,0.3950241712008738,0.2607819737454236,0.3441938550537026,2,1,0,3.773809495289614,0.6541330334128201,0.1595276057297807,0.0036305567635112,-0.0394120465560285,0.2099884523809966,-0.1669394371278376,-0.1635366698512877,0.7,3.0,3.0,0.004562369156013,0.0035955389686515,0.3950241712008737,0.2607819737454236,0.3441938550537025,1.0,False,False,-0.110767418904899,0.1683674363780857,1827,True,official_matchdays,False,,,4,0,3,0,0,0,0,0,2:1,1:0,2:1,2:1
dec40f5654afd680b32f,D1,2025,2025-09-21,2025-09-16,Borussia Dortmund,VfL Wolfsburg,1,0,2.5493157924388647,1.189292934109581,0.6386650622942838,0.1989062799941943,0.1624286577115219,2,1,3,2.976885142162064,0.1965097142738894,0.6265520353673918,0.0261188077441951,0.5929188745262428,0.1477203550673068,0.2327186587798923,0.0,0.7,3.0,3.0,0.072985196088524,-0.0403516539329446,0.6386650622942838,0.1989062799941943,0.1624286577115219,1.0,False,False,-0.110767418904899,0.1683674363780857,1827,True,official_matchdays,False,,,4,1,0,3,3,4,3,3,2:1,1:0,2:1,2:1
e15a7ef46befdf1e1e51,D1,2025,2025-09-21,2025-09-16,Eintracht Frankfurt,1. FC Union Berlin,3,4,1.9801729043526328,0.9128978303471764,0.6034583090863745,0.2190539529470446,0.1774877379665808,2,1,0,6.044789890904435,1.0886729863024445,0.2350817997344765,-0.1862392725420807,0.3988984999442486,0.0518523822279978,0.027256432439173,0.9964077585994148,0.7,3.0,3.0,0.051620100998,-0.0491779746383803,0.6034583090863745,0.2190539529470446,0.1774877379665807,1.0,False,False,-0.110767418904899,0.1683674363780857,1827,True,official_matchdays,False,,,4,3,4,0,0,0,0,0,2:1,1:0,2:1,2:1
e205f1ad96f227e3c514,D1,2025,2025-09-21,2025-09-16,Bayer 04 Leverkusen,Borussia Mönchengladbach,1,1,2.7288188781616887,0.9936309980939504,0.605216387335067,0.2075410177808304,0.1872425948841025,2,0,0,2.388089079239578,1.0293379033376842,0.0113665841057979,-0.4965952083247764,0.0581713632986363,-0.2554335916708666,0.1872255730129117,1.1119558633861482,0.7,3.0,3.0,0.0547869250867218,-0.0790483562976707,0.605216387335067,0.2075410177808305,0.1872425948841025,1.0,False,False,-0.110767418904899,0.1683674363780857,1827,True,official_matchdays,False,,,4,1,1,0,0,0,0,0,2:1,1:0,2:0,2:0
90b17a65f17d767c6012,D1,2025,2025-09-26,2025-09-23,Bayern München,SV Werder Bremen,4,0,3.730628260182572,0.9376109656437588,0.8671204867247473,0.086158735690973,0.0467207775842795,3,0,2,2.5696315942486407,0.0272631238422147,0.7181745460954932,-0.0587609550477451,0.5973508245568646,0.3080903576024127,0.315490978255729,1.7953811800622197,0.6,4.0,4.0,0.1174607689756563,-0.0844900894232689,0.8671204867247474,0.086158735690973,0.0467207775842795,1.0,False,False,-0.1123408911701547,0.159574370996481,1827,True,official_matchdays,False,,,5,4,0,2,2,2,2,2,2:1,1:0,3:0,3:0
1c0e71b1a6a73cd1283e,D1,2025,2025-09-27,2025-09-23,1. FC Heidenheim 1846,FC Augsburg,2,1,1.26328547865796,1.2440369397424316,0.3483164459576697,0.2708009363081305,0.3808826177341997,0,1,0,2.5348392788055336,0.6430961702066595,-0.3926857322893499,-0.450432267305797,-0.4895911045909986,-0.0253569049567209,-0.0427246500611856,0.0,0.6,4.0,4.0,-0.0188831923667044,-0.0232727076130529,0.3483164459576697,0.2708009363081305,0.3808826177341998,1.0,False,False,-0.1123408911701547,0.159574370996481,1827,True,official_matchdays,False,,,5,2,1,0,0,0,0,0,1:2,0:1,1:1,0:1
6fa069eb68d530a4e458,D1,2025,2025-09-27,2025-09-23,VfL Wolfsburg,RB Leipzig,0,1,1.306236250805766,1.666470330265811,0.368746464075002,0.2566071284247959,0.374646407500202,2,1,0,2.7964490916633684,0.5928882887786397,-0.0990783549707999,0.1993368169913089,-0.2610124055727906,-0.0806340791375913,-0.0794681490731149,0.0,0.6,4.0,4.0,-0.0238480838003011,0.0288610069013266,0.368746464075002,0.2566071284247959,0.3746464075002021,1.0,False,False,-0.1123408911701547,0.159574370996481,1827,True,official_matchdays,False,,,5,0,1,0,3,4,3,3,1:2,0:1,1:2,1:2
b0baad7e8bbf308d3fdd,D1,2025,2025-09-27,2025-09-23,Borussia Mönchengladbach,Eintracht Frankfurt,4,6,1.467877303467466,1.9229268975228404,0.314786621254689,0.2549087313421123,0.4303046474031986,1,2,2,7.783886045407187,0.4886218730057821,-0.4100300628414925,0.0723413754559687,-0.367227579337292,0.0364425782693869,-0.1196427189207346,-0.7823228263307422,0.6,4.0,4.0,-0.0623370533979455,0.0454526190286693,0.314786621254689,0.2549087313421123,0.4303046474031987,1.0,False,False,-0.1123408911701547,0.159574370996481,1827,True,official_matchdays,False,,,5,4,6,2,2,2,2,2,1:2,0:1,1:2,1:2
bb8633034a21585cb010,D1,2025,2025-09-27,2025-09-23,1. FSV Mainz 05,Borussia Dortmund,0,2,1.287543513399661,1.8655095157572,0.2985798725723497,0.25067935825593,0.4507407691717203,1,2,2,2.6991352185246553,0.453675783610999,-0.0027345778395323,0.6338983115825357,-0.2555291563719794,0.3926798616404405,0.055180172479285,-1.1509994186206176,0.6,4.0,4.0,-0.046474356018425,0.0780325427055752,0.2985798725723498,0.25067935825593,0.4507407691717203,1.0,False,False,-0.1123408911701547,0.159574370996481,1827,True,official_matchdays,False,,,5,0,2,2,2,2,2,2,1:2,0:1,1:2,1:2
d94c1605ee713ae2129b,D1,2025,2025-09-27,2025-09-23,FC St. Pauli,Bayer 04 Leverkusen,1,2,0.7782789657684557,1.4998712575776136,0.2998014876467915,0.2711248236110115,0.429073688742197,0,1,3,2.623166386519851,0.4893464548597731,-0.042966961679363,-0.0133868627779711,-0.0514676113654004,0.1349285086450639,-0.0450225207888118,0.0,0.6,4.0,4.0,-0.0058784790684783,0.0030607878456116,0.2998014876467915,0.2711248236110115,0.429073688742197,1.0,False,False,-0.1123408911701547,0.159574370996481,1827,True,official_matchdays,False,,,5,1,2,3,4,3,3,3,1:2,0:1,0:1,0:1
3772dc7c48a040bb0766,D1,2025,2025-09-28,2025-09-23,1. FC Union Berlin,Hamburger SV,0,0,1.5407771181816174,0.9871004833388471,0.4753348676382273,0.2652718666422969,0.259393265719476,1,0,0,2.4357896209283685,0.8330535326405606,0.0039337656960381,-0.1117735735372847,-0.1385339433507547,-0.2805183142618474,0.0,0.4355010773158567,0.6,4.0,4.0,0.0125145714062059,-0.0179065617982682,0.4753348676382272,0.2652718666422968,0.2593932657194758,1.0,False,True,-0.1123408911701547,0.159574370996481,1827,True,official_matchdays,False,,,5,0,0,0,0,0,0,0,2:1,1:0,1:0,1:0
4c395948a50f84c5c219,D1,2025,2025-09-28,2025-09-23,SC Freiburg,TSG 1899 Hoffenheim,1,1,2.002636205609872,1.4447397517534264,0.4277887085855446,0.2609630283571986,0.3112482630572568,2,1,0,2.182173826604431,0.8260543059044101,0.1552194514868853,-0.1570926824319075,-0.0978793753883005,0.1447966094644306,0.1040321291422383,0.0797197624099514,0.6,4.0,4.0,0.029773982163545,-0.0298676437107962,0.4277887085855446,0.2609630283571985,0.3112482630572567,1.0,False,False,-0.1123408911701547,0.159574370996481,1827,True,official_matchdays,False,,,5,1,1,0,0,0,0,0,2:1,1:0,2:1,2:1
4d063da1ae38367e9cc0,D1,2025,2025-09-28,2025-09-23,1. FC Köln,Stuttgart,1,2,1.247059720789221,1.6967426447780376,0.3358285322912051,0.2564844285081181,0.4076870392006769,1,2,4,2.4944961978983855,0.5293997086988613,0.0089110737238614,0.2326023966594998,0.143357171668662,-0.0519337547917507,-0.1177228056285849,-1.3379777725301731,0.6,4.0,4.0,-0.0366948193299706,0.0487704928491387,0.3358285322912051,0.2564844285081181,0.4076870392006768,1.0,True,False,-0.1123408911701547,0.159574370996481,1827,True,official_matchdays,False,,,5,1,2,4,4,3,4,4,1:2,0:1,1:2,1:2
1e532a0366acf8ed8d7d,D1,2025,2025-10-03,2025-09-30,TSG 1899 Hoffenheim,1. FC Köln,0,1,1.808040320809472,1.191513852578847,0.4928327645051195,0.2464163822525597,0.2607508532423208,2,1,0,2.9629358045138474,0.8500944681941549,-0.1315241373976736,-0.1131944675844551,-0.4029865010255913,-0.2337881370367058,0.0614161230390638,0.72924458774569,0.5,5.0,5.0,0.0046936731382297,-0.0169296033873361,0.4928327645051194,0.2464163822525597,0.2607508532423208,1.0,False,True,-0.1117022550531351,0.1556508871609761,1827,True,official_matchdays,False,,,6,0,1,0,0,0,0,0,2:1,1:0,2:1,2:1
3080fa573707c9ac60e2,D1,2025,2025-10-04,2025-09-30,FC Augsburg,VfL Wolfsburg,3,1,1.2313769696545864,1.412134134981741,0.3463155377000133,0.265868302313608,0.3878161599863787,1,2,0,3.3682764522476942,0.6483907043741233,-0.4666394985202159,-0.1817261962494599,-0.4531248274486902,-0.0361212074037488,0.1126871740244374,0.0,0.5,5.0,5.0,-0.0319432813383267,-0.000475003400157,0.3463155377000134,0.265868302313608,0.3878161599863786,1.0,False,False,-0.1117022550531351,0.1556508871609761,1827,True,official_matchdays,False,,,6,3,1,0,0,0,0,0,1:2,0:1,1:2,1:2
ae36f70b09b22a6ae98a,D1,2025,2025-10-04,2025-09-30,Eintracht Frankfurt,Bayern München,0,3,1.4067389702001072,2.828561598749025,0.1589387691723744,0.1806818377874777,0.6603793930401477,1,2,2,2.9124947076239067,0.1732496155240682,0.1887930700122041,0.734755680380154,0.166614371005965,0.5924743951913244,-0.1103811255771587,-0.935720250941302,0.5,5.0,5.0,-0.0350740364334115,0.0812514739530294,0.1589387691723745,0.1806818377874778,0.6603793930401478,1.0,False,False,-0.1117022550531351,0.1556508871609761,1827,True,official_matchdays,False,,,6,0,3,2,2,2,2,2,1:2,0:1,1:2,1:2
b9a720004e4caf707033,D1,2025,2025-10-04,2025-09-30,Bayer 04 Leverkusen,1. FC Union Berlin,2,0,2.279130578006602,0.8089138146238593,0.5583604352272413,0.2399093430132393,0.2017302217595195,2,0,4,2.3540895380846667,0.2932970804088607,0.1056190732600735,-0.0194842665142816,0.0250087524240447,0.1558223980484644,0.1776724124474547,1.3260407956548206,0.5,5.0,5.0,0.0369952512197794,-0.0326885108824898,0.5583604352272413,0.2399093430132393,0.2017302217595194,1.0,False,False,-0.1117022550531351,0.1556508871609761,1827,True,official_matchdays,False,,,6,2,0,4,2,2,4,4,2:1,1:0,2:0,2:0
ba82060660c8d62ef488,D1,2025,2025-10-04,2025-09-30,Borussia Dortmund,RB Leipzig,1,1,1.9887766377994884,1.4295807896698045,0.5583104446588968,0.2151287951896666,0.2265607601514364,2,1,0,2.368781305583448,0.979063138796036,0.6560875481066503,0.3469207511182365,0.6631605594258747,0.0905654396237655,-0.1752414528007965,0.0891094033301905,0.5,5.0,5.0,0.0406145121563407,0.0095359028049035,0.5583104446588969,0.2151287951896666,0.2265607601514364,1.0,False,False,-0.1117022550531351,0.1556508871609761,1827,True,official_matchdays,False,,,6,1,1,0,0,0,0,0,2:1,1:0,2:1,2:1
bac6b2352d6c6f98a423,D1,2025,2025-10-04,2025-09-30,SV Werder Bremen,FC St. Pauli,1,0,1.2713631191415913,0.9460399675748844,0.4045049764274489,0.2673651126244106,0.3281299109481403,1,0,4,2.136355316120804,0.5337676650071715,-0.2010338782182383,-0.1557518542259361,-0.1617907322247848,-0.0634837356358293,0.0900450415776237,0.0,0.5,5.0,5.0,-0.0078135430316458,-0.0100257435905628,0.404504976427449,0.2673651126244107,0.3281299109481404,1.0,False,False,-0.1117022550531351,0.1556508871609761,1827,True,official_matchdays,False,,,6,1,0,4,3,4,4,4,2:1,1:0,1:0,1:0
1351ffbf8d010cc85143,D1,2025,2025-10-05,2025-09-30,Hamburger SV,1. FSV Mainz 05,4,0,0.7042558387798018,1.450113744173657,0.339080459770115,0.264367816091954,0.396551724137931,0,1,0,6.033296901408977,0.6639582507596776,-0.1179448840244335,-0.1122253469686945,0.052265251866142,0.1665260782226344,0.0,-0.5450556840157136,0.5,5.0,5.0,-0.012996417104205,0.0014879055545486,0.339080459770115,0.264367816091954,0.396551724137931,1.0,True,False,-0.1117022550531351,0.1556508871609761,1827,True,official_matchdays,False,,,6,4,0,0,0,0,0,0,1:2,0:1,0:1,0:1
408b1e5d7ce9d5b4bfd1,D1,2025,2025-10-05,2025-09-30,Stuttgart,1. FC Heidenheim 1846,1,0,2.2634933304882536,0.9589531263378838,0.6603475379550261,0.1949466744066813,0.1447057876382927,2,1,3,2.515418665495375,0.1743077658114557,0.3675802132796419,-0.2022184654045877,0.1650816482293966,-0.0684083088964724,-0.018540451935088,0.0,0.5,5.0,5.0,0.0459419220014391,-0.0376738346076864,0.6603475379550261,0.1949466744066813,0.1447057876382927,1.0,False,False,-0.1117022550531351,0.1556508871609761,1827,True,official_matchdays,False,,,6,1,0,3,3,4,3,3,2:1,1:0,2:1,2:1
7dcef631f0cd2f4a529b,D1,2025,2025-10-05,2025-09-30,Borussia Mönchengladbach,SC Freiburg,0,0,1.5876016840699128,1.6151948207266484,0.4131451635529939,0.2656769182054663,0.3211779182415398,2,1,0,2.9193363700960444,0.8130745697894207,-0.4529737026365815,0.0678238293504792,-0.4112318431146517,0.324502129253242,-0.1843966851536047,-0.0861985670611123,0.5,5.0,5.0,-0.0589858780771262,0.0397283844128211,0.4131451635529938,0.2656769182054663,0.3211779182415397,1.0,False,False,-0.1117022550531351,0.1556508871609761,1827,True,official_matchdays,False,,,6,0,0,0,0,0,0,0,2:1,1:0,1:2,2:1
abc81b22c69354553d58,D1,2025,2025-10-17,2025-10-14,1. FC Union Berlin,Borussia Mönchengladbach,3,1,1.4310048253047143,1.3380114721262384,0.4346754442069794,0.2741993354445189,0.2911252203485016,2,1,2,3.06160307751805,0.4795310228637556,-0.1526509955375043,-0.3943016172114698,-0.1162997475664833,-0.2690493810039551,0.0154793015329225,-0.2140849322686725,0.4,6.0,6.0,0.0030830970607824,-0.0304307276982311,0.4346754442069794,0.274199335444519,0.2911252203485016,1.0,False,False,-0.1126328068194984,0.1626833424326788,1827,True,official_matchdays,False,,,7,3,1,2,2,2,2,2,2:1,1:0,2:1,2:1
209f2e5fa4e031779acf,D1,2025,2025-10-18,2025-10-14,1. FC Köln,FC Augsburg,1,1,1.4910572186045798,1.122779305612907,0.4747214986421327,0.248007537549188,0.2772709638086792,1,0,0,2.1324451761790275,0.8677323522272622,0.0638550017754604,-0.1865550748389813,0.0171522378052224,-0.1847320721008866,0.0811392772659417,-0.5374889375064084,0.4,6.0,6.0,0.0143953284077281,-0.0205303320609041,0.4747214986421327,0.248007537549188,0.2772709638086792,1.0,True,False,-0.1126328068194984,0.1626833424326788,1827,True,official_matchdays,False,,,7,1,1,0,0,0,0,0,2:1,1:0,1:0,1:0
2cf6f6d2bc31b019eb9f,D1,2025,2025-10-18,2025-10-14,1. FC Heidenheim 1846,SV Werder Bremen,2,2,1.284066301377053,1.5467522745604223,0.3301778774048928,0.2656388588753246,0.4041832637197826,1,2,0,2.879972078024423,0.8116678269927111,-0.28639149322912,-0.0082027724183051,-0.2182311806965878,0.1265925106932904,-0.0532824233097855,0.0,0.4,6.0,6.0,-0.030893131867486,0.0161634185851147,0.3301778774048928,0.2656388588753245,0.4041832637197826,1.0,False,False,-0.1126328068194984,0.1626833424326788,1827,True,official_matchdays,False,,,7,2,2,0,0,0,0,0,1:2,0:1,1:2,1:2
6d7bb494ef53501ca3ed,D1,2025,2025-10-18,2025-10-14,Bayern München,Borussia Dortmund,2,1,2.855746968968418,1.3705051945778954,0.7015993295145213,0.1703157792662063,0.1280848912192722,2,1,4,2.466965178731442,0.1344561641718911,0.7917841411024056,0.4720741687254217,0.6356397097575955,0.4548927906085408,0.0531528577477951,0.6715739842202423,0.4,6.0,6.0,0.0649480884035616,-0.0017551729121702,0.7015993295145214,0.1703157792662063,0.1280848912192723,1.0,False,False,-0.1126328068194984,0.1626833424326788,1827,True,official_matchdays,False,,,7,2,1,4,4,3,4,4,2:1,1:0,2:1,2:1
bdc13045704eb97a5f46,D1,2025,2025-10-18,2025-10-14,VfL Wolfsburg,Stuttgart,0,3,1.377185551940728,1.6998104199722868,0.361218082118713,0.2616064104480929,0.377175507433194,1,2,2,3.430348649875494,0.5868267653781567,-0.2590584999793857,0.4214545697142346,-0.3346222410680946,0.1141093304135452,-0.0004286266997919,0.0,0.4,6.0,6.0,-0.0470000098186399,0.0551198133053823,0.3612180821187129,0.2616064104480929,0.3771755074331941,1.0,False,False,-0.1126328068194984,0.1626833424326788,1827,True,official_matchdays,False,,,7,0,3,2,2,2,2,2,1:2,0:1,1:2,1:2
c4e0d7cbbe54921b3084,D1,2025,2025-10-18,2025-10-14,1. FSV Mainz 05,Bayer 04 Leverkusen,3,4,1.0861884454240462,1.8465539548921268,0.3354773719975891,0.2743020865156755,0.3902205414867354,1,2,3,5.525166607090577,0.5596176898139921,-0.2448926091984423,0.2595183121132828,-0.3863985998292861,0.2272874162777941,-0.153800470819694,-1.216486188954964,0.4,6.0,6.0,-0.0573200619560427,0.0580513471017847,0.335477371997589,0.2743020865156757,0.3902205414867353,1.0,False,False,-0.1126328068194984,0.1626833424326788,1827,True,official_matchdays,False,,,7,3,4,3,3,3,3,3,1:2,0:1,1:2,1:2
ea18e2d945eb083d389c,D1,2025,2025-10-18,2025-10-14,RB Leipzig,Hamburger SV,2,1,1.9713068743007416,0.99793108159793,0.6680230600734032,0.1844639613614919,0.1475129785651048,2,1,4,2.1806599989691255,0.1659957205293503,0.261880084278024,0.1064489857336554,0.2716312889346093,-0.2405431894950618,0.0,1.6069456993061406,0.4,6.0,6.0,0.036935016134181,-0.018518562633597,0.6680230600734033,0.1844639613614919,0.1475129785651048,1.0,False,True,-0.1126328068194984,0.1626833424326788,1827,True,official_matchdays,False,,,7,2,1,4,4,3,4,4,2:1,1:0,2:1,2:1
60803696bc55ab6b8e8f,D1,2025,2025-10-19,2025-10-14,SC Freiburg,Eintracht Frankfurt,2,2,1.5287158588964649,1.7193454167294884,0.3775687856945281,0.2622886802583836,0.3601425340470882,2,1,0,2.670442420610464,0.816478824035616,0.032927011599035,0.0020434410604387,-0.1030051858519584,0.2294556742145296,-0.1988984708232533,-0.6961242592696298,0.4,6.0,6.0,-0.0137156370269774,0.015464159659951,0.3775687856945281,0.2622886802583836,0.3601425340470883,1.0,False,False,-0.1126328068194984,0.1626833424326788,1827,True,official_matchdays,False,,,7,2,2,0,0,0,0,0,2:1,1:0,1:2,1:2
aade4df6fece3b5c6264,D1,2025,2025-10-19,2025-10-14,FC St. Pauli,TSG 1899 Hoffenheim,0,3,1.192633308171606,1.09559593209388,0.3897940687575441,0.2722909291900526,0.3379150020524035,1,0,0,3.7484753187353808,0.664438310665012,-0.2282174714371207,-0.2283984364958473,-0.1393546854548858,0.0592736035293776,0.1358403709514759,0.0,0.4,6.0,6.0,-0.0046098067713459,-0.0182209886253024,0.3897940687575441,0.2722909291900525,0.3379150020524034,1.0,False,False,-0.1126328068194984,0.1626833424326788,1827,True,official_matchdays,False,,,7,0,3,0,0,0,0,0,2:1,1:0,1:1,1:0
14693be08d06ec83a3df,D1,2025,2025-10-24,2025-10-21,SV Werder Bremen,1. FC Union Berlin,1,0,1.5654583201762056,1.195077978425249,0.420939631220005,0.2678706744127305,0.3111896943672645,2,1,3,2.519833646062294,0.5039046347823463,-0.0294402978290117,0.0743355300268968,0.044045585489386,0.0178445462938797,0.0825912217659466,0.1367468294784969,0.3,7.0,7.0,-0.0015056439748599,0.0037504055847542,0.420939631220005,0.2678706744127305,0.3111896943672644,1.0,False,False,-0.1176474979204057,0.1557458484451735,1827,True,official_matchdays,False,,,8,1,0,3,3,4,3,3,2:1,1:0,2:1,2:1
0528ad325cbd98f79333,D1,2025,2025-10-25,2025-10-21,Eintracht Frankfurt,FC St. Pauli,2,0,1.6702615046342943,0.7812956936982152,0.5577165183416539,0.2307792489689602,0.2115042326893857,1,0,2,2.1451255862378087,0.2936077803480317,-0.021034966647196,-0.3400450499183308,0.0105347568621616,-0.1492119370361001,0.0453279975268922,0.0,0.3,7.0,7.0,0.0171651557075415,-0.0352191565358178,0.557716518341654,0.2307792489689603,0.2115042326893857,1.0,False,False,-0.1176474979204057,0.1557458484451735,1827,True,official_matchdays,False,,,8,2,0,2,2,2,2,2,2:1,1:0,1:0,1:0
4f3fff78d1e257ed982a,D1,2025,2025-10-25,2025-10-21,TSG 1899 Hoffenheim,1. FC Heidenheim 1846,3,1,1.938569758922577,1.2212239111995014,0.598596390174188,0.21456537273367,0.1868382370921421,2,1,2,2.642385154081663,0.242071683997231,0.0016747657447088,-0.3010747111784947,-0.4510886112052302,-0.1766222908525975,0.0241419054293012,0.0,0.3,7.0,7.0,0.0164283074048606,-0.0313983046765499,0.5985963901741879,0.2145653727336701,0.1868382370921421,1.0,False,False,-0.1176474979204057,0.1557458484451735,1827,True,official_matchdays,False,,,8,3,1,2,2,2,2,2,2:1,1:0,2:1,2:1
9cf948f00830fc114f7e,D1,2025,2025-10-25,2025-10-21,FC Augsburg,RB Leipzig,0,6,1.0353260385751806,1.838273640048957,0.2886529479631547,0.239928920941241,0.4714181310956044,1,2,2,5.95239743595633,0.4202852036063116,-0.1490637105832667,0.3715419178069725,-0.1988390645917372,0.0515827585587582,-0.1802458632563831,-1.142636535309732,0.3,7.0,7.0,-0.0510655341263174,0.0621894444875027,0.2886529479631546,0.2399289209412411,0.4714181310956042,1.0,False,False,-0.1176474979204057,0.1557458484451735,1827,True,official_matchdays,False,,,8,0,6,2,2,2,2,2,1:2,0:1,1:2,1:2
a9b64ac9e913a9984fb0,D1,2025,2025-10-25,2025-10-21,Borussia Dortmund,1. FC Köln,1,0,2.3943969903978206,0.9536188311366018,0.6626972313188448,0.1893420660910985,0.1479607025900565,2,1,3,2.6242597126783713,0.1715159452625619,0.2266429593066656,-0.0071256590299843,0.4778764099840238,-0.035072248986919,0.1839491867800339,1.769234876146331,0.3,7.0,7.0,0.0454872997922649,-0.0345114347784309,0.662697231318845,0.1893420660910985,0.1479607025900565,1.0,False,True,-0.1176474979204057,0.1557458484451735,1827,True,official_matchdays,False,,,8,1,0,3,3,4,3,3,2:1,1:0,2:1,2:1
f7c4e86564d6b41dd450,D1,2025,2025-10-25,2025-10-21,Borussia Mönchengladbach,Bayern München,0,3,1.0262937936671597,3.4232536693221096,0.0894662199924406,0.1383376353187076,0.7721961446888519,1,3,2,2.6031824940083297,0.07903610235993,-0.4367563681019799,0.7661293153753097,-0.3366887417625847,0.6349541368272194,-0.1653449260553434,-1.7180430772720443,0.3,7.0,7.0,-0.103134671961271,0.1196033193249375,0.0894662199924405,0.1383376353187076,0.7721961446888518,1.0,False,False,-0.1176474979204057,0.1557458484451735,1827,True,official_matchdays,False,,,8,0,3,2,2,2,2,2,1:2,0:1,1:3,1:3
fefdab4aea213e22488d,D1,2025,2025-10-25,2025-10-21,Hamburger SV,VfL Wolfsburg,0,1,1.4417900041479164,1.2380213585523838,0.4042580551827234,0.2619772871575191,0.3337646576597575,2,1,0,2.5773423472609487,0.6759262055497512,-0.0471526253631933,-0.3653450360471916,0.2851976391651602,-0.2030957674122767,0.0,0.0,0.3,7.0,7.0,0.0135519892660402,-0.0341768723365595,0.4042580551827234,0.261977287157519,0.3337646576597574,1.0,True,False,-0.1176474979204057,0.1557458484451735,1827,True,official_matchdays,False,,,8,0,1,0,0,0,0,0,2:1,1:0,2:1,2:1
bdc494689247ec4d3f1a,D1,2025,2025-10-26,2025-10-21,Bayer 04 Leverkusen,SC Freiburg,2,0,2.3911488820405213,1.0151765129048869,0.5297139835792458,0.2454433902971896,0.2248426261235647,2,1,2,2.588991396541807,0.3319656016036215,0.3929750248549427,-0.032496982861963,0.2167613681299112,0.2066923950818698,0.1343516348973966,1.025757296325036,0.3,7.0,7.0,0.0553331130959,-0.037309210996251,0.5297139835792457,0.2454433902971897,0.2248426261235646,1.0,False,False,-0.1176474979204057,0.1557458484451735,1827,True,official_matchdays,False,,,8,2,0,2,2,2,2,2,2:1,1:0,2:1,2:1
f8bc0db62897b65212d8,D1,2025,2025-10-26,2025-10-21,Stuttgart,1. FSV Mainz 05,2,1,1.9319076829934052,1.1009285486251357,0.5424356739935117,0.2351914075209963,0.2223729184854918,2,1,4,2.335853238195653,0.3141298254812344,0.4913457929208564,-0.3648249721964067,0.312190556078331,-0.0530198606238102,0.083292707550117,0.7197423150044596,0.3,7.0,7.0,0.0769385306419452,-0.0706124896057228,0.5424356739935119,0.2351914075209963,0.2223729184854918,1.0,False,False,-0.1176474979204057,0.1557458484451735,1827,True,official_matchdays,False,,,8,2,1,4,4,3,4,4,2:1,1:0,2:1,2:1
6fe0a5bf2dbf33513f07,D1,2025,2025-10-31,2025-10-28,FC Augsburg,Borussia Dortmund,0,1,1.052227339128518,2.2730984162896095,0.1871772194743796,0.2169358096673108,0.5958869708583094,1,2,3,2.6894980755603095,0.2454037973282446,-0.2550566035606494,0.2992092883230739,-0.3527418051272193,0.2760306551665779,-0.0876909615583139,-1.2317459386399223,0.1999999999999999,8.0,8.0,-0.0510094025433339,0.0532170367814551,0.1871772194743795,0.2169358096673109,0.5958869708583097,1.0,False,False,-0.1032018083312177,0.152517991359217,1827,True,official_matchdays,False,,,9,0,1,3,3,4,3,3,1:2,0:1,1:2,1:2
306a8329f8801de514ce,D1,2025,2025-11-01,2025-10-28,1. FSV Mainz 05,SV Werder Bremen,1,1,1.5526100037332184,1.3441939257387248,0.4720642056960261,0.2491797796644807,0.2787560146394932,2,1,0,2.1438533032285165,0.864280533261791,-0.4197833598673452,0.0891351384130825,-0.4374809693719395,0.0410254031939058,-0.1254993844057507,-0.0271922227786402,0.1999999999999999,8.0,8.0,-0.0528460232415693,0.0363136121688562,0.4720642056960261,0.2491797796644807,0.2787560146394932,1.0,False,False,-0.1032018083312177,0.152517991359217,1827,True,official_matchdays,False,,,9,1,1,0,0,0,0,0,2:1,1:0,2:1,2:1
3b5e53ff0f61467ddbd6,D1,2025,2025-11-01,2025-10-28,RB Leipzig,Stuttgart,3,1,1.8560346024257752,1.364022615807313,0.4768481567167748,0.242736658587092,0.2804151846961331,2,1,2,2.853232827211229,0.4112416123608292,0.5138828676433528,0.5229838505507021,0.3995969935187276,0.3027018144159982,-0.06610328562418,0.3421477002859674,0.1999999999999999,8.0,8.0,0.023644668457021,0.0281986674526817,0.4768481567167747,0.242736658587092,0.2804151846961332,1.0,False,False,-0.1032018083312177,0.152517991359217,1827,True,official_matchdays,False,,,9,3,1,2,2,2,2,2,2:1,1:0,2:1,2:1
6c8a545193b2c6d3dfb2,D1,2025,2025-11-01,2025-10-28,1. FC Union Berlin,SC Freiburg,0,0,1.2322217958085029,1.254182478680667,0.3667199814365154,0.2906511307979812,0.3426288877655034,1,0,0,2.3614963089323533,0.7550539177544067,-0.0963213739788318,-0.1399552345776639,0.077470457225734,0.0328897166735936,0.0535872229993259,-0.3002834993297848,0.1999999999999999,8.0,8.0,-0.0014564320156826,-0.0103573984121421,0.3667199814365154,0.2906511307979812,0.3426288877655034,1.0,False,False,-0.1032018083312177,0.152517991359217,1827,True,official_matchdays,False,,,9,0,0,0,0,0,3,3,2:1,1:0,1:1,1:1
82bd37fe8b3ea7860e00,D1,2025,2025-11-01,2025-10-28,FC St. Pauli,Borussia Mönchengladbach,0,4,1.0374323141319648,1.1267037557002542,0.4454127480093349,0.2732037495057259,0.2813835024849392,1,0,0,5.1165404491566795,0.7894424753340281,-0.3922477876558103,-0.4910610621870463,-0.303944665791097,-0.4008044526053113,-0.0871655758777673,0.0,0.1999999999999999,8.0,8.0,-0.019030004450117,-0.0251354380420257,0.445412748009335,0.2732037495057258,0.2813835024849392,1.0,False,False,-0.1032018083312177,0.152517991359217,1827,True,official_matchdays,False,,,9,0,4,0,0,0,0,0,2:1,1:0,1:1,1:0
abe69cf0410d384f1a08,D1,2025,2025-11-01,2025-10-28,Bayern München,Bayer 04 Leverkusen,3,0,2.527074848567064,1.3386402225042633,0.7722243698694926,0.1375348512760264,0.0902407788544809,2,1,2,2.665038065304555,0.0789409711651317,0.7740946731095765,0.4952465589657733,0.6982059710043301,0.2997379591619162,-0.0472542970614713,0.606087213885896,0.1999999999999999,8.0,8.0,0.0533148605790249,0.0101522010247425,0.7722243698694927,0.1375348512760264,0.0902407788544809,1.0,False,False,-0.1032018083312177,0.152517991359217,1827,True,official_matchdays,False,,,9,3,0,2,2,2,2,2,2:1,1:0,2:1,2:1
db8df3cb1faf783c9f26,D1,2025,2025-11-01,2025-10-28,1. FC Heidenheim 1846,Eintracht Frankfurt,1,1,1.155123978971783,2.054311059536052,0.2702134956700678,0.2374603446797565,0.4923261596501756,1,2,0,2.21626886913957,0.8968671066540437,-0.3569643064626784,0.1155078896595637,-0.2418456624422778,0.1254076930611734,-0.3135697156885342,0.0,0.1999999999999999,8.0,8.0,-0.0571503109136727,0.045077490073517,0.2702134956700677,0.2374603446797565,0.4923261596501757,1.0,False,False,-0.1032018083312177,0.152517991359217,1827,True,official_matchdays,False,,,9,1,1,0,0,0,0,0,1:2,0:1,1:2,1:2
3141165d565faa85e621,D1,2025,2025-11-02,2025-10-28,VfL Wolfsburg,TSG 1899 Hoffenheim,2,3,1.7660557183076884,1.53244849951544,0.3395810363836825,0.2546857772877618,0.4057331863285556,1,2,3,3.147103184907164,0.5333331712552986,-0.1797899256192801,0.2009344083494909,-0.4273326444944665,0.257718128880537,0.0267981143695155,0.0,0.1999999999999999,8.0,8.0,-0.0266858072609267,0.0277430313974373,0.3395810363836825,0.2546857772877618,0.4057331863285557,1.0,False,False,-0.1032018083312177,0.152517991359217,1827,True,official_matchdays,False,,,9,2,3,3,3,3,0,0,1:2,0:1,2:1,2:1
f7ed6bdfdd500719ef52,D1,2025,2025-11-02,2025-10-28,1. FC Köln,Hamburger SV,4,1,1.240008153033156,0.9698591334232112,0.447381196396785,0.2581045363827606,0.2945142672204543,1,0,2,4.4720062873860575,0.4587441473936096,-0.0996646797104883,-0.1637423943355533,0.0147298657668251,-0.3344979098360302,0.0,-0.0731797735099997,0.1999999999999999,8.0,8.0,-0.0021452471218211,-0.0110251065804809,0.4473811963967852,0.2581045363827606,0.2945142672204542,1.0,True,True,-0.1032018083312177,0.152517991359217,1827,True,official_matchdays,False,,,9,4,1,2,2,2,2,2,2:1,1:0,1:0,1:0
abee72b0097a3e988f11,D1,2025,2025-11-07,2025-11-04,SV Werder Bremen,VfL Wolfsburg,2,1,1.6615614419744074,1.3492428025797665,0.4330881384046568,0.2593769620115802,0.3075348995837629,2,1,4,2.3963409792736208,0.4832431817018495,0.0770947186526866,-0.3081042045961917,0.2162151289499918,0.0101616047439467,-0.0074183296751908,0.0,0.0999999999999999,9.0,9.0,0.0227437656113187,-0.0342942399084939,0.4330881384046569,0.2593769620115802,0.3075348995837629,1.0,False,False,-0.1115713402368275,0.1527615589451223,1827,True,official_matchdays,False,,,10,2,1,4,4,3,4,4,2:1,1:0,2:1,2:1
20926cc55dabcfa355fd,D1,2025,2025-11-08,2025-11-04,Hamburger SV,Borussia Dortmund,1,1,0.865231480471189,2.2856735507512504,0.2110715461445299,0.2231041283475435,0.5658243255079265,1,2,0,2.247223124247525,0.9682755603189726,-0.2871538645905966,0.4021643836967504,0.0574021000258062,0.3397237613887119,0.0,-1.5479322074157869,0.0999999999999999,9.0,9.0,-0.0526934361624366,0.0584439621177443,0.2110715461445299,0.2231041283475435,0.5658243255079266,1.0,True,False,-0.1115713402368275,0.1527615589451223,1827,True,official_matchdays,False,,,10,1,1,0,0,0,0,0,1:2,0:1,1:2,1:2
21414acc8fd7d4e4a470,D1,2025,2025-11-08,2025-11-04,Borussia Mönchengladbach,1. FC Köln,3,1,1.6285365193142447,1.3957874679317008,0.428388382687927,0.2650199316628701,0.3065916856492027,2,1,2,2.9962333529974443,0.4909738669339357,-0.2137966728115818,0.0704827169000937,-0.4658247691247044,-0.1492755422788021,-0.0682928846198088,0.3720436301395033,0.0999999999999999,9.0,9.0,-0.0273883382818045,0.0202226404862301,0.4283883826879271,0.2650199316628702,0.3065916856492027,1.0,False,True,-0.1115713402368275,0.1527615589451223,1827,True,official_matchdays,False,,,10,3,1,2,2,2,2,2,2:1,1:0,2:1,2:1
7deb952e6e3e03b0ab5a,D1,2025,2025-11-08,2025-11-04,1. FC Union Berlin,Bayern München,2,2,0.7537982268912287,2.787200337582226,0.0779999417910882,0.1400506417532524,0.7819494164556595,0,2,0,3.470208318252131,1.3570417795637524,-0.1385240032583948,0.7806289376822444,0.004043580464022,0.709913406341797,-0.2534609317755485,-2.0322864674478023,0.0999999999999999,9.0,9.0,-0.0706376099673486,0.1027428566885411,0.0779999417910882,0.1400506417532524,0.7819494164556594,1.0,False,False,-0.1115713402368275,0.1527615589451223,1827,True,official_matchdays,False,,,10,2,2,0,0,0,0,0,1:2,0:1,0:2,0:2
b35714f56e4689487d1d,D1,2025,2025-11-08,2025-11-04,TSG 1899 Hoffenheim,RB Leipzig,3,1,1.4061314536387108,2.191425478332742,0.3554442260130636,0.2469401991248652,0.3976155748620712,1,2,0,3.159475642895523,0.6345297530966221,0.2847491239996799,0.6211168239705116,-0.1971686844147498,0.2514090568335644,-0.138260966579564,-0.7526291107872647,0.0999999999999999,9.0,9.0,-0.0113755499045039,0.0566688473030135,0.3554442260130636,0.2469401991248652,0.3976155748620711,1.0,False,False,-0.1115713402368275,0.1527615589451223,1827,True,official_matchdays,False,,,10,3,1,0,0,0,0,0,1:2,0:1,1:2,1:2
d94299836cd8c3c41949,D1,2025,2025-11-08,2025-11-04,Bayer 04 Leverkusen,1. FC Heidenheim 1846,6,0,2.671480103634767,0.7797293356579231,0.6753625896256161,0.1931592591727584,0.1314781512016255,2,0,2,4.261693724539232,0.1599864518621525,0.2734938907892396,-0.2921711627635306,0.3105806306062534,-0.2815568726754136,0.2521904517549229,0.0,0.0999999999999999,9.0,9.0,0.0545674698048466,-0.0555013334035611,0.675362589625616,0.1931592591727584,0.1314781512016255,1.0,False,False,-0.1115713402368275,0.1527615589451223,1827,True,official_matchdays,False,,,10,6,0,2,2,2,2,2,2:1,1:0,2:0,2:0
89ac44ef11ac670b88f0,D1,2025,2025-11-09,2025-11-04,Eintracht Frankfurt,1. FSV Mainz 05,1,0,1.9159263091674643,1.2342074485059067,0.5098162645678931,0.2386926022404384,0.2514911331916684,2,1,3,2.671005534590085,0.3605020429205155,0.0286175621627436,-0.347018587791561,0.2015731033385506,-0.2041102381970216,0.0149720305420246,0.89044883618921,0.0999999999999999,9.0,9.0,0.0231874092234266,-0.0391074605048675,0.5098162645678931,0.2386926022404384,0.2514911331916684,1.0,False,False,-0.1115713402368275,0.1527615589451223,1827,True,official_matchdays,False,,,10,1,0,3,3,4,3,3,2:1,1:0,2:1,2:1
9b9bfb2b2d2e18ee9053,D1,2025,2025-11-09,2025-11-04,Stuttgart,FC Augsburg,3,2,2.2241424168506123,0.9571049468333548,0.624802576454508,0.2087313729803478,0.1664660505651442,2,1,3,3.396684492556454,0.2120528386921936,0.3124105981660838,-0.3698481216407372,0.4361839288597317,-0.2110504247772345,0.2585124740259698,0.8074745082915529,0.0999999999999999,9.0,9.0,0.0646777758706726,-0.0675496520444052,0.624802576454508,0.2087313729803478,0.1664660505651442,1.0,False,False,-0.1115713402368275,0.1527615589451223,1827,True,official_matchdays,False,,,10,3,2,3,3,3,3,3,2:1,1:0,2:1,2:1
dee942a85a8c8e1ae082,D1,2025,2025-11-09,2025-11-04,SC Freiburg,FC St. Pauli,2,1,1.3497216563868817,0.7030791245014836,0.5155131264916467,0.2673031026252984,0.2171837708830549,1,0,3,2.486559578750467,0.3533472696099932,-0.1141509485218501,-0.4746049177696351,-0.0871542516351991,-0.2590711903190618,-0.0773969271735533,0.0,0.0999999999999999,9.0,9.0,0.008445304677619,-0.0378830979921933,0.5155131264916467,0.2673031026252984,0.2171837708830548,1.0,False,False,-0.1115713402368275,0.1527615589451223,1827,True,official_matchdays,False,,,10,2,1,3,4,3,3,3,2:1,1:0,1:0,1:0
36548b6b7967d242c00f,D1,2025,2025-11-21,2025-11-18,1. FSV Mainz 05,TSG 1899 Hoffenheim,1,1,1.6589426719919584,1.4979764136601983,0.3798701821637379,0.2646286662264241,0.3555011516098377,2,1,0,2.119131980424999,0.8114534226289603,-0.4051761531773873,0.4298355783159661,-0.3815923803532883,0.3914982709018292,0.0423134930553335,-0.0907537837264704,0.0,10.0,10.0,-0.0598937195807703,0.0611266908376993,0.379870182163738,0.2646286662264242,0.3555011516098378,1.0,False,False,-0.1082666920630719,0.1691944341651516,1827,True,official_matchdays,False,,,11,1,1,0,0,0,0,0,2:1,1:0,2:1,2:1
0755ca8121cf035268e1,D1,2025,2025-11-22,2025-11-18,VfL Wolfsburg,Bayer 04 Leverkusen,1,3,1.1162665046629718,2.1508353531017024,0.2734592833876221,0.2528208469055375,0.4737198697068405,1,2,2,2.8872607532372507,0.41566913584229,-0.3732533087849965,0.4133947867256226,-0.4510047957068912,0.0562585551509624,-0.104616615620337,0.0,0.0,10.0,10.0,-0.0632259009957976,0.0652329748928289,0.2734592833876221,0.2528208469055374,0.4737198697068405,1.0,False,False,-0.1082666920630719,0.1691944341651516,1827,True,official_matchdays,False,,,11,1,3,2,2,2,2,2,1:2,0:1,1:2,1:2
089acd7e5d6a03f8d821,D1,2025,2025-11-22,2025-11-18,1. FC Köln,Eintracht Frankfurt,3,4,1.338905152074598,1.750647421469974,0.3225129785663224,0.2489423786811666,0.4285446427525106,1,2,3,5.015566718286228,0.4925481545740143,-0.1222742681951733,0.1400767881477109,0.227806794883683,0.1035356431939845,0.1338378355545623,-1.2843049811151392,0.0,10.0,10.0,-0.0125393744491747,0.0134295004468016,0.3225129785663225,0.2489423786811667,0.4285446427525108,1.0,False,False,-0.1082666920630719,0.1691944341651516,1827,True,official_matchdays,False,,,11,3,4,3,3,3,3,3,1:2,0:1,1:2,1:2
38bbab1fcadca91adab9,D1,2025,2025-11-22,2025-11-18,FC Augsburg,Hamburger SV,1,0,1.3359471073283156,0.9835069760349616,0.4079770269346322,0.2673353737748302,0.3246875992905376,1,0,4,2.204058448406839,0.5273814398415381,-0.4038482091867479,-0.2349031890773458,-0.3865005584504017,-0.4365865462551506,0.0,0.3521178405415329,0.0,10.0,10.0,-0.0286396614648075,-0.0032979084483971,0.4079770269346321,0.2673353737748302,0.3246875992905376,1.0,False,False,-0.1082666920630719,0.1691944341651516,1827,True,official_matchdays,False,,,11,1,0,4,3,4,4,4,2:1,1:0,1:0,1:0
51428bad7e425bc759b9,D1,2025,2025-11-22,2025-11-18,Bayern München,SC Freiburg,6,2,3.216041171195572,0.8439890533302318,0.8002040858826713,0.1291363835148587,0.0706595306024698,2,0,2,4.691620185969769,0.061587382110237,0.5808693428591032,0.0897556533919602,0.7250042212022799,0.004269323839431,0.2290426718584244,1.766289305908801,0.0,10.0,10.0,0.0650512852092335,-0.0315200353966803,0.8002040858826714,0.1291363835148586,0.0706595306024698,1.0,False,False,-0.1082666920630719,0.1691944341651516,1827,True,official_matchdays,False,,,11,6,2,2,2,2,2,2,2:1,1:0,2:0,2:0
935270781a987bb8a27c,D1,2025,2025-11-22,2025-11-18,Borussia Dortmund,Stuttgart,3,3,2.0897359908622968,1.390581074012757,0.5390488464505043,0.2327406930084063,0.2282104605410894,2,1,0,3.851616482734155,0.9313405173252162,0.2637720192506405,0.3761969838592497,0.5687871583196374,0.0682232678373086,-0.1290651774452417,0.3883398585827011,0.0,10.0,10.0,0.0011140938598394,0.030884356295655,0.5390488464505043,0.2327406930084063,0.2282104605410894,1.0,False,False,-0.1082666920630719,0.1691944341651516,1827,True,official_matchdays,False,,,11,3,3,0,0,0,0,0,2:1,1:0,2:1,2:1
b149fffb05de7e350089,D1,2025,2025-11-22,2025-11-18,1. FC Heidenheim 1846,Borussia Mönchengladbach,0,3,1.319112179277879,1.7434866484784268,0.2990086644290063,0.2622589961751621,0.4387323393958317,1,2,2,3.2404316913032862,0.4732073493184976,-0.3691379718030419,0.0175461001134379,-0.2010500034271888,-0.1798676203948904,-0.1798756703031702,0.0,0.0,10.0,10.0,-0.0467848857011346,0.0292052921166544,0.2990086644290063,0.262258996175162,0.4387323393958317,1.0,False,False,-0.1082666920630719,0.1691944341651516,1827,True,official_matchdays,False,,,11,0,3,2,2,2,2,2,1:2,0:1,1:2,1:2
11913521e4e44d29f5b4,D1,2025,2025-11-23,2025-11-18,RB Leipzig,SV Werder Bremen,2,0,2.1888369148010844,1.1193510775509596,0.6549900538547379,0.187327155402455,0.1576827907428071,2,1,2,2.3583203406133983,0.1789871885867721,0.332745092547636,0.2199559491117098,0.4605671584504673,-0.0324830548883958,0.101055337317804,0.7226568372514729,0.0,10.0,10.0,0.0273294786650683,0.0003055734178989,0.6549900538547379,0.187327155402455,0.1576827907428072,1.0,False,False,-0.1082666920630719,0.1691944341651516,1827,True,official_matchdays,False,,,11,2,0,2,2,2,2,2,2:1,1:0,2:1,2:1
e6330691d43c53cd47d6,D1,2025,2025-11-23,2025-11-18,FC St. Pauli,1. FC Union Berlin,0,1,0.8070795214844305,0.9644761266261604,0.385793405939858,0.2920492138423224,0.3221573802178196,1,0,0,2.0202435048907557,0.6935999125657641,-0.5499513661382422,-0.109662124378778,-0.4021667448581596,-0.142662925230678,0.0991659262668322,0.0,0.0,10.0,10.0,-0.0445537340815437,0.0115730595556927,0.385793405939858,0.2920492138423224,0.3221573802178196,1.0,False,False,-0.1082666920630719,0.1691944341651516,1827,True,official_matchdays,False,,,11,0,1,0,0,0,0,0,2:1,1:0,0:0,0:0
4ff6fc38cce860832f28,D1,2025,2025-11-28,2025-11-25,Borussia Mönchengladbach,RB Leipzig,0,0,1.3963680463160368,1.9598403413514929,0.3316501464995947,0.2478648463312761,0.4204850071691291,1,2,0,3.0706003058396303,0.8525067503115002,0.2301170514890126,0.4090409149568096,-0.1892014579995148,0.0327754742638097,-0.0432055340179911,-0.8651954093001609,0.0,11.0,11.0,0.0003993827001612,0.0315585156221299,0.3316501464995948,0.2478648463312761,0.4204850071691291,1.0,False,False,-0.1032506322030471,0.1646814318049148,1827,True,official_matchdays,False,,,12,0,0,0,0,0,0,0,1:2,0:1,1:2,1:2
081ba1306c386dc761b9,D1,2025,2025-11-29,2025-11-25,Bayern München,FC St. Pauli,3,1,3.111516109448899,0.4547294643879514,0.8611157795134694,0.094714046384428,0.0441701741021026,2,0,3,2.763586801733766,0.0302105815628728,0.622119367601529,-0.6084459871953645,0.7837846743661303,-0.3129739757935478,0.0905518209728616,0.0,0.0,11.0,11.0,0.0971618271685642,-0.0964781581482559,0.8611157795134693,0.094714046384428,0.0441701741021026,1.0,False,False,-0.1032506322030471,0.1646814318049148,1827,True,official_matchdays,False,,,12,3,1,3,2,2,3,3,2:1,1:0,2:0,2:0
0aa38eae3367db861724,D1,2025,2025-11-29,2025-11-25,SV Werder Bremen,1. FC Köln,1,1,1.7105731012982797,1.265408762088002,0.4245175936435869,0.2508513053348467,0.3246311010215663,2,1,0,2.142874608007762,0.8468243057819191,0.0003439089647552,-0.2208104417505902,0.2939697048842948,-0.2357528156909357,-0.0058125398989082,0.5145822021881914,0.0,11.0,11.0,0.0107842859890596,-0.0218076126283513,0.4245175936435869,0.2508513053348467,0.3246311010215664,1.0,False,False,-0.1032506322030471,0.1646814318049148,1827,True,official_matchdays,False,,,12,1,1,0,0,0,0,0,2:1,1:0,2:1,2:1
70d229cd09454141aa7c,D1,2025,2025-11-29,2025-11-25,Bayer 04 Leverkusen,Borussia Dortmund,1,2,2.0500326062546317,1.4730143496991568,0.3793643407716118,0.2588480446701329,0.3617876145582551,1,2,4,2.4218886578788483,0.6182346622098731,0.4718859760529653,0.1535586041832524,0.4438183506365752,0.2559761391460712,-0.0902853133069661,-0.1594092370807252,0.0,11.0,11.0,0.0349964017307855,-0.0037241727189747,0.3793643407716118,0.2588480446701329,0.3617876145582553,1.0,False,False,-0.1032506322030471,0.1646814318049148,1827,True,official_matchdays,False,,,12,1,2,4,0,0,0,0,2:1,1:0,2:1,2:1
a7eaa8bb0e558b60561b,D1,2025,2025-11-29,2025-11-25,1. FC Union Berlin,1. FC Heidenheim 1846,1,2,1.5135562241622815,0.8928831215054586,0.5712765018966683,0.2420913341370894,0.1866321639662422,1,0,0,3.0281880628359845,1.0465322923778078,0.0901232600541727,-0.4322765664972413,-0.0193941815774926,-0.4205981476697135,-0.2245291209930696,0.0,0.0,11.0,11.0,0.0193996982806258,-0.0365073636027793,0.5712765018966683,0.2420913341370894,0.1866321639662422,1.0,False,False,-0.1032506322030471,0.1646814318049148,1827,True,official_matchdays,False,,,12,1,2,0,0,0,0,0,2:1,1:0,1:0,1:0
b3b252f882c7322dd9f3,D1,2025,2025-11-29,2025-11-25,TSG 1899 Hoffenheim,FC Augsburg,3,0,2.023493185472894,1.2527398690349447,0.5631747919865511,0.2250004551716602,0.2118247528417882,2,1,2,2.9158591527920645,0.2863111930999319,0.2897864130290016,-0.1545227210485166,0.0111308091263521,-0.2936366617653253,0.0494216503417738,0.1308938176629911,0.0,11.0,11.0,0.0391758598724146,-0.0324126752733904,0.5631747919865513,0.2250004551716604,0.2118247528417884,1.0,False,False,-0.1032506322030471,0.1646814318049148,1827,True,official_matchdays,False,,,12,3,0,2,2,2,2,2,2:1,1:0,2:1,2:1
4c6b98955b89733be3ba,D1,2025,2025-11-30,2025-11-25,SC Freiburg,1. FSV Mainz 05,4,0,1.4306411174097464,1.213490071701933,0.4901010334861074,0.272913403486433,0.2369855630274595,1,0,2,4.206105464547218,0.3906408389379264,-0.1193120888973892,-0.3350357796912771,0.1119019983435013,-0.2645728290787448,0.0383726782618633,0.03197474840745,0.0,11.0,11.0,0.006739214007918,-0.0294566074373514,0.4901010334861074,0.272913403486433,0.2369855630274595,1.0,False,False,-0.1032506322030471,0.1646814318049148,1827,True,official_matchdays,False,,,12,4,0,2,2,2,2,2,2:1,1:0,1:0,1:0
dc27a53a600869e8f88d,D1,2025,2025-11-30,2025-11-25,Eintracht Frankfurt,VfL Wolfsburg,1,1,2.2043974430001763,1.2052066251849092,0.5523282821307957,0.2251698032667512,0.2225019146024532,2,1,0,2.3006721209670045,0.9549354670129984,0.2949929197705505,-0.4428602487731322,0.2852730680809105,-0.0921127950066031,-0.028692805825792,0.0,0.0,11.0,11.0,0.050207664124422,-0.0576010305745511,0.5523282821307957,0.2251698032667512,0.2225019146024532,1.0,False,False,-0.1032506322030471,0.1646814318049148,1827,True,official_matchdays,False,,,12,1,1,0,0,0,0,0,2:1,1:0,2:1,2:1
e672a939909cbe982322,D1,2025,2025-11-30,2025-11-25,Hamburger SV,Stuttgart,2,1,0.8399025492819077,1.7639596230478352,0.3100483568847821,0.2544418580956636,0.4355097850195544,0,1,0,2.4429580183088704,0.7304427018363413,-0.2865186409124312,0.3092669653437275,0.0111642089578932,0.0332546851123313,0.0,-1.1595923488330857,0.0,11.0,11.0,-0.0441152123584294,0.0452526285799943,0.3100483568847821,0.2544418580956635,0.4355097850195544,1.0,False,False,-0.1032506322030471,0.1646814318049148,1827,True,official_matchdays,False,,,12,2,1,0,0,0,0,0,1:2,0:1,0:1,0:1
f464b28c28cc664b32c5,D1,2025,2025-12-05,2025-12-02,1. FSV Mainz 05,Borussia Mönchengladbach,0,1,1.520876012998482,1.413783894509132,0.3689948753547438,0.2759345842095591,0.3550705404356971,2,1,0,2.7411087219591663,0.6282311206148691,-0.4710982548739716,0.1660618797596754,-0.3357449947839084,0.0414863100482285,0.1401847037197267,0.021812514786426,0.0,12.0,12.0,-0.0484036842893946,0.0331518655336798,0.3689948753547439,0.2759345842095591,0.3550705404356969,1.0,False,False,-0.1170730797044339,0.169988188213647,1827,True,official_matchdays,False,,,13,0,1,0,0,0,0,0,2:1,1:0,2:1,2:1
1df2a98fa12576846943,D1,2025,2025-12-06,2025-12-02,FC Augsburg,Bayer 04 Leverkusen,2,0,0.9594337284095512,2.2713740536528766,0.2547207484739575,0.2466769353642534,0.4986023161617889,1,2,0,3.372888842055277,0.8648949428778187,-0.2529053538756091,0.2666002137402914,-0.1603476475741115,0.1822292328701903,-0.1577298614243168,-1.0364051297935286,0.0,12.0,12.0,-0.0465070391457913,0.0471917821390254,0.2547207484739574,0.2466769353642535,0.498602316161789,1.0,False,False,-0.1170730797044339,0.169988188213647,1827,True,official_matchdays,False,,,13,2,0,0,0,0,0,0,1:2,0:1,1:2,1:2
2c66386ebcf0fd73b82e,D1,2025,2025-12-06,2025-12-02,VfL Wolfsburg,1. FC Union Berlin,3,1,1.3821735058039069,1.0856667034955534,0.4469997828177841,0.2752784586267878,0.277721758555428,1,0,2,3.148112015539364,0.4587168451626375,-0.3659493756676386,-0.0833701408463539,-0.4865867247090362,0.0028840830339168,-0.0380135096900638,0.0,0.0,12.0,12.0,-0.0343271060089493,0.0118611301832497,0.4469997828177841,0.2752784586267879,0.2777217585554281,1.0,False,False,-0.1170730797044339,0.169988188213647,1827,True,official_matchdays,False,,,13,3,1,2,2,2,2,2,2:1,1:0,1:0,1:0
7001a2be34c118229bce,D1,2025,2025-12-06,2025-12-02,1. FC Köln,FC St. Pauli,1,1,1.3136267175829326,0.7419450968617827,0.4809572020248503,0.2641877588587207,0.2548550391164288,1,0,0,2.1493474952680853,0.8376905753559614,-0.1804793336831239,-0.6124265660897495,0.0295765307144024,-0.4302078817310226,0.0,0.0,0.0,12.0,12.0,0.012573394936175,-0.0522186899248187,0.4809572020248504,0.2641877588587206,0.2548550391164288,1.0,False,False,-0.1170730797044339,0.169988188213647,1827,True,official_matchdays,False,,,13,1,1,0,0,0,0,0,2:1,1:0,1:0,1:0
7d7351f361265483d10a,D1,2025,2025-12-06,2025-12-02,Stuttgart,Bayern München,0,5,1.3144568978489255,2.7340310936457595,0.1730140459158093,0.1878932538645688,0.639092700219622,1,2,2,3.847933287551782,0.1954918139667368,0.0930864541599355,0.6397953949240966,0.5345853419736996,0.5195441577924178,-0.1988470047648304,-1.0309295799612188,0.0,12.0,12.0,-0.0326234745684528,0.0692675670226544,0.1730140459158092,0.1878932538645688,0.639092700219622,1.0,False,False,-0.1170730797044339,0.169988188213647,1827,True,official_matchdays,False,,,13,0,5,2,2,2,2,2,1:2,0:1,1:2,1:2
9391b55a799b3ed1176c,D1,2025,2025-12-06,2025-12-02,1. FC Heidenheim 1846,SC Freiburg,2,1,1.1670405648689188,1.6319315781171586,0.2468201542648735,0.2672127026229401,0.4859671431121863,1,2,0,2.742792119609571,0.8748465726492649,-0.1778435076635325,0.0477357835116291,-0.2910733286297851,-0.1861248129953993,-0.1141345539949313,0.0,0.0,12.0,12.0,-0.0258778676416812,0.0193724814340861,0.2468201542648735,0.26721270262294,0.4859671431121863,1.0,False,False,-0.1170730797044339,0.169988188213647,1827,True,official_matchdays,False,,,13,2,1,0,0,0,0,0,1:2,0:1,1:2,1:2
985df84c6276ffdbca94,D1,2025,2025-12-06,2025-12-02,RB Leipzig,Eintracht Frankfurt,6,0,1.9597197656881908,1.369537797396135,0.5420070143681411,0.2270392578345966,0.2309537277972621,2,1,2,5.793760687401394,0.3146440238695204,0.2727278154592091,0.2393376660310072,0.5105831404055903,0.2416463743584666,-0.1284391346605818,-0.047065941675475,0.0,12.0,12.0,0.0088839415113414,0.0167193325631693,0.5420070143681411,0.2270392578345966,0.2309537277972621,1.0,False,False,-0.1170730797044339,0.169988188213647,1827,True,official_matchdays,False,,,13,6,0,2,2,2,2,2,2:1,1:0,2:1,2:1
7f10591953888a61b75b,D1,2025,2025-12-07,2025-12-02,Hamburger SV,SV Werder Bremen,3,2,1.086395753153695,1.3055710845468054,0.4170961187642956,0.265854466634466,0.3170494146012382,1,0,3,3.745768291391572,0.5109758634881324,-0.1151258467036076,0.0042561338328372,0.1716981270325913,-0.2001112622733846,0.0,-0.5129839317403158,0.0,12.0,12.0,-0.0117253913620026,0.0061819057184641,0.4170961187642956,0.2658544666344661,0.3170494146012382,1.0,False,False,-0.1170730797044339,0.169988188213647,1827,True,official_matchdays,False,,,13,3,2,3,3,3,0,3,2:1,1:0,0:1,1:0
b942cbaddc56b778a1e5,D1,2025,2025-12-07,2025-12-02,Borussia Dortmund,TSG 1899 Hoffenheim,2,0,2.6376541454077747,1.308842359042364,0.5935694143951236,0.2126620577651462,0.1937685278397303,2,1,2,2.7910830364315045,0.2479572141092055,0.2458850768228205,0.4534454055042324,0.4037733068791371,0.3185044176079268,0.0881885929116998,1.064920549211263,0.0,12.0,12.0,0.0063256670526554,0.0286408570636972,0.5935694143951233,0.2126620577651462,0.1937685278397303,1.0,False,False,-0.1170730797044339,0.169988188213647,1827,True,official_matchdays,False,,,13,2,0,2,2,2,2,2,2:1,1:0,2:1,2:1
fa88e9137cc255b2d2e6,D1,2025,2025-12-12,2025-12-09,1. FC Union Berlin,RB Leipzig,3,1,0.9306164856787345,1.7358344569919877,0.2921429022480424,0.2783136524374842,0.4295434453144734,0,1,0,3.6797201203959737,0.7630277313835454,-0.205058837001564,0.3759694469997,-0.1364142692689785,0.030860893498322,-0.0814516333685096,-1.0774053076452863,0.0,13.0,13.0,-0.0433769377185668,0.0519224682184736,0.2921429022480424,0.2783136524374842,0.4295434453144733,1.0,False,False,-0.1132105626088215,0.1788912440563539,1827,True,official_matchdays,False,,,14,3,1,0,0,0,0,0,1:2,0:1,0:1,0:1
0686bff98f48a0a0e1f1,D1,2025,2025-12-13,2025-12-09,FC St. Pauli,1. FC Heidenheim 1846,2,1,0.9882412602451154,0.935911532159622,0.4825133372851216,0.2811038661661068,0.2363827965487716,1,0,3,2.359488040630264,0.4026886561655328,-0.5050506209504698,-0.0259757925806948,-0.4504161362377807,-0.1616338188185457,0.0117950727449604,0.0,0.0,13.0,13.0,-0.0486165188287642,0.0220651981522059,0.4825133372851215,0.2811038661661068,0.2363827965487716,1.0,False,False,-0.1132105626088215,0.1788912440563539,1827,True,official_matchdays,False,,,14,2,1,3,4,3,0,3,2:1,1:0,0:0,1:0
6d310bccf87c4b4bbe8f,D1,2025,2025-12-13,2025-12-09,TSG 1899 Hoffenheim,Hamburger SV,4,1,1.855987962141875,1.1743821650985504,0.5472381324377367,0.2304869966671256,0.2222748708951377,2,1,2,3.525258815203268,0.3075236825825502,0.2353099353243788,0.0622706231981648,0.1580574391898532,-0.4753477929677828,0.0,0.483011658204524,0.0,13.0,13.0,0.0204174623725296,-0.0055384344464024,0.5472381324377367,0.2304869966671256,0.2222748708951377,1.0,False,False,-0.1132105626088215,0.1788912440563539,1827,True,official_matchdays,False,,,14,4,1,2,2,2,2,2,2:1,1:0,2:1,2:1
799323810ac9a1de43ea,D1,2025,2025-12-13,2025-12-09,Bayer 04 Leverkusen,1. FC Köln,2,0,2.481410748949747,0.9312812710714464,0.6118575589589401,0.2108428074790942,0.1772996335619656,2,0,4,2.42810351375586,0.2265444040641863,0.0452373173730576,-0.1507090342776667,0.2034637127154648,-0.2161076435866185,0.1147590332502202,1.3901212407829373,0.0,13.0,13.0,0.0177971351137001,-0.0230707209589305,0.6118575589589401,0.2108428074790942,0.1772996335619656,1.0,False,False,-0.1132105626088215,0.1788912440563539,1827,True,official_matchdays,False,,,14,2,0,4,2,2,4,4,2:1,1:0,2:0,2:0
979f2b9cff49a538c595,D1,2025,2025-12-13,2025-12-09,Eintracht Frankfurt,FC Augsburg,1,0,2.156092796932556,1.1255147307598257,0.5566437847055222,0.2303353591884919,0.2130208561059857,2,1,3,2.721812193825268,0.294996996468862,0.0033953246932023,-0.01453613369021,0.1678819402407193,-0.4305076257532834,0.044548926993543,0.9305888701257308,0.0,13.0,13.0,0.0032937855035078,-0.0038508259533582,0.5566437847055222,0.230335359188492,0.2130208561059857,1.0,False,False,-0.1132105626088215,0.1788912440563539,1827,True,official_matchdays,False,,,14,1,0,3,3,4,3,3,2:1,1:0,2:1,2:1
f6234656005d39308914,D1,2025,2025-12-13,2025-12-09,Borussia Mönchengladbach,VfL Wolfsburg,1,3,1.8023407850301696,1.3650147460641555,0.4790400424095392,0.2503782621660525,0.2705816954244083,2,1,0,3.471348325602506,0.8242196994469564,0.3163094091489424,-0.1072701415515097,-0.1779199190021878,-0.098274656081592,0.0160279858438015,0.0,0.0,13.0,13.0,0.0377958472846598,-0.0273438839047881,0.4790400424095392,0.2503782621660524,0.2705816954244083,1.0,False,False,-0.1132105626088215,0.1788912440563539,1827,True,official_matchdays,False,,,14,1,3,0,0,0,0,0,2:1,1:0,2:1,2:1
5f15f5429fe816c9add4,D1,2025,2025-12-14,2025-12-09,SC Freiburg,Borussia Dortmund,1,1,1.2466947768914822,2.0118449198797825,0.2875392306843093,0.2716577034081411,0.4408030659075496,1,2,0,2.095006359485168,0.8074686531007234,-0.0813451854588135,0.3344718385451138,0.2440383430608666,0.3299018018279691,-0.4056811151268633,-1.123699584530283,0.0,13.0,13.0,-0.0451421662294802,0.0577984988837952,0.2875392306843093,0.2716577034081411,0.4408030659075496,1.0,False,False,-0.1132105626088215,0.1788912440563539,1827,True,official_matchdays,False,,,14,1,1,0,0,0,0,0,1:2,0:1,1:2,1:2
6d97853d2d4310d9ee44,D1,2025,2025-12-14,2025-12-09,SV Werder Bremen,Stuttgart,0,4,1.564466858967459,1.7277018200689267,0.3247335506382507,0.2520842657245719,0.4231821836371774,1,2,2,4.246821721229312,0.5017171492095969,-0.0903277926103604,-0.1132649807743513,0.1816455678673932,-0.1300214435169165,0.0513814476851505,-0.64660841709277,0.0,13.0,13.0,-0.0008004578380609,-0.0093791808311746,0.3247335506382507,0.252084265724572,0.4231821836371774,1.0,False,False,-0.1132105626088215,0.1788912440563539,1827,True,official_matchdays,False,,,14,0,4,2,2,2,2,2,1:2,0:1,1:2,1:2
6df841d633fe14da29d0,D1,2025,2025-12-14,2025-12-09,Bayern München,1. FSV Mainz 05,2,2,3.3484614813659923,0.7306910173159323,0.8593309089442067,0.0920108733545368,0.0486582177012563,2,0,0,3.769892026383148,1.5652614873231303,0.6704584915003898,-0.4835925387892039,0.77241516190292,-0.3464980829145156,0.2066347366875754,1.798264054316251,0.0,13.0,13.0,0.1015572129238779,-0.0922139152883186,0.8593309089442068,0.0920108733545368,0.0486582177012563,1.0,False,False,-0.1132105626088215,0.1788912440563539,1827,True,official_matchdays,False,,,14,2,2,0,0,0,0,0,2:1,1:0,2:0,2:0
cb4469704d64e4d1fdbb,D1,2025,2025-12-19,2025-12-16,Borussia Dortmund,Borussia Mönchengladbach,2,0,2.521214398074508,1.1397811867458407,0.6153499698466378,0.2106231440414665,0.1740268861118956,2,1,2,2.5829886041814394,0.2226031115926975,0.2516678011504434,0.1228124289327998,0.4673078704470285,0.2108009303305981,0.1311966356692116,1.1774868477241591,0.0,14.0,14.0,0.0255859904518649,-0.0068619789477027,0.6153499698466377,0.2106231440414666,0.1740268861118956,1.0,False,False,-0.1113177795865451,0.1767974117415655,1827,True,official_matchdays,False,,,15,2,0,2,2,2,2,2,2:1,1:0,2:1,2:1
3d556317626ec7acf849,D1,2025,2025-12-20,2025-12-16,FC Augsburg,SV Werder Bremen,0,0,1.3955991376102133,1.3616140162025685,0.4187842829956342,0.2695622971006382,0.3116534199037277,2,1,0,2.609982102655102,0.806047367638753,-0.172540676362446,-0.263726172195535,0.0647069597491294,-0.2846628799983041,-0.0247734658561258,-0.1608660911987828,0.0,14.0,14.0,-0.0053064323192741,-0.0165069101086249,0.4187842829956342,0.2695622971006381,0.3116534199037278,1.0,False,False,-0.1113177795865451,0.1767974117415655,1827,True,official_matchdays,False,,,15,0,0,0,0,0,0,0,2:1,1:0,2:1,2:1
6762848ca805f81839d9,D1,2025,2025-12-20,2025-12-16,Stuttgart,TSG 1899 Hoffenheim,0,0,2.2455390184416544,1.5357054737781404,0.4710110616912046,0.244091669991015,0.2848972683177803,2,1,0,3.3482600915769316,0.8744152771073816,0.0593259090850584,0.402126955793868,0.3057648853529539,0.1246130719784406,0.0534469039538289,0.6765806906285617,0.0,14.0,14.0,-0.0115014116834961,0.0345740549274424,0.4710110616912046,0.2440916699910149,0.2848972683177803,1.0,False,False,-0.1113177795865451,0.1767974117415655,1827,True,official_matchdays,False,,,15,0,0,0,0,0,0,0,2:1,1:0,2:1,2:1
6fdc1c1727c1ecc669e9,D1,2025,2025-12-20,2025-12-16,Hamburger SV,Eintracht Frankfurt,1,1,1.2066510778964283,1.90805927487503,0.3575644940766151,0.2692008547358424,0.3732346511875425,2,1,0,2.0835020905544206,0.8012238629901756,-0.1451737654155473,0.1861830172772014,0.2909767249461324,0.0454008752975101,0.0,-1.2827067106672636,0.0,14.0,14.0,-0.0238265274054148,0.0258769899984975,0.3575644940766151,0.2692008547358424,0.3732346511875425,1.0,False,False,-0.1113177795865451,0.1767974117415655,1827,True,official_matchdays,False,,,15,1,1,0,0,0,0,0,1:2,0:1,1:2,1:2
88aa7865d81d20891e80,D1,2025,2025-12-20,2025-12-16,RB Leipzig,Bayer 04 Leverkusen,1,3,1.6024920754697582,1.5549916386542264,0.4545294297976701,0.2510269773145309,0.2944435928877988,2,1,0,3.354304920965874,0.7674213895089432,0.1717536673225303,0.1698733873647578,0.6078874807152354,0.0128217197916029,-0.0210464995973968,-0.1528822013432729,0.0,14.0,14.0,0.0076293723841452,0.0094519803502191,0.4545294297976702,0.251026977314531,0.2944435928877989,1.0,False,False,-0.1113177795865451,0.1767974117415655,1827,True,official_matchdays,False,,,15,1,3,0,0,0,0,0,2:1,1:0,2:1,2:1
9286b7f14fb029082ec2,D1,2025,2025-12-20,2025-12-16,VfL Wolfsburg,SC Freiburg,3,4,1.5912711488294875,1.334382747468945,0.3795165170210761,0.2732961507411247,0.3471873322377993,2,1,0,5.228885606209182,0.6448879518925257,0.1082483145481781,-0.0894416052698548,-0.2062332242252023,-0.3099862021978986,-0.0524968197835082,0.0,0.0,14.0,14.0,0.0126720707291351,-0.0117317352652189,0.379516517021076,0.2732961507411247,0.3471873322377992,1.0,False,False,-0.1113177795865451,0.1767974117415655,1827,True,official_matchdays,False,,,15,3,4,0,0,0,0,0,2:1,1:0,2:1,2:1
d81dcdb0a7d610441a09,D1,2025,2025-12-20,2025-12-16,1. FC Köln,1. FC Union Berlin,0,1,1.2943878038812673,1.1561502375643378,0.4039540649876028,0.2857236069424507,0.3103223280699465,1,0,0,2.4798379910714465,0.7204721573430709,-0.2970962131650338,0.0280287902526353,0.0249219525136204,-0.1343014475475796,-0.0543859558479129,-0.159833731794378,0.0,14.0,14.0,-0.0338303586215308,0.0203769874759108,0.4039540649876028,0.2857236069424507,0.3103223280699465,1.0,False,False,-0.1113177795865451,0.1767974117415655,1827,True,official_matchdays,False,,,15,0,1,0,0,0,0,0,2:1,1:0,1:0,1:0
4646e10940bd0b835e0d,D1,2025,2025-12-21,2025-12-16,1. FSV Mainz 05,FC St. Pauli,0,0,1.265461342100364,0.7026652026788643,0.4872196821249727,0.2800783801436969,0.2327019377313303,1,0,0,2.013590861448274,0.8098203492103987,-0.3927340443204785,-0.2375426375315409,-0.3959280262439694,-0.375626009414102,0.2148295238249741,0.0,0.0,14.0,14.0,-0.016654796364222,-0.0148590377283788,0.4872196821249728,0.2800783801436969,0.2327019377313303,1.0,False,False,-0.1113177795865451,0.1767974117415655,1827,True,official_matchdays,False,,,15,0,0,0,0,0,0,0,2:1,1:0,1:0,1:0
a3025f07f05e1e3fb91a,D1,2025,2025-12-21,2025-12-16,1. FC Heidenheim 1846,Bayern München,0,4,0.8079423597836879,3.378257983521624,0.0613617227928214,0.1088974592653092,0.8297408179418695,0,2,2,2.514566693707644,0.0446121067336463,-0.1217575797061024,0.4838631616904909,-0.0820653170263935,0.5718121500776153,-0.2141889337720504,0.0,0.0,14.0,14.0,-0.0470783627437373,0.0651836418429567,0.0613617227928214,0.1088974592653092,0.8297408179418693,1.0,False,False,-0.1113177795865451,0.1767974117415655,1827,True,official_matchdays,False,,,15,0,4,2,2,2,2,2,1:2,0:1,0:2,0:2
5c354773b2f3c91384ca,D1,2025,2026-01-09,2026-01-06,Eintracht Frankfurt,Borussia Dortmund,3,3,1.5418242885189315,1.9810099216745984,0.2710598103438678,0.2562881585540112,0.4726520311021212,1,2,0,3.691290999563761,0.8499806663955976,0.1300212381636775,0.3993830650699839,0.2510055468282391,0.207807202916533,-0.1126693892630752,-0.2985610053561723,0.0,15.0,15.0,-0.0126004989002852,0.0390707140619682,0.2710598103438677,0.2562881585540112,0.4726520311021211,1.0,False,False,-0.1284180303540171,0.1691780094172278,1818,False,official_matchdays,False,expected-points,,16,3,3,0,0,0,0,0,1:2,0:1,1:2,1:2
053cc23ea07ecbe0a5cf,D1,2025,2026-01-10,2026-01-06,1. FC Heidenheim 1846,1. FC Köln,2,2,1.260632888760586,1.3246692891683998,0.3247006133774704,0.2687177490020445,0.4065816376204848,0,1,0,3.0459592898177568,0.8055128470024976,-0.2527122367346314,-0.3642230642153884,-0.1934659835517314,-0.2872628168207717,0.111796265453006,0.0,0.0,15.0,15.0,-0.0014702571900434,-0.0293765078574575,0.3247006133774705,0.2687177490020446,0.4065816376204849,1.0,False,False,-0.1284180303540171,0.1691780094172278,1818,False,official_matchdays,False,expected-points,,16,2,2,0,0,0,3,0,1:2,0:1,1:1,0:1
082c59f559f0495fc5f1,D1,2025,2026-01-10,2026-01-06,Bayer 04 Leverkusen,Stuttgart,1,4,2.2838589507970206,1.248556526642104,0.4882432295217511,0.2416048970829283,0.2701518733953205,2,1,0,4.635478075274457,0.829432665376642,0.2754314967020422,-0.0174705028730572,0.3631542815119021,0.0455799902557076,0.0660336054361076,0.2090405689719271,0.0,15.0,15.0,0.0317183550856624,-0.0188203053942132,0.4882432295217511,0.2416048970829284,0.2701518733953205,1.0,False,False,-0.1284180303540171,0.1691780094172278,1818,False,official_matchdays,False,expected-points,,16,1,4,0,0,0,0,0,2:1,1:0,2:1,2:1
d2624a802d4c95dc3de8,D1,2025,2026-01-10,2026-01-06,SC Freiburg,Hamburger SV,2,1,1.826350458871924,1.006619774764717,0.531668552482699,0.2599268478804305,0.2084045996368708,2,1,4,2.352468736512369,0.3303287881325114,0.0833403145385085,-0.1217466283638322,0.1774820074373584,-0.5375999267271266,0.0,0.3375705343702755,0.0,15.0,15.0,0.0144213628720424,-0.0163416785633086,0.5316685524826988,0.2599268478804305,0.2084045996368707,1.0,False,False,-0.1284180303540171,0.1691780094172278,1818,False,official_matchdays,False,expected-points,,16,2,1,4,4,3,4,4,2:1,1:0,2:1,2:1
dbe3eab91b704f2ed4ac,D1,2025,2026-01-10,2026-01-06,1. FC Union Berlin,1. FSV Mainz 05,2,2,1.2290496221175906,1.0662325116403308,0.441967999312653,0.2955748134204493,0.2624571872668976,1,0,0,3.209959635595309,0.7604343310521154,0.1395937977332249,-0.3248290778926591,0.0876550906507865,-0.2802706150538427,0.114547100479953,-0.0752465354100433,0.0,15.0,15.0,0.0359281886919531,-0.0451899526999248,0.4419679993126529,0.2955748134204493,0.2624571872668976,1.0,False,False,-0.1284180303540171,0.1691780094172278,1818,False,official_matchdays,False,expected-points,,16,2,2,0,0,0,3,0,2:1,1:0,1:1,1:0
6441abf69ac987b4c5d5,D1,2025,2026-01-11,2026-01-06,Bayern München,VfL Wolfsburg,8,1,3.5731492706403354,0.8922788334839573,0.8549118430367798,0.0930171144748227,0.0520710424883974,3,0,2,4.991365403011354,0.0324141503420347,0.5491712364161343,-0.0050193300212305,0.5708165576917538,0.1189423638128548,0.2028502027703264,0.0,0.0,15.0,15.0,0.0653106002811912,-0.0381030049614461,0.8549118430367798,0.0930171144748227,0.0520710424883974,1.0,False,False,-0.1284180303540171,0.1691780094172278,1818,False,official_matchdays,False,expected-points,,16,8,1,2,2,2,2,2,2:1,1:0,3:0,3:0
f62dd3c625b51d87676a,D1,2025,2026-01-11,2026-01-06,Borussia Mönchengladbach,FC Augsburg,4,0,1.741570729111296,1.1458494492737523,0.5007234758124438,0.2579484572367135,0.2413280669508427,2,1,2,3.8427446566825,0.3740536900938384,-0.0125494329616703,-0.1642524907665775,-0.2625655451571815,-0.4502946105989099,-0.1373800983373043,0.0150818392056696,0.0,15.0,15.0,8.867632529662838e-05,-0.008928772511709,0.5007234758124438,0.2579484572367135,0.2413280669508428,1.0,False,False,-0.1284180303540171,0.1691780094172278,1818,False,official_matchdays,False,expected-points,,16,4,0,2,2,2,2,2,2:1,1:0,2:1,2:1
4289402232a51e54503c,D1,2025,2026-01-13,2026-01-13,1. FSV Mainz 05,1. FC Heidenheim 1846,2,1,1.675975457735583,0.946724226489184,0.5378040424251977,0.2516462765358545,0.2105496810389476,1,0,3,2.32465063851255,0.3212821198784507,-0.2691242330834072,-0.20664950402864,-0.3475050319592397,-0.2898953737708484,-0.0157731833368311,0.0,0.0,16.0,16.0,-0.0173686072737502,-0.006420079581852,0.5378040424251979,0.2516462765358546,0.2105496810389477,1.0,False,False,-0.1253293169591564,0.1738007005693316,1825,False,official_matchdays,False,expected-points,,17,2,1,3,4,3,3,3,2:1,1:0,1:0,1:0
4dc9dcb367af039fcaa1,D1,2025,2026-01-13,2026-01-13,Borussia Dortmund,SV Werder Bremen,3,0,2.520056731659482,1.0001659128934322,0.6883896853995757,0.1820644534744051,0.129545861126019,2,1,2,2.5477702369437294,0.147030583519191,0.2681198742232817,-0.2390551769535475,0.512798050291784,-0.2996566686283938,0.0670087882325169,0.996463809145686,0.0,16.0,15.0,0.0421151856816314,-0.0406619508181446,0.6883896853995758,0.1820644534744051,0.129545861126019,1.0,False,False,-0.1253293169591564,0.1738007005693316,1825,False,official_matchdays,False,expected-points,,17,3,0,2,2,2,2,2,2:1,1:0,2:1,2:1
f57bf0a53afb722303c4,D1,2025,2026-01-13,2026-01-13,Stuttgart,Eintracht Frankfurt,3,2,2.058907594537861,1.5540835129293218,0.5470413751140859,0.2289321569820504,0.2240264679038636,2,1,3,2.9273807548229307,0.3077693066804733,0.1379095062177824,0.0438381095639789,0.2481742902519501,-0.0255789659333339,0.0025399247265298,-0.0809436581272714,0.0,16.0,16.0,0.0117260413799057,-0.0026386605908177,0.5470413751140858,0.2289321569820504,0.2240264679038636,1.0,False,False,-0.1253293169591564,0.1738007005693316,1825,False,official_matchdays,False,expected-points,,17,3,2,3,3,3,3,3,2:1,1:0,2:1,2:1
15734a213a29c379d80b,D1,2025,2026-01-14,2026-01-13,VfL Wolfsburg,FC St. Pauli,2,1,1.3893149432912482,0.8129033001438087,0.5004570822854825,0.2614119396295677,0.2381309780849497,1,0,3,2.42261103811571,0.3745856915433208,-0.1937446241670168,-0.1908906109766293,-0.2896849418355137,-0.3308505697554373,0.0,0.0,0.0,16.0,15.0,-0.0098299318678702,-0.009401829889312,0.5004570822854826,0.2614119396295677,0.2381309780849497,1.0,False,False,-0.1253293169591564,0.1738007005693316,1825,False,official_matchdays,False,expected-points,,17,2,1,3,4,3,3,3,2:1,1:0,1:0,1:0
5f0d88a52be86e518e61,D1,2025,2026-01-14,2026-01-13,1. FC Köln,Bayern München,1,3,0.8735672011594856,3.180487596670487,0.0947157802293314,0.1366889539752742,0.7685952657953945,0,2,3,2.566836219392017,0.0812031001756097,-0.3014405128780233,0.5961162901678682,-0.100060177632463,0.6581158021625312,-0.1566203050276437,-2.01469909497439,0.0,16.0,16.0,-0.0677808810475779,0.0825146699120701,0.0947157802293314,0.1366889539752742,0.7685952657953944,1.0,False,False,-0.1253293169591564,0.1738007005693316,1825,False,official_matchdays,False,expected-points,,17,1,3,3,2,2,3,3,1:2,0:1,0:2,0:2
9c6edf0d8f20e6ede97a,D1,2025,2026-01-14,2026-01-13,TSG 1899 Hoffenheim,Borussia Mönchengladbach,5,1,1.9611176675060036,1.625104234719628,0.5163656475224254,0.2421300057035207,0.2415043467740542,2,1,2,4.379362007389305,0.3508534760691524,0.2637413158186049,0.2054286216496041,0.3387540018748733,0.0563159111678208,-0.1072226015217827,0.2958091951306722,0.0,15.0,16.0,0.0107415704232911,0.0127169264501193,0.5163656475224252,0.2421300057035206,0.2415043467740541,1.0,False,False,-0.1253293169591564,0.1738007005693316,1825,False,official_matchdays,False,expected-points,,17,5,1,2,2,2,2,2,2:1,1:0,2:1,2:1
ecfdaf71a0032842f45c,D1,2025,2026-01-14,2026-01-13,RB Leipzig,SC Freiburg,2,0,2.030425497197735,1.1458803369051516,0.5441705898643037,0.2381611741899751,0.2176682359457214,2,1,2,2.4919637936418852,0.3118806569759267,-0.0325686580486515,0.2484499844937274,0.3620042300751553,-0.1343771169453526,0.2304385537616838,0.809954011135753,0.0,15.0,16.0,-0.0041574373414673,0.0149515036637211,0.5441705898643036,0.2381611741899751,0.2176682359457214,1.0,False,False,-0.1253293169591564,0.1738007005693316,1825,False,official_matchdays,False,expected-points,,17,2,0,2,2,2,2,2,2:1,1:0,2:1,2:1
43eaa53fe50f2effe4e8,D1,2025,2026-01-15,2026-01-13,FC Augsburg,1. FC Union Berlin,1,1,1.1276562698179269,1.1849189338714154,0.3673540136077153,0.2992820238657105,0.3333639625265743,1,0,0,1.958360198109332,0.7370861849028513,-0.2608870279811469,0.1118582719312433,0.050425951033274,0.0465401998531646,0.0966809567509685,0.1749847667301002,0.0,16.0,16.0,-0.0268475685571284,0.0193961307546332,0.3673540136077152,0.2992820238657104,0.3333639625265743,1.0,False,False,-0.1253293169591564,0.1738007005693316,1825,False,official_matchdays,False,expected-points,,17,1,1,0,0,0,4,4,2:1,1:0,1:1,1:1
41db31c00ef9100eff3c,D1,2025,2026-01-16,2026-01-13,SV Werder Bremen,Eintracht Frankfurt,3,3,1.518735787674114,1.837485737852193,0.3544339833662079,0.2683571588344144,0.3772088577993776,1,2,0,3.788468716360226,0.8032112179959986,-0.2390551769535475,0.0438381095639789,-0.0038199076560899,-0.0255789659333339,-0.1081793541420547,-0.6979028037895134,0.0,15.0,16.0,-0.0315063908806564,0.021745537511178,0.3544339833662078,0.2683571588344144,0.3772088577993777,1.0,False,False,-0.1253293169591564,0.1738007005693316,1825,True,official_matchdays,False,,,18,3,3,0,0,0,0,0,1:2,0:1,1:2,1:2
3d337afd7f3e364d92be,D1,2025,2026-01-17,2026-01-13,Borussia Dortmund,FC St. Pauli,3,2,2.0365572856661265,0.5860463911784104,0.7126346107982167,0.1844466051477737,0.1029187840540094,1,0,3,4.031332237341343,0.127191693172787,0.2681198742232817,-0.1908906109766293,0.512798050291784,-0.3308505697554373,0.1133452064508228,0.0,0.0,16.0,15.0,0.0420237782937008,-0.0381623151313681,0.7126346107982169,0.1844466051477738,0.1029187840540094,1.0,False,False,-0.1253293169591564,0.1738007005693316,1825,True,official_matchdays,False,,,18,3,2,3,3,3,3,3,2:1,1:0,1:0,1:0
499213ec84240ff3ba7a,D1,2025,2026-01-17,2026-01-13,TSG 1899 Hoffenheim,Bayer 04 Leverkusen,1,0,1.4734289827950515,2.164624944295854,0.3955650101974432,0.2506655278523904,0.3537694619501663,2,1,3,3.1055774809080434,0.5533276959596445,0.2637413158186049,0.0330043701264052,0.3387540018748733,0.1833933621191583,-0.1839819602160822,-0.7493035390803071,0.0,15.0,16.0,0.0155248150647361,-0.0006875307674856,0.3955650101974433,0.2506655278523905,0.3537694619501663,1.0,False,False,-0.1253293169591564,0.1738007005693316,1825,True,official_matchdays,False,,,18,1,0,3,3,4,0,0,2:1,1:0,1:2,1:2
51a2ec970929655cda06,D1,2025,2026-01-17,2026-01-13,VfL Wolfsburg,1. FC Heidenheim 1846,1,1,1.9276052459579711,1.099757926777695,0.5681261385765437,0.2349393806143602,0.196934480809096,2,1,0,2.203824962780897,0.9468682504001812,-0.1937446241670168,-0.20664950402864,-0.2896849418355137,-0.2898953737708484,0.1468083819860794,0.0,0.0,16.0,16.0,-0.0017015681159657,-0.0183181382938171,0.5681261385765438,0.2349393806143602,0.196934480809096,1.0,False,False,-0.1253293169591564,0.1738007005693316,1825,True,official_matchdays,False,,,18,1,1,0,0,0,0,0,2:1,1:0,2:1,2:1
bc3e9cedbd8ad07b4533,D1,2025,2026-01-17,2026-01-13,Hamburger SV,Borussia Mönchengladbach,0,0,1.24472256956189,1.613883864352806,0.3919419454166036,0.2723085027749078,0.3357495518084885,2,1,0,2.6400945066807755,0.7958811652502491,-0.2003217823734114,0.2054286216496041,0.202090254289399,0.0563159111678208,0.0,-0.1540407836790076,0.0,16.0,16.0,-0.0303036093198213,0.0305589512836309,0.3919419454166037,0.2723085027749078,0.3357495518084885,1.0,False,False,-0.1253293169591564,0.1738007005693316,1825,True,official_matchdays,False,,,18,0,0,0,0,0,0,0,2:1,1:0,1:2,1:2
c58a468ef65d9a21b83c,D1,2025,2026-01-17,2026-01-13,RB Leipzig,Bayern München,1,5,1.3209599575608473,2.4184933669322093,0.1913291796469367,0.199896157840083,0.6087746625129804,1,2,2,3.8296759004575,0.2296225935954295,-0.0325686580486515,0.5961162901678682,0.3620042300751553,0.6581158021625312,-0.1905744702781528,-0.873156621145909,0.0,15.0,16.0,-0.0425914038271662,0.070768785433127,0.1913291796469366,0.199896157840083,0.6087746625129803,1.0,False,False,-0.1253293169591564,0.1738007005693316,1825,True,official_matchdays,False,,,18,1,5,2,2,2,2,2,1:2,0:1,1:2,1:2
c8cd71442b25bc3ad477,D1,2025,2026-01-17,2026-01-13,1. FC Köln,1. FSV Mainz 05,2,1,1.251714078383775,1.249867457356202,0.4359618795895331,0.2655291901182708,0.2985089302921962,1,0,3,2.3013189016439637,0.4777523335452285,-0.3014405128780233,-0.2691242330834072,-0.100060177632463,-0.2960535384014992,0.0080501467568393,-0.0332386414757338,0.0,16.0,16.0,-0.01628533229579,-0.0122429050022815,0.435961879589533,0.2655291901182708,0.2985089302921961,1.0,False,False,-0.1253293169591564,0.1738007005693316,1825,True,official_matchdays,False,,,18,2,1,3,4,3,0,3,2:1,1:0,1:1,1:0
3e3f85bdf9c38f97f719,D1,2025,2026-01-18,2026-01-13,Stuttgart,1. FC Union Berlin,1,1,1.8974292135154671,1.021026573816043,0.5700644120473068,0.2422035325796847,0.1877320553730086,2,1,0,2.162402261246051,0.9344722445321249,0.1379095062177824,0.1118582719312433,0.2481742902519501,0.0465401998531646,0.0478161179206253,1.026138771174822,0.0,16.0,16.0,0.0105888429212473,0.0018995459862039,0.5700644120473067,0.2422035325796847,0.1877320553730086,1.0,False,False,-0.1253293169591564,0.1738007005693316,1825,True,official_matchdays,False,,,18,1,1,0,0,0,0,0,2:1,1:0,2:1,2:1
45e5ff8702d41344df27,D1,2025,2026-01-18,2026-01-13,FC Augsburg,SC Freiburg,2,2,1.1886239709257296,1.5360496354359456,0.3311238063810919,0.2848268608080516,0.3840493328108565,1,2,0,2.898306749647435,0.7686094842064329,-0.2608870279811469,0.2484499844937274,0.050425951033274,-0.1343771169453526,-0.0289008437099494,-0.1986115898969373,0.0,16.0,16.0,-0.0399562442082985,0.0393343920339275,0.3311238063810918,0.2848268608080516,0.3840493328108565,1.0,False,False,-0.1253293169591564,0.1738007005693316,1825,True,official_matchdays,False,,,18,2,2,0,0,0,0,0,1:2,0:1,1:2,1:2
a9facf762d9a7e42f8ab,D1,2025,2026-01-23,2026-01-20,FC St. Pauli,Hamburger SV,0,0,0.9594914864516214,0.8257221379919288,0.3296029652861928,0.3250409865279063,0.3453560481859006,0,0,4,1.8003314423947585,0.6834785846112552,-0.3019615461943702,-0.1603570275095766,-0.1927240380644632,-0.5525261343613314,0.1193443595511768,0.0,0.0,17.0,17.0,-0.0162110852663993,-0.0069048434187979,0.3296029652861929,0.3250409865279065,0.3453560481859006,1.0,False,False,-0.1270163827983937,0.1808782233288738,1833,True,official_matchdays,False,,,19,0,0,4,0,0,4,4,1:2,0:1,0:0,0:0
02e291c2f2d343a40838,D1,2025,2026-01-24,2026-01-20,1. FC Union Berlin,Borussia Dortmund,0,3,1.0175955170441036,1.8743374961694077,0.2625622453598913,0.2756903576278859,0.4617473970122228,1,2,2,2.9930670036554172,0.4346599706005371,0.0339329005613247,0.4620325412934066,0.0123983953505696,0.1477603221884938,-0.2851123031452057,-1.405643434658266,0.0,18.0,18.0,-0.0339639521657981,0.0587622242585347,0.2625622453598913,0.2756903576278859,0.4617473970122228,1.0,False,False,-0.1270163827983937,0.1808782233288738,1833,True,official_matchdays,False,,,19,0,3,2,2,2,2,2,1:2,0:1,1:2,1:2
68317980c0e7f1bbfcbb,D1,2025,2026-01-24,2026-01-20,Bayern München,FC Augsburg,1,2,3.9256396608129114,0.6562998046681953,0.8634271443268982,0.0909309746199341,0.0456418810531677,3,0,0,4.042660964673754,1.6645742949055693,0.6963860880627247,-0.1803977707388533,0.6138727125024032,-0.4955374921869828,0.2851840891405239,1.8817222221785992,0.0,18.0,18.0,0.0929177018002413,-0.0671182859340477,0.8634271443268982,0.0909309746199342,0.0456418810531677,1.0,False,False,-0.1270163827983937,0.1808782233288738,1833,True,official_matchdays,False,,,19,1,2,0,0,0,0,0,2:1,1:0,3:0,3:0
6897b9e3f075b50a1927,D1,2025,2026-01-24,2026-01-20,1. FSV Mainz 05,VfL Wolfsburg,3,1,1.5276810225751545,1.267885919063709,0.4049807727522432,0.2735396447537081,0.3214795824940487,2,1,2,3.111454279513151,0.5322209400070503,-0.1529991537485756,0.0119733205640985,-0.1083024206989872,-0.0920544639243226,-0.0311380475081787,0.0,0.0,18.0,18.0,-0.0174554837784714,0.0104041921192475,0.4049807727522432,0.2735396447537081,0.3214795824940487,1.0,False,False,-0.1270163827983937,0.1808782233288738,1833,True,official_matchdays,False,,,19,3,1,2,2,2,2,2,2:1,1:0,2:1,2:1
9c95b73d00ec61bfd5c5,D1,2025,2026-01-24,2026-01-20,Eintracht Frankfurt,TSG 1899 Hoffenheim,1,3,2.1399949551419515,1.6902309716539765,0.34202768443145,0.2572274320930741,0.4007448834754759,1,2,2,2.992026120634105,0.5422555834195576,-0.1288614463756683,0.4195698950486101,0.1831974510202438,0.0795132351676477,0.1832694532664398,0.6212066282356514,0.0,18.0,17.0,-0.0247011667266753,0.0392365891603224,0.3420276844314501,0.2572274320930741,0.4007448834754759,1.0,False,False,-0.1270163827983937,0.1808782233288738,1833,True,official_matchdays,False,,,19,1,3,2,2,2,0,0,1:2,0:1,2:1,2:1
b57929fbb0a0e87c082e,D1,2025,2026-01-24,2026-01-20,Bayer 04 Leverkusen,SV Werder Bremen,1,0,2.5109873597918333,0.9897855904478772,0.5887888464437876,0.2213177933441187,0.1898933602120937,2,1,3,2.880195308769348,0.2541356667123809,-0.0667445979558846,-0.3391412845721485,0.1651339253382584,-0.3719638624323416,0.0844228830938221,0.8259997146341691,0.0,17.0,17.0,0.01450374858771,-0.0347980427141117,0.5887888464437875,0.2213177933441187,0.1898933602120937,1.0,False,False,-0.1270163827983937,0.1808782233288738,1833,True,official_matchdays,False,,,19,1,0,3,3,4,3,3,2:1,1:0,2:1,2:1
e3107741786cdf7253da,D1,2025,2026-01-24,2026-01-20,1. FC Heidenheim 1846,RB Leipzig,0,3,0.9881678919921004,2.018011750146143,0.1839904551325554,0.2168611396921999,0.5991484051752447,1,2,2,2.6926528297138788,0.2415632425620345,-0.2339449222747054,-0.1086674116276124,-0.1580477078317272,-0.1113510807753035,-0.1563332971577844,0.0,0.0,18.0,17.0,-0.0257777865039791,0.0086471698088632,0.1839904551325554,0.2168611396921999,0.5991484051752447,1.0,False,False,-0.1270163827983937,0.1808782233288738,1833,True,official_matchdays,False,,,19,0,3,2,2,2,2,2,1:2,0:1,1:2,1:2
902c4750564e63536c8c,D1,2025,2026-01-25,2026-01-20,Borussia Mönchengladbach,Stuttgart,0,3,1.5333216298867067,1.8755027915460425,0.3238609460981113,0.2564268860886415,0.4197121678132472,1,2,2,3.377413127680976,0.5073746285006818,-0.0855758928223802,0.1810264746318923,-0.0263537215027383,0.2464847737606501,-0.1080591311544802,-0.8360721652390521,0.0,18.0,18.0,-0.0230118695715566,0.0277843986620322,0.3238609460981112,0.2564268860886415,0.4197121678132473,1.0,False,False,-0.1270163827983937,0.1808782233288738,1833,True,official_matchdays,False,,,19,0,3,2,2,2,2,2,1:2,0:1,1:2,1:2
9a1f851f9bb51429cb7e,D1,2025,2026-01-25,2026-01-20,SC Freiburg,1. FC Köln,2,1,1.7418669413561725,1.1651472198783213,0.4921517995734987,0.260470311751991,0.24737788867451,2,1,4,2.3426349687014363,0.3869503977856734,-0.0044268033912612,-0.1705087007348772,0.3256777436530672,-0.2951600197487496,-0.0417615036573151,0.3315884626927281,0.0,18.0,18.0,0.0059946795147519,-0.0147414547210589,0.4921517995734988,0.260470311751991,0.24737788867451,1.0,False,False,-0.1270163827983937,0.1808782233288738,1833,True,official_matchdays,False,,,19,2,1,4,4,3,4,4,2:1,1:0,2:1,2:1
44b53958804e0dbe9a48,D1,2025,2026-01-27,2026-01-06,SV Werder Bremen,TSG 1899 Hoffenheim,0,2,1.6560992371141672,1.7229829294879908,0.3600308701378905,0.252064158692481,0.3879049711696284,1,2,2,2.984111753428221,0.5678188918684484,-0.2390551769535475,0.2637413158186049,-0.0038199076560899,0.0795132351676477,-0.0882152852529425,-0.076696175553862,0.0,15.0,15.0,-0.0415033477489321,0.0427376546921849,,,,0.0,False,False,-0.1284180303540171,0.1691780094172278,1818,False,official_matchdays,True,expected-points,,16,0,2,2,2,2,2,2,1:2,1:2,1:2,1:2
c7182bf6a73e375d89fc,D1,2025,2026-01-27,2026-01-06,FC St. Pauli,RB Leipzig,1,1,0.7168374195370399,1.514136219281504,0.161430633994858,0.2896909793483113,0.5488783866568306,0,1,0,2.028217446860469,0.8318662377501482,-0.1908906109766293,-0.0325686580486515,-0.1927240380644632,-0.1113510807753035,-0.0906699915129361,0.0,0.0,15.0,15.0,-0.0219941277708771,0.0108211643196131,,,,0.0,False,False,-0.1284180303540171,0.1691780094172278,1818,False,official_matchdays,True,expected-points,,16,1,1,0,0,0,0,0,0:1,0:1,0:1,0:1
b5e2a570b2150ddc7e91,D1,2025,2026-01-30,2026-01-27,1. FC Köln,VfL Wolfsburg,1,0,1.5008053988552534,1.4362063395377316,0.4760035761849822,0.2514013525695483,0.2725950712454694,2,1,3,2.495713233449753,0.4120829651120486,-0.2403230343715829,-0.103474672384878,-0.0963483192239492,-0.2522945298019984,-0.0403336883060344,0.0,0.0,19.0,19.0,-0.0208752542332161,0.003685368895393,0.4760035761849822,0.2514013525695482,0.2725950712454695,1.0,False,False,-0.1247488363740234,0.1667305780147555,1833,True,official_matchdays,False,,,20,1,0,3,3,4,3,3,2:1,1:0,2:1,2:1
025389b1aa4344c61567,D1,2025,2026-01-31,2026-01-27,SV Werder Bremen,Borussia Mönchengladbach,1,1,1.622426099783379,1.4945925620781135,0.397512155492323,0.2676657780535699,0.3348220664541071,2,1,0,2.100115808830096,0.8064351425826345,-0.4355110238838438,-0.2664574897697501,-0.0258448789039665,-0.0709579753766397,-0.0346200431429288,0.2191130195768102,0.0,18.0,19.0,-0.0319592300570433,-0.0031391956256363,0.397512155492323,0.2676657780535699,0.3348220664541071,1.0,False,False,-0.1247488363740234,0.1667305780147555,1833,True,official_matchdays,False,,,20,1,1,0,0,0,0,0,2:1,1:0,2:1,2:1
688753c68c832a5da748,D1,2025,2026-01-31,2026-01-27,TSG 1899 Hoffenheim,1. FC Union Berlin,3,1,1.8667894184392664,1.1084106670637734,0.5273320659904552,0.2543769857623335,0.2182909482472115,2,1,2,2.8108502949666834,0.3357735648130486,0.4769516357374889,-0.1617907322247848,0.5850130196815342,-0.0135234145086552,0.006571297487166,0.4858758010664421,0.0,18.0,19.0,0.0561132650593464,-0.0403552198837112,0.5273320659904551,0.2543769857623333,0.2182909482472116,1.0,False,False,-0.1247488363740234,0.1667305780147555,1833,True,official_matchdays,False,,,20,3,1,2,2,2,2,2,2:1,1:0,2:1,2:1
73b16e5b8164145f8d04,D1,2025,2026-01-31,2026-01-27,Hamburger SV,Bayern München,2,2,0.695383619596146,2.926622281593299,0.1061054810895632,0.1519982582762686,0.7418962606341681,0,2,0,3.426972639939468,1.280775388626691,-0.1542578128473867,0.4073392230237384,0.1664410593587185,0.7013117645837559,-0.1801356634676415,-2.0206811666519378,0.0,18.0,19.0,-0.0447995256093076,0.0574535961181252,0.1061054810895632,0.1519982582762686,0.7418962606341681,1.0,False,False,-0.1247488363740234,0.1667305780147555,1833,True,official_matchdays,False,,,20,2,2,0,0,0,0,0,1:2,0:1,0:2,0:2
a4202cac25c6e441dd5a,D1,2025,2026-01-31,2026-01-27,Eintracht Frankfurt,Bayer 04 Leverkusen,1,3,1.484111366476227,2.0786004755078378,0.3208308445706735,0.2552659580780292,0.4239031973512972,1,2,2,2.935228833957507,0.4999806662034842,-0.2791738643655398,0.0585331020878884,-0.0298103866534137,0.029939522583328,-0.3670040328120825,-0.1280969108446557,0.0,19.0,18.0,-0.0491942431815525,0.0381622050676699,0.3208308445706735,0.2552659580780291,0.4239031973512973,1.0,False,False,-0.1247488363740234,0.1667305780147555,1833,True,official_matchdays,False,,,20,1,3,2,2,2,2,2,1:2,0:1,1:2,1:2
b6b4e564de2b84b4eaf3,D1,2025,2026-01-31,2026-01-27,RB Leipzig,1. FSV Mainz 05,1,2,1.9088963170543949,1.005097759423345,0.6160277387388312,0.2108923790277079,0.1730798822334609,2,1,0,3.000103507334736,1.107762651594671,0.1232649109126937,0.0473646367900784,0.2089371345632936,-0.3633677212420441,-0.0268277364048606,1.1083038323527472,0.0,18.0,19.0,0.0086168724315224,-8.539504638380721e-05,0.6160277387388311,0.2108923790277079,0.1730798822334608,1.0,False,False,-0.1247488363740234,0.1667305780147555,1833,True,official_matchdays,False,,,20,1,2,0,0,0,0,0,2:1,1:0,2:1,2:1
c2c96edc94718823d61e,D1,2025,2026-01-31,2026-01-27,FC Augsburg,FC St. Pauli,2,1,1.1284407233443696,0.788084236130385,0.4757711194095679,0.2910773618747979,0.233151518715634,1,0,3,2.478646480475877,0.4139015805204961,-0.0280711448899253,-0.2503651883266755,0.0357297974518781,-0.4515390315484654,0.0196133978762968,0.0,0.0,19.0,18.0,0.010691814821156,-0.0246136314819861,0.475771119409568,0.2910773618747979,0.2331515187156341,1.0,False,False,-0.1247488363740234,0.1667305780147555,1833,True,official_matchdays,False,,,20,2,1,3,4,3,3,3,2:1,1:0,1:0,1:0
6e0d4e5da573fe9dfb9b,D1,2025,2026-02-01,2026-01-27,Stuttgart,SC Freiburg,1,0,2.0883538881622288,1.2781580501767658,0.5595345338373098,0.2341911457414303,0.2062743204212598,2,1,3,2.784523335567429,0.2914044148908525,0.3375404959730788,0.1797662490502955,0.2004332946464203,-0.2467889229520382,0.0479529271437157,0.6525424145477844,0.0,19.0,19.0,0.0271633835019788,-0.0012980462508101,0.5595345338373098,0.2341911457414303,0.2062743204212598,1.0,False,False,-0.1247488363740234,0.1667305780147555,1833,True,official_matchdays,False,,,20,1,0,3,3,4,3,3,2:1,1:0,2:1,2:1
9ae555950af0e179fe14,D1,2025,2026-02-01,2026-01-27,Borussia Dortmund,1. FC Heidenheim 1846,3,2,2.979763706781863,0.755043382521074,0.7658403727615061,0.1502130634676909,0.0839465637708029,2,0,2,3.564533829877639,0.0844417210337444,0.568059707708158,-0.318058193593405,0.5778239856247185,-0.3289041595401605,0.1730784671077955,0.0,0.0,19.0,19.0,0.0813628038058758,-0.0688627281001381,0.7658403727615061,0.1502130634676909,0.083946563770803,1.0,False,False,-0.1247488363740234,0.1667305780147555,1833,True,official_matchdays,False,,,20,3,2,2,3,3,2,2,2:1,1:0,2:0,2:0
ef8e5715370cceb5dce4,D1,2025,2026-02-06,2026-02-03,1. FC Union Berlin,Eintracht Frankfurt,1,1,1.3666986020479774,1.5697021632441028,0.4610120219241134,0.2718105562789571,0.2671774217969294,2,1,0,2.0602375973248033,0.8141757250233752,-0.2493342029800269,-0.3656835542422966,-0.1192887949184225,-0.1483132135306491,0.0425947456926545,-1.1070824293020936,0.0,20.0,20.0,-0.0045195053012551,-0.026231382559861,0.4610120219241134,0.2718105562789571,0.2671774217969294,1.0,False,False,-0.1193141429940732,0.1666219006106888,1835,True,official_matchdays,False,,,21,1,1,0,0,0,0,0,2:1,1:0,1:2,2:1
06c813f26bcd485eca67,D1,2025,2026-02-07,2026-02-03,FC St. Pauli,Stuttgart,2,1,0.7983603707034747,1.5994575485253109,0.2226993865030674,0.2576687116564418,0.5196319018404908,0,1,0,2.815351772485911,0.9406067221197636,-0.2677956260638408,0.4536646463388115,-0.1518641039802042,0.4146088053500646,-0.0973459208211116,0.0,0.0,20.0,20.0,-0.0543300909643802,0.0636235419781287,0.2226993865030674,0.2576687116564417,0.5196319018404908,1.0,False,False,-0.1193141429940732,0.1666219006106888,1835,True,official_matchdays,False,,,21,2,1,0,0,0,0,0,1:2,0:1,0:1,0:1
6fd5a865734cec4c1121,D1,2025,2026-02-07,2026-02-03,Borussia Mönchengladbach,Bayer 04 Leverkusen,1,1,1.2159472011845658,2.1646094187341505,0.2745199012174906,0.25507162483696,0.4704084739455494,1,2,0,2.1714861292471364,0.8515635926472883,-0.2412957733281612,0.1807803896521994,-0.1477637920040803,0.1974357009663767,-0.1460176465045854,-1.0451127342109794,0.0,20.0,19.0,-0.0404694791406553,0.0374437099568572,0.2745199012174906,0.25507162483696,0.4704084739455493,1.0,False,False,-0.1193141429940732,0.1666219006106888,1835,True,official_matchdays,False,,,21,1,1,0,0,0,0,0,1:2,0:1,1:2,1:2
77d0556830a5b13f0f93,D1,2025,2026-02-07,2026-02-03,VfL Wolfsburg,Borussia Dortmund,1,2,1.202009375041754,2.3189183190560483,0.2204153661696115,0.233057644029714,0.5465269898006744,1,2,4,2.4635506752826113,0.3085365700636025,-0.2053884686287519,0.5859149871484828,-0.0890980396287888,0.2701394594288354,-0.2673296362284953,0.0,0.0,20.0,20.0,-0.0632010780317241,0.0822274039577106,0.2204153661696115,0.233057644029714,0.5465269898006744,1.0,False,False,-0.1193141429940732,0.1666219006106888,1835,True,official_matchdays,False,,,21,1,2,4,4,3,4,4,1:2,0:1,1:2,1:2
b3d25c12a3a6a6ad9a7f,D1,2025,2026-02-07,2026-02-03,1. FSV Mainz 05,FC Augsburg,2,0,1.56939570178587,0.9949574213711828,0.4588340827803525,0.26667280024841,0.2744931169712373,1,0,2,2.4271776266297778,0.4393214036170961,0.2222525985696032,0.1603699597494229,0.1040867649769826,-0.2899061349654747,0.1790539744767354,-0.0997382313200569,0.0,20.0,20.0,0.0231594605933259,-0.0040283326773746,0.4588340827803526,0.26667280024841,0.2744931169712373,1.0,False,False,-0.1193141429940732,0.1666219006106888,1835,True,official_matchdays,False,,,21,2,0,2,2,2,2,2,2:1,1:0,1:0,1:0
d511597e51f3baefa60e,D1,2025,2026-02-07,2026-02-03,1. FC Heidenheim 1846,Hamburger SV,0,2,1.1341637060733196,1.170632375570012,0.3368391282784853,0.2746078523795276,0.3885530193419872,0,1,2,2.5827851077616715,0.5627374810837066,-0.4182158189400548,-0.1291985936478205,-0.2591117596525865,-0.4759679967318185,-0.0600452211558805,0.0,0.0,20.0,19.0,-0.0383639132694084,0.0109931926400147,0.3368391282784853,0.2746078523795275,0.3885530193419871,1.0,False,False,-0.1193141429940732,0.1666219006106888,1835,True,official_matchdays,False,,,21,0,2,2,2,2,0,2,1:2,0:1,1:1,0:1
db2bc34e7ccb1b489c89,D1,2025,2026-02-07,2026-02-03,SC Freiburg,SV Werder Bremen,1,0,1.7940662050232372,1.1797771322937884,0.5227281197169021,0.2528873876468256,0.2243844926362722,2,1,3,2.5061012236716693,0.3420888790754369,-0.0164622965331312,-0.408729838501839,0.4472479456803946,-0.4690660139563741,0.2318794734585881,-0.0355832688855423,0.0,20.0,20.0,0.0303842359447082,-0.0516438426964567,0.5227281197169023,0.2528873876468256,0.2243844926362722,1.0,False,False,-0.1193141429940732,0.1666219006106888,1835,True,official_matchdays,False,,,21,1,0,3,3,4,3,3,2:1,1:0,2:1,2:1
11cf09c48c6622470207,D1,2025,2026-02-08,2026-02-03,Bayern München,TSG 1899 Hoffenheim,5,1,3.5120906484787406,1.1725146127038562,0.741824755588335,0.1474288946437384,0.1107463497679267,3,1,2,3.107774744849678,0.1006544897898174,0.2713318574014779,0.5922292126659108,0.3396505837080701,0.2979019382912967,0.3183657807355924,1.5708311878422574,0.0,20.0,20.0,0.0134400141436318,0.0297380393597375,0.7418247555883348,0.1474288946437384,0.1107463497679267,1.0,False,False,-0.1193141429940732,0.1666219006106888,1835,True,official_matchdays,False,,,21,5,1,2,2,2,2,2,2:1,1:0,3:1,3:1
9d4da01a344f95ccc45d,D1,2025,2026-02-08,2026-02-03,1. FC Köln,RB Leipzig,1,2,1.1270759113871542,1.761125545001217,0.2979867154504423,0.2455848521035141,0.4564284324460435,1,2,4,2.4388376283715147,0.4445780512207133,-0.0404330563185987,-0.0890892562785539,0.0977303106564253,0.0425236084183796,-0.255723337872933,-1.1415424738284812,0.0,20.0,20.0,-0.0123750097115788,0.0058988940817211,0.2979867154504423,0.2455848521035142,0.4564284324460435,1.0,False,False,-0.1193141429940732,0.1666219006106888,1835,True,official_matchdays,False,,,21,1,2,4,4,3,4,4,1:2,0:1,1:2,1:2
399ecf7841308d9f4a20,D1,2025,2026-02-13,2026-02-10,Borussia Dortmund,1. FSV Mainz 05,4,0,2.192963677024965,1.0208992698874615,0.6154650590551181,0.2150590551181102,0.1694758858267717,2,1,2,3.2730759598889,0.2228395938725471,0.5972475696755272,0.3752527343887934,0.5939249695493218,-0.1847973333531606,0.0134333738170901,1.3303968992482225,0.0,21.0,21.0,0.0416337889389675,0.0069912262642484,0.6154650590551182,0.2150590551181102,0.1694758858267717,1.0,False,False,-0.1192214600639329,0.1719187010219185,1836,True,official_matchdays,False,,,22,4,0,2,2,2,2,2,2:1,1:0,2:1,2:1
2c7093f436b9535681c4,D1,2025,2026-02-14,2026-02-10,Bayer 04 Leverkusen,FC St. Pauli,4,0,2.009721114649581,0.6215381940298805,0.6416021538537731,0.2209793641539122,0.1374184819923148,1,0,2,3.0910476444862858,0.196164734697194,0.1456450894758366,-0.0629697946049195,0.2520659875341649,-0.4708621508484919,0.0816919219944113,0.0,0.0,20.0,21.0,0.0217975947775502,-0.0176638300340043,0.641602153853773,0.2209793641539123,0.1374184819923147,1.0,False,False,-0.1192214600639329,0.1719187010219185,1836,True,official_matchdays,False,,,22,4,0,2,2,2,2,2,2:1,1:0,1:0,1:0
37b410cfc0878402b6d0,D1,2025,2026-02-14,2026-02-10,Hamburger SV,1. FC Union Berlin,3,2,1.1473646255288197,0.9625691278069176,0.3761372433138833,0.296386625269484,0.3274761314166327,1,0,3,4.276293504635292,0.5842903874662381,0.0300921766861792,-0.2038783835059507,0.0770293110389976,-0.1845579989326932,0.0,0.036025822256762,0.0,20.0,21.0,0.0132031368439154,-0.021892447184904,0.3761372433138832,0.296386625269484,0.3274761314166327,1.0,False,False,-0.1192214600639329,0.1719187010219185,1836,True,official_matchdays,False,,,22,3,2,3,3,3,0,3,2:1,1:0,1:1,1:0
93c197b53b2714be31e6,D1,2025,2026-02-14,2026-02-10,SV Werder Bremen,Bayern München,0,3,0.9438576550330976,3.2336077023550844,0.1157391696457211,0.1611153207848897,0.7231455095693893,1,3,2,2.5589002006160135,0.116002110853492,-0.435744256230188,0.3681948242709389,-0.1255313703396468,0.5091731924493346,-0.3452098881682759,-1.6475273633961196,0.0,21.0,21.0,-0.0792446612449795,0.0758671896470171,0.115739169645721,0.1611153207848898,0.7231455095693892,1.0,False,False,-0.1192214600639329,0.1719187010219185,1836,True,official_matchdays,False,,,22,0,3,2,2,2,2,2,1:2,0:1,1:3,1:3
d191219eb978a0dfc9f2,D1,2025,2026-02-14,2026-02-10,Eintracht Frankfurt,Borussia Mönchengladbach,3,0,2.141838895668519,1.4515121060950649,0.4868944887200957,0.2611277704867551,0.2519777407931491,2,1,2,3.172891449400957,0.3949577600804149,-0.2960091355056922,-0.2574516287606205,-0.1410660592097251,-0.0809206095891686,0.1521902149346184,0.9170158233663236,0.0,21.0,21.0,-0.0091188213658072,-0.0185542168475083,0.4868944887200956,0.2611277704867552,0.2519777407931491,1.0,False,False,-0.1192214600639329,0.1719187010219185,1836,True,official_matchdays,False,,,22,3,0,2,2,2,2,2,2:1,1:0,2:1,2:1
ebee0b779b711094b854,D1,2025,2026-02-14,2026-02-10,TSG 1899 Hoffenheim,SC Freiburg,3,0,1.925627133387424,1.454443813501917,0.5441696113074206,0.2431095406360424,0.2127208480565371,2,1,2,3.071239943140268,0.3121337512017879,0.3563669250281575,0.1632636395205318,0.6794674025656304,-0.3229542153887311,-0.0893408049908763,0.1122794444394045,0.0,21.0,21.0,0.0230064702772453,0.0029750579501891,0.5441696113074205,0.2431095406360423,0.2127208480565371,1.0,False,False,-0.1192214600639329,0.1719187010219185,1836,True,official_matchdays,False,,,22,3,0,2,2,2,2,2,2:1,1:0,2:1,2:1
efdf76c0675b48c3a045,D1,2025,2026-02-14,2026-02-10,Stuttgart,1. FC Köln,3,1,2.1504154002879097,1.0223967269005962,0.6535673861673187,0.1959331996266804,0.1504994142060009,2,1,2,2.593186078085136,0.1810554483192417,0.278337899489091,-0.1536732020697239,0.281023308222421,-0.3626347362999413,0.1529748257127029,0.9841308772405124,0.0,21.0,21.0,0.0431661913380304,-0.036932956467062,0.6535673861673187,0.1959331996266804,0.1504994142060009,1.0,False,False,-0.1192214600639329,0.1719187010219185,1836,True,official_matchdays,False,,,22,3,1,2,2,2,2,2,2:1,1:0,2:1,2:1
379ade092250ca41bb7b,D1,2025,2026-02-15,2026-02-10,FC Augsburg,1. FC Heidenheim 1846,1,0,1.5701421391749708,1.008976197348533,0.5157295398300537,0.254351625910735,0.2299188342592111,1,0,4,2.2037746045758264,0.3520752985437607,-0.0452218503425735,-0.5165414865955124,0.1459112062156331,-0.3702604294606082,-0.0065148446457016,0.0,0.0,21.0,21.0,0.0209791470632331,-0.0490673139101374,0.5157295398300538,0.254351625910735,0.2299188342592112,1.0,False,False,-0.1192214600639329,0.1719187010219185,1836,True,official_matchdays,False,,,22,1,0,4,3,4,4,4,2:1,1:0,1:0,1:0
7367b4f777fa38b07818,D1,2025,2026-02-15,2026-02-10,RB Leipzig,VfL Wolfsburg,2,2,2.2713881194985626,1.0594187156242587,0.650118012547659,0.1946299247543926,0.1552520626979484,2,1,0,3.0381176455286663,1.095377591312001,0.0402029888478924,-0.3291035944891437,0.0107823467084823,-0.3074148415757395,0.0803254288274993,0.0,0.0,21.0,21.0,0.0244917500506214,-0.0389367803326839,0.650118012547659,0.1946299247543927,0.1552520626979484,1.0,False,False,-0.1192214600639329,0.1719187010219185,1836,True,official_matchdays,False,,,22,2,2,0,0,0,0,0,2:1,1:0,2:1,2:1
d8806c5727c7f78b8ac3,D1,2025,2026-02-20,2026-02-17,1. FSV Mainz 05,Hamburger SV,1,1,1.4169169378957935,1.0317671818133662,0.458733023079115,0.2725804919745464,0.2686864849463386,1,0,0,2.043039762430045,0.8117675543121158,0.1550028962178729,0.1446012010670178,0.2816318577099019,-0.1908928372511627,-0.1802759371472954,0.0392207131532813,0.0,22.0,21.0,-0.0007435672889283,0.0157237721531729,0.4587330230791148,0.2725804919745465,0.2686864849463387,1.0,False,False,-0.1162765277639,0.1848452477760751,1836,True,official_matchdays,False,,,23,1,1,0,0,0,0,0,2:1,1:0,1:0,1:0
0da0ba5ae8f988f69c3e,D1,2025,2026-02-21,2026-02-17,1. FC Köln,TSG 1899 Hoffenheim,2,2,1.3899519097520705,1.7864633314547496,0.2906130268199234,0.2529118773946359,0.4564750957854406,1,2,0,2.750334270413367,0.8509661073677722,-0.239360371501122,0.4379520967456047,-0.0403329072350536,0.0915493033637587,0.0252578899711759,-0.4438679071321325,0.0,22.0,22.0,-0.0445707474888336,0.0545003337510577,0.2906130268199233,0.2529118773946359,0.4564750957854406,1.0,False,False,-0.1162765277639,0.1848452477760751,1836,True,official_matchdays,False,,,23,2,2,0,0,0,0,0,1:2,0:1,1:2,1:2
2bd9a8c1e8f0453f570f,D1,2025,2026-02-21,2026-02-17,VfL Wolfsburg,FC Augsburg,2,3,1.57013340790079,1.1922103332794969,0.45918195589968,0.2747012287493687,0.2661168153509511,2,1,0,3.853004293217838,0.8248933624108987,-0.3327982234822204,0.139671160707642,-0.1735389907103026,-0.3544317974973727,-0.1742092936029485,0.0,0.0,22.0,22.0,-0.0489738450637515,0.0393174919250226,0.4591819558996802,0.2747012287493688,0.266116815350951,1.0,False,False,-0.1162765277639,0.1848452477760751,1836,True,official_matchdays,False,,,23,2,3,0,0,0,0,0,2:1,1:0,2:1,2:1
68dc0ecc63e87ddba6c6,D1,2025,2026-02-21,2026-02-17,RB Leipzig,Borussia Dortmund,2,2,1.5830555107533246,1.7455665625618684,0.4377472799208705,0.2414379327398615,0.320814787339268,2,1,0,2.7225311567921087,0.8699612187396357,0.0336392118296572,0.6789813761535878,-0.0506630344186243,0.3382057397251305,0.1105810819459822,-0.2220930668954751,0.0,22.0,22.0,-0.0250560935274145,0.0606871229265768,0.4377472799208704,0.2414379327398615,0.320814787339268,1.0,False,False,-0.1162765277639,0.1848452477760751,1836,True,official_matchdays,False,,,23,2,2,0,0,0,0,0,2:1,1:0,1:2,2:1
7cd77e41e8b8dfbe1160,D1,2025,2026-02-21,2026-02-17,1. FC Union Berlin,Bayer 04 Leverkusen,1,0,0.9379373921999874,1.9434206377413603,0.3239115204503459,0.2794341176422388,0.3966543619074151,1,2,0,2.521881843076487,0.6925137411024384,-0.3278648182723288,0.3318864470425843,-0.1205680896441179,0.1024553113965451,-0.1878733417462291,-1.235179340146749,0.0,22.0,21.0,-0.0587744712666735,0.0589755527051863,0.323911520450346,0.2794341176422388,0.3966543619074152,1.0,False,False,-0.1162765277639,0.1848452477760751,1836,True,official_matchdays,False,,,23,1,0,0,0,0,0,0,1:2,0:1,1:2,1:2
d4f911a09824eb5ef3de,D1,2025,2026-02-21,2026-02-17,Bayern München,Eintracht Frankfurt,3,2,3.769488639659952,1.1110417013569664,0.8249013898187508,0.1089672751324884,0.0661313350487605,3,1,2,3.187485531205731,0.0469067438125359,0.491081310707588,-0.0905855821447908,0.4242390909376456,-0.1844894819558771,0.1720200915067793,0.949624559606606,0.0,22.0,22.0,0.0622384147533373,-0.0422136283251974,0.8249013898187509,0.1089672751324885,0.0661313350487606,1.0,False,False,-0.1162765277639,0.1848452477760751,1836,True,official_matchdays,False,,,23,3,2,2,3,3,2,2,2:1,1:0,3:1,3:1
080c8f4907431cf4cdf7,D1,2025,2026-02-22,2026-02-17,FC St. Pauli,SV Werder Bremen,2,1,1.017558133740824,1.0558500950698566,0.3462772542381445,0.3035547358581137,0.3501680099037416,1,1,0,2.6093978327317875,0.6421165411482558,-0.2412834391620854,-0.4836013220558799,-0.0046639692112656,-0.4786106852233229,-0.1168733846287393,0.0,0.0,22.0,22.0,-0.0057919470448515,-0.0304522910160467,0.3462772542381445,0.3035547358581137,0.3501680099037417,1.0,False,False,-0.1162765277639,0.1848452477760751,1836,True,official_matchdays,False,,,23,2,1,0,0,0,0,0,1:2,0:1,1:1,1:1
bf0fff903f2fca67a28c,D1,2025,2026-02-22,2026-02-17,1. FC Heidenheim 1846,Stuttgart,3,3,1.0056717533055186,2.1496983576931705,0.2126396648044693,0.2304469273743017,0.5569134078212292,1,2,0,4.378303832564625,0.9475801024468652,-0.5241859629508818,0.3577793018912514,-0.3860228014776669,0.1828168244732841,-0.0252976783287785,0.0,0.0,22.0,22.0,-0.0715724453060897,0.0632521122531081,0.2126396648044692,0.2304469273743017,0.556913407821229,1.0,False,False,-0.1162765277639,0.1848452477760751,1836,True,official_matchdays,False,,,23,3,3,0,0,0,0,0,1:2,0:1,1:2,1:2
d627ae172790f72165e0,D1,2025,2026-02-22,2026-02-17,SC Freiburg,Borussia Mönchengladbach,2,1,1.7815383607780009,1.281897281588281,0.4771923731975751,0.2860235631398309,0.2367840636625941,2,1,4,2.3576505228038473,0.4112039861185598,-0.0188992533906194,-0.3406563105163454,0.4834940928462772,-0.1958416740579412,0.1583767734389217,0.1835297506912677,0.0,22.0,22.0,0.0230617288587014,-0.0410395070540496,0.4771923731975749,0.2860235631398308,0.2367840636625941,1.0,False,False,-0.1162765277639,0.1848452477760751,1836,True,official_matchdays,False,,,23,2,1,4,4,3,4,4,2:1,1:0,2:1,2:1
3ad8713f951bbade6a7f,D1,2025,2026-02-27,2026-02-24,FC Augsburg,1. FC Köln,2,0,1.4090706373485435,1.1617116958188272,0.4286699812070319,0.2761138996598236,0.2952161191331446,1,0,2,2.540213943231753,0.4898094329553634,0.2712896169825531,-0.1990112313981934,0.303093833682647,-0.4107789060757696,-0.0904798544284561,0.1329768727957907,0.0,23.0,23.0,0.0325555305467421,-0.0289416112675241,0.4286699812070319,0.2761138996598235,0.2952161191331446,1.0,False,False,-0.1096428033429276,0.1866149267974606,1836,True,official_matchdays,False,,,24,2,0,2,2,2,2,2,2:1,1:0,1:0,1:0
174fce59a423a41dcb6c,D1,2025,2026-02-28,2026-02-24,TSG 1899 Hoffenheim,FC St. Pauli,0,1,1.8417234864679264,0.8487910656285625,0.6356486203266966,0.2157975685635667,0.1485538111097367,1,0,0,3.133600611903425,1.175578371696934,0.3365563156011054,-0.0412209103243271,0.7664850298066709,-0.5157245071290754,0.0357004299686903,0.0,0.0,23.0,23.0,0.0375016985747614,-0.0227349283109224,0.6356486203266966,0.2157975685635667,0.1485538111097367,1.0,False,False,-0.1096428033429276,0.1866149267974606,1836,True,official_matchdays,False,,,24,0,1,0,0,0,0,0,2:1,1:0,1:0,1:0
3e6d8af06705f8b7946c,D1,2025,2026-02-28,2026-02-24,SV Werder Bremen,1. FC Heidenheim 1846,2,0,1.69371267142407,1.0715821564596215,0.527688306087519,0.244504791040552,0.227806902871929,2,1,2,2.3640133428238905,0.3347569140443616,-0.5172197991146041,-0.4260342653817176,-0.2926049116648317,-0.4041864398689464,0.0432953708760381,0.0,0.0,23.0,23.0,-0.0282554980985726,-0.0189072051262434,0.527688306087519,0.244504791040552,0.2278069028719289,1.0,False,False,-0.1096428033429276,0.1866149267974606,1836,True,official_matchdays,False,,,24,2,0,2,2,2,2,2,2:1,1:0,2:1,2:1
5fad77ea932f87a35747,D1,2025,2026-02-28,2026-02-24,Borussia Mönchengladbach,1. FC Union Berlin,1,0,1.4664004531005006,1.185485034634804,0.3956428565518497,0.289974267534896,0.3143828759132542,1,0,4,2.4743527355241124,0.5481692253366961,-0.376586399926262,-0.1490435778276941,-0.1205565842581555,-0.2485334359210955,-0.0772936011049389,0.1900666059357697,0.0,23.0,23.0,-0.0340711411564884,0.0077896422687906,0.3956428565518497,0.289974267534896,0.3143828759132542,1.0,False,False,-0.1096428033429276,0.1866149267974606,1836,True,official_matchdays,False,,,24,1,0,4,3,4,4,4,2:1,1:0,1:0,1:0
6973ef45193e4ddf15e9,D1,2025,2026-02-28,2026-02-24,Bayer 04 Leverkusen,1. FSV Mainz 05,1,1,2.101805388688064,0.9282887164979716,0.5591289106730157,0.2352003226256766,0.2056707667013075,2,1,0,2.1931278879871106,0.9398441495377658,0.1116420147320756,0.104443082454112,0.3958167200803736,-0.2777406887385325,0.1320194113898284,1.159932804736706,0.0,22.0,23.0,0.0125430179199933,-0.0017387630606839,0.5591289106730157,0.2352003226256766,0.2056707667013075,1.0,False,False,-0.1096428033429276,0.1866149267974606,1836,True,official_matchdays,False,,,24,1,1,0,0,0,0,0,2:1,1:0,2:1,2:1
c837014fba88261f9559,D1,2025,2026-02-28,2026-02-24,Borussia Dortmund,Bayern München,2,3,1.6809786465136347,2.2983866087251497,0.2135272235373689,0.2068988840040581,0.5795738924585728,1,2,3,2.8017951644200796,0.2651591352961379,0.4941695197959341,0.5161374174616223,0.6762557297961861,0.5633044805307543,-0.0845866108229446,-0.6510635542504336,0.0,23.0,23.0,0.019380750565365,0.0311345962975127,0.2135272235373689,0.2068988840040581,0.5795738924585728,1.0,False,False,-0.1096428033429276,0.1866149267974606,1836,True,official_matchdays,False,,,24,2,3,3,3,3,3,3,1:2,0:1,1:2,1:2
1382979f305995c64c1f,D1,2025,2026-03-01,2026-02-24,Hamburger SV,RB Leipzig,1,2,1.1124619342260411,1.5852589259598564,0.2991361659809293,0.2543064953298364,0.4465573386892342,1,2,4,2.413873142345617,0.4604530187234572,0.1225954909062446,0.0282547134726485,0.1764759229078149,0.154799144042737,-0.0603731229421639,-1.1475245455060288,0.0,22.0,23.0,0.0078281572698838,-0.0002856470509391,0.2991361659809293,0.2543064953298364,0.4465573386892342,1.0,False,False,-0.1096428033429276,0.1866149267974606,1836,True,official_matchdays,False,,,24,1,2,4,4,3,4,4,1:2,0:1,1:2,1:2
479979ff7a3f19895613,D1,2025,2026-03-01,2026-02-24,Eintracht Frankfurt,SC Freiburg,2,0,1.9725765911951616,1.405398648254136,0.4279087684381168,0.2711747427892718,0.3009164887726111,2,1,2,2.8627467460260863,0.4913748515720568,-0.1948150921980354,0.1044117988336438,0.1000018893035054,-0.3943903982373377,0.1724414847178899,0.7334860726750558,0.0,23.0,23.0,-0.0160800249255912,0.0115598602573716,0.4279087684381169,0.2711747427892718,0.3009164887726113,1.0,False,False,-0.1096428033429276,0.1866149267974606,1836,True,official_matchdays,False,,,24,2,0,2,2,2,2,2,2:1,1:0,2:1,2:1
913ecab12180e1382dfb,D1,2025,2026-03-01,2026-02-24,Stuttgart,VfL Wolfsburg,4,0,2.389734398836436,1.1763547271153922,0.6175476320931244,0.2044949395746968,0.1779574283321789,2,1,2,3.285046306549015,0.2197568403278377,0.2707877373921322,-0.3734548677908342,0.3666117065990342,-0.2515239848455156,0.131988299305285,0.0,0.0,23.0,23.0,0.0523509320940191,-0.0574842886139542,0.6175476320931244,0.2044949395746968,0.1779574283321789,1.0,False,False,-0.1096428033429276,0.1866149267974606,1836,True,official_matchdays,False,,,24,4,0,2,2,2,2,2,2:1,1:0,2:1,2:1
548360d8dd38076d7b58,D1,2025,2026-03-04,2026-01-13,Hamburger SV,Bayer 04 Leverkusen,0,1,0.9387823778130844,2.141444918047734,0.1427534903097859,0.2196893060161855,0.6375572036740283,1,2,3,2.443905345852533,0.2000067307820891,-0.2003217823734114,0.0330043701264052,0.202090254289399,0.1833933621191583,0.0,-1.199153517889987,0.0,16.0,16.0,-0.0216823967436614,0.013316526131311,,,,0.0,False,False,-0.1253293169591564,0.1738007005693316,1825,False,official_matchdays,True,expected-points,,17,0,1,3,3,3,3,3,1:2,1:2,1:2,1:2
f3f54556c7d2b9cb9c8c,D1,2025,2026-03-06,2026-03-03,Bayern München,Borussia Mönchengladbach,4,1,3.933464466816886,0.8793740633930449,0.7916454110460349,0.1267911223613434,0.0815634665926217,3,0,3,2.7495529503078644,0.0661402225304306,0.5366918277158587,-0.1956410828375291,0.4679338502888063,-0.3245867558554162,0.2590029074863793,1.86664038297293,0.0,24.0,24.0,0.0764013822877812,-0.0593488450438648,0.7916454110460348,0.1267911223613434,0.0815634665926217,1.0,False,False,-0.1014371953331709,0.1926235899016083,1837,True,official_matchdays,False,,,25,4,1,3,2,2,3,3,2:1,1:0,3:0,3:0
167c42d86d313cd6abdc,D1,2025,2026-03-07,2026-03-03,1. FC Köln,Borussia Dortmund,1,2,1.0545958619093254,2.1972838097431246,0.2271339799789008,0.234571616602895,0.5382944034182042,1,2,4,2.4651237788458435,0.3197857460917032,-0.2999233121885188,0.2848801925297917,-0.0992241534383162,0.2747866700725416,-0.1746459789563132,-1.3636355407239564,0.0,24.0,24.0,-0.0529686397931571,0.0522164838102207,0.2271339799789008,0.234571616602895,0.5382944034182042,1.0,False,False,-0.1014371953331709,0.1926235899016083,1837,True,official_matchdays,False,,,25,1,2,4,4,3,4,4,1:2,0:1,1:2,1:2
263b42278517e5dce79d,D1,2025,2026-03-07,2026-03-03,SC Freiburg,Bayer 04 Leverkusen,3,3,1.1809830085694113,1.852387706027232,0.3256530641791971,0.2780202279261205,0.3963267078946825,1,2,0,4.156471161481274,0.7843795688837882,-0.0878115737097016,0.0287609827670719,0.5533397244220902,-0.0732537231181044,-0.2063132984775662,-0.8615829835197116,0.0,24.0,23.0,-0.020534871433202,0.0175823418860705,0.3256530641791971,0.2780202279261204,0.3963267078946824,1.0,False,False,-0.1014371953331709,0.1926235899016083,1837,True,official_matchdays,False,,,25,3,3,0,0,0,0,0,1:2,0:1,1:2,1:2
43715d74799a5bc5966b,D1,2025,2026-03-07,2026-03-03,VfL Wolfsburg,Hamburger SV,1,2,1.4611444721063436,1.244990695721322,0.4050203195639046,0.2646439588059603,0.330335721630135,2,1,0,2.518148501540048,0.6825281299167703,-0.4325031344149847,-0.019935120742624,-0.2361794193988794,-0.1793074172027323,0.0603731229421639,0.0,0.0,24.0,23.0,-0.039234901257259,0.0166129884993786,0.4050203195639046,0.2646439588059604,0.3303357216301349,1.0,False,False,-0.1014371953331709,0.1926235899016083,1837,True,official_matchdays,False,,,25,1,2,0,0,0,0,0,2:1,1:0,2:1,2:1
ae90ee6c8e9d3415c171,D1,2025,2026-03-07,2026-03-03,1. FSV Mainz 05,Stuttgart,2,2,1.341838481877705,1.6386069314716711,0.3054091922720187,0.2552049414875772,0.4393858662404042,1,2,0,2.8235357736239797,0.8410543933606005,0.0629670796305373,0.3677484633893614,0.2283771144288449,0.0838334611656518,-0.1114738645125985,-0.9508922357647788,0.0,24.0,24.0,-0.0176644084320442,0.0392001855830392,0.3054091922720187,0.2552049414875772,0.4393858662404041,1.0,False,False,-0.1014371953331709,0.1926235899016083,1837,True,official_matchdays,False,,,25,2,2,0,0,0,0,0,1:2,0:1,1:2,1:2
b7b2cc867036152011a8,D1,2025,2026-03-07,2026-03-03,1. FC Heidenheim 1846,TSG 1899 Hoffenheim,2,4,1.2031468517082695,2.012017754789331,0.1918572382452295,0.216785324884981,0.5913574368697896,1,2,2,3.849450873237008,0.2507938213542015,-0.4861583335933272,0.1121581385292886,-0.3393794258742393,0.0089634867443347,-0.1023353901344654,0.0,0.0,24.0,24.0,-0.0593405097925204,0.0406405000393184,0.1918572382452294,0.2167853248849809,0.5913574368697896,1.0,False,False,-0.1014371953331709,0.1926235899016083,1837,True,official_matchdays,False,,,25,2,4,2,2,2,2,2,1:2,0:1,1:2,1:2
cdaf27a0b2412acfa374,D1,2025,2026-03-07,2026-03-03,RB Leipzig,FC Augsburg,2,1,2.1104032553039795,0.9336365322651322,0.6618213970693451,0.1912229856286427,0.146955617302012,2,1,4,2.270226924590669,0.172526951169477,0.1397791305383449,0.4221090033246342,-0.1043835875098047,-0.1139846913726929,0.273356151507946,1.0085656010326904,0.0,24.0,24.0,0.006540270463,0.0215541362301488,0.6618213970693452,0.1912229856286427,0.146955617302012,1.0,False,False,-0.1014371953331709,0.1926235899016083,1837,True,official_matchdays,False,,,25,2,1,4,4,3,4,4,2:1,1:0,2:1,2:1
a6db9aea2bc281b94481,D1,2025,2026-03-08,2026-03-03,FC St. Pauli,Eintracht Frankfurt,0,0,1.0413293124842582,1.476997791599952,0.3532008830022075,0.2825607064017658,0.3642384105960264,1,0,0,2.386638412969955,0.7721396235057918,0.1429532732618755,0.0130615440353473,0.172942224564409,-0.2718477812800685,-0.1289912998268639,0.0,0.0,24.0,24.0,0.0071926851330769,0.0006080557317841,0.3532008830022075,0.282560706401766,0.3642384105960265,1.0,False,False,-0.1014371953331709,0.1926235899016083,1837,True,official_matchdays,False,,,25,0,0,0,0,0,0,0,1:2,0:1,0:1,0:1
d54c710256df0aa03b20,D1,2025,2026-03-08,2026-03-03,1. FC Union Berlin,SV Werder Bremen,1,4,1.3321238457584668,1.115655894378648,0.4247787610619469,0.2831858407079645,0.2920353982300884,1,0,0,4.925822101344696,0.7618450935860286,-0.2427702528980629,-0.2247331492448018,0.0176945233614976,-0.5131258032718635,-0.1251139714254869,-0.4091796255125801,0.0,24.0,24.0,-0.0192960663988405,-0.0040791037083026,0.4247787610619469,0.2831858407079646,0.2920353982300885,1.0,False,False,-0.1014371953331709,0.1926235899016083,1837,True,official_matchdays,False,,,25,1,4,0,0,0,0,0,2:1,1:0,1:0,1:0
ac94d6e2ecc4d6522ff0,D1,2025,2026-03-13,2026-03-10,Borussia Mönchengladbach,FC St. Pauli,2,0,1.3330128902789822,0.8817283805955817,0.4940088841104573,0.2835700543232232,0.2224210615663196,1,0,2,2.2595810304105814,0.3859101136963089,-0.2866361998322496,0.1146141684850378,0.0578155971729707,-0.2462988037498523,0.209771378493861,0.0,0.0,25.0,25.0,-0.0239057594827838,0.0153046579154232,0.4940088841104572,0.2835700543232232,0.2224210615663196,1.0,False,False,-0.100563993503386,0.1859265367290116,1838,True,official_matchdays,False,,,26,2,0,2,2,2,2,2,2:1,1:0,1:0,1:0
035c1039f5502b9ffe6d,D1,2025,2026-03-14,2026-03-10,Bayer 04 Leverkusen,Bayern München,1,1,1.5483845449075904,2.271896511873577,0.1872705018359852,0.2031823745410037,0.6095471236230111,1,2,0,2.5259864021734098,1.0415362650171014,0.1671468779759031,0.5891937244782128,0.2618795408473336,0.5753846371905097,-0.0375352974677389,-0.8215276487619505,0.0,25.0,25.0,-0.0146217632997072,0.052438793422413,0.1872705018359853,0.2031823745410036,0.609547123623011,1.0,False,False,-0.100563993503386,0.1859265367290116,1838,True,official_matchdays,False,,,26,1,1,0,0,0,0,0,1:2,0:1,1:2,1:2
075696eeab0005ccd28a,D1,2025,2026-03-14,2026-03-10,TSG 1899 Hoffenheim,VfL Wolfsburg,1,1,2.338048914268078,1.3081035184688543,0.6494915864303069,0.1956627373346531,0.1548456762350401,2,1,0,2.4944381538356883,1.0927749364044268,0.2280856375015282,-0.5120990502121985,0.4681585978442674,-0.3959611079398367,0.0297246214633336,0.0,0.0,25.0,25.0,0.0498997473339294,-0.0641004179694629,0.6494915864303069,0.1956627373346531,0.15484567623504,1.0,False,False,-0.100563993503386,0.1859265367290116,1838,True,official_matchdays,False,,,26,1,1,0,0,0,0,0,2:1,1:0,2:1,2:1
371fe22425fcaec2afc4,D1,2025,2026-03-14,2026-03-10,Hamburger SV,1. FC Köln,1,1,1.3811845820409725,1.0015859940278948,0.4454659785766946,0.2644954247799125,0.290038596643393,1,0,0,2.079058435830892,0.8235293057818424,0.0608954488398597,-0.3431716812417458,-0.084146682477595,-0.5104407240333914,-0.1812602391720601,-0.0059820716775474,0.0,25.0,25.0,0.0141851169874702,-0.0282989286075645,0.4454659785766945,0.2644954247799124,0.290038596643393,1.0,False,False,-0.100563993503386,0.1859265367290116,1838,True,official_matchdays,False,,,26,1,1,0,0,0,0,0,2:1,1:0,1:0,1:0
4a9f76fccbd867a7b120,D1,2025,2026-03-14,2026-03-10,Eintracht Frankfurt,1. FC Heidenheim 1846,1,0,2.58327176489103,0.9704730699518564,0.614838363403658,0.2133685644688493,0.1717930721274926,2,0,2,2.855802793114336,0.2233884902400719,0.0080593905475461,-0.5154244147260338,0.2147987019759276,-0.4448652376157734,0.2542638893240873,0.0,0.0,25.0,25.0,0.0392903542572606,-0.064658605466185,0.614838363403658,0.2133685644688493,0.1717930721274926,1.0,False,False,-0.100563993503386,0.1859265367290116,1838,True,official_matchdays,False,,,26,1,0,2,3,4,2,2,2:1,1:0,2:0,2:0
5bc7c8466bd9bd67498e,D1,2025,2026-03-14,2026-03-10,Borussia Dortmund,FC Augsburg,2,0,2.482353875450851,0.8814803087756566,0.6692129535573523,0.1919873227418634,0.1387997237007842,2,0,4,2.3060137407536043,0.1655445654872528,0.3469833497720668,0.2257664030962137,0.3974550473870967,-0.2140102087967681,0.0999008758868442,1.2306586679281657,0.0,25.0,25.0,0.0284050586167382,0.0002324290266758,0.6692129535573524,0.1919873227418634,0.1387997237007842,1.0,False,False,-0.100563993503386,0.1859265367290116,1838,True,official_matchdays,False,,,26,2,0,4,2,2,4,4,2:1,1:0,2:0,2:0
3549f0843113cd5581ca,D1,2025,2026-03-15,2026-03-10,SC Freiburg,1. FC Union Berlin,0,1,1.5607384971303726,1.0243383936979606,0.4427063857257007,0.286536955178291,0.2707566590960083,1,0,0,2.5971220284282066,0.8098882208979743,-0.0713756599201888,-0.3519832110789943,0.431212866229972,-0.304329483287971,-0.0877401840273899,0.3735963566270376,0.0,25.0,25.0,0.0060745853605613,-0.0272425289105205,0.4427063857257007,0.286536955178291,0.2707566590960083,1.0,False,False,-0.100563993503386,0.1859265367290116,1838,True,official_matchdays,False,,,26,0,1,0,0,0,0,0,2:1,1:0,1:0,1:0
89d306adfc9b8d06016c,D1,2025,2026-03-15,2026-03-10,Stuttgart,RB Leipzig,1,0,1.7680248328669208,1.6040155592540162,0.4120038668252648,0.2418516205259995,0.3461445126487356,2,1,3,2.9757190139647594,0.5240476826163236,0.2421688919914486,0.298063475198853,0.4529857222612707,0.2836996365774258,-0.0214610554526327,-0.1574115965879686,0.0,25.0,25.0,0.0082406626665705,0.0187709556929445,0.4120038668252648,0.2418516205259996,0.3461445126487356,1.0,False,False,-0.100563993503386,0.1859265367290116,1838,True,official_matchdays,False,,,26,1,0,3,3,4,3,3,2:1,1:0,2:1,2:1
e5f14c19bf4ce20657bb,D1,2025,2026-03-15,2026-03-10,SV Werder Bremen,1. FSV Mainz 05,0,2,1.3886915154363535,1.2951459200182038,0.4242412060301507,0.2697487437185929,0.3060100502512562,2,1,0,2.955209171982861,0.7343670359839398,0.0046815304666654,-0.0078540529588468,-0.1039558033782029,-0.2304959626028305,0.1353259360641434,0.3339330901025366,0.0,25.0,25.0,0.007627152497816,-0.0077857786224251,0.4242412060301506,0.269748743718593,0.3060100502512562,1.0,False,False,-0.100563993503386,0.1859265367290116,1838,True,official_matchdays,False,,,26,0,2,0,0,0,0,0,2:1,1:0,2:1,2:1
656b85676b95b504e841,D1,2025,2026-03-20,2026-03-17,RB Leipzig,TSG 1899 Hoffenheim,5,0,2.1491611282320444,1.3595632406417315,0.4942246863560435,0.2295909300920496,0.2761843835519068,2,1,2,4.572024756528833,0.3847984767901217,0.0805811005941617,0.1242838035064699,0.0309712426816558,0.1434314160914338,0.0140679550357295,0.6976745666963488,0.0,26.0,26.0,0.0025473176358791,0.0076959275691524,0.4942246863560436,0.2295909300920496,0.2761843835519068,1.0,False,False,-0.0942751909389379,0.1852371186105907,1846,True,official_matchdays,False,,,27,5,0,2,2,2,2,2,2:1,1:0,2:1,2:1
26dacd976ded675f8bd6,D1,2025,2026-03-21,2026-03-17,Borussia Dortmund,Hamburger SV,3,2,2.2561521547402266,0.8361546792737375,0.6751908396946565,0.1909351145038168,0.1338740458015267,2,0,2,3.5113283784581997,0.1598794687081172,0.4207210607659414,0.0272434161062995,0.4989216798446101,0.0296760294819277,0.0,1.3696176124015038,0.0,26.0,26.0,0.0407099352712791,-0.0183117114276671,0.6751908396946565,0.1909351145038167,0.1338740458015267,1.0,False,False,-0.0942751909389379,0.1852371186105907,1846,True,official_matchdays,False,,,27,3,2,2,3,3,2,2,2:1,1:0,2:0,2:0
409c23718382b3263d55,D1,2025,2026-03-21,2026-03-17,1. FC Köln,Borussia Mönchengladbach,3,3,1.417518243044518,1.4397577286262138,0.4155277520795375,0.2717841401683021,0.3126881077521604,2,1,0,4.301279202926089,0.8007355039883194,-0.3410240379475123,-0.0622625569847812,-0.1818457998872152,-0.4625265511856484,-0.0641866710302431,-0.1480587120014602,0.0,26.0,26.0,-0.0341986094970243,0.0140342797504096,0.4155277520795374,0.2717841401683021,0.3126881077521603,1.0,False,False,-0.0942751909389379,0.1852371186105907,1846,True,official_matchdays,False,,,27,3,3,0,0,0,0,0,2:1,1:0,1:2,2:1
4b1c2d249856e8fe3f82,D1,2025,2026-03-21,2026-03-17,VfL Wolfsburg,SV Werder Bremen,0,1,1.6209490025490487,1.402913358498136,0.4017305718056936,0.2618019456711261,0.3364674825231802,2,1,0,2.8062766878164553,0.670203112829643,-0.4428042302639887,-0.1127711200996389,-0.2941950467460945,-0.2318971600446116,-0.0330387759525898,0.0,0.0,26.0,26.0,-0.0402938058190464,0.012515038300865,0.4017305718056936,0.2618019456711262,0.3364674825231802,1.0,False,False,-0.0942751909389379,0.1852371186105907,1846,True,official_matchdays,False,,,27,0,1,0,0,0,0,0,2:1,1:0,2:1,2:1
b0acbfda52fe81b43c43,D1,2025,2026-03-21,2026-03-17,Bayern München,1. FC Union Berlin,4,0,3.3949504955024747,0.7074999958570406,0.8070194071183212,0.1230147847907033,0.0699658080909755,3,0,2,2.4603305104088107,0.0572693608078905,0.4171988001044754,-0.1320318471297488,0.5294743900979766,-0.129736710424542,0.2176887559026683,2.0567069889086995,0.0,26.0,26.0,0.0592059101620684,-0.044947562513332,0.8070194071183211,0.1230147847907033,0.0699658080909755,1.0,False,False,-0.0942751909389379,0.1852371186105907,1846,True,official_matchdays,False,,,27,4,0,2,2,2,2,2,2:1,1:0,3:0,3:0
b864b2cf608d313ef427,D1,2025,2026-03-21,2026-03-17,1. FC Heidenheim 1846,Bayer 04 Leverkusen,3,3,0.8458654823184877,2.389413699106766,0.1834934326602627,0.2166241913350323,0.599882376004705,0,2,0,4.54635184451445,1.0072063624719887,-0.5433254071694386,0.0776083190056026,-0.4150723049761753,0.0383286185199317,-0.3279931073900211,0.0,0.0,26.0,26.0,-0.074612612036725,0.0513267576285332,0.1834934326602627,0.2166241913350323,0.599882376004705,1.0,False,False,-0.0942751909389379,0.1852371186105907,1846,True,official_matchdays,False,,,27,3,3,0,0,0,0,0,1:2,0:1,0:2,0:2
701a5f5b9c7098915f83,D1,2025,2026-03-22,2026-03-17,FC St. Pauli,SC Freiburg,1,2,0.9554432184554092,1.1196909411973788,0.3499787505312367,0.3052273693157671,0.3447938801529961,1,1,0,2.6836201718892365,0.6449439322877957,-0.0426453081222704,-0.1790565138110375,0.1458446345065979,-0.4601997505739839,0.0125409619055573,0.0,0.0,26.0,26.0,0.0053153429736026,-0.016400434070268,0.3499787505312367,0.3052273693157671,0.3447938801529961,1.0,False,False,-0.0942751909389379,0.1852371186105907,1846,True,official_matchdays,False,,,27,1,2,0,0,0,0,0,2:1,1:0,1:1,1:1
86ef78962963f84860dd,D1,2025,2026-03-22,2026-03-17,FC Augsburg,Stuttgart,2,5,1.1559930884327418,1.839759147811178,0.2776556280936756,0.2487794427719333,0.473564929134391,1,2,2,5.238814669409709,0.4161177427952859,0.0485367998285329,0.3553721298652296,0.4415696577753494,0.0694308308712278,-0.2481064319859094,-0.8511540044447217,0.0,26.0,26.0,-0.0253202481097036,0.0455156945943917,0.2776556280936756,0.2487794427719334,0.4735649291343909,1.0,False,False,-0.0942751909389379,0.1852371186105907,1846,True,official_matchdays,False,,,27,2,5,2,2,2,2,2,1:2,0:1,1:2,1:2
bb21a5a6bc11b5096eed,D1,2025,2026-03-22,2026-03-17,1. FSV Mainz 05,Eintracht Frankfurt,2,1,1.5349966032207112,1.5100469734595312,0.4478193696131253,0.2601855555294136,0.291995074857461,2,1,4,2.2904235591133504,0.4578610956216101,0.1864881124874768,0.1633238286534754,0.1646345478719919,-0.2457176200332631,-0.0520496473044048,-1.0318358938920502,0.0,26.0,26.0,0.0078801374508536,0.0096104596061939,0.4478193696131253,0.2601855555294136,0.291995074857461,1.0,False,False,-0.0942751909389379,0.1852371186105907,1846,True,official_matchdays,False,,,27,2,1,4,4,3,4,4,2:1,1:0,2:1,2:1
59315ce7bf5c9f89775d,D1,2025,2026-04-04,2026-03-31,SC Freiburg,Bayern München,2,3,1.049326725660113,2.991956895965302,0.1403021689186558,0.1776449515205794,0.6820528795607647,1,3,2,3.249534769887795,0.1523327987996296,-0.0269708644105478,0.5513368224370737,0.1964377226663753,0.4492970875940106,-0.2751344368878858,-1.683110632281662,0.0,27.0,27.0,-0.0440206494073027,0.070238947308629,0.1403021689186558,0.1776449515205794,0.6820528795607648,1.0,False,False,-0.0875674147002819,0.1874201296748518,1855,True,official_matchdays,False,,,28,2,3,2,3,3,2,2,1:2,0:1,1:3,1:3
6dc7a22bf45862cae20b,D1,2025,2026-04-04,2026-03-31,Bayer 04 Leverkusen,VfL Wolfsburg,6,3,2.5811506495599548,0.942062215142088,0.6718239673755679,0.189418927921306,0.1387571047031261,2,0,2,6.452992815058206,0.1628325727495635,0.0008419388670401,-0.4603819500378847,0.1520061372385389,-0.3274763522757045,0.1691651880346556,0.0,0.0,27.0,27.0,0.031561550790331,-0.0545385513488732,0.6718239673755677,0.1894189279213061,0.1387571047031261,1.0,False,False,-0.0875674147002819,0.1874201296748518,1855,True,official_matchdays,False,,,28,6,3,2,2,2,2,2,2:1,1:0,2:0,2:0
6e7b1647931608f96da6,D1,2025,2026-04-04,2026-03-31,Borussia Mönchengladbach,1. FC Heidenheim 1846,2,2,2.089379827271523,1.062431610595814,0.598921373829123,0.2214022140221402,0.1796764121487368,2,1,0,2.946039820449689,0.997204937441632,-0.0471021637002558,-0.4417350281685357,0.2469887172857589,-0.4587579327482949,0.2700195427900957,0.0,0.0,27.0,27.0,0.0308775121779059,-0.0553193717713455,0.5989213738291229,0.2214022140221402,0.1796764121487368,1.0,False,False,-0.0875674147002819,0.1874201296748518,1855,True,official_matchdays,False,,,28,2,2,0,0,0,0,0,2:1,1:0,2:1,2:1
938e059afd92def0ec88,D1,2025,2026-04-04,2026-03-31,SV Werder Bremen,RB Leipzig,1,2,1.186191726406039,1.8368629546945805,0.2731992308286239,0.2426860699828297,0.4841146991885464,1,2,4,2.394605506078804,0.3996719918823867,0.087572840942674,0.2551416043025166,-0.2587428848506148,0.068797935925017,-0.1510703464577066,-0.7743707422502107,0.0,27.0,27.0,-0.0115533134437437,0.0286890357060032,0.273199230828624,0.2426860699828296,0.4841146991885463,1.0,False,False,-0.0875674147002819,0.1874201296748518,1855,True,official_matchdays,False,,,28,1,2,4,4,3,4,4,1:2,0:1,1:2,1:2
afa45fb9c5d158d7822e,D1,2025,2026-04-04,2026-03-31,Stuttgart,Borussia Dortmund,0,2,1.783833269265476,1.8430348590972647,0.409597719353817,0.2419385492556224,0.3484637313905606,2,1,0,3.2228054629322007,0.6508040626292751,0.4371360311014696,0.4584184167769554,0.4915157283296927,0.3453327454122279,0.1515113070738768,-0.3795046634834438,0.0,27.0,27.0,0.028368247624993,0.0164094747689282,0.4095977193538169,0.2419385492556224,0.3484637313905606,1.0,False,False,-0.0875674147002819,0.1874201296748518,1855,True,official_matchdays,False,,,28,0,2,0,0,0,2,0,2:1,1:0,1:2,2:1
ef32c77fc928ed101294,D1,2025,2026-04-04,2026-03-31,Hamburger SV,FC Augsburg,1,1,1.3878775641111034,1.0097343682443214,0.4212027697420566,0.2742141198907231,0.3045831103672203,1,0,0,2.042232906038851,0.7969477881253481,-0.0981557989697038,-0.1498106373203199,-0.1285366733714446,-0.2921716858842373,-0.0603731229421639,-0.1389589444733382,0.0,27.0,27.0,-0.0053437041780625,-0.0070546176364386,0.4212027697420567,0.2742141198907231,0.3045831103672202,1.0,False,False,-0.0875674147002819,0.1874201296748518,1855,True,official_matchdays,False,,,28,1,1,0,0,0,0,0,2:1,1:0,1:0,1:0
f729c7931033dd8d5097,D1,2025,2026-04-04,2026-03-31,TSG 1899 Hoffenheim,1. FSV Mainz 05,1,2,1.6789206233589191,1.4123919040478163,0.5583377880313987,0.2302281743240581,0.2114340376445432,2,1,0,2.9730036201772165,0.9865823747819716,-0.0909874265809178,0.2695835822514727,0.3212241408970385,0.0038470822774591,-0.0750651380116365,0.4106292656563988,0.0,27.0,27.0,-0.0263311786712472,0.035260986454775,0.5583377880313987,0.2302281743240582,0.2114340376445432,1.0,False,False,-0.0875674147002819,0.1874201296748518,1855,True,official_matchdays,False,,,28,1,2,0,0,0,0,0,2:1,1:0,2:1,2:1
348cfe935eeb1d287b1e,D1,2025,2026-04-05,2026-03-31,Eintracht Frankfurt,1. FC Köln,2,2,2.147571237750924,1.1460354773379402,0.4635265654102422,0.2624474356266441,0.2740259989631136,2,1,0,2.696158546633268,0.833930910162461,0.0368463269603918,-0.2824095314055346,0.2961224942475173,-0.4213880288994285,-0.0661636679499629,1.065074535367784,0.0,27.0,27.0,0.0144969258688177,-0.0267750860910749,0.4635265654102422,0.2624474356266441,0.2740259989631137,1.0,False,False,-0.0875674147002819,0.1874201296748518,1855,True,official_matchdays,False,,,28,2,2,0,0,0,0,0,2:1,1:0,2:1,2:1
ed94e63196cc569cfed9,D1,2025,2026-04-05,2026-03-31,1. FC Union Berlin,FC St. Pauli,1,1,1.08032763724811,0.7483739599915378,0.4481703867567135,0.2978256883239503,0.2540039249193364,1,0,0,2.095517356374993,0.7584234534178244,-0.2344552948125338,-0.1554879904406675,-0.1383147461186579,-0.3153444274308118,-0.0289930352434069,0.0,0.0,27.0,27.0,-0.0171207817213903,-0.0023763825412697,0.4481703867567135,0.2978256883239502,0.2540039249193364,1.0,False,False,-0.0875674147002819,0.1874201296748518,1855,True,official_matchdays,False,,,28,1,1,0,0,0,0,0,2:1,1:0,1:0,1:0
ecc4c4cf2d038f699f83,D1,2025,2026-04-10,2026-04-07,FC Augsburg,TSG 1899 Hoffenheim,2,2,1.408512414547992,1.6347431405387571,0.2827195084900246,0.2503010048498351,0.4669794866601401,1,2,0,2.7984669608421013,0.860048744771376,-0.1824031371442208,-0.2352563749331889,0.1726081121261812,-0.0351683274577515,-0.1479777688737594,-0.4358908036689083,0.0,28.0,28.0,-0.0138763834114506,-0.0070065921924198,0.2827195084900246,0.2503010048498351,0.4669794866601402,1.0,False,False,-0.0926389498824937,0.1816736980398774,1864,True,official_matchdays,False,,,29,2,2,0,0,0,0,0,1:2,0:1,1:2,1:2
986de687310acd58a11e,D1,2025,2026-04-11,2026-04-07,VfL Wolfsburg,Eintracht Frankfurt,1,2,1.5215936315282663,1.9352987626624223,0.3762626469168922,0.2606512190932661,0.3630861339898417,2,1,0,2.6600524500483083,0.6151719101957176,-0.5104419623553245,0.0308856234051772,-0.3384725825707285,-0.3588722887747991,0.0114329650873988,0.0,0.0,28.0,28.0,-0.0520168291514213,0.028039012203914,0.3762626469168923,0.2606512190932661,0.3630861339898416,1.0,False,False,-0.0926389498824937,0.1816736980398774,1864,True,official_matchdays,False,,,29,1,2,0,0,0,4,4,2:1,1:0,1:2,1:2
a66f2d5999d24c34650e,D1,2025,2026-04-11,2026-04-07,Borussia Dortmund,Bayer 04 Leverkusen,0,1,1.9910516736411097,1.498380747812197,0.4800000000000001,0.2463157894736842,0.2736842105263157,2,1,0,3.321977912690301,0.8186060941828256,0.5121351861291317,0.1897287506793476,0.525883883958123,0.0321015995793794,0.1040764533879011,0.1027110946426009,0.0,28.0,28.0,0.0469309037483408,-0.0118377069079168,0.4800000000000001,0.2463157894736842,0.2736842105263157,1.0,False,False,-0.0926389498824937,0.1816736980398774,1864,True,official_matchdays,False,,,29,0,1,0,0,0,0,0,2:1,1:0,2:1,2:1
b569c34f4bbee70c51de,D1,2025,2026-04-11,2026-04-07,FC St. Pauli,Bayern München,0,5,0.6296356144793672,2.6388223206035306,0.1191793631486807,0.184421820840745,0.6963988160105743,0,2,2,3.337214956329378,0.140388807522522,-0.1302077518217571,0.6089935141534862,0.0258222604964367,0.4818603419182433,-0.1658349377238654,0.0,0.0,28.0,28.0,-0.0517621977760433,0.0757014858926297,0.1191793631486806,0.184421820840745,0.6963988160105743,1.0,False,False,-0.0926389498824937,0.1816736980398774,1864,True,official_matchdays,False,,,29,0,5,2,2,2,2,2,1:2,0:1,0:2,0:2
e391c3d9790cdc94f48c,D1,2025,2026-04-11,2026-04-07,RB Leipzig,Borussia Mönchengladbach,1,0,2.356603183763053,1.0804280259212418,0.6278126007466636,0.2042447107232594,0.1679426885300769,2,1,3,2.7197262252077623,0.2084441086521008,0.3860699222056061,-0.0613508438247711,0.1710185138245389,-0.438935057674189,0.0762237621822197,1.1494310342170757,0.0,28.0,28.0,0.0454857225209101,-0.0292497686018684,0.6278126007466636,0.2042447107232595,0.1679426885300769,1.0,False,False,-0.0926389498824937,0.1816736980398774,1864,True,official_matchdays,False,,,29,1,0,3,3,4,3,3,2:1,1:0,2:1,2:1
e99973000451e69c8d5e,D1,2025,2026-04-11,2026-04-07,1. FC Heidenheim 1846,1. FC Union Berlin,3,1,1.1833380103080775,1.264187044444848,0.3185357467893619,0.2666599251693801,0.414804328041258,0,1,0,3.5412106014921534,0.7075636746570317,-0.3650263174223797,-0.1916726890773654,-0.3365244739217411,-0.235887247515632,0.223092811028653,0.0,0.0,28.0,28.0,-0.015764356736937,-0.0120705935880502,0.3185357467893619,0.2666599251693801,0.414804328041258,1.0,False,False,-0.0926389498824937,0.1816736980398774,1864,True,official_matchdays,False,,,29,3,1,0,0,0,0,0,1:2,0:1,0:1,0:1
1e79ddedf950647b764e,D1,2025,2026-04-12,2026-04-07,1. FC Köln,SV Werder Bremen,3,1,1.440481831342056,1.314038343223272,0.4274095585928387,0.270073286299243,0.3025171551079182,2,1,2,3.0876500883572437,0.492316022697909,-0.2911786981298345,-0.0486654387688205,-0.171885812585964,-0.0101504614453651,0.0047570949606744,-0.2533016539171365,0.0,28.0,28.0,-0.0264467431265086,0.0094545362815759,0.4274095585928387,0.270073286299243,0.3025171551079183,1.0,False,False,-0.0926389498824937,0.1816736980398774,1864,True,official_matchdays,False,,,29,3,1,2,2,2,2,2,2:1,1:0,2:1,2:1
b20f560b05332f5fe461,D1,2025,2026-04-12,2026-04-07,1. FSV Mainz 05,SC Freiburg,0,1,1.563839502518458,1.1621882346298067,0.4191205022003624,0.2976556432824229,0.2832238545172146,2,1,0,2.6918482106811856,0.778028920075716,0.3410644685121924,-0.122573872309898,0.2917679660791765,-0.1941204138354936,-0.1380680551890525,-0.3199601007258439,0.0,28.0,28.0,0.0333317377072615,-0.0224072078971468,0.4191205022003624,0.2976556432824229,0.2832238545172146,1.0,False,False,-0.0926389498824937,0.1816736980398774,1864,True,official_matchdays,False,,,29,0,1,0,0,0,0,0,2:1,1:0,2:1,2:1
de5bc614e232463d5feb,D1,2025,2026-04-12,2026-04-07,Stuttgart,Hamburger SV,4,0,1.9887433256724416,0.9788197453353772,0.6707978910798544,0.1910674320903683,0.1381346768297774,2,1,2,3.2825676626152056,0.1639619810659459,0.1851338778200932,-0.1433435814256013,0.2932256538995207,-0.0694749534633867,-0.06042007972402,0.8196999599767828,0.0,28.0,28.0,0.0226595628670883,-0.0205700480473638,0.6707978910798543,0.1910674320903683,0.1381346768297773,1.0,False,False,-0.0926389498824937,0.1816736980398774,1864,True,official_matchdays,False,,,29,4,0,2,2,2,2,2,2:1,1:0,2:1,2:1
0d743ccb6eb16765dcb4,D1,2025,2026-04-17,2026-04-14,FC St. Pauli,1. FC Köln,1,1,0.9737932132497522,1.1192251824979431,0.3330113678579389,0.2898432275800578,0.3771454045620031,0,1,0,2.031214841795124,0.757457868718762,-0.2964411127327861,-0.0459331111746029,-0.1115914582142393,-0.3450202200440192,0.0,0.0,0.0,29.0,29.0,-0.0273474557145484,0.010228744519179,0.3330113678579389,0.2898432275800579,0.3771454045620031,1.0,False,False,-0.0752240198740763,0.1822198702528687,1873,True,official_matchdays,False,,,30,1,1,0,0,0,4,0,1:2,0:1,1:1,0:1
1476bf32cde118a5dd5b,D1,2025,2026-04-18,2026-04-14,TSG 1899 Hoffenheim,Borussia Dortmund,2,1,1.4384822286639132,2.2267086357564247,0.3688343774816907,0.2455660460601782,0.3855995764581311,2,1,4,2.3920028162568463,0.6073597593912445,-0.1890151089340833,0.2628211627698165,0.0995806135350565,0.4561639126981186,-0.1418594250266794,-0.7056650100762332,0.0,29.0,29.0,-0.0391355402832331,0.0428258429750197,0.3688343774816907,0.2455660460601782,0.3855995764581311,1.0,False,False,-0.0752240198740763,0.1822198702528687,1873,True,official_matchdays,False,,,30,2,1,4,0,0,0,0,1:2,0:1,1:2,1:2
696f8141662cb28d0185,D1,2025,2026-04-18,2026-04-14,SV Werder Bremen,Hamburger SV,3,1,1.4182165031446017,1.093553924202458,0.4739652870493991,0.2630173564753005,0.2630173564753004,1,0,2,3.0798781218968374,0.4150687788435316,-0.1565335250993599,-0.3072168981873114,-0.3327604729785017,-0.1897671321545071,-0.06042007972402,0.0435909976740041,0.0,29.0,29.0,-0.0033135115867714,-0.0198740095775621,0.4739652870493991,0.2630173564753004,0.2630173564753004,1.0,False,False,-0.0752240198740763,0.1822198702528687,1873,True,official_matchdays,False,,,30,3,1,2,2,2,2,2,2:1,1:0,1:0,1:0
ba3fe55657d70801ba95,D1,2025,2026-04-18,2026-04-14,Eintracht Frankfurt,RB Leipzig,1,3,1.5589926743204698,1.77883550429463,0.2854004023846664,0.2394151713098991,0.4751844263054344,1,2,2,2.8457746746271333,0.4142044003270339,0.1820489945110533,0.4366223316684931,0.2202084781434151,0.236520357156631,-0.0450215077630721,-0.1929668771069693,0.0,29.0,29.0,-0.0058772925204729,0.0368108588294502,0.2854004023846664,0.2394151713098992,0.4751844263054344,1.0,False,False,-0.0752240198740763,0.1822198702528687,1873,True,official_matchdays,False,,,30,1,3,2,2,2,2,2,1:2,0:1,1:2,1:2
c96b7bcf4fd89367144e,D1,2025,2026-04-18,2026-04-14,Bayer 04 Leverkusen,FC Augsburg,1,2,2.485881505024563,0.829934306134388,0.6671518118518764,0.1921836495046557,0.1406645386434679,2,0,0,3.11863146191519,1.2204835303390136,0.2689272578470427,-0.148972463785564,0.2703077171402066,-0.2357047508053971,0.0692636340488127,1.0388447191025407,0.0,29.0,29.0,0.0378045306764231,-0.0318067909733491,0.6671518118518764,0.1921836495046557,0.1406645386434679,1.0,False,False,-0.0752240198740763,0.1822198702528687,1873,True,official_matchdays,False,,,30,1,2,0,0,0,0,0,2:1,1:0,2:0,2:0
f7b892c7c0723b3f0c23,D1,2025,2026-04-18,2026-04-14,1. FC Union Berlin,VfL Wolfsburg,1,2,1.4272988313765484,1.2300787145253884,0.436404308990814,0.2699148038266884,0.2936808871824976,1,0,0,2.6522516492087145,0.7621894113618531,-0.2939032464611852,-0.51918230756183,-0.136175750095347,-0.4214706192679703,-0.0729058354393811,0.0,0.0,29.0,29.0,-0.007076501039996,-0.0335777766611546,0.436404308990814,0.2699148038266885,0.2936808871824975,1.0,False,False,-0.0752240198740763,0.1822198702528687,1873,True,official_matchdays,False,,,30,1,2,0,0,0,0,0,2:1,1:0,1:0,1:0
077e3a54160d87f9f5a4,D1,2025,2026-04-19,2026-04-14,Borussia Mönchengladbach,1. FSV Mainz 05,1,1,1.3928978371392493,1.370265469577789,0.3906903184089028,0.2746323120580228,0.3346773695330743,2,1,0,2.0377107163445447,0.7908061492863174,-0.1708328027304919,0.1191710702417922,0.1397906681909076,0.1865536099959118,-0.0671820483138826,0.0736443772243588,0.0,29.0,29.0,-0.0264009362008329,0.0238178495763979,0.3906903184089028,0.2746323120580228,0.3346773695330744,1.0,False,False,-0.0752240198740763,0.1822198702528687,1873,True,official_matchdays,False,,,30,1,1,0,0,0,0,0,2:1,1:0,2:1,2:1
1dd5b67b7af522048b7f,D1,2025,2026-04-19,2026-04-14,SC Freiburg,1. FC Heidenheim 1846,2,1,1.9810432185525275,1.048515360447775,0.5669644881854052,0.2309855322236836,0.2020499795909111,2,1,4,2.335261449295107,0.281698264841874,0.0193638434135412,-0.1031981897480193,-0.0027860972891124,-0.4358435267267256,0.0506798150370737,0.0,0.0,29.0,29.0,0.0096302845806087,-0.0138220018973326,0.5669644881854052,0.2309855322236836,0.2020499795909111,1.0,False,False,-0.0752240198740763,0.1822198702528687,1873,True,official_matchdays,False,,,30,2,1,4,4,3,4,4,2:1,1:0,2:1,2:1
ff3c4620b1ff860019e1,D1,2025,2026-04-19,2026-04-14,Bayern München,Stuttgart,4,2,3.292935074281482,1.216235040875545,0.681706327930603,0.1732722948543462,0.1450213772150506,3,1,3,3.3419665353122134,0.1523653496928623,0.6451906196727264,0.3609657617980301,0.5799582707312346,0.2459946438197724,0.2889296373034393,0.9248160213319596,0.0,29.0,29.0,0.0609172557425431,-0.0106094366690052,0.6817063279306032,0.1732722948543462,0.1450213772150506,1.0,False,False,-0.0752240198740763,0.1822198702528687,1873,True,official_matchdays,False,,,30,4,2,3,2,2,3,3,2:1,1:0,3:1,3:1
c9aedca50951c9787bc9,D1,2025,2026-04-24,2026-04-21,RB Leipzig,1. FC Union Berlin,3,1,2.158455019394653,0.7703390622182915,0.6474431786232413,0.1976405492639367,0.1549162721128217,1,0,2,2.730379982000741,0.1873571503779682,0.5310519879394419,-0.3415479429693745,0.3203755113191419,-0.3669709130456945,0.0016184297470366,1.336317582826852,0.0,30.0,30.0,0.0702635174297647,-0.0607883151812613,0.6474431786232414,0.1976405492639368,0.1549162721128217,1.0,False,False,-0.0814181651552924,0.1796025558206055,1882,True,official_matchdays,False,,,31,3,1,2,2,2,2,2,2:1,1:0,1:0,1:0
2637bd055cc8d73c3b3c,D1,2025,2026-04-25,2026-04-21,FC Augsburg,Eintracht Frankfurt,1,1,1.367760182332186,1.681082435584285,0.379890700598583,0.252230952971959,0.3678783464294579,2,1,0,2.150402592155075,0.8388099698661791,-0.0022918545227494,-0.0307525061327397,0.0787736279772619,-0.1109979143871089,-0.0641741834302163,-0.8925747079271494,0.0,30.0,30.0,-0.0019002693171487,0.0002480512843743,0.379890700598583,0.2522309529719589,0.3678783464294579,1.0,False,False,-0.0814181651552924,0.1796025558206055,1882,True,official_matchdays,False,,,31,1,1,0,0,0,0,0,2:1,1:0,1:2,1:2
4b0b0cac55341e456696,D1,2025,2026-04-25,2026-04-21,1. FC Köln,Bayer 04 Leverkusen,1,2,1.126657397621217,2.066906271506545,0.2508382362244574,0.2392610868602518,0.5099006769152908,1,2,4,2.448135853474994,0.3603630349258358,-0.037021276447406,0.1201618191542741,0.0519270605572063,0.1429348672222308,-0.1833404525096965,-1.1898064373439543,0.0,30.0,30.0,-0.0188772412279391,0.0230342683632825,0.2508382362244575,0.2392610868602518,0.5099006769152907,1.0,False,False,-0.0814181651552924,0.1796025558206055,1882,True,official_matchdays,False,,,31,1,2,4,4,3,4,4,1:2,0:1,1:2,1:2
52524650b2ec0006c0a2,D1,2025,2026-04-25,2026-04-21,1. FC Heidenheim 1846,FC St. Pauli,2,0,1.1661556053583737,0.9442761562826532,0.3966711178544998,0.2807762430596612,0.3225526390858391,1,0,2,2.4988375840932298,0.5468812436788764,-0.1851058423781228,-0.2392071125991499,-0.1399845731179243,-0.2813994567384715,-0.0575449169183357,0.0,0.0,30.0,30.0,-0.0094274744537715,-0.011788173295092,0.3966711178544998,0.2807762430596611,0.322552639085839,1.0,False,False,-0.0814181651552924,0.1796025558206055,1882,True,official_matchdays,False,,,31,2,0,2,2,2,2,2,2:1,1:0,1:0,1:0
a2acb9a7062847442303,D1,2025,2026-04-25,2026-04-21,VfL Wolfsburg,Borussia Mönchengladbach,0,0,1.6652411014731163,1.532643365872767,0.4239846267790299,0.2598234481654223,0.3161919250555477,2,1,0,2.973749588440142,0.8276016251010118,-0.2691911774671512,-0.1361661748959001,-0.438277198478696,-0.4572079309639762,0.0646148064646234,0.0,0.0,30.0,30.0,-0.0168800686786889,-0.0033877989394636,0.4239846267790299,0.2598234481654222,0.3161919250555478,1.0,False,False,-0.0814181651552924,0.1796025558206055,1882,True,official_matchdays,False,,,31,0,0,0,0,0,0,0,2:1,1:0,2:1,2:1
ec0fc455544243ec9bd8,D1,2025,2026-04-25,2026-04-21,Hamburger SV,TSG 1899 Hoffenheim,1,2,1.3016506973789363,1.664518541667689,0.2396996060407091,0.2348571897570584,0.5254432042022325,1,2,4,2.2229376628920523,0.3378179531544981,-0.3886882463760138,-0.041769721064648,-0.1649513523545266,-0.0281905437646974,-0.1811193688264919,-0.3771418656671897,0.0,30.0,30.0,-0.0458363070256935,0.0243134086536604,0.2396996060407091,0.2348571897570584,0.5254432042022325,1.0,False,False,-0.0814181651552924,0.1796025558206055,1882,True,official_matchdays,False,,,31,1,2,4,4,3,4,4,1:2,0:1,1:2,1:2
fc51b65b54e815e68449,D1,2025,2026-04-25,2026-04-21,1. FSV Mainz 05,Bayern München,3,4,1.004464886770106,2.694892561960881,0.215931859198978,0.2139553662085982,0.5701127745924236,0,2,2,4.931036556820303,0.277206493115207,0.1017342554824124,0.6587215587054644,0.1388988596733481,0.5408987835667481,-0.1372662457752607,-1.940798745717777,0.0,30.0,30.0,-0.029625964675795,0.0676487553851888,0.215931859198978,0.2139553662085983,0.5701127745924237,1.0,False,False,-0.0814181651552924,0.1796025558206055,1882,True,official_matchdays,False,,,31,3,4,2,3,3,2,2,1:2,0:1,0:2,0:2
5bf574ab897a3230141e,D1,2025,2026-04-26,2026-04-21,Stuttgart,SV Werder Bremen,1,1,2.297438626038758,1.1326333640773023,0.6207139142935796,0.2087602850763161,0.1705258006301042,2,1,0,2.3719711492414337,1.0404250985507075,0.1193339783446083,0.0711505537565618,0.4295814496413534,-0.1249383274650971,0.0745824877067184,0.7761089623027788,0.0,30.0,30.0,0.0121049945319686,-0.0025807679269101,0.6207139142935797,0.208760285076316,0.1705258006301043,1.0,False,False,-0.0814181651552924,0.1796025558206055,1882,True,official_matchdays,False,,,31,1,1,0,0,0,0,0,2:1,1:0,2:1,2:1
bf80558e09b947e91b34,D1,2025,2026-04-26,2026-04-21,Borussia Dortmund,SC Freiburg,4,0,2.284673112994174,1.0530385236539708,0.6892536669781225,0.1868458735784067,0.1239004594434708,2,1,2,3.141791092978355,0.1468259878101247,0.0516705856811556,0.1992825577665652,0.2707849712087533,0.0175244046156517,0.3212876195130725,0.9591295394266136,0.0,30.0,30.0,0.0112673116554409,0.0012803455169451,0.6892536669781225,0.1868458735784067,0.1239004594434707,1.0,False,False,-0.0814181651552924,0.1796025558206055,1882,True,official_matchdays,False,,,31,4,0,2,2,2,2,2,2:1,1:0,2:1,2:1
16b549f66680b64cb952,D1,2025,2026-05-02,2026-04-28,SV Werder Bremen,FC Augsburg,1,3,1.5306179795865142,1.146272331294182,0.485623191828541,0.2479778000826592,0.2663990080887996,1,0,0,3.659017162507765,0.8354932891086722,0.0557118590173298,-0.0613882639401624,-0.0734146422700133,-0.0165886972568957,0.0339998087750299,0.1023399356757226,0.0,31.0,31.0,0.0103405895374926,-0.0106244097836342,0.4856231918285411,0.2479778000826592,0.2663990080887996,1.0,False,False,-0.0943666509646772,0.1842777075050426,1891,True,official_matchdays,False,,,32,1,3,0,0,0,0,0,2:1,1:0,1:0,1:0
768e79b986b2e6de4df9,D1,2025,2026-05-02,2026-04-28,Eintracht Frankfurt,Hamburger SV,1,2,2.0310005042863923,1.0133385425475403,0.5498087954110901,0.2307839388145315,0.2194072657743784,2,1,0,2.7617024791222176,0.9648759546519752,-0.027882823895228,-0.4193034296186893,0.0071805364363817,-0.2656547639976873,0.0,0.8338257699254307,0.0,31.0,31.0,0.0181768890914116,-0.0405362017671075,0.5498087954110898,0.2307839388145315,0.2194072657743785,1.0,False,False,-0.0943666509646772,0.1842777075050426,1891,True,official_matchdays,False,,,32,1,2,0,0,0,0,0,2:1,1:0,2:1,2:1
97b5d013d44e3b508e47,D1,2025,2026-05-02,2026-04-28,TSG 1899 Hoffenheim,Stuttgart,3,3,1.7673158493123549,1.9148768737010984,0.4109358867152688,0.2343780057396131,0.3546861075451181,2,1,0,3.598841533260688,0.8808475759712232,0.1224472466395417,0.0751826080121402,0.1949755536693553,0.0851865586521934,-0.0459588381483781,-0.442558094309593,0.0,31.0,31.0,0.0061876523559282,0.0036938403766558,0.4109358867152688,0.2343780057396131,0.354686107545118,1.0,False,False,-0.0943666509646772,0.1842777075050426,1891,True,official_matchdays,False,,,32,3,3,0,0,0,0,0,2:1,1:0,1:2,2:1
9af6e079e5296303c1f6,D1,2025,2026-05-02,2026-04-28,Bayern München,1. FC Heidenheim 1846,3,3,4.561347587991408,0.7557376861559126,0.7647061597350834,0.1382135577595261,0.0970802825053903,4,0,0,4.0999193563153185,1.336875964017599,0.6602881089626695,0.0210263849429325,0.6085238910025814,-0.4579865733128305,0.2976481483773547,0.0,0.0,31.0,31.0,0.079859899067988,-0.0457941743727079,0.7647061597350835,0.1382135577595261,0.0970802825053904,1.0,False,False,-0.0943666509646772,0.1842777075050426,1891,True,official_matchdays,False,,,32,3,3,0,0,0,0,0,2:1,1:0,4:0,4:0
bb0ae83351ce454859f5,D1,2025,2026-05-02,2026-04-28,1. FC Union Berlin,1. FC Köln,2,2,1.284938375839501,1.2007465724882576,0.3920770440317151,0.2807319016178745,0.3271910543504103,1,0,0,3.053947316300677,0.7781249918538196,-0.453648117266755,-0.1508743984144693,-0.2121585010859111,-0.3057435586366357,0.0891121326150846,-0.0998142795513195,0.0,31.0,31.0,-0.0333654851751978,0.0031393593911365,0.3920770440317151,0.2807319016178746,0.3271910543504103,1.0,False,False,-0.0943666509646772,0.1842777075050426,1891,True,official_matchdays,False,,,32,2,2,0,0,0,0,0,2:1,1:0,1:0,1:0
fa4e8ab60f3ddfa0ccc2,D1,2025,2026-05-02,2026-04-28,Bayer 04 Leverkusen,RB Leipzig,4,1,1.8060586066472013,1.4194209532967683,0.4440938822624086,0.2343208926510196,0.3215852250865718,2,1,2,3.719160339960057,0.4673549494648326,0.2552854143338964,0.6085159736341496,0.1212942587199856,0.3669012634404221,0.1260171647694338,-0.046696865931578,0.0,31.0,31.0,0.0014036009901538,0.0417864684082484,0.4440938822624086,0.2343208926510196,0.3215852250865718,1.0,False,False,-0.0943666509646772,0.1842777075050426,1891,True,official_matchdays,False,,,32,4,1,2,2,2,2,2,2:1,1:0,2:1,2:1
7d176e6cf508dc2bdb07,D1,2025,2026-05-03,2026-04-28,Borussia Mönchengladbach,Borussia Dortmund,1,0,1.1867998744054655,2.1440468307457077,0.2599630547682213,0.2462446877619827,0.493792257469796,1,2,0,3.099096751260485,0.8521219200960963,-0.1143573833881265,0.2314252867589916,0.0919639539599421,0.2169059482535855,-0.2181947719762595,-1.2054452629280987,0.0,31.0,31.0,-0.0339167412755752,0.0397701364441184,0.2599630547682213,0.2462446877619826,0.493792257469796,1.0,False,False,-0.0943666509646772,0.1842777075050426,1891,True,official_matchdays,False,,,32,1,0,0,0,0,0,0,1:2,0:1,1:2,1:2
dcc1430ea51ef7dd127c,D1,2025,2026-05-03,2026-04-28,SC Freiburg,VfL Wolfsburg,1,1,1.8191953999699424,1.2489444609726013,0.3842577216871471,0.2660245765526403,0.3497177017602126,2,1,0,2.093758711790471,0.8086763898253729,-0.0261485623155829,-0.2234824962303307,0.1544268915279134,-0.2291464604010841,0.1274187225090444,0.0,0.0,31.0,31.0,0.0149302047054104,-0.0274117576327061,0.3842577216871471,0.2660245765526403,0.3497177017602126,1.0,False,False,-0.0943666509646772,0.1842777075050426,1891,True,official_matchdays,False,,,32,1,1,0,0,0,0,0,2:1,1:0,2:1,2:1
e331991ac12652819692,D1,2025,2026-05-03,2026-04-28,FC St. Pauli,1. FSV Mainz 05,1,2,0.7814379995417997,1.1880162725004135,0.3451450189155105,0.2894073139974779,0.3654476670870112,1,0,0,2.756749254457727,0.6055383406827395,-0.3696943157508796,-0.0370483297307925,-0.1510505932459145,0.1303252484735147,-0.1671822934686455,0.0,0.0,31.0,31.0,-0.0434761297619806,0.023138997487897,0.3451450189155107,0.2894073139974779,0.3654476670870114,1.0,False,False,-0.0943666509646772,0.1842777075050426,1891,True,official_matchdays,False,,,32,1,2,0,4,3,3,3,1:2,0:1,0:1,0:1
48a4c822003f54d75b56,D1,2025,2026-05-08,2026-05-05,Borussia Dortmund,Eintracht Frankfurt,3,2,2.405329569362839,1.2048327709283182,0.5731866547716813,0.2146178342067483,0.2121955110215705,2,1,3,3.187165625335214,0.2732573813222887,0.0893976263507695,-0.183489438223303,0.3677461941913345,-0.113766787211846,0.0834513205096798,0.2489811058179921,0.0,32.0,32.0,0.022286800571726,-0.0269913911653527,0.5731866547716813,0.2146178342067482,0.2121955110215705,1.0,False,False,-0.0873562710219187,0.1789977839820539,1900,True,official_matchdays,False,,,33,3,2,3,3,3,3,3,2:1,1:0,2:1,2:1
5ce1f4821c364633a230,D1,2025,2026-05-09,2026-05-05,FC Augsburg,Borussia Mönchengladbach,3,1,1.4131713368497614,1.3308600731863005,0.453187636397406,0.2550728226717639,0.2917395409308301,2,1,2,3.0376376996172603,0.449177865596928,0.082404653158656,0.0261041197783154,0.0419095185537486,-0.3710898176670484,-0.0182690233684296,0.0638894491829571,0.0,32.0,32.0,0.0060218081585283,-0.0005963695116797,0.4531876363974059,0.2550728226717639,0.29173954093083,1.0,False,False,-0.0873562710219187,0.1789977839820539,1900,True,official_matchdays,False,,,33,3,1,2,2,2,2,2,2:1,1:0,2:1,2:1
8af37c6edd373e2ab537,D1,2025,2026-05-09,2026-05-05,RB Leipzig,FC St. Pauli,2,1,2.0341355543490716,0.5833510140405517,0.7199866421773251,0.1736516947737519,0.106361663048923,1,0,3,2.4130791546089534,0.1198751950234583,0.3095600775803735,-0.4605747555929606,0.3955789756468174,-0.3675092863538733,0.0708863060100977,0.0,0.0,32.0,32.0,0.0575290608381902,-0.0650797947388196,0.7199866421773251,0.1736516947737519,0.106361663048923,1.0,False,False,-0.0873562710219187,0.1789977839820539,1900,True,official_matchdays,False,,,33,2,1,3,4,3,3,3,2:1,1:0,1:0,1:0
96ebfe1adebb28038ed2,D1,2025,2026-05-09,2026-05-05,VfL Wolfsburg,Bayern München,0,1,1.0848229601269364,3.453377046023212,0.2175174431150646,0.2078068429759992,0.5746757139089362,1,3,2,3.74108958960061,0.27139827038584,-0.1793565799567834,0.4821495062891764,-0.3621897374727512,0.5603191862841926,-0.2709512591345326,0.0,0.0,32.0,32.0,-0.0555906962668638,0.0707303425834834,0.2175174431150646,0.2078068429759992,0.5746757139089362,1.0,False,False,-0.0873562710219187,0.1789977839820539,1900,True,official_matchdays,False,,,33,0,1,2,3,4,2,2,1:2,0:1,1:3,1:3
f4758fe8e409d0e64af0,D1,2025,2026-05-09,2026-05-05,TSG 1899 Hoffenheim,SV Werder Bremen,1,0,2.109387662862213,1.3011585838377455,0.646867936041271,0.1897127959061975,0.1634192680525316,2,1,3,2.625698944139229,0.1873990566971236,0.0977923498355036,-0.1310765906657184,0.0938076966093114,-0.1252026009370709,0.1712185246079314,0.3335508679931857,0.0,32.0,32.0,0.0248939907472328,-0.0265582027887435,0.6468679360412709,0.1897127959061975,0.1634192680525316,1.0,False,False,-0.0873562710219187,0.1789977839820539,1900,True,official_matchdays,False,,,33,1,0,3,3,4,3,3,2:1,1:0,2:1,2:1
f709afafc78abebd722b,D1,2025,2026-05-09,2026-05-05,Stuttgart,Bayer 04 Leverkusen,3,1,1.6515256957927738,1.837065553792122,0.4360722569761721,0.2345540170099107,0.3293737260139171,2,1,2,2.926120728027159,0.4815171376357248,-0.0044626921136036,0.3616608286629385,0.2928926767814918,0.2940227685963945,0.0901552281300697,-0.1603958211240392,0.0,32.0,32.0,-0.0140215492380038,0.0318814560654705,0.4360722569761721,0.2345540170099107,0.3293737260139172,1.0,False,False,-0.0873562710219187,0.1789977839820539,1900,True,official_matchdays,False,,,33,3,1,2,2,2,0,2,2:1,1:0,1:2,2:1
05eb66ea4956adccf3bf,D1,2025,2026-05-10,2026-05-05,1. FC Köln,1. FC Heidenheim 1846,1,3,1.7347689380853537,1.2389936274856026,0.4953925063027036,0.2369816569590543,0.2676258367382423,2,1,0,3.5577836391240956,0.8379459560492929,-0.1231083246752216,0.0179079656382645,-0.0545363804539612,-0.3783580344939989,-0.0865036010799392,0.0,0.0,32.0,32.0,-0.0175314108034323,0.0122713928515844,0.4953925063027036,0.2369816569590541,0.2676258367382422,1.0,False,False,-0.0873562710219187,0.1789977839820539,1900,True,official_matchdays,False,,,33,1,3,0,0,0,0,0,2:1,1:0,2:1,2:1
ad153f6cdcaaec54dc2c,D1,2025,2026-05-10,2026-05-05,1. FSV Mainz 05,1. FC Union Berlin,1,3,1.5649353428141688,0.9038791938305276,0.5355984801766493,0.2446040303168951,0.2197974895064552,1,0,0,4.056305159640838,0.9554128209952348,0.1263203708802514,-0.3747990456089181,-0.0065608909209383,-0.4377065774277512,-0.0980110799060017,0.1132421713854173,0.0,32.0,32.0,0.0264714353731709,-0.0388953691096043,0.5355984801766497,0.2446040303168951,0.2197974895064552,1.0,False,False,-0.0873562710219187,0.1789977839820539,1900,True,official_matchdays,False,,,33,1,3,0,0,0,0,0,2:1,1:0,1:0,1:0
f38d602df82ecd1abd3a,D1,2025,2026-05-10,2026-05-05,Hamburger SV,SC Freiburg,3,2,1.241954546213516,1.3189623184150594,0.3408938533865902,0.2616384196860663,0.3974677269273433,0,1,0,3.83289669567946,0.660856169108189,-0.1672011848037298,-0.0207913115156913,-0.2558199627778212,-0.1752512015879283,-0.0610331068128252,-0.1236773363168094,0.0,32.0,32.0,-0.0187322082452296,0.0093325834292586,0.3408938533865902,0.2616384196860664,0.3974677269273434,1.0,False,False,-0.0873562710219187,0.1789977839820539,1900,True,official_matchdays,False,,,33,3,2,0,0,0,0,0,1:2,0:1,0:1,0:1
2370bb8d88bdada7c08f,D1,2025,2026-05-16,2026-05-12,FC St. Pauli,VfL Wolfsburg,1,3,0.9704490088275356,1.178786333082591,0.3349928358063967,0.2565509872015931,0.4084561769920102,0,1,2,3.445502619669138,0.5279627036146315,-0.4983302925176114,-0.2475812625229978,-0.2444166786056816,-0.1840029300212129,-0.0484973403325663,0.0,0.0,33.0,33.0,-0.0398788331422395,0.0025832553902091,0.3349928358063967,0.2565509872015931,0.4084561769920101,1.0,False,False,-0.0797101504055741,0.1798682148157611,1909,True,official_matchdays,False,,,34,1,3,2,2,2,2,2,1:2,0:1,0:1,0:1
23f0dd5b2956f9aab6b8,D1,2025,2026-05-16,2026-05-12,Borussia Mönchengladbach,TSG 1899 Hoffenheim,4,0,1.637631599396833,1.7213214195523725,0.2279509849542423,0.2124088723437257,0.5596401427020319,1,2,0,5.023229906120423,0.9543743000070084,-0.0885679436915607,0.1968233122199973,0.2555242608085906,0.1335867258841875,-0.0521173569798731,-0.4997802528518655,0.0,33.0,33.0,-0.0213038278291495,0.0267165962555714,0.2279509849542423,0.2124088723437257,0.559640142702032,1.0,False,False,-0.0797101504055741,0.1798682148157611,1909,True,official_matchdays,False,,,34,4,0,0,0,0,0,0,1:2,0:1,1:2,1:2
46a0e778e74bc0a6bf4b,D1,2025,2026-05-16,2026-05-12,SC Freiburg,RB Leipzig,4,1,1.2347782734415216,1.843083269309296,0.3514604456027714,0.2400438610431299,0.4084956933540984,1,2,0,4.449353028810542,0.6450933403310949,-0.1375603843542197,0.373858601039764,0.0671736643943787,0.1715224415817952,-0.2523478940573487,-0.9031153107155906,0.0,33.0,33.0,-0.0450663631902776,0.0568812740245548,0.3514604456027715,0.24004386104313,0.4084956933540984,1.0,False,False,-0.0797101504055741,0.1798682148157611,1909,True,official_matchdays,False,,,34,4,1,0,0,0,0,0,1:2,0:1,1:2,1:2
8672361331e1d0f825e1,D1,2025,2026-05-16,2026-05-12,1. FC Heidenheim 1846,1. FSV Mainz 05,0,2,1.3119488032388558,1.4965586097776298,0.4962039627623416,0.2253293357471503,0.2784667014905081,2,1,0,3.0741911246499343,0.8176019830672908,0.2109363416740638,-0.0330422964128955,0.0847262441718061,0.263622834742754,-0.029429415124887,0.0,0.0,33.0,33.0,0.0212742782318068,-0.0123795759687483,0.4962039627623416,0.2253293357471503,0.2784667014905081,1.0,False,False,-0.0797101504055741,0.1798682148157611,1909,True,official_matchdays,False,,,34,0,2,0,0,0,2,0,2:1,1:0,1:2,2:1
8e841792c639d7690b15,D1,2025,2026-05-16,2026-05-12,Eintracht Frankfurt,Stuttgart,2,2,1.705471156672418,1.9277470230692864,0.2781707610960691,0.220822760585742,0.5010064783181889,1,2,0,2.6834555620453613,0.9355036340667842,-0.2710274100486841,0.169214347925518,-0.1146140885062642,0.0037439022961871,-0.0677281970373993,0.0141258099486479,0.0,33.0,33.0,-0.0389498682530142,0.0338592151468559,0.278170761096069,0.220822760585742,0.5010064783181889,1.0,False,False,-0.0797101504055741,0.1798682148157611,1909,True,official_matchdays,False,,,34,2,2,0,0,0,0,0,1:2,0:1,1:2,1:2
b18143dc21ce2aa4d475,D1,2025,2026-05-16,2026-05-12,1. FC Union Berlin,FC Augsburg,4,0,1.2705977814945473,1.1947312576609213,0.3627115914900469,0.247259626029024,0.390028782480929,0,1,0,4.710413170187505,0.6193962894487174,-0.1079003697148389,0.2605305203031674,-0.236864028651933,0.1859522439261373,-0.0834617738097904,-0.2507759977927333,0.0,33.0,33.0,-0.0279896516771317,0.0356211592065482,0.3627115914900469,0.247259626029024,0.390028782480929,1.0,False,False,-0.0797101504055741,0.1798682148157611,1909,True,official_matchdays,False,,,34,4,0,0,0,0,2,2,1:2,0:1,1:0,1:0
ba03228ae3853fbaa97d,D1,2025,2026-05-16,2026-05-12,Bayer 04 Leverkusen,Hamburger SV,1,1,2.3684299181173576,0.8861432644224372,0.7461066325276362,0.1482723832527098,0.105620984219654,2,1,0,2.6651024546843463,1.2932708325392763,0.1600158018052656,-0.0172455188687503,0.2484284118312761,-0.0411577519914266,0.0632410019687827,0.980095781100822,0.0,33.0,33.0,0.0200259062224032,-0.0128873920755774,0.7461066325276362,0.1482723832527099,0.105620984219654,1.0,False,False,-0.0797101504055741,0.1798682148157611,1909,True,official_matchdays,False,,,34,1,1,0,0,0,0,0,2:1,1:0,2:1,2:1
c49f4e63329735259e79,D1,2025,2026-05-16,2026-05-12,SV Werder Bremen,Borussia Dortmund,0,2,1.070018458254108,2.1062149114627755,0.2823998142421707,0.2347403997479001,0.4828597860099292,1,2,2,2.6031114508147977,0.4022867112835126,-0.2714576681139926,0.1932515582308125,-0.1968919895327082,0.0574310818606499,-0.19240413155137,-1.0392158780694187,0.0,33.0,33.0,-0.0464285513005083,0.0425182458063493,0.2823998142421707,0.2347403997479001,0.4828597860099292,1.0,False,False,-0.0797101504055741,0.1798682148157611,1909,True,official_matchdays,False,,,34,0,2,2,2,2,2,2,1:2,0:1,1:2,1:2
dfe87ba4f4e9bbb5c045,D1,2025,2026-05-16,2026-05-12,Bayern München,1. FC Köln,5,1,4.004907201742891,0.8343634182906485,0.8198945187583302,0.1073111080808836,0.0727943731607863,3,0,2,2.955836511192945,0.0492526790547123,0.508810342504254,-0.2176016564116234,0.4764823891677639,-0.2501529723606764,0.2095045369887249,1.954226637551875,0.0,33.0,33.0,0.0722363439204428,-0.0576759096158112,0.81989451875833,0.1073111080808835,0.0727943731607863,1.0,False,False,-0.0797101504055741,0.1798682148157611,1909,True,official_matchdays,False,,,34,5,1,2,2,2,2,2,2:1,1:0,3:0,3:0
