policy,form,book_weight,season,games,log_loss,outcome_log_loss,brier_score,points,rounds,mean,maximum,at_least_18,at_least_20,at_least_22,at_least_24
fixed_120,legacy,0.0,2011,306,2.98111733569952,1.0003450372281177,0.5980353394130626,395,34,11.617647058823529,18,2,0,0,0
fixed_120,legacy,0.0,2012,306,3.0582162587123447,1.0035498886317804,0.5972358163926029,393,34,11.558823529411764,24,1,1,1,1
fixed_120,legacy,0.0,2013,306,3.1142237948170703,0.9661227998739901,0.5700777618194199,415,34,12.205882352941176,23,6,3,1,0
fixed_120,legacy,0.0,2014,306,3.0397384714239197,1.0501134131255878,0.6248624279352702,379,34,11.147058823529411,19,2,0,0,0
fixed_120,legacy,0.0,2015,306,3.0234717529760338,1.0187483011342353,0.6082235630717644,372,34,10.941176470588236,18,1,0,0,0
fixed_120,legacy,0.0,2016,306,3.012593216778797,1.0060431384313266,0.6019856097110289,427,34,12.558823529411764,23,4,2,1,0
fixed_120,legacy,0.0,2017,306,2.959480329175901,1.0322509544734835,0.6187853587826585,385,34,11.323529411764707,18,4,0,0,0
fixed_120,legacy,0.0,2018,306,3.1845300156022196,1.0031503145743146,0.5957101160645064,401,34,11.794117647058824,26,1,1,1,1
fixed_120,legacy,0.0,2019,306,3.186011794640555,1.009124216563054,0.6022454245426831,380,34,11.176470588235293,19,2,0,0,0
fixed_120,legacy,0.0,2020,306,3.0226062012233035,1.0337912947830212,0.6154563169824339,369,34,10.852941176470589,19,1,0,0,0
fixed_120,legacy,0.0,2021,306,3.094576751389878,1.02295533267143,0.6060240679145107,427,34,12.558823529411764,19,2,0,0,0
fixed_120,legacy,0.0,2022,306,3.192794233506764,1.0324105741820826,0.618017524522594,373,34,10.970588235294118,19,2,0,0,0
fixed_120,legacy,0.0,2023,306,3.0825395779755667,0.9679183638507104,0.5786283522116193,428,34,12.588235294117647,22,6,2,1,0
fixed_120,legacy,0.0,2024,306,3.161242363971862,1.0458850631071952,0.6252451433519931,368,34,10.823529411764707,25,3,1,1,1
fixed_120,legacy,0.0,2025,306,3.149896067314618,0.9941018477919115,0.5856260068666458,437,34,12.852941176470589,22,6,4,1,0
fixed_120,legacy,0.5,2011,306,2.9744513041161125,0.9936790056447106,0.5931004517226351,404,34,11.882352941176471,19,4,0,0,0
fixed_120,legacy,0.5,2012,306,3.0393659483157127,0.9846995782351484,0.5851427562807906,413,34,12.147058823529411,24,1,1,1,1
fixed_120,legacy,0.5,2013,306,3.0962135513213718,0.9481125563782915,0.5602736648249216,415,34,12.205882352941176,23,4,2,2,0
fixed_120,legacy,0.5,2014,306,3.005846521240173,1.016221462941841,0.6070398665515211,412,34,12.117647058823529,20,3,1,0,0
fixed_120,legacy,0.5,2015,306,2.9961318300784194,0.9914083782366208,0.5909483000310243,407,34,11.970588235294118,18,2,0,0,0
fixed_120,legacy,0.5,2016,306,3.001742968902698,0.9951928905552279,0.5965897978090712,426,34,12.529411764705882,23,4,3,1,0
fixed_120,legacy,0.5,2017,306,2.9361820238601375,1.00895264915772,0.6039263533673384,397,34,11.676470588235293,18,1,0,0,0
fixed_120,legacy,0.5,2018,306,3.1585306338417833,0.9771509328138782,0.5805179009166023,406,34,11.941176470588236,26,1,1,1,1
fixed_120,legacy,0.5,2019,306,3.1590855540449057,0.9821979759674052,0.5853605939171453,390,34,11.470588235294118,18,2,0,0,0
fixed_120,legacy,0.5,2020,306,2.992565683609666,1.0037507771693839,0.5980424115816393,396,34,11.647058823529411,19,2,0,0,0
fixed_120,legacy,0.5,2021,306,3.0711799206566197,0.9995585019381723,0.5940313884230085,400,34,11.764705882352942,20,1,1,0,0
fixed_120,legacy,0.5,2022,306,3.1679114904390637,1.0075278311143827,0.6027148377460385,400,34,11.764705882352942,22,4,1,1,0
fixed_120,legacy,0.5,2023,306,3.065333168734999,0.9507119546101425,0.5652117106028438,422,34,12.411764705882353,22,3,2,1,0
fixed_120,legacy,0.5,2024,306,3.127120356357098,1.011763055492431,0.6049262462902923,395,34,11.617647058823529,22,3,2,2,0
fixed_120,legacy,0.5,2025,306,3.1223271763405385,0.9665329568178319,0.5710154141792276,432,34,12.705882352941176,22,6,4,1,0
fixed_120,legacy,1.0,2011,306,2.9797457583627125,0.9989734598913105,0.5959112968360006,394,34,11.588235294117647,18,1,0,0,0
fixed_120,legacy,1.0,2012,306,3.0439412904707948,0.9892749203902308,0.5890123377315373,410,34,12.058823529411764,21,2,2,0,0
fixed_120,legacy,1.0,2013,306,3.0890714412020084,0.9409704462589283,0.5561572051027784,421,34,12.382352941176471,23,3,2,1,0
fixed_120,legacy,1.0,2014,306,2.991494437206015,1.0018693789076831,0.59854510379583,412,34,12.117647058823529,19,5,0,0,0
fixed_120,legacy,1.0,2015,306,2.9812857731003293,0.9765623212585306,0.5807441494101531,400,34,11.764705882352942,18,1,0,0,0
fixed_120,legacy,1.0,2016,306,3.0025031023434146,0.9959530239959442,0.5975189531288768,414,34,12.176470588235293,20,2,2,0,0
fixed_120,legacy,1.0,2017,306,2.9231164609190463,0.995887086216629,0.5952808362730977,417,34,12.264705882352942,22,3,1,1,0
fixed_120,legacy,1.0,2018,306,3.14512658377222,0.9637468827443155,0.5716778227340811,417,34,12.264705882352942,23,5,2,1,0
fixed_120,legacy,1.0,2019,306,3.1449936615562955,0.968106083478795,0.5759938269173964,402,34,11.823529411764707,18,2,0,0,0
fixed_120,legacy,1.0,2020,306,2.977054292762431,0.9882393863221488,0.5876245188433886,389,34,11.441176470588236,17,0,0,0,0
fixed_120,legacy,1.0,2021,306,3.0604510076389997,0.9888295889205518,0.5875610071184394,377,34,11.088235294117647,16,0,0,0,0
fixed_120,legacy,1.0,2022,306,3.1563255364598457,0.9959418771351647,0.5944976890319831,393,34,11.558823529411764,22,5,2,1,0
fixed_120,legacy,1.0,2023,306,3.0607528776472135,0.9461316635223567,0.5595735369335713,424,34,12.470588235294118,21,4,1,0,0
fixed_120,legacy,1.0,2024,306,3.105386159442857,0.9900288585781899,0.5912994385243137,406,34,11.941176470588236,22,4,2,2,0
fixed_120,legacy,1.0,2025,306,3.1079207615679034,0.9521265420451972,0.5622898490664443,431,34,12.676470588235293,22,5,4,1,0
fixed_120,none,0.0,2011,306,2.9781091246913736,0.9971829605049496,0.5961711698043394,404,34,11.882352941176471,19,3,0,0,0
fixed_120,none,0.0,2012,306,3.0504406697784803,0.9981171913886502,0.594210920220226,400,34,11.764705882352942,24,1,1,1,1
fixed_120,none,0.0,2013,306,3.108784672195894,0.9650743607397917,0.5704442714496386,409,34,12.029411764705882,23,5,2,1,0
fixed_120,none,0.0,2014,306,3.0335009465922758,1.0447165792705848,0.6212605043708356,391,34,11.5,19,2,0,0,0
fixed_120,none,0.0,2015,306,3.0149763413716597,1.0131496037948768,0.6046845317674715,370,34,10.882352941176471,18,1,0,0,0
fixed_120,none,0.0,2016,306,3.007882412595888,1.0010186127983558,0.5991009183682293,416,34,12.235294117647058,21,5,2,0,0
fixed_120,none,0.0,2017,306,2.9537498075931974,1.0285623220834583,0.6162767740036699,389,34,11.441176470588236,18,4,0,0,0
fixed_120,none,0.0,2018,306,3.1779916682005753,0.999025560026744,0.5940830620408829,406,34,11.941176470588236,24,1,1,1,1
fixed_120,none,0.0,2019,306,3.1813266636342363,1.005161028119778,0.6003460683230899,385,34,11.323529411764707,19,2,0,0,0
fixed_120,none,0.0,2020,306,3.0186071248698885,1.0299395950557722,0.613432556117151,378,34,11.117647058823529,19,1,0,0,0
fixed_120,none,0.0,2021,306,3.0849354635087702,1.0149809949751187,0.6025794801744164,418,34,12.294117647058824,19,3,0,0,0
fixed_120,none,0.0,2022,306,3.1841094208938467,1.0262197035518208,0.614892252392076,382,34,11.235294117647058,19,2,0,0,0
fixed_120,none,0.0,2023,306,3.0777816791341968,0.9663118239953911,0.5778344305875159,423,34,12.441176470588236,22,4,2,1,0
fixed_120,none,0.0,2024,306,3.155363830123471,1.0415353597950883,0.6233369969231899,379,34,11.147058823529411,25,2,2,1,1
fixed_120,none,0.0,2025,306,3.1422500764440575,0.9901255465104478,0.5841929562506193,432,34,12.705882352941176,22,7,3,1,0
fixed_120,none,0.5,2011,306,2.9741196746365812,0.9931935104501575,0.5928054261205514,395,34,11.617647058823529,19,4,0,0,0
fixed_120,none,0.5,2012,306,3.035564986588812,0.9832415081989812,0.5842952826542214,416,34,12.235294117647058,24,3,1,1,1
fixed_120,none,0.5,2013,306,3.092312751118783,0.9486024396626803,0.5608574679971772,415,34,12.205882352941176,23,4,2,2,0
fixed_120,none,0.5,2014,306,3.0033664589628675,1.014582091641176,0.6057851165074587,418,34,12.294117647058824,20,3,1,0,0
fixed_120,none,0.5,2015,306,2.990914793251702,0.9890880556749195,0.5893191731890959,399,34,11.735294117647058,18,2,0,0,0
fixed_120,none,0.5,2016,306,3.0004241399536253,0.9935603401560927,0.5955185733556217,418,34,12.294117647058824,21,4,3,0,0
fixed_120,none,0.5,2017,306,2.932991932201991,1.007804446692252,0.6030135943891051,405,34,11.911764705882353,18,1,0,0,0
fixed_120,none,0.5,2018,306,3.154967568212028,0.9760014600381968,0.5799464424544858,403,34,11.852941176470589,24,1,1,1,1
fixed_120,none,0.5,2019,306,3.157302990017615,0.9811373545031569,0.5848177170967208,391,34,11.5,18,2,0,0,0
fixed_120,none,0.5,2020,306,2.9915439126969723,1.002876382882856,0.597526137354116,391,34,11.5,22,2,1,1,0
fixed_120,none,0.5,2021,306,3.0664910584804037,0.9965365899467522,0.5925504743446536,405,34,11.911764705882353,17,0,0,0,0
fixed_120,none,0.5,2022,306,3.1634636563196867,1.0055739389776608,0.6016248917042311,401,34,11.794117647058824,23,3,1,1,0
fixed_120,none,0.5,2023,306,3.0622715252466395,0.9508016701078339,0.5651664573929883,425,34,12.5,22,3,2,1,0
fixed_120,none,0.5,2024,306,3.1241370985728896,1.0103086282445062,0.6041094592397367,399,34,11.735294117647058,22,3,3,2,0
fixed_120,none,0.5,2025,306,3.11827885797817,0.9661543280445606,0.5710706833186321,440,34,12.941176470588236,24,6,4,2,1
fixed_120,none,1.0,2011,306,2.979877740220738,0.9989515760343144,0.5958853061407545,395,34,11.617647058823529,18,1,0,0,0
fixed_120,none,1.0,2012,306,3.0415983987800614,0.9892749203902308,0.5890123377315373,406,34,11.941176470588236,21,3,1,0,0
fixed_120,none,1.0,2013,306,3.0847924744779247,0.9410821630218222,0.5561954979142762,421,34,12.382352941176471,23,4,2,1,0
fixed_120,none,1.0,2014,306,2.990653746229374,1.0018693789076831,0.59854510379583,416,34,12.235294117647058,19,5,0,0,0
fixed_120,none,1.0,2015,306,2.978389058835313,0.9765623212585306,0.5807441494101531,394,34,11.588235294117647,18,1,0,0,0
fixed_120,none,1.0,2016,306,3.0028168237934767,0.9959530239959442,0.5975189531288768,411,34,12.088235294117647,20,2,2,0,0
fixed_120,none,1.0,2017,306,2.9210745717263684,0.9958870862166291,0.5952808362730977,422,34,12.411764705882353,22,3,2,1,0
fixed_120,none,1.0,2018,306,3.142712990918147,0.9637468827443155,0.5716778227340811,407,34,11.970588235294118,21,4,2,0,0
fixed_120,none,1.0,2019,306,3.144351049295084,0.9681854137806261,0.5760538528067727,399,34,11.735294117647058,18,2,0,0,0
fixed_120,none,1.0,2020,306,2.977004794872518,0.9883372650584018,0.5876912343755484,397,34,11.676470588235293,18,2,0,0,0
fixed_120,none,1.0,2021,306,3.058911902658891,0.9889574341252391,0.58765925403728,378,34,11.117647058823529,17,0,0,0,0
fixed_120,none,1.0,2022,306,3.1538315944771904,0.9959418771351647,0.5944976890319831,400,34,11.764705882352942,23,4,2,1,0
fixed_120,none,1.0,2023,306,3.057719986039523,0.9462501309007171,0.5596180625107781,424,34,12.470588235294118,21,4,1,0,0
fixed_120,none,1.0,2024,306,3.103857328906573,0.9900288585781899,0.5912994385243137,409,34,12.029411764705882,22,4,3,2,0
fixed_120,none,1.0,2025,306,3.104464968100436,0.9523404381668261,0.5624364870693731,430,34,12.647058823529411,22,5,4,1,0
fixed_120,residual_005,0.0,2011,306,2.9788247921099296,0.9976639499028819,0.5963742174721856,395,34,11.617647058823529,18,2,0,0,0
fixed_120,residual_005,0.0,2012,306,3.0545185866184816,0.9998943646404919,0.5953663344027942,390,34,11.470588235294118,24,2,1,1,1
fixed_120,residual_005,0.0,2013,306,3.110614757908799,0.9662606693112404,0.5708888622747579,415,34,12.205882352941176,23,5,2,1,0
fixed_120,residual_005,0.0,2014,306,3.0345670958674087,1.0453747974395042,0.6217682462987331,391,34,11.5,19,2,0,0,0
fixed_120,residual_005,0.0,2015,306,3.018628486744468,1.0163762767309499,0.6068439528283605,376,34,11.058823529411764,18,1,0,0,0
fixed_120,residual_005,0.0,2016,306,3.0090106902627523,1.0016706153743642,0.5994173455224158,419,34,12.323529411764707,21,4,2,0,0
fixed_120,residual_005,0.0,2017,306,2.9553502718740914,1.0297715671231409,0.6172267480761946,388,34,11.411764705882353,18,3,0,0,0
fixed_120,residual_005,0.0,2018,306,3.1789090088703342,0.9994257578326523,0.5944832723065852,406,34,11.941176470588236,26,2,2,1,1
fixed_120,residual_005,0.0,2019,306,3.1823084538411988,1.0061498878624473,0.6011591015759905,384,34,11.294117647058824,18,1,0,0,0
fixed_120,residual_005,0.0,2020,306,3.019207343095628,1.030209698134567,0.6138738433823314,374,34,11.0,19,1,0,0,0
fixed_120,residual_005,0.0,2021,306,3.087297434037025,1.016852073506125,0.6032662683193084,410,34,12.058823529411764,18,2,0,0,0
fixed_120,residual_005,0.0,2022,306,3.1863983807827783,1.0287955960222683,0.6161356830691915,384,34,11.294117647058824,19,2,0,0,0
fixed_120,residual_005,0.0,2023,306,3.0787239095566568,0.9663843920789789,0.5778678707779014,423,34,12.441176470588236,22,4,2,1,0
fixed_120,residual_005,0.0,2024,306,3.156929657450486,1.0429585938871715,0.6241058375811014,373,34,10.970588235294118,25,4,1,1,1
fixed_120,residual_005,0.0,2025,306,3.14460299987768,0.9914334484884231,0.5848517826957246,436,34,12.823529411764707,22,7,4,1,0
fixed_120,residual_005,0.5,2011,306,2.974254412350158,0.993093570143111,0.5927049021861924,399,34,11.735294117647058,19,3,0,0,0
fixed_120,residual_005,0.5,2012,306,3.0384768907289357,0.9838526687509455,0.5846876922972002,417,34,12.264705882352942,24,2,1,1,1
fixed_120,residual_005,0.5,2013,306,3.093418477132386,0.9490643885348272,0.5610179237645463,417,34,12.264705882352942,23,4,2,2,0
fixed_120,residual_005,0.5,2014,306,3.003876882535735,1.0146845841078305,0.6058897953976508,418,34,12.294117647058824,20,3,1,0,0
fixed_120,residual_005,0.5,2015,306,2.992806822294307,0.9905546122807889,0.5903152586968852,395,34,11.617647058823529,18,2,0,0,0
fixed_120,residual_005,0.5,2016,306,3.0009390289648095,0.9935989540764214,0.5955109007189904,424,34,12.470588235294118,21,4,3,0,0
fixed_120,residual_005,0.5,2017,306,2.9338157046797235,1.0082369999287732,0.603388894007316,402,34,11.823529411764707,18,1,0,0,0
fixed_120,residual_005,0.5,2018,306,3.155275891764006,0.9757926407263239,0.5799354370139169,400,34,11.764705882352942,26,1,1,1,1
fixed_120,residual_005,0.5,2019,306,3.1575161538074163,0.9813575878286648,0.5850454348622904,393,34,11.558823529411764,18,2,0,0,0
fixed_120,residual_005,0.5,2020,306,2.9916243439988275,1.0026266990377661,0.5974349217973718,391,34,11.5,22,2,1,1,0
fixed_120,residual_005,0.5,2021,306,3.0675646595574073,0.997119299026507,0.592745918007104,400,34,11.764705882352942,17,0,0,0,0
fixed_120,residual_005,0.5,2022,306,3.16412025938976,1.0065174746292502,0.6020756363970262,405,34,11.911764705882353,23,3,1,1,0
fixed_120,residual_005,0.5,2023,306,3.0629068063983538,0.9505672889206763,0.5650507042615596,426,34,12.529411764705882,22,3,2,1,0
fixed_120,residual_005,0.5,2024,306,3.124836837512225,1.010865773948911,0.6044619811456589,400,34,11.764705882352942,22,4,3,2,0
fixed_120,residual_005,0.5,2025,306,3.1196702471537,0.9665006957644429,0.5712275081747832,442,34,13.0,24,6,4,2,1
fixed_120,residual_005,1.0,2011,306,2.9801310792772746,0.9989702370702268,0.5959047403851008,397,34,11.676470588235293,18,1,0,0,0
fixed_120,residual_005,1.0,2012,306,3.043899142368221,0.9892749203902308,0.5890123377315373,403,34,11.852941176470589,21,2,1,0,0
fixed_120,residual_005,1.0,2013,306,3.0854133423207237,0.941059253723165,0.5561870770501964,423,34,12.441176470588236,23,4,2,1,0
fixed_120,residual_005,1.0,2014,306,2.9910616773355874,1.0018693789076831,0.59854510379583,416,34,12.235294117647058,19,5,0,0,0
fixed_120,residual_005,1.0,2015,306,2.9788145312720493,0.9765623212585306,0.5807441494101531,395,34,11.617647058823529,18,1,0,0,0
fixed_120,residual_005,1.0,2016,306,3.003293098884332,0.9959530239959442,0.5975189531288768,412,34,12.117647058823529,20,2,2,0,0
fixed_120,residual_005,1.0,2017,306,2.921465790967579,0.995887086216629,0.5952808362730977,421,34,12.382352941176471,22,3,2,1,0
fixed_120,residual_005,1.0,2018,306,3.143230133781998,0.9637468827443155,0.5716778227340811,411,34,12.088235294117647,23,4,2,1,0
fixed_120,residual_005,1.0,2019,306,3.1443764822127074,0.9682179162339559,0.5760748988633982,403,34,11.852941176470589,18,2,0,0,0
fixed_120,residual_005,1.0,2020,306,2.9771940808368997,0.9881964358758386,0.5875913376273109,393,34,11.558823529411764,18,1,0,0,0
fixed_120,residual_005,1.0,2021,306,3.059252893619081,0.9888075330881807,0.5875508038002081,379,34,11.147058823529411,17,0,0,0,0
fixed_120,residual_005,1.0,2022,306,3.1535446618956744,0.9959418771351647,0.5944976890319831,402,34,11.823529411764707,23,4,2,1,0
fixed_120,residual_005,1.0,2023,306,3.058562587359635,0.9462230698819573,0.55961634691903,422,34,12.411764705882353,21,4,1,0,0
fixed_120,residual_005,1.0,2024,306,3.103999922141504,0.9900288585781899,0.5912994385243137,411,34,12.088235294117647,22,5,3,2,0
fixed_120,residual_005,1.0,2025,306,3.1054247601055716,0.9522552087163146,0.562370156285561,432,34,12.705882352941176,22,5,4,1,0
fixed_120,residual_010,0.0,2011,306,2.9800153257380377,0.9984369267752818,0.5967519758744116,398,34,11.705882352941176,18,2,0,0,0
fixed_120,residual_010,0.0,2012,306,3.0590440809694455,1.0019583867148252,0.5967074610852863,395,34,11.617647058823529,24,2,1,1,1
fixed_120,residual_010,0.0,2013,306,3.112939522859988,0.9677458634084586,0.5715381746267675,413,34,12.147058823529411,23,4,2,1,0
fixed_120,residual_010,0.0,2014,306,3.0360852935230094,1.0463079978389154,0.6224295403575164,395,34,11.617647058823529,19,2,0,0,0
fixed_120,residual_010,0.0,2015,306,3.022748667252098,1.0198867751716802,0.609158852561128,373,34,10.970588235294118,18,1,0,0,0
fixed_120,residual_010,0.0,2016,306,3.0105651628270054,1.0025955859385387,0.5999020769167708,417,34,12.264705882352942,21,4,2,0,0
fixed_120,residual_010,0.0,2017,306,2.9573191716772804,1.0312223026685325,0.6183379751161289,378,34,11.117647058823529,18,2,0,0,0
fixed_120,residual_010,0.0,2018,306,3.1805247567875257,1.00026647634114,0.5951278476758229,402,34,11.823529411764707,26,2,2,1,1
fixed_120,residual_010,0.0,2019,306,3.1839168680142653,1.007524078212548,0.6022020141699348,390,34,11.470588235294118,18,2,0,0,0
fixed_120,residual_010,0.0,2020,306,3.020376189335324,1.0308351337570476,0.6145643764264426,383,34,11.264705882352942,19,2,0,0,0
fixed_120,residual_010,0.0,2021,306,3.0901829765708926,1.0190699473447813,0.6041455354307843,413,34,12.147058823529411,18,1,0,0,0
fixed_120,residual_010,0.0,2022,306,3.189326107170218,1.0317923424897417,0.6176172055497929,379,34,11.147058823529411,19,2,0,0,0
fixed_120,residual_010,0.0,2023,306,3.0802664529713906,0.9668262492633478,0.5781276740957813,432,34,12.705882352941176,22,6,2,1,0
fixed_120,residual_010,0.0,2024,306,3.1589985303160253,1.0447126236576547,0.6250742055771301,366,34,10.764705882352942,21,3,1,0,0
fixed_120,residual_010,0.0,2025,306,3.1474074840826494,0.9930216501417063,0.5856877110186239,437,34,12.852941176470589,22,7,4,1,0
fixed_120,residual_010,0.5,2011,306,2.9746478097507887,0.9930694107880326,0.5926540168802108,405,34,11.911764705882353,19,3,0,0,0
fixed_120,residual_010,0.5,2012,306,3.041624433554186,0.9845387392995657,0.5851333734755243,419,34,12.323529411764707,24,2,1,1,1
fixed_120,residual_010,0.5,2013,306,3.0947973889706955,0.9496037295191662,0.5612334805519472,415,34,12.205882352941176,23,4,2,1,0
fixed_120,residual_010,0.5,2014,306,3.0046385730711815,1.0148612773870878,0.6060408943952063,418,34,12.294117647058824,20,3,1,0,0
fixed_120,residual_010,0.5,2015,306,2.994956105926492,0.9920942138460741,0.5913541380681135,397,34,11.676470588235293,18,2,0,0,0
fixed_120,residual_010,0.5,2016,306,3.0016779230358637,0.9937083461473968,0.5955490145122287,425,34,12.5,21,4,3,0,0
fixed_120,residual_010,0.5,2017,306,2.9348308405220145,1.0087339715132666,0.6038111132521665,401,34,11.794117647058824,18,1,0,0,0
fixed_120,residual_010,0.5,2018,306,3.1559597132622064,0.9757014328158207,0.5799949997955988,397,34,11.676470588235293,26,1,1,1,1
fixed_120,residual_010,0.5,2019,306,3.158069698444096,0.9816769086423792,0.585337605284831,393,34,11.558823529411764,20,2,1,0,0
fixed_120,residual_010,0.5,2020,306,2.992008584707287,1.0024675291290102,0.5974118462015097,393,34,11.558823529411764,22,2,1,1,0
fixed_120,residual_010,0.5,2021,306,3.0689139963745635,0.9978009671484521,0.5930014915567212,401,34,11.794117647058824,20,1,1,0,0
fixed_120,residual_010,0.5,2022,306,3.165105264409789,1.0075714997293126,0.6025954951925946,397,34,11.676470588235293,19,3,0,0,0
fixed_120,residual_010,0.5,2023,306,3.063871589167461,0.9504313854594179,0.5650001140619799,429,34,12.617647058823529,22,3,2,1,0
fixed_120,residual_010,0.5,2024,306,3.1257949429493834,1.0115090362910126,0.6048713193438731,398,34,11.705882352941176,22,3,3,2,0
fixed_120,residual_010,0.5,2025,306,3.1213078750201664,0.9669220410792227,0.5714340557468327,438,34,12.882352941176471,22,6,4,1,0
fixed_120,residual_010,1.0,2011,306,2.9805686023828866,0.9989902034201308,0.5959253959145626,393,34,11.558823529411764,18,1,0,0,0
fixed_120,residual_010,1.0,2012,306,3.0463606146448514,0.9892749203902308,0.5890123377315373,407,34,11.970588235294118,21,2,1,0,0
fixed_120,residual_010,1.0,2013,306,3.08623076335067,0.9410371038991403,0.5561792155114469,423,34,12.441176470588236,23,4,2,1,0
fixed_120,residual_010,1.0,2014,306,2.991646674591777,1.0018693789076831,0.59854510379583,417,34,12.264705882352942,19,5,0,0,0
fixed_120,residual_010,1.0,2015,306,2.9794242133389486,0.9765623212585306,0.5807441494101531,396,34,11.647058823529411,18,1,0,0,0
fixed_120,residual_010,1.0,2016,306,3.003922600884411,0.9959530239959442,0.5975189531288768,416,34,12.235294117647058,20,3,2,0,0
fixed_120,residual_010,1.0,2017,306,2.921983955225377,0.9958870862166291,0.5952808362730977,420,34,12.352941176470589,22,3,2,1,0
fixed_120,residual_010,1.0,2018,306,3.1440051631907013,0.9637468827443155,0.5716778227340811,412,34,12.117647058823529,23,4,2,1,0
fixed_120,residual_010,1.0,2019,306,3.144646855556094,0.9682540657543766,0.5760993445691224,402,34,11.823529411764707,20,2,1,0,0
fixed_120,residual_010,1.0,2020,306,2.977598665846947,0.9880576102686702,0.5874928416444871,393,34,11.558823529411764,18,1,0,0,0
fixed_120,residual_010,1.0,2021,306,3.0597731354563242,0.9886601062302126,0.5874438729199458,380,34,11.176470588235293,17,0,0,0,0
fixed_120,residual_010,1.0,2022,306,3.1534756418156404,0.9959418771351647,0.5944976890319831,403,34,11.852941176470589,23,4,2,1,0
fixed_120,residual_010,1.0,2023,306,3.0596391276521104,0.9461989239440673,0.5596162507000247,423,34,12.441176470588236,21,4,1,0,0
fixed_120,residual_010,1.0,2024,306,3.1043147652365604,0.9900288585781899,0.5912994385243137,409,34,12.029411764705882,22,4,3,2,0
fixed_120,residual_010,1.0,2025,306,3.106559504743512,0.9521736708025685,0.5623070175080537,436,34,12.823529411764707,22,5,4,1,0
fixed_120,residual_020,0.0,2011,306,2.9838314016366825,1.0008609884844075,0.598014452107237,398,34,11.705882352941176,20,3,1,0,0
fixed_120,residual_020,0.0,2012,306,3.069440803831427,1.006943593956889,0.5999267258474692,389,34,11.441176470588236,24,2,1,1,1
fixed_120,residual_020,0.0,2013,306,3.119073235075479,0.9716129056602604,0.573446418322451,410,34,12.058823529411764,23,3,2,1,0
fixed_120,residual_020,0.0,2014,306,3.0404825401832447,1.0490026427467223,0.624204779903782,392,34,11.529411764705882,19,2,0,0,0
fixed_120,residual_020,0.0,2015,306,3.0323986891921355,1.0277648338704464,0.6142371223123896,367,34,10.794117647058824,18,1,0,0,0
fixed_120,residual_020,0.0,2016,306,3.014961759676002,1.0052678893919123,0.6013708904325538,419,34,12.323529411764707,23,5,2,1,0
fixed_120,residual_020,0.0,2017,306,2.9623657803123598,1.0348487624250589,0.6210369770075086,371,34,10.911764705882353,18,2,0,0,0
fixed_120,residual_020,0.0,2018,306,3.1858597792555505,1.0032658951184812,0.5971381515651085,408,34,12.0,26,2,1,1,1
fixed_120,residual_020,0.0,2019,306,3.1890240641441077,1.0114281571585901,0.6049490844112126,390,34,11.470588235294118,18,2,0,0,0
fixed_120,residual_020,0.0,2020,306,3.0244304896393706,1.0331527102773492,0.6166818734842032,383,34,11.264705882352942,19,2,0,0,0
fixed_120,residual_020,0.0,2021,306,3.0975296325210695,1.024544617421176,0.6064710951000055,416,34,12.235294117647058,18,1,0,0,0
fixed_120,residual_020,0.0,2022,306,3.1971074826352877,1.0390552663912347,0.6212635696964949,381,34,11.205882352941176,19,2,0,0,0
fixed_120,residual_020,0.0,2023,306,3.0851600391670537,0.9688116541605692,0.5793079098978529,429,34,12.617647058823529,22,6,2,1,0
fixed_120,residual_020,0.0,2024,306,3.16464826255329,1.0492164686447356,0.6276025636391591,356,34,10.470588235294118,21,2,1,0,0
fixed_120,residual_020,0.0,2025,306,3.1543779361819846,0.9970398431920834,0.5878836640598544,440,34,12.941176470588236,22,6,4,1,0
fixed_120,residual_020,0.5,2011,306,2.9762220391005436,0.9932516259482691,0.5927013381668098,413,34,12.147058823529411,20,4,1,0,0
fixed_120,residual_020,0.5,2012,306,3.048634481172472,0.9861372712979343,0.5861844630905332,412,34,12.117647058823529,24,2,1,1,1
fixed_120,residual_020,0.5,2013,306,3.098375747083797,0.9509154176685782,0.5618299957065089,412,34,12.117647058823529,23,4,2,1,0
fixed_120,residual_020,0.5,2014,306,3.0069194398637746,1.015439542427252,0.6064827980566041,418,34,12.294117647058824,20,3,1,0,0
fixed_120,residual_020,0.5,2015,306,3.0000304791305243,0.9953966238088348,0.5935600118411796,395,34,11.617647058823529,18,1,0,0,0
fixed_120,residual_020,0.5,2016,306,3.003835537262595,0.9941416669785055,0.5957634393452211,420,34,12.352941176470589,20,4,2,0,0
fixed_120,residual_020,0.5,2017,306,2.937439531339056,1.0099225134517553,0.6047965465698913,410,34,12.058823529411764,20,2,1,0,0
fixed_120,residual_020,0.5,2018,306,3.158466038856239,0.9758721547191693,0.5803255615655951,401,34,11.794117647058824,26,2,1,1,1
fixed_120,residual_020,0.5,2019,306,3.1602124428379867,0.9826165358524696,0.586115319671216,390,34,11.470588235294118,20,2,1,0,0
fixed_120,residual_020,0.5,2020,306,2.993700321753355,1.0024225423913333,0.5975725309702935,396,34,11.647058823529411,21,2,1,0,0
fixed_120,residual_020,0.5,2021,306,3.072447949620784,0.9994629345208912,0.5936929313627357,401,34,11.794117647058824,20,1,1,0,0
fixed_120,residual_020,0.5,2022,306,3.168070512349681,1.010018296105628,0.6038431600232209,389,34,11.441176470588236,19,5,0,0,0
fixed_120,residual_020,0.5,2023,306,3.0668039468798605,0.9504555618733761,0.565092655540412,425,34,12.5,22,4,2,1,0
fixed_120,residual_020,0.5,2024,306,3.1284880321128896,1.013056238204335,0.605860796878578,399,34,11.735294117647058,25,3,3,2,1
fixed_120,residual_020,0.5,2025,306,3.1253292987151595,0.9679912057252585,0.5719969645399297,438,34,12.882352941176471,22,7,4,1,0
fixed_120,residual_020,1.0,2011,306,2.9820044708027846,0.9990340576505102,0.5959702777659359,393,34,11.558823529411764,18,1,0,0,0
fixed_120,residual_020,1.0,2012,306,3.0517721302647685,0.9892749203902308,0.5890123377315373,413,34,12.147058823529411,21,2,2,0,0
fixed_120,residual_020,1.0,2013,306,3.088455362829791,0.9409950334145722,0.5561650683993513,422,34,12.411764705882353,23,4,2,1,0
fixed_120,residual_020,1.0,2014,306,2.9933492763442056,1.0018693789076831,0.59854510379583,416,34,12.235294117647058,19,4,0,0,0
fixed_120,residual_020,1.0,2015,306,2.98119617658022,0.9765623212585306,0.5807441494101531,401,34,11.794117647058824,18,1,0,0,0
fixed_120,residual_020,1.0,2016,306,3.0056468942800336,0.9959530239959442,0.5975189531288768,419,34,12.323529411764707,20,3,2,0,0
fixed_120,residual_020,1.0,2017,306,2.92340410410393,0.995887086216629,0.5952808362730977,427,34,12.558823529411764,22,3,2,1,0
fixed_120,residual_020,1.0,2018,306,3.1463407668813845,0.9637468827443155,0.5716778227340811,413,34,12.147058823529411,23,4,2,1,0
fixed_120,residual_020,1.0,2019,306,3.1459335469873904,0.968337640001873,0.5761586989403523,400,34,11.764705882352942,20,2,1,0,0
fixed_120,residual_020,1.0,2020,306,2.979063710304964,0.9877859309429428,0.5873001392170216,392,34,11.529411764705882,17,0,0,0,0
fixed_120,residual_020,1.0,2021,306,3.0613576123673027,0.9883725972674098,0.5872347519693014,378,34,11.117647058823529,16,0,0,0,0
fixed_120,residual_020,1.0,2022,306,3.1539940933792177,0.9959418771351647,0.5944976890319831,402,34,11.823529411764707,23,5,2,1,0
fixed_120,residual_020,1.0,2023,306,3.0625071576671217,0.946158772660637,0.5596201843444095,422,34,12.411764705882353,21,4,1,0,0
fixed_120,residual_020,1.0,2024,306,3.105460652486744,0.9900288585781899,0.5912994385243137,412,34,12.117647058823529,22,4,3,2,0
fixed_120,residual_020,1.0,2025,306,3.109359547954685,0.9520214549647839,0.5621905161302116,438,34,12.882352941176471,22,7,4,1,0
fixed_180,legacy,0.0,2011,306,2.973271100655668,0.9975161589594461,0.5960763094174234,398,34,11.705882352941176,18,1,0,0,0
fixed_180,legacy,0.0,2012,306,3.032479588296684,0.9923718801284994,0.5899090627745004,408,34,12.0,25,2,1,1,1
fixed_180,legacy,0.0,2013,306,3.093390137171052,0.9580886622661725,0.5653170874167025,409,34,12.029411764705882,21,5,3,0,0
fixed_180,legacy,0.0,2014,306,3.004905517026565,1.033857503275271,0.6162650808556049,386,34,11.352941176470589,18,1,0,0,0
fixed_180,legacy,0.0,2015,306,2.9984865346465797,1.0065913969504974,0.6008183098478296,377,34,11.088235294117647,17,0,0,0,0
fixed_180,legacy,0.0,2016,306,2.990479642721224,1.002092714744952,0.6006615008057062,408,34,12.0,21,4,2,0,0
fixed_180,legacy,0.0,2017,306,2.9413052600124407,1.0233268435379086,0.6125995053183872,377,34,11.088235294117647,18,2,0,0,0
fixed_180,legacy,0.0,2018,306,3.1624498902693388,0.9932168344602852,0.5897819829178595,405,34,11.911764705882353,23,1,1,1,0
fixed_180,legacy,0.0,2019,306,3.1653963987538507,1.0015360488700797,0.5971693817807509,376,34,11.058823529411764,18,2,0,0,0
fixed_180,legacy,0.0,2020,306,2.9928639627358837,1.0171297951640887,0.6062016328305181,378,34,11.117647058823529,20,1,1,0,0
fixed_180,legacy,0.0,2021,306,3.0730898464795633,1.015952964906761,0.6034818268781696,411,34,12.088235294117647,18,3,0,0,0
fixed_180,legacy,0.0,2022,306,3.160109316296281,1.0187863301905908,0.6099647402833394,387,34,11.382352941176471,18,1,0,0,0
fixed_180,legacy,0.0,2023,306,3.0676138062114298,0.9678607887379576,0.5784193018045852,406,34,11.941176470588236,21,3,2,0,0
fixed_180,legacy,0.0,2024,306,3.1364672871208823,1.0334926120074277,0.6175925175673258,366,34,10.764705882352942,25,3,1,1,1
fixed_180,legacy,0.0,2025,306,3.122356406702401,0.9856803762808521,0.5812702991036025,437,34,12.852941176470589,22,6,3,1,0
fixed_180,legacy,0.5,2011,306,2.9701942465824818,0.9944393048862602,0.5934602707011152,398,34,11.705882352941176,19,2,0,0,0
fixed_180,legacy,0.5,2012,306,3.0223237617757484,0.9822160536075635,0.5833668308006711,420,34,12.352941176470589,25,1,1,1,1
fixed_180,legacy,0.5,2013,306,3.08076162986903,0.9454601549641503,0.5585863799188551,414,34,12.176470588235293,23,5,2,1,0
fixed_180,legacy,0.5,2014,306,2.982444524799235,1.0113965110479413,0.6040111207074366,411,34,12.088235294117647,20,2,1,0,0
fixed_180,legacy,0.5,2015,306,2.9781255208778896,0.9862303831818073,0.587577309403195,396,34,11.647058823529411,18,1,0,0,0
fixed_180,legacy,0.5,2016,306,2.9835457850680296,0.995158857091758,0.5969134557358802,401,34,11.794117647058824,21,4,2,0,0
fixed_180,legacy,0.5,2017,306,2.923951793038192,1.0059733765636598,0.6016801880983961,401,34,11.794117647058824,19,2,0,0,0
fixed_180,legacy,0.5,2018,306,3.1437772621974966,0.9745442063884435,0.5786884635992844,403,34,11.852941176470589,20,1,1,0,0
fixed_180,legacy,0.5,2019,306,3.144323440628639,0.980463090744868,0.5840876038386708,404,34,11.882352941176471,20,2,1,0,0
fixed_180,legacy,0.5,2020,306,2.9744926957611675,0.9987585281893726,0.5948418829200999,380,34,11.176470588235293,17,0,0,0,0
fixed_180,legacy,0.5,2021,306,3.0544718528147423,0.99733497124194,0.5931492987584253,393,34,11.558823529411764,18,1,0,0,0
fixed_180,legacy,0.5,2022,306,3.143916294617867,1.002593308512177,0.5995982452495142,405,34,11.911764705882353,22,3,1,1,0
fixed_180,legacy,0.5,2023,306,3.052396754849464,0.9526437373759921,0.5661894545482202,416,34,12.235294117647058,21,3,2,0,0
fixed_180,legacy,0.5,2024,306,3.110225560257584,1.007250885144129,0.601882319926827,399,34,11.735294117647058,23,3,2,2,0
fixed_180,legacy,0.5,2025,306,3.1004266471912842,0.9637506167697353,0.5694613950665123,432,34,12.705882352941176,24,5,4,2,1
fixed_180,legacy,1.0,2011,306,2.9744274559952273,0.9986725142990056,0.595711754273402,391,34,11.5,18,1,0,0,0
fixed_180,legacy,1.0,2012,306,3.0293826285584156,0.9892749203902308,0.5890123377315373,408,34,12.0,22,2,2,1,0
fixed_180,legacy,1.0,2013,306,3.076369922982711,0.9410684480778311,0.556191100835467,416,34,12.235294117647058,21,3,1,0,0
fixed_180,legacy,1.0,2014,306,2.9729173926589767,1.0018693789076831,0.59854510379583,412,34,12.117647058823529,18,4,0,0,0
fixed_180,legacy,1.0,2015,306,2.968457458954613,0.9765623212585306,0.5807441494101531,386,34,11.352941176470589,17,0,0,0,0
fixed_180,legacy,1.0,2016,306,2.9843399519722156,0.9959530239959442,0.5975189531288768,415,34,12.205882352941176,20,2,2,0,0
fixed_180,legacy,1.0,2017,306,2.9138655026911615,0.995887086216629,0.5952808362730977,424,34,12.470588235294118,22,3,1,1,0
fixed_180,legacy,1.0,2018,306,3.132979938553369,0.9637468827443155,0.5716778227340811,402,34,11.823529411764707,20,2,1,0,0
fixed_180,legacy,1.0,2019,306,3.1323013118571037,0.9684409619733332,0.5762426751013209,397,34,11.676470588235293,20,2,1,0,0
fixed_180,legacy,1.0,2020,306,2.964082384587781,0.988348217015986,0.5876945328045795,392,34,11.529411764705882,18,3,0,0,0
fixed_180,legacy,1.0,2021,306,3.045748923443474,0.9886120418706715,0.5873967567424612,380,34,11.176470588235293,17,0,0,0,0
fixed_180,legacy,1.0,2022,306,3.137264863240855,0.9959418771351647,0.5944976890319831,395,34,11.617647058823529,22,4,2,1,0
fixed_180,legacy,1.0,2023,306,3.0461498272043204,0.9463968097308483,0.5596854887120277,431,34,12.676470588235293,21,3,1,0,0
fixed_180,legacy,1.0,2024,306,3.0930035336916446,0.9900288585781899,0.5912994385243137,410,34,12.058823529411764,23,4,2,2,0
fixed_180,legacy,1.0,2025,306,3.0889540994212017,0.9522780689996527,0.5623769113109993,435,34,12.794117647058824,22,5,4,1,0
fixed_180,none,0.0,2011,306,2.972806461184021,0.9960770776208405,0.595140983844876,395,34,11.617647058823529,18,2,0,0,0
fixed_180,none,0.0,2012,306,3.0268837146626253,0.9883383243492286,0.5875597905957923,404,34,11.882352941176471,25,2,1,1,1
fixed_180,none,0.0,2013,306,3.089992445817947,0.9585105400287007,0.56647335705974,417,34,12.264705882352942,23,5,3,1,0
fixed_180,none,0.0,2014,306,3.000156686463719,1.0295586520610933,0.6133930365351935,393,34,11.558823529411764,18,2,0,0,0
fixed_180,none,0.0,2015,306,2.9916797962300845,1.0021798138857254,0.597793233892065,379,34,11.147058823529411,18,1,0,0,0
fixed_180,none,0.0,2016,306,2.9877700901177873,0.99839767293199,0.5984444680757,403,34,11.852941176470589,21,3,2,0,0
fixed_180,none,0.0,2017,306,2.9372300748019047,1.0206649770140426,0.6106368587523172,390,34,11.470588235294118,18,2,0,0,0
fixed_180,none,0.0,2018,306,3.1586054713828458,0.9908872522544638,0.5889254936313958,405,34,11.911764705882353,22,2,2,1,0
fixed_180,none,0.0,2019,306,3.163412460215047,0.9992034120555482,0.5961732058410727,377,34,11.088235294117647,18,2,0,0,0
fixed_180,none,0.0,2020,306,2.991121488524571,1.014612903774803,0.6048508855452588,388,34,11.411764705882353,18,1,0,0,0
fixed_180,none,0.0,2021,306,3.0655421170381856,1.0091415119511502,0.600443376740534,415,34,12.205882352941176,18,3,0,0,0
fixed_180,none,0.0,2022,306,3.1529450208142067,1.013724550032362,0.6073130278580556,395,34,11.617647058823529,22,2,1,1,0
fixed_180,none,0.0,2023,306,3.0661514646120085,0.9683615386795744,0.5787480237392054,413,34,12.147058823529411,21,4,2,0,0
fixed_180,none,0.0,2024,306,3.1321714318596707,1.0302949299499078,0.6162577106817989,373,34,10.970588235294118,18,4,0,0,0
fixed_180,none,0.0,2025,306,3.1179131333999135,0.9836860446570737,0.5808656231502842,417,34,12.264705882352942,25,4,2,2,1
fixed_180,none,0.5,2011,306,2.9711281759278463,0.994398792364666,0.5934504518686206,398,34,11.705882352941176,19,2,0,0,0
fixed_180,none,0.5,2012,306,3.0196969032283247,0.9811515129149282,0.5827551875182755,428,34,12.588235294117647,25,3,2,1,1
fixed_180,none,0.5,2013,306,3.0778473049390582,0.9463653991498118,0.559415467483153,413,34,12.147058823529411,23,4,2,2,0
fixed_180,none,0.5,2014,306,2.9806539571281885,1.0100559227255632,0.6029696829245342,418,34,12.294117647058824,20,3,1,0,0
fixed_180,none,0.5,2015,306,2.973745113963398,0.9842451316190386,0.586113330184049,403,34,11.852941176470589,19,3,0,0,0
fixed_180,none,0.5,2016,306,2.9832582785789015,0.9938858613931043,0.596053214652602,401,34,11.794117647058824,21,3,2,0,0
fixed_180,none,0.5,2017,306,2.9216810443532073,1.0051159465653454,0.6009514989903383,401,34,11.794117647058824,19,2,0,0,0
fixed_180,none,0.5,2018,306,3.1416252496534356,0.9739070305250537,0.5783901472123748,400,34,11.764705882352942,18,1,0,0,0
fixed_180,none,0.5,2019,306,3.144051256732115,0.979842208572616,0.5838210094187801,408,34,12.0,20,3,1,0,0
fixed_180,none,0.5,2020,306,2.9747871824289995,0.9982785976792315,0.5945906242509319,384,34,11.294117647058824,19,1,0,0,0
fixed_180,none,0.5,2021,306,3.051058431275909,0.9946578261888742,0.591814585526354,393,34,11.558823529411764,18,2,0,0,0
fixed_180,none,0.5,2022,306,3.140175394101935,1.0009549233200898,0.5986739509371607,414,34,12.176470588235293,22,3,1,1,0
fixed_180,none,0.5,2023,306,3.051103782265317,0.9533138563328832,0.5664873491910483,408,34,12.0,21,3,2,0,0
fixed_180,none,0.5,2024,306,3.108000515602771,1.0061240136930079,0.6012678134594587,386,34,11.352941176470589,22,4,2,2,0
fixed_180,none,0.5,2025,306,3.098200430014103,0.963973341271263,0.5698507922381592,426,34,12.529411764705882,25,5,3,2,1
fixed_180,none,1.0,2011,306,2.9753918783476077,0.9986624947844271,0.5956971227615702,397,34,11.676470588235293,18,1,0,0,0
fixed_180,none,1.0,2012,306,3.0278203107036274,0.9892749203902308,0.5890123377315373,411,34,12.088235294117647,22,3,2,1,0
fixed_180,none,1.0,2013,306,3.0726800674920405,0.9411981617027939,0.5562435270112771,420,34,12.352941176470589,23,4,1,1,0
fixed_180,none,1.0,2014,306,2.972467413310308,1.0018693789076831,0.59854510379583,418,34,12.294117647058824,20,4,1,0,0
fixed_180,none,1.0,2015,306,2.96606230360289,0.9765623212585306,0.5807441494101531,388,34,11.411764705882353,18,1,0,0,0
fixed_180,none,1.0,2016,306,2.9853254411817414,0.9959530239959442,0.5975189531288768,415,34,12.205882352941176,20,3,2,0,0
fixed_180,none,1.0,2017,306,2.9124521840044912,0.9958870862166291,0.5952808362730977,422,34,12.411764705882353,22,3,2,1,0
fixed_180,none,1.0,2018,306,3.1314651018726973,0.9637468827443155,0.5716778227340811,406,34,11.941176470588236,19,4,0,0,0
fixed_180,none,1.0,2019,306,3.1327501645319673,0.9685411163724681,0.576319679235513,394,34,11.588235294117647,20,2,1,0,0
fixed_180,none,1.0,2020,306,2.964967271278773,0.9884586865290053,0.58777314556192,396,34,11.647058823529411,19,3,0,0,0
fixed_180,none,1.0,2021,306,3.0451331617052655,0.9887325566182303,0.5874891118868514,375,34,11.029411764705882,16,0,0,0,0
fixed_180,none,1.0,2022,306,3.1351623479170097,0.9959418771351647,0.5944976890319831,400,34,11.764705882352942,22,4,2,1,0
fixed_180,none,1.0,2023,306,3.0443396503532525,0.9465497244208185,0.5597487782279208,427,34,12.558823529411764,21,3,1,0,0
fixed_180,none,1.0,2024,306,3.0919053604879525,0.9900288585781899,0.5912994385243137,403,34,11.852941176470589,22,5,2,2,0
fixed_180,none,1.0,2025,306,3.086744047612425,0.952516958869585,0.5625435675807732,428,34,12.588235294117647,22,5,3,1,0
fixed_180,residual_005,0.0,2011,306,2.972555213250019,0.995853815786071,0.5949195308442611,398,34,11.705882352941176,18,2,0,0,0
fixed_180,residual_005,0.0,2012,306,3.0303632876084805,0.9897301571577254,0.5884799534271393,404,34,11.882352941176471,25,1,1,1,1
fixed_180,residual_005,0.0,2013,306,3.0911575700133698,0.9591787990756809,0.5665484068874191,413,34,12.147058823529411,23,5,3,1,0
fixed_180,residual_005,0.0,2014,306,3.0004792687742845,1.029790173080895,0.613641175091966,394,34,11.588235294117647,19,2,0,0,0
fixed_180,residual_005,0.0,2015,306,2.994760152156898,1.0049884624546794,0.5997377247690641,370,34,10.882352941176471,18,1,0,0,0
fixed_180,residual_005,0.0,2016,306,2.9878479344290314,0.9982986410254728,0.5983003724897847,407,34,11.970588235294118,21,4,2,0,0
fixed_180,residual_005,0.0,2017,306,2.9382275359538776,1.021447380557806,0.6113243599877378,396,34,11.647058823529411,18,2,0,0,0
fixed_180,residual_005,0.0,2018,306,3.1585779219225354,0.9905237153338484,0.5889499273975752,405,34,11.911764705882353,22,2,2,1,0
fixed_180,residual_005,0.0,2019,306,3.163519724932633,0.9996137975006801,0.5966208182212752,379,34,11.147058823529411,18,3,0,0,0
fixed_180,residual_005,0.0,2020,306,2.990952930976307,1.01448259633631,0.6049559719804014,391,34,11.5,18,2,0,0,0
fixed_180,residual_005,0.0,2021,306,3.0670857641391955,1.0104314794343932,0.6008314108960666,415,34,12.205882352941176,18,3,0,0,0
fixed_180,residual_005,0.0,2022,306,3.154688231094375,1.0158995097774899,0.6083827758975081,399,34,11.735294117647058,22,1,1,1,0
fixed_180,residual_005,0.0,2023,306,3.065758467783167,0.9674250703504095,0.57821233402556,415,34,12.205882352941176,22,3,2,1,0
fixed_180,residual_005,0.0,2024,306,3.133225408980478,1.0313689082855626,0.6168491637020637,361,34,10.617647058823529,19,4,0,0,0
fixed_180,residual_005,0.0,2025,306,3.11947198736607,0.984530987589952,0.5811878246623016,428,34,12.588235294117647,22,6,2,1,0
fixed_180,residual_005,0.5,2011,306,2.9707786463901913,0.9940772489262434,0.5932051894132602,396,34,11.647058823529411,19,2,0,0,0
fixed_180,residual_005,0.5,2012,306,3.022289722219082,0.9816565917683271,0.5830732380265531,426,34,12.529411764705882,25,3,2,1,1
fixed_180,residual_005,0.5,2013,306,3.078678874361159,0.94670010342347,0.5594837327166553,417,34,12.264705882352942,23,4,2,2,0
fixed_180,residual_005,0.5,2014,306,2.980709138285748,1.0100200425923582,0.6029766916417296,421,34,12.382352941176471,20,3,1,0,0
fixed_180,residual_005,0.5,2015,306,2.9754125987528695,0.9856409090506505,0.5870757374042124,399,34,11.735294117647058,18,2,0,0,0
fixed_180,residual_005,0.5,2016,306,2.983227116722958,0.9936778233193996,0.595885088463936,405,34,11.911764705882353,21,4,2,0,0
fixed_180,residual_005,0.5,2017,306,2.9222124483230494,1.0054322929269774,0.6012454982361548,404,34,11.882352941176471,19,2,0,0,0
fixed_180,residual_005,0.5,2018,306,3.1415582459324654,0.9735040393437784,0.5782639290998683,402,34,11.823529411764707,18,1,0,0,0
fixed_180,residual_005,0.5,2019,306,3.143834102823898,0.9799281753919452,0.5839566616533537,403,34,11.852941176470589,20,3,1,0,0
fixed_180,residual_005,0.5,2020,306,2.9744181136811187,0.9979477790411218,0.5944233412960873,384,34,11.294117647058824,17,0,0,0,0
fixed_180,residual_005,0.5,2021,306,3.0517586722607333,0.9951043875559303,0.5919318153701054,394,34,11.588235294117647,18,2,0,0,0
fixed_180,residual_005,0.5,2022,306,3.1406329531351185,1.001844231818234,0.5991078082857161,411,34,12.088235294117647,22,3,1,1,0
fixed_180,residual_005,0.5,2023,306,3.0511108264434825,0.9527774290107254,0.5661856717631523,416,34,12.235294117647058,22,3,2,1,0
fixed_180,residual_005,0.5,2024,306,3.1084728698781388,1.0066163691832235,0.6015853401791982,400,34,11.764705882352942,23,4,2,2,0
fixed_180,residual_005,0.5,2025,306,3.0991548224364367,0.9642138226603189,0.5699253288988215,428,34,12.588235294117647,25,5,3,2,1
fixed_180,residual_005,1.0,2011,306,2.975374736397884,0.9986733389339365,0.5957097524931538,391,34,11.5,18,1,0,0,0
fixed_180,residual_005,1.0,2012,306,3.0299080508409855,0.9892749203902308,0.5890123377315373,409,34,12.029411764705882,22,3,2,1,0
fixed_180,residual_005,1.0,2013,306,3.073148536990784,0.9411697660530952,0.5562313535493313,421,34,12.382352941176471,23,4,1,1,0
fixed_180,residual_005,1.0,2014,306,2.9725584746010725,1.0018693789076831,0.59854510379583,411,34,12.088235294117647,19,4,0,0,0
fixed_180,residual_005,1.0,2015,306,2.9663340109607494,0.9765623212585306,0.5807441494101531,389,34,11.441176470588236,18,1,0,0,0
fixed_180,residual_005,1.0,2016,306,2.9855023173995026,0.9959530239959442,0.5975189531288768,418,34,12.294117647058824,20,2,2,0,0
fixed_180,residual_005,1.0,2017,306,2.912667241612701,0.9958870862166291,0.5952808362730977,425,34,12.5,22,3,2,1,0
fixed_180,residual_005,1.0,2018,306,3.1318010893330026,0.9637468827443155,0.5716778227340811,404,34,11.882352941176471,19,4,0,0,0
fixed_180,residual_005,1.0,2019,306,3.1324549398661286,0.9685490124341759,0.576321977797532,394,34,11.588235294117647,20,2,1,0,0
fixed_180,residual_005,1.0,2020,306,2.964788567679106,0.9883182330391092,0.5876721736883044,395,34,11.617647058823529,19,3,0,0,0
fixed_180,residual_005,1.0,2021,306,3.045260135937319,0.9886058512325164,0.5873977506185754,377,34,11.088235294117647,17,0,0,0,0
fixed_180,residual_005,1.0,2022,306,3.1347305984520495,0.9959418771351647,0.5944976890319831,401,34,11.794117647058824,22,4,2,1,0
fixed_180,residual_005,1.0,2023,306,3.044837593686602,0.9465041962538446,0.5597380654909071,431,34,12.676470588235293,21,4,1,0,0
fixed_180,residual_005,1.0,2024,306,3.0918853592731055,0.9900288585781899,0.5912994385243137,409,34,12.029411764705882,23,5,2,2,0
fixed_180,residual_005,1.0,2025,306,3.08735010542938,0.952409105653262,0.5624604422287828,431,34,12.676470588235293,22,5,3,1,0
fixed_180,residual_010,0.0,2011,306,2.9728083654630195,0.9959432052076199,0.5949008497267302,398,34,11.705882352941176,18,3,0,0,0
fixed_180,residual_010,0.0,2012,306,3.034286258119715,0.9914036462151458,0.5895902422648207,406,34,11.941176470588236,25,1,1,1,1
fixed_180,residual_010,0.0,2013,306,3.0928279937879557,0.9601572458367151,0.5668354444321206,413,34,12.147058823529411,23,5,3,1,0
fixed_180,residual_010,0.0,2014,306,3.0012480688857828,1.0302983737309663,0.6140554456794546,393,34,11.558823529411764,19,2,0,0,0
fixed_180,residual_010,0.0,2015,306,2.998307019468559,1.0080802078260984,0.6018508744139075,371,34,10.911764705882353,17,0,0,0,0
fixed_180,residual_010,0.0,2016,306,2.98838453534085,0.9984957682274088,0.5983423317151237,413,34,12.147058823529411,21,5,2,0,0
fixed_180,residual_010,0.0,2017,306,2.939601279012331,1.0224755549371571,0.6121843182987244,389,34,11.441176470588236,20,3,1,0,0
fixed_180,residual_010,0.0,2018,306,3.159274666679883,0.9906239358667293,0.5892370122772529,403,34,11.852941176470589,24,2,2,1,1
fixed_180,residual_010,0.0,2019,306,3.164271607097969,1.000422103615637,0.597318763084134,377,34,11.088235294117647,19,4,0,0,0
fixed_180,residual_010,0.0,2020,306,2.991352069724259,1.0147094984490848,0.605322918100229,393,34,11.558823529411764,19,3,0,0,0
fixed_180,residual_010,0.0,2021,306,3.069159959693512,1.0120751883846857,0.6014212061716698,413,34,12.147058823529411,18,3,0,0,0
fixed_180,residual_010,0.0,2022,306,3.157069893378004,1.0184944564889158,0.609706995207705,398,34,11.705882352941176,18,1,0,0,0
fixed_180,residual_010,0.0,2023,306,3.0660089894710816,0.9668915444575648,0.5779307568540927,411,34,12.088235294117647,22,3,2,1,0
fixed_180,residual_010,0.0,2024,306,3.13479087276549,1.0327763662980312,0.6176533411031603,365,34,10.735294117647058,19,4,0,0,0
fixed_180,residual_010,0.0,2025,306,3.1215086238988023,0.9856758623463271,0.5816996247025006,429,34,12.617647058823529,22,6,3,1,0
fixed_180,residual_010,0.5,2011,306,2.9706993490756815,0.9938341888202814,0.5930130494979138,401,34,11.794117647058824,19,3,0,0,0
fixed_180,residual_010,0.5,2012,306,3.025116168290177,0.9822335563856075,0.5834425815640734,426,34,12.529411764705882,25,2,2,1,1
fixed_180,residual_010,0.5,2013,306,3.079785924917506,0.9471151769662655,0.5596084555300418,417,34,12.264705882352942,23,4,2,2,0
fixed_180,residual_010,0.5,2014,306,2.9810071288969664,1.01005743374215,0.6030308050421282,420,34,12.352941176470589,20,3,1,0,0
fixed_180,residual_010,0.5,2015,306,2.9773347813212525,0.9871079696787923,0.588081701786302,397,34,11.676470588235293,18,1,0,0,0
fixed_180,residual_010,0.5,2016,306,2.9834341450482857,0.9935453779348449,0.5957658681972978,401,34,11.794117647058824,21,4,2,0,0
fixed_180,residual_010,0.5,2017,306,2.922938793992242,1.0058130699170678,0.6015871752352396,412,34,12.117647058823529,19,2,0,0,0
fixed_180,residual_010,0.5,2018,306,3.1418738090814715,0.9732230782683178,0.5782112340240173,405,34,11.911764705882353,20,1,1,0,0
fixed_180,residual_010,0.5,2019,306,3.1439645586720686,0.9801150551897366,0.5841589706250184,398,34,11.705882352941176,20,3,1,0,0
fixed_180,residual_010,0.5,2020,306,2.974350024002059,0.997707452726885,0.5943246675424702,390,34,11.470588235294118,19,1,0,0,0
fixed_180,residual_010,0.5,2021,306,3.052734877989477,0.9956501066806512,0.5921097582481071,390,34,11.470588235294118,18,1,0,0,0
fixed_180,residual_010,0.5,2022,306,3.1414168422973785,1.0028414054082901,0.599610718575331,405,34,11.911764705882353,22,3,1,1,0
fixed_180,residual_010,0.5,2023,306,3.0514650199952342,0.9523475749817173,0.5659555590542413,423,34,12.441176470588236,22,3,2,1,0
fixed_180,residual_010,0.5,2024,306,3.1092086722099177,1.0071941657424595,0.6019606621259046,398,34,11.705882352941176,23,4,2,2,0
fixed_180,residual_010,0.5,2025,306,3.1003681249182686,0.9645353633657934,0.5700528505046311,433,34,12.735294117647058,24,5,3,2,1
fixed_180,residual_010,1.0,2011,306,2.975550804062053,0.9986856438066536,0.5957239011489184,391,34,11.5,18,1,0,0,0
fixed_180,residual_010,1.0,2012,306,3.0321575322948005,0.9892749203902308,0.5890123377315373,407,34,11.970588235294118,22,3,2,1,0
fixed_180,residual_010,1.0,2013,306,3.0738130514607227,0.9411423035094821,0.5562199575287028,420,34,12.352941176470589,23,4,1,1,0
fixed_180,residual_010,1.0,2014,306,2.9728190740624996,1.0018693789076831,0.59854510379583,412,34,12.117647058823529,19,4,0,0,0
fixed_180,residual_010,1.0,2015,306,2.966789132900991,0.9765623212585306,0.5807441494101531,391,34,11.5,17,0,0,0,0
fixed_180,residual_010,1.0,2016,306,2.9858417911093853,0.9959530239959442,0.5975189531288768,416,34,12.235294117647058,20,2,2,0,0
fixed_180,residual_010,1.0,2017,306,2.913012810291803,0.995887086216629,0.5952808362730977,426,34,12.529411764705882,22,3,2,1,0
fixed_180,residual_010,1.0,2018,306,3.1323976135574694,0.9637468827443155,0.5716778227340811,405,34,11.911764705882353,20,4,1,0,0
fixed_180,residual_010,1.0,2019,306,3.13241030588111,0.968560802398778,0.5763277382521679,395,34,11.617647058823529,20,2,1,0,0
fixed_180,residual_010,1.0,2020,306,2.964822566651353,0.9881799953761787,0.5875728617403243,399,34,11.735294117647058,19,3,0,0,0
fixed_180,residual_010,1.0,2021,306,3.045565702728125,0.9884809314192985,0.5873075325478303,377,34,11.088235294117647,17,0,0,0,0
fixed_180,residual_010,1.0,2022,306,3.1345173140242526,0.9959418771351647,0.5944976890319831,400,34,11.764705882352942,22,4,2,1,0
fixed_180,residual_010,1.0,2023,306,3.045580751763744,0.946463306750227,0.559730644113649,424,34,12.470588235294118,21,4,1,0,0
fixed_180,residual_010,1.0,2024,306,3.0920433650456483,0.9900288585781899,0.5912994385243137,409,34,12.029411764705882,23,5,2,2,0
fixed_180,residual_010,1.0,2025,306,3.088138866015093,0.9523061044626173,0.5623810078898446,431,34,12.676470588235293,22,5,3,1,0
fixed_180,residual_020,0.0,2011,306,2.9748388763988025,0.9970615402571366,0.5954554875335177,408,34,12.0,20,3,1,0,0
fixed_180,residual_020,0.0,2012,306,3.043465122510114,0.9955918799995421,0.5923639775836155,403,34,11.852941176470589,26,1,1,1,1
fixed_180,residual_020,0.0,2013,306,3.097684510487058,0.9630438546666557,0.5680437683938998,418,34,12.294117647058824,23,5,3,1,0
fixed_180,residual_020,0.0,2014,306,3.0041259466312464,1.0321470852977424,0.6153739255296344,402,34,11.823529411764707,19,2,0,0,0
fixed_180,residual_020,0.0,2015,306,3.0068038746180865,1.0151182385930992,0.6065662603480856,375,34,11.029411764705882,17,0,0,0,0
fixed_180,residual_020,0.0,2016,306,2.990842801185573,0.9997815966306269,0.5989820231022857,408,34,12.0,22,5,2,1,0
fixed_180,residual_020,0.0,2017,306,2.943480405506328,1.0252689914157138,0.6144146626558286,367,34,10.794117647058824,18,1,0,0,0
fixed_180,residual_020,0.0,2018,306,3.162848299203748,0.9922117937290423,0.590590113432462,411,34,12.088235294117647,27,4,1,1,1
fixed_180,residual_020,0.0,2019,306,3.1677175817420276,1.0032303516977434,0.5994410491039789,388,34,11.411764705882353,19,4,0,0,0
fixed_180,residual_020,0.0,2020,306,2.9938621263143568,1.0162355304405792,0.6068365980674953,380,34,11.176470588235293,20,2,1,0,0
fixed_180,residual_020,0.0,2021,306,3.0749008407133833,1.0164215324794457,0.6031979745413777,415,34,12.205882352941176,18,3,0,0,0
fixed_180,residual_020,0.0,2022,306,3.163755980042,1.024950477918107,0.61309183524382,392,34,11.529411764705882,19,1,0,0,0
fixed_180,residual_020,0.0,2023,306,3.068448610651745,0.9670258325660807,0.5781139436224305,420,34,12.352941176470589,22,3,2,1,0
fixed_180,residual_020,0.0,2024,306,3.1394583156528055,1.0365947672532652,0.6198936466988536,361,34,10.617647058823529,21,3,1,0,0
fixed_180,residual_020,0.0,2025,306,3.1270226401068237,0.9888661661914858,0.5832875198584175,441,34,12.970588235294118,22,7,4,1,0
fixed_180,residual_020,0.5,2011,306,2.9713635796567095,0.9935862435150431,0.5927883864978918,406,34,11.941176470588236,19,2,0,0,0
fixed_180,residual_020,0.5,2012,306,3.031477568959037,0.9836043264484654,0.5843349901411173,422,34,12.411764705882353,26,2,2,1,1
fixed_180,residual_020,0.5,2013,306,3.0828273779204034,0.9481867221000008,0.560027215685167,414,34,12.176470588235293,23,4,2,2,0
fixed_180,residual_020,0.5,2014,306,2.9823325987351086,1.0103537374016043,0.6032805944472217,418,34,12.294117647058824,20,3,1,0,0
fixed_180,residual_020,0.5,2015,306,2.981945126729509,0.9902594907045215,0.5902240061001656,397,34,11.676470588235293,18,1,0,0,0
fixed_180,residual_020,0.5,2016,306,2.984570129892892,0.9935089253379462,0.5956750560452242,404,34,11.882352941176471,21,4,2,0,0
fixed_180,residual_020,0.5,2017,306,2.9249802492008423,1.0067688351102282,0.6024136889601283,407,34,11.970588235294118,20,2,1,0,0
fixed_180,residual_020,0.5,2018,306,3.1436642076468932,0.9730277021721879,0.5783267498272464,407,34,11.970588235294118,27,2,1,1,1
fixed_180,residual_020,0.5,2019,306,3.145281368641966,0.9807941385976816,0.5847632053167192,395,34,11.617647058823529,20,3,1,0,0
fixed_180,residual_020,0.5,2020,306,2.975125758752146,0.9974991628783684,0.594334927068701,388,34,11.411764705882353,19,1,0,0,0
fixed_180,residual_020,0.5,2021,306,3.055519238281491,0.9970399300475531,0.5926474355998629,387,34,11.382352941176471,18,1,0,0,0
fixed_180,residual_020,0.5,2022,306,3.1439707194269375,1.0051652173030445,0.6008242957365381,405,34,11.911764705882353,23,3,1,1,0
fixed_180,residual_020,0.5,2023,306,3.0532295940632377,0.951806815977574,0.5657071415901038,424,34,12.470588235294118,22,3,2,1,0
fixed_180,residual_020,0.5,2024,306,3.1114715997431937,1.0086080513436535,0.6028848843354913,397,34,11.676470588235293,23,4,2,2,0
fixed_180,residual_020,0.5,2025,306,3.1035794955295124,0.9654230216141749,0.5704674726332047,441,34,12.970588235294118,24,6,4,2,1
fixed_180,residual_020,1.0,2011,306,2.9764919624963984,0.9987146263547324,0.5957566674041155,391,34,11.5,18,1,0,0,0
fixed_180,residual_020,1.0,2012,306,3.0371481629008024,0.9892749203902308,0.5890123377315373,406,34,11.941176470588236,23,2,2,1,0
fixed_180,residual_020,1.0,2013,306,3.0757307759741264,0.9410901201537238,0.5561993710316478,420,34,12.352941176470589,23,4,1,1,0
fixed_180,residual_020,1.0,2014,306,2.973848240241187,1.0018693789076831,0.59854510379583,411,34,12.088235294117647,19,4,0,0,0
fixed_180,residual_020,1.0,2015,306,2.9682479572835185,0.9765623212585306,0.5807441494101531,397,34,11.676470588235293,17,0,0,0,0
fixed_180,residual_020,1.0,2016,306,2.9870142285508905,0.9959530239959442,0.5975189531288768,412,34,12.117647058823529,20,2,2,0,0
fixed_180,residual_020,1.0,2017,306,2.9140985003072433,0.995887086216629,0.5952808362730977,425,34,12.5,22,3,2,1,0
fixed_180,residual_020,1.0,2018,306,3.1343833882190206,0.9637468827443155,0.5716778227340811,402,34,11.823529411764707,23,4,2,1,0
fixed_180,residual_020,1.0,2019,306,3.1330835179454724,0.9685962879011882,0.5763498657899501,399,34,11.735294117647058,20,2,1,0,0
fixed_180,residual_020,1.0,2020,306,2.96553669376652,0.9879100978927428,0.5873792968573092,392,34,11.529411764705882,18,1,0,0,0
fixed_180,residual_020,1.0,2021,306,3.046715718624324,0.9882364103903861,0.5871306489668237,377,34,11.088235294117647,17,0,0,0,0
fixed_180,residual_020,1.0,2022,306,3.1347473792590574,0.9959418771351647,0.5944976890319831,400,34,11.764705882352942,23,4,2,1,0
fixed_180,residual_020,1.0,2023,306,3.0478172884589965,0.9463945103733323,0.5597242804541744,424,34,12.470588235294118,21,4,1,0,0
fixed_180,residual_020,1.0,2024,306,3.09289240697773,0.9900288585781899,0.5912994385243137,406,34,11.941176470588236,23,5,2,2,0
fixed_180,residual_020,1.0,2025,306,3.0902708469371274,0.9521143730217898,0.562233756321432,435,34,12.794117647058824,22,5,4,1,0
fixed_270,legacy,0.0,2011,306,2.9747499681177976,0.9986001812003407,0.5961939513976577,395,34,11.617647058823529,19,2,0,0,0
fixed_270,legacy,0.0,2012,306,3.0145320841682053,0.9849535174986969,0.5854951962289481,411,34,12.088235294117647,22,5,2,1,0
fixed_270,legacy,0.0,2013,306,3.0818856079210324,0.9526855514580158,0.5621223060050218,419,34,12.323529411764707,23,6,4,2,0
fixed_270,legacy,0.0,2014,306,2.988004357171759,1.0293016408603384,0.6133072601697653,379,34,11.147058823529411,18,2,0,0,0
fixed_270,legacy,0.0,2015,306,2.9812991096246484,0.9977417197991033,0.5953322860834778,384,34,11.294117647058824,18,1,0,0,0
fixed_270,legacy,0.0,2016,306,2.9798682269552375,1.0019542085749504,0.6011530393896151,406,34,11.941176470588236,24,3,2,1,1
fixed_270,legacy,0.0,2017,306,2.9340533128276762,1.0177893069431534,0.608680938620586,371,34,10.911764705882353,18,2,0,0,0
fixed_270,legacy,0.0,2018,306,3.1479196902214874,0.9857735576125076,0.5851048462933635,413,34,12.147058823529411,22,2,1,1,0
fixed_270,legacy,0.0,2019,306,3.1517110962225585,0.997433307715326,0.5944376624975249,391,34,11.5,22,4,2,1,0
fixed_270,legacy,0.0,2020,306,2.9864609013156054,1.012082919983334,0.6035114219007599,387,34,11.382352941176471,18,1,0,0,0
fixed_270,legacy,0.0,2021,306,3.06015851927162,1.0124166286860403,0.602329667420093,400,34,11.764705882352942,18,1,0,0,0
fixed_270,legacy,0.0,2022,306,3.137823343786334,1.0103062843551394,0.6047675256615095,402,34,11.823529411764707,23,3,1,1,0
fixed_270,legacy,0.0,2023,306,3.064853601280506,0.9727342922134059,0.5813599719740513,399,34,11.735294117647058,23,3,3,1,0
fixed_270,legacy,0.0,2024,306,3.120205741384647,1.0269975321906126,0.6135236821098876,380,34,11.176470588235293,23,6,1,1,0
fixed_270,legacy,0.0,2025,306,3.105130499180235,0.9792710962673776,0.5778882735783484,420,34,12.352941176470589,25,4,2,2,1
fixed_270,legacy,0.5,2011,306,2.972209678231418,0.9960598913139612,0.5942858351011998,398,34,11.705882352941176,19,3,0,0,0
fixed_270,legacy,0.5,2012,306,3.010357684848355,0.9807791181788464,0.5826137210334146,425,34,12.5,22,5,2,1,0
fixed_270,legacy,0.5,2013,306,3.072784588702124,0.943584532239107,0.5573482278974095,429,34,12.617647058823529,23,5,1,1,0
fixed_270,legacy,0.5,2014,306,2.969505382101592,1.0108026657901719,0.603546963701965,407,34,11.970588235294118,20,3,1,0,0
fixed_270,legacy,0.5,2015,306,2.9660151895168734,0.9824577996913283,0.5851180056605148,399,34,11.735294117647058,18,3,0,0,0
fixed_270,legacy,0.5,2016,306,2.9737945864318736,0.9958805680515869,0.5975542154853051,403,34,11.852941176470589,20,3,1,0,0
fixed_270,legacy,0.5,2017,306,2.9202272586663165,1.0039632527817939,0.6001767720964003,398,34,11.705882352941176,19,3,0,0,0
fixed_270,legacy,0.5,2018,306,3.134130364765609,0.9719842321566294,0.5769897279260354,408,34,12.0,18,2,0,0,0
fixed_270,legacy,0.5,2019,306,3.133996185825101,0.9797183973178685,0.5835101736428666,410,34,12.058823529411764,20,3,1,0,0
fixed_270,legacy,0.5,2020,306,2.9720313292345533,0.9976533479022821,0.5942953127274025,376,34,11.058823529411764,17,0,0,0,0
fixed_270,legacy,0.5,2021,306,3.043692979153373,0.9959510885677938,0.5925828705013467,374,34,11.0,18,1,0,0,0
fixed_270,legacy,0.5,2022,306,3.1268815450471372,0.9993644856159429,0.5974571980486282,405,34,11.911764705882353,23,4,1,1,0
fixed_270,legacy,0.5,2023,306,3.047446854147832,0.9553275450807315,0.5677695179069305,411,34,12.088235294117647,21,3,2,0,0
fixed_270,legacy,0.5,2024,306,3.0981658860901655,1.0049576768961312,0.600312294233471,397,34,11.676470588235293,23,5,2,2,0
fixed_270,legacy,0.5,2025,306,3.087220699816296,0.9613612969034386,0.568114615812901,432,34,12.705882352941176,25,5,2,2,1
fixed_270,legacy,1.0,2011,306,2.9745390352125756,0.9983892482951188,0.5955432069758175,388,34,11.411764705882353,19,2,0,0,0
fixed_270,legacy,1.0,2012,306,3.018853487059739,0.9892749203902308,0.5890123377315373,411,34,12.088235294117647,22,3,2,1,0
fixed_270,legacy,1.0,2013,306,3.0703978001629504,0.9411977436999335,0.55624339595336,424,34,12.470588235294118,23,4,1,1,0
fixed_270,legacy,1.0,2014,306,2.9605720952191033,1.0018693789076831,0.59854510379583,410,34,12.058823529411764,20,4,1,0,0
fixed_270,legacy,1.0,2015,306,2.960119711084076,0.9765623212585306,0.5807441494101531,397,34,11.676470588235293,19,2,0,0,0
fixed_270,legacy,1.0,2016,306,2.9738670423762312,0.9959530239959442,0.5975189531288768,412,34,12.117647058823529,20,2,2,0,0
fixed_270,legacy,1.0,2017,306,2.9121510921011518,0.995887086216629,0.5952808362730977,421,34,12.382352941176471,22,4,1,1,0
fixed_270,legacy,1.0,2018,306,3.1258930153532956,0.9637468827443155,0.5716778227340811,398,34,11.705882352941176,18,3,0,0,0
fixed_270,legacy,1.0,2019,306,3.123070166327728,0.9687923778204951,0.5765041413150894,394,34,11.588235294117647,20,2,1,0,0
fixed_270,legacy,1.0,2020,306,2.962862074643425,0.9884840933111539,0.5877891580257696,390,34,11.470588235294118,18,3,0,0,0
fixed_270,legacy,1.0,2021,306,3.0359948622832835,0.9882529716977044,0.5871372209572943,383,34,11.264705882352942,17,0,0,0,0
fixed_270,legacy,1.0,2022,306,3.123458936566359,0.9959418771351647,0.5944976890319831,396,34,11.647058823529411,23,4,2,1,0
fixed_270,legacy,1.0,2023,306,3.0386924310003596,0.946573121933259,0.5597509862701282,427,34,12.558823529411764,21,3,1,0,0
fixed_270,legacy,1.0,2024,306,3.0832370677722243,0.9900288585781899,0.5912994385243137,413,34,12.147058823529411,23,5,2,2,0
fixed_270,legacy,1.0,2025,306,3.078306608987913,0.9524472060750557,0.5624965122254938,434,34,12.764705882352942,22,5,3,1,0
fixed_270,none,0.0,2011,306,2.97639223553252,0.9985815019295973,0.5961310475814936,394,34,11.588235294117647,19,2,0,0,0
fixed_270,none,0.0,2012,306,3.0110674449054042,0.9823307730125455,0.5838607210641183,414,34,12.176470588235293,20,5,2,0,0
fixed_270,none,0.0,2013,306,3.0804531000983673,0.9544274898206365,0.5639809775500716,404,34,11.882352941176471,23,4,3,1,0
fixed_270,none,0.0,2014,306,2.984814308554215,1.0261413040795833,0.6111523423951534,390,34,11.470588235294118,18,2,0,0,0
fixed_270,none,0.0,2015,306,2.9755881254205296,0.9941623453307952,0.5927090641916578,387,34,11.382352941176471,18,2,0,0,0
fixed_270,none,0.0,2016,306,2.978435514725136,0.9991873607037818,0.5994669012483271,396,34,11.647058823529411,24,4,3,1,1
fixed_270,none,0.0,2017,306,2.9311659075124576,1.0158313665467071,0.6071366123844141,391,34,11.5,18,2,0,0,0
fixed_270,none,0.0,2018,306,3.1460744818937805,0.9847797948591173,0.5848694016958299,412,34,12.117647058823529,22,3,1,1,0
fixed_270,none,0.0,2019,306,3.1519386530059013,0.996404810498264,0.5942571245676791,396,34,11.647058823529411,22,4,2,1,0
fixed_270,none,0.0,2020,306,2.9868862046679974,1.0108700447737289,0.6029808524674704,389,34,11.441176470588236,19,2,0,0,0
fixed_270,none,0.0,2021,306,3.054028488983808,1.0063723850740864,0.5995697781738284,402,34,11.823529411764707,18,3,0,0,0
fixed_270,none,0.0,2022,306,3.1318772541030313,1.0060981996302014,0.602482486780813,401,34,11.794117647058824,23,4,1,1,0
fixed_270,none,0.0,2023,306,3.065626615816325,0.9747620075169025,0.5825954943528304,393,34,11.558823529411764,23,3,3,1,0
fixed_270,none,0.0,2024,306,3.1173816415992364,1.024917595903636,0.612792287492072,390,34,11.470588235294118,19,5,0,0,0
fixed_270,none,0.0,2025,306,3.1032473753869674,0.9788935727592658,0.5783765814712213,418,34,12.294117647058824,25,4,2,1,1
fixed_270,none,0.5,2011,306,2.9741806038818117,0.9963698702788889,0.5945096991856803,399,34,11.735294117647058,19,3,0,0,0
fixed_270,none,0.5,2012,306,3.0088289325511632,0.9800922606583047,0.5822170873828293,445,34,13.088235294117647,21,5,3,0,0
fixed_270,none,0.5,2013,306,3.070882730574958,0.9448571202972276,0.5583870082746739,420,34,12.352941176470589,23,4,1,1,0
fixed_270,none,0.5,2014,306,2.9684460779753716,1.009773073500739,0.6027148771667425,419,34,12.323529411764707,20,3,1,0,0
fixed_270,none,0.5,2015,306,2.962128403490346,0.9807026234006118,0.5837756059496733,395,34,11.617647058823529,18,3,0,0,0
fixed_270,none,0.5,2016,306,2.974100675446399,0.9948525214250443,0.5968462025878486,401,34,11.794117647058824,20,4,1,0,0
fixed_270,none,0.5,2017,306,2.9186238904619555,1.0032893494962045,0.5995666609347454,398,34,11.705882352941176,18,2,0,0,0
fixed_270,none,0.5,2018,306,3.1330143501104555,0.9717196630757924,0.5768914793096076,404,34,11.882352941176471,18,2,0,0,0
fixed_270,none,0.5,2019,306,3.134975502523609,0.9794416600159713,0.5834707540610048,410,34,12.058823529411764,20,4,1,0,0
fixed_270,none,0.5,2020,306,2.9735425130137814,0.9975263531195132,0.5942903108298901,384,34,11.294117647058824,19,1,0,0,0
fixed_270,none,0.5,2021,306,3.041150298437066,0.9934941945273449,0.5913376583570616,378,34,11.117647058823529,18,1,0,0,0
fixed_270,none,0.5,2022,306,3.1237349097312004,0.9979558552583707,0.5966472374722678,411,34,12.088235294117647,23,4,1,1,0
fixed_270,none,0.5,2023,306,3.047273799326429,0.9564091910270065,0.568323837789815,405,34,11.911764705882353,21,3,2,0,0
fixed_270,none,0.5,2024,306,3.096607064485189,1.0041430187895886,0.5998861837609359,403,34,11.852941176470589,23,5,2,1,0
fixed_270,none,0.5,2025,306,3.0864115923246738,0.9620577896969721,0.5687768046749917,433,34,12.735294117647058,25,5,2,1,1
fixed_270,none,1.0,2011,306,2.976197236824386,0.9983865032214632,0.5955360295901648,391,34,11.5,18,2,0,0,0
fixed_270,none,1.0,2012,306,3.0180115922830897,0.9892749203902308,0.5890123377315373,404,34,11.882352941176471,20,4,2,0,0
fixed_270,none,1.0,2013,306,3.0673759187186236,0.941350308440893,0.5563153207903622,422,34,12.411764705882353,23,4,1,1,0
fixed_270,none,1.0,2014,306,2.9605423833823155,1.0018693789076831,0.59854510379583,407,34,11.970588235294118,20,4,1,0,0
fixed_270,none,1.0,2015,306,2.957988101348265,0.9765623212585306,0.5807441494101531,391,34,11.5,19,2,0,0,0
fixed_270,none,1.0,2016,306,2.9752011780172984,0.9959530239959442,0.5975189531288768,409,34,12.029411764705882,20,3,2,0,0
fixed_270,none,1.0,2017,306,2.9112216271823796,0.995887086216629,0.5952808362730977,425,34,12.5,22,4,2,1,0
fixed_270,none,1.0,2018,306,3.1250415697789786,0.9637468827443155,0.5716778227340811,397,34,11.676470588235293,18,3,0,0,0
fixed_270,none,1.0,2019,306,3.1244432966240687,0.9689094541164313,0.5765934842635609,393,34,11.558823529411764,20,2,1,0,0
fixed_270,none,1.0,2020,306,2.9646232280928175,0.9886070681985495,0.5878782977932905,397,34,11.676470588235293,20,3,1,0,0
fixed_270,none,1.0,2021,306,3.0360214804074435,0.9883653764977222,0.5872225546966431,384,34,11.294117647058824,17,0,0,0,0
fixed_270,none,1.0,2022,306,3.1217209316079946,0.9959418771351647,0.5944976890319831,402,34,11.823529411764707,23,4,2,1,0
fixed_270,none,1.0,2023,306,3.0376174147047657,0.9467528064053434,0.559832179743137,425,34,12.5,21,3,1,0,0
fixed_270,none,1.0,2024,306,3.08249290427379,0.9900288585781899,0.5912994385243137,413,34,12.147058823529411,23,5,2,1,0
fixed_270,none,1.0,2025,306,3.077058580100061,0.952704777472359,0.5626763812334791,437,34,12.852941176470589,21,5,3,0,0
fixed_270,residual_005,0.0,2011,306,2.9751781744593866,0.9976660994702478,0.5954760245497747,401,34,11.794117647058824,19,1,0,0,0
fixed_270,residual_005,0.0,2012,306,3.0139177278603357,0.9833081415787767,0.584493058160852,412,34,12.117647058823529,20,5,2,0,0
fixed_270,residual_005,0.0,2013,306,3.0811059781243424,0.9546351239180834,0.5637692023485447,407,34,11.970588235294118,23,4,3,2,0
fixed_270,residual_005,0.0,2014,306,2.9844065631780183,1.0259127477420924,0.6111024625952758,391,34,11.5,18,2,0,0,0
fixed_270,residual_005,0.0,2015,306,2.9783773543645258,0.9967579336870532,0.5945297886334849,388,34,11.411764705882353,18,1,0,0,0
fixed_270,residual_005,0.0,2016,306,2.9776280118443412,0.9984563367374482,0.5989174925660309,406,34,11.941176470588236,24,3,2,1,1
fixed_270,residual_005,0.0,2017,306,2.9316478426737262,1.0162461930657893,0.607569901283357,390,34,11.470588235294118,18,2,0,0,0
fixed_270,residual_005,0.0,2018,306,3.145339285424706,0.9838731715235286,0.5845989994217791,408,34,12.0,22,4,1,1,0
fixed_270,residual_005,0.0,2019,306,3.1513762998265054,0.9963708326346374,0.5943687743601094,393,34,11.558823529411764,22,4,2,1,0
fixed_270,residual_005,0.0,2020,306,2.9858312318879388,1.010229311479471,0.6026914112435294,389,34,11.441176470588236,19,2,0,0,0
fixed_270,residual_005,0.0,2021,306,3.0550293017190526,1.0072374355447884,0.5997350514946462,406,34,11.941176470588236,18,3,0,0,0
fixed_270,residual_005,0.0,2022,306,3.1332685813717207,1.0079830031613635,0.6034309956549287,405,34,11.911764705882353,23,3,1,1,0
fixed_270,residual_005,0.0,2023,306,3.064166767414793,0.972989366034937,0.5815570383511525,396,34,11.647058823529411,23,3,3,2,0
fixed_270,residual_005,0.0,2024,306,3.118027697865371,1.0257167180242277,0.6132325166046009,382,34,11.235294117647058,19,4,0,0,0
fixed_270,residual_005,0.0,2025,306,3.1041309673950104,0.9793396865700928,0.5784241051352774,418,34,12.294117647058824,25,4,2,1,1
fixed_270,residual_005,0.5,2011,306,2.973349157045958,0.9958370820568185,0.5941284794178172,400,34,11.764705882352942,19,3,0,0,0
fixed_270,residual_005,0.5,2012,306,3.0110806407784434,0.9804710544968843,0.582439188810996,435,34,12.794117647058824,21,5,3,0,0
fixed_270,residual_005,0.5,2013,306,3.0715368482771637,0.9450659940709051,0.5583790702568636,418,34,12.294117647058824,23,4,1,1,0
fixed_270,residual_005,0.5,2014,306,2.968073722393837,1.0095799069579112,0.6026207485468962,414,34,12.176470588235293,20,3,1,0,0
fixed_270,residual_005,0.5,2015,306,2.963695210804861,0.9820757901273884,0.5847282295372329,396,34,11.647058823529411,18,3,0,0,0
fixed_270,residual_005,0.5,2016,306,2.9736201373287865,0.9944484622218935,0.5965483595632631,399,34,11.735294117647058,20,4,1,0,0
fixed_270,residual_005,0.5,2017,306,2.9189046750788443,1.0035030254709074,0.5997855964343262,399,34,11.735294117647058,18,2,0,0,0
fixed_270,residual_005,0.5,2018,306,3.1326730487169936,0.9712069348158163,0.5766985022395701,405,34,11.911764705882353,18,2,0,0,0
fixed_270,residual_005,0.5,2019,306,3.1344373822751797,0.9794319150833118,0.5835276214520843,411,34,12.088235294117647,20,4,1,0,0
fixed_270,residual_005,0.5,2020,306,2.9726562902730986,0.9970543698646311,0.5940115889482235,382,34,11.235294117647058,19,1,0,0,0
fixed_270,residual_005,0.5,2021,306,3.0416396062042135,0.9938477400299487,0.5914048247116759,374,34,11.0,18,1,0,0,0
fixed_270,residual_005,0.5,2022,306,3.1240899689496286,0.9988043907392716,0.597074469873413,417,34,12.264705882352942,23,4,1,1,0
fixed_270,residual_005,0.5,2023,306,3.0468021656663744,0.955624764286518,0.5678677204621247,410,34,12.058823529411764,22,3,2,1,0
fixed_270,residual_005,0.5,2024,306,3.0969019898128987,1.0045910099717557,0.6001797176979081,403,34,11.852941176470589,23,4,2,1,0
fixed_270,residual_005,0.5,2025,306,3.086998054225758,0.9622067734008406,0.5687845518220177,433,34,12.735294117647058,25,5,2,1,1
fixed_270,residual_005,1.0,2011,306,2.9759034153259845,0.9983913403368454,0.5955429512047274,390,34,11.470588235294118,19,2,0,0,0
fixed_270,residual_005,1.0,2012,306,3.0198845066717896,0.9892749203902308,0.5890123377315373,406,34,11.941176470588236,20,4,2,0,0
fixed_270,residual_005,1.0,2013,306,3.0677831830219833,0.9413123288157245,0.5562965422249653,423,34,12.441176470588236,23,4,1,1,0
fixed_270,residual_005,1.0,2014,306,2.9603631943436093,1.0018693789076831,0.59854510379583,408,34,12.0,20,4,1,0,0
fixed_270,residual_005,1.0,2015,306,2.9581817419360035,0.9765623212585306,0.5807441494101531,396,34,11.647058823529411,19,2,0,0,0
fixed_270,residual_005,1.0,2016,306,2.9751246991028375,0.9959530239959442,0.5975189531288768,412,34,12.117647058823529,20,3,2,0,0
fixed_270,residual_005,1.0,2017,306,2.911288735824566,0.995887086216629,0.5952808362730977,426,34,12.529411764705882,22,4,2,1,0
fixed_270,residual_005,1.0,2018,306,3.1252129966454927,0.9637468827443155,0.5716778227340811,396,34,11.647058823529411,18,3,0,0,0
fixed_270,residual_005,1.0,2019,306,3.123897689563029,0.9688922223711607,0.5765776564402615,394,34,11.588235294117647,20,2,1,0,0
fixed_270,residual_005,1.0,2020,306,2.9640643346379454,0.9884624142294779,0.5877725014628787,396,34,11.647058823529411,20,3,1,0,0
fixed_270,residual_005,1.0,2021,306,3.0360526187947703,0.9882607526205057,0.5871469312177306,384,34,11.294117647058824,17,0,0,0,0
fixed_270,residual_005,1.0,2022,306,3.1212274553455215,0.9959418771351647,0.5944976890319831,404,34,11.882352941176471,23,4,2,1,0
fixed_270,residual_005,1.0,2023,306,3.037868692973607,0.9466912915937507,0.5598108486471135,424,34,12.470588235294118,21,4,1,0,0
fixed_270,residual_005,1.0,2024,306,3.0823398384193332,0.9900288585781899,0.5912994385243137,416,34,12.235294117647058,23,5,2,1,0
fixed_270,residual_005,1.0,2025,306,3.0773696108663624,0.9525783300414453,0.5625802695053679,435,34,12.794117647058824,21,5,3,0,0
fixed_270,residual_010,0.0,2011,306,2.9745049423130223,0.9970895229640009,0.5950494254196409,403,34,11.852941176470589,19,2,0,0,0
fixed_270,residual_010,0.0,2012,306,3.0172175796562297,0.9845670074579115,0.5853200008206262,421,34,12.382352941176471,22,4,2,1,0
fixed_270,residual_010,0.0,2013,306,3.0822763507010564,0.9551641864964532,0.5637753244810074,416,34,12.235294117647058,23,5,3,2,0
fixed_270,residual_010,0.0,2014,306,2.98445821114475,1.0259724616432457,0.611231802141316,387,34,11.382352941176471,18,2,0,0,0
fixed_270,residual_010,0.0,2015,306,2.981628629032368,0.9996344612831441,0.5965265071226854,390,34,11.470588235294118,18,1,0,0,0
fixed_270,residual_010,0.0,2016,306,2.9773091865275485,0.9980420782581645,0.5985678294668566,407,34,11.970588235294118,25,4,2,1,1
fixed_270,residual_010,0.0,2017,306,2.9325186729113706,1.0169137666896022,0.6081855880278182,382,34,11.235294117647058,18,1,0,0,0
fixed_270,residual_010,0.0,2018,306,3.1453454960197944,0.9834449191757589,0.5846074239663596,417,34,12.264705882352942,22,4,2,2,0
fixed_270,residual_010,0.0,2019,306,3.1514766796031806,0.9967485158421119,0.5947483063320871,385,34,11.323529411764707,21,4,2,0,0
fixed_270,residual_010,0.0,2020,306,2.985354633060408,1.0099552664346931,0.60267561965613,386,34,11.352941176470589,19,2,0,0,0
fixed_270,residual_010,0.0,2021,306,3.0565688771261947,1.0084614314095375,0.6001090654878215,403,34,11.852941176470589,18,2,0,0,0
fixed_270,residual_010,0.0,2022,306,3.1352952736761193,1.0102861330009292,0.604642544352987,403,34,11.852941176470589,23,3,1,1,0
fixed_270,residual_010,0.0,2023,306,3.0633870690060587,0.971647412663676,0.5807954639894257,395,34,11.617647058823529,23,3,3,2,0
fixed_270,residual_010,0.0,2024,306,3.1191985480706856,1.0268580842691355,0.6138984008419319,371,34,10.911764705882353,19,3,0,0,0
fixed_270,residual_010,0.0,2025,306,3.1055206381169795,0.9801057358200894,0.5786729623893571,418,34,12.294117647058824,25,5,2,1,1
fixed_270,residual_010,0.5,2011,306,2.9728032236708493,0.9953878043218278,0.5938046790287514,398,34,11.705882352941176,19,3,0,0,0
fixed_270,residual_010,0.5,2012,306,3.0135707847885085,0.9809202125901901,0.5827114169812427,432,34,12.705882352941176,22,6,3,1,0
fixed_270,residual_010,0.5,2013,306,3.072470263260114,0.9453580990555107,0.5584288275978853,423,34,12.441176470588236,23,5,1,1,0
fixed_270,residual_010,0.5,2014,306,2.9679482615116255,1.009462512010121,0.6025755809411897,418,34,12.294117647058824,20,3,1,0,0
fixed_270,residual_010,0.5,2015,306,2.965512893797162,0.9835187260479378,0.5857247251394171,408,34,12.0,19,4,0,0,0
fixed_270,residual_010,0.5,2016,306,2.973391655043797,0.9941245467744132,0.5963021182783292,403,34,11.852941176470589,20,4,1,0,0
fixed_270,residual_010,0.5,2017,306,2.919387091767105,1.0037821855453368,0.6000533555104643,396,34,11.647058823529411,18,2,0,0,0
fixed_270,residual_010,0.5,2018,306,3.1327194881425737,0.9708189112985386,0.5765813172011474,410,34,12.058823529411764,18,2,0,0,0
fixed_270,residual_010,0.5,2019,306,3.134254129508201,0.979525965747132,0.5836537534279612,409,34,12.029411764705882,20,3,1,0,0
fixed_270,residual_010,0.5,2020,306,2.9720750102608537,0.9966756436351389,0.593803862751366,377,34,11.088235294117647,19,1,0,0,0
fixed_270,residual_010,0.5,2021,306,3.042408002854719,0.9943005571380624,0.5915333521988966,375,34,11.029411764705882,18,1,0,0,0
fixed_270,residual_010,0.5,2022,306,3.124768321542852,0.9997591808676615,0.5975706463043972,407,34,11.970588235294118,23,3,1,1,0
fixed_270,residual_010,0.5,2023,306,3.046693685567516,0.9549540292251333,0.5674892078127541,411,34,12.088235294117647,22,3,2,1,0
fixed_270,residual_010,0.5,2024,306,3.0974664998197645,1.0051260360182142,0.6005328306120644,400,34,11.764705882352942,23,4,2,2,0
fixed_270,residual_010,0.5,2025,306,3.0878575032369473,0.9624426009400566,0.5688482533858805,432,34,12.705882352941176,25,5,2,1,1
fixed_270,residual_010,1.0,2011,306,2.9758130020427376,0.9983975826937159,0.5955514150961753,388,34,11.411764705882353,19,2,0,0,0
fixed_270,residual_010,1.0,2012,306,3.021925492588549,0.9892749203902308,0.5890123377315373,409,34,12.029411764705882,22,3,2,1,0
fixed_270,residual_010,1.0,2013,306,3.068387833686765,0.941275669482162,0.5562789820590905,424,34,12.470588235294118,23,4,1,1,0
fixed_270,residual_010,1.0,2014,306,2.9603551284091876,1.0018693789076831,0.59854510379583,408,34,12.0,20,4,1,0,0
fixed_270,residual_010,1.0,2015,306,2.9585564890077545,0.9765623212585306,0.5807441494101531,397,34,11.676470588235293,19,2,0,0,0
fixed_270,residual_010,1.0,2016,306,2.9752201322653278,0.9959530239959442,0.5975189531288768,412,34,12.117647058823529,20,3,2,0,0
fixed_270,residual_010,1.0,2017,306,2.911491992438397,0.9958870862166291,0.5952808362730977,424,34,12.470588235294118,22,4,2,1,0
fixed_270,residual_010,1.0,2018,306,3.1256474595883508,0.9637468827443155,0.5716778227340811,398,34,11.705882352941176,18,4,0,0,0
fixed_270,residual_010,1.0,2019,306,3.1236072225584146,0.9688790587973456,0.5765651983827925,394,34,11.588235294117647,20,2,1,0,0
fixed_270,residual_010,1.0,2020,306,2.963719922685349,0.9883205560596342,0.5876688523530109,394,34,11.588235294117647,19,3,0,0,0
fixed_270,residual_010,1.0,2021,306,3.036264846794502,0.988157401077845,0.5870722009953153,382,34,11.235294117647058,17,0,0,0,0
fixed_270,residual_010,1.0,2022,306,3.1209510178103548,0.9959418771351647,0.5944976890319831,404,34,11.882352941176471,23,4,2,1,0
fixed_270,residual_010,1.0,2023,306,3.038375368327424,0.9466357119850417,0.5597943209824726,423,34,12.441176470588236,21,4,1,0,0
fixed_270,residual_010,1.0,2024,306,3.0823693223797397,0.9900288585781899,0.5912994385243137,413,34,12.147058823529411,23,5,2,2,0
fixed_270,residual_010,1.0,2025,306,3.077872415429505,0.9524575131326148,0.5624878697117542,434,34,12.764705882352942,21,5,3,0,0
fixed_270,residual_020,0.0,2011,306,2.9747925184893997,0.9969537622540403,0.5948677987144672,403,34,11.852941176470589,19,3,0,0,0
fixed_270,residual_020,0.0,2012,306,3.0251691075556066,0.987925077667636,0.587541941841163,408,34,12.0,22,3,1,1,0
fixed_270,residual_020,0.0,2013,306,3.0861696683150432,0.9571846714979837,0.5644408866459358,420,34,12.352941176470589,23,5,2,2,0
fixed_270,residual_020,0.0,2014,306,2.9859403812821177,1.0269581461302237,0.6120200777277621,397,34,11.676470588235293,20,3,1,0,0
fixed_270,residual_020,0.0,2015,306,2.9895196569573987,1.0062351892302792,0.6010322538200507,383,34,11.264705882352942,18,1,0,0,0
fixed_270,residual_020,0.0,2016,306,2.978145670966411,0.9981664511421883,0.5984692050029629,407,34,11.970588235294118,22,5,2,1,0
fixed_270,residual_020,0.0,2017,306,2.935429379478777,1.0190065139607696,0.6099580666286543,374,34,11.0,18,1,0,0,0
fixed_270,residual_020,0.0,2018,306,3.1475870035273563,0.9840189906753894,0.5854539910815996,411,34,12.088235294117647,24,3,2,2,1
fixed_270,residual_020,0.0,2019,306,3.153672535722642,0.9987352035451837,0.596289640831361,390,34,11.470588235294118,21,4,1,0,0
fixed_270,residual_020,0.0,2020,306,2.986143464880364,1.0105066531353122,0.6034637341515278,373,34,10.970588235294118,19,2,0,0,0
fixed_270,residual_020,0.0,2021,306,3.061263139942203,1.011983482702833,0.6014776104689541,406,34,11.941176470588236,18,2,0,0,0
fixed_270,residual_020,0.0,2022,306,3.1412604781548,1.0161528001686277,0.6078326769756048,408,34,12.0,19,3,0,0,0
fixed_270,residual_020,0.0,2023,306,3.06387587761106,0.9702471240225025,0.5800892470668207,402,34,11.823529411764707,23,3,3,2,0
fixed_270,residual_020,0.0,2024,306,3.1231160325976983,1.0301704813867758,0.6159013450808476,374,34,11.0,23,3,1,1,0
fixed_270,residual_020,0.0,2025,306,3.1098263225555898,0.9825984916718896,0.5797708785501223,425,34,12.5,24,7,3,2,1
fixed_270,residual_020,0.5,2011,306,2.9725806973254345,0.9947419410900753,0.5933295268753284,397,34,11.676470588235293,19,2,0,0,0
fixed_270,residual_020,0.5,2012,306,3.019274546052527,0.9820305161645565,0.5834059953472494,426,34,12.529411764705882,22,4,1,1,0
fixed_270,residual_020,0.5,2013,306,3.0751768429350346,0.9461918461179751,0.558701155998108,428,34,12.588235294117647,23,5,2,2,0
fixed_270,residual_020,0.5,2014,306,2.968438579929513,1.00945634477762,0.6026322480190988,432,34,12.705882352941176,20,5,3,0,0
fixed_270,residual_020,0.5,2015,306,2.9699015580997337,0.9866170903726145,0.5878490234937158,404,34,11.882352941176471,19,3,0,0,0
fixed_270,residual_020,0.5,2016,306,2.9736973984599233,0.993718178635701,0.5959653216945994,407,34,11.970588235294118,20,4,1,0,0
fixed_270,residual_020,0.5,2017,306,2.9209604409271703,1.0045375754091628,0.6007353411916994,397,34,11.676470588235293,18,2,0,0,0
fixed_270,residual_020,0.5,2018,306,3.1339848035372033,0.9704167906852366,0.5765744347811551,416,34,12.235294117647058,20,2,1,0,0
fixed_270,residual_020,0.5,2019,306,3.134964459982303,0.9800271278048447,0.5841130307254415,406,34,11.941176470588236,19,3,0,0,0
fixed_270,residual_020,0.5,2020,306,2.971834713393889,0.9961979016488371,0.593602627709126,382,34,11.235294117647058,19,1,0,0,0
fixed_270,residual_020,0.5,2021,306,3.0447841056740175,0.9955044484346472,0.5919739504539797,372,34,10.941176470588236,18,1,0,0,0
fixed_270,residual_020,0.5,2022,306,3.127099989327963,1.0019923113417906,0.5987703096223106,403,34,11.852941176470589,23,3,1,1,0
fixed_270,residual_020,0.5,2023,306,3.0475806306933357,0.9539518771047779,0.5669613205052229,415,34,12.205882352941176,22,3,2,1,0
fixed_270,residual_020,0.5,2024,306,3.099404534292957,1.0064589830820345,0.6014177926972556,401,34,11.794117647058824,23,4,2,2,0
fixed_270,residual_020,0.5,2025,306,3.0904041127437427,0.9631762818600426,0.5691441266674684,434,34,12.764705882352942,24,6,3,2,1
fixed_270,residual_020,1.0,2011,306,2.9762530195439596,0.9984142633086006,0.5955729010033352,388,34,11.411764705882353,19,1,0,0,0
fixed_270,residual_020,1.0,2012,306,3.0265189502782017,0.9892749203902308,0.5890123377315373,405,34,11.911764705882353,22,3,1,1,0
fixed_270,residual_020,1.0,2013,306,3.0701912257441917,0.9412062289271325,0.5562473346353808,425,34,12.5,23,4,1,1,0
fixed_270,residual_020,1.0,2014,306,2.9608516140595764,1.0018693789076831,0.59854510379583,417,34,12.264705882352942,20,4,1,0,0
fixed_270,residual_020,1.0,2015,306,2.95984678898565,0.9765623212585306,0.5807441494101531,397,34,11.676470588235293,18,1,0,0,0
fixed_270,residual_020,1.0,2016,306,2.9759322438201665,0.9959530239959442,0.5975189531288768,410,34,12.058823529411764,20,3,2,0,0
fixed_270,residual_020,1.0,2017,306,2.912309951734636,0.995887086216629,0.5952808362730977,423,34,12.441176470588236,22,4,2,1,0
fixed_270,residual_020,1.0,2018,306,3.127314895596282,0.9637468827443155,0.5716778227340811,402,34,11.823529411764707,20,4,1,0,0
fixed_270,residual_020,1.0,2019,306,3.123802345805211,0.9688650136277529,0.5765505656439205,395,34,11.617647058823529,19,2,0,0,0
fixed_270,residual_020,1.0,2020,306,2.963681891895883,0.9880450801508311,0.5874680890336665,392,34,11.529411764705882,18,2,0,0,0
fixed_270,residual_020,1.0,2021,306,3.037234156864652,0.9879544996252818,0.5869255018936822,377,34,11.088235294117647,16,0,0,0,0
fixed_270,residual_020,1.0,2022,306,3.121049555121337,0.9959418771351647,0.5944976890319831,400,34,11.764705882352942,23,4,2,1,0
fixed_270,residual_020,1.0,2023,306,3.040169955491109,0.946541201902551,0.5597738082983205,423,34,12.441176470588236,21,4,1,0,0
fixed_270,residual_020,1.0,2024,306,3.082974409789112,0.9900288585781899,0.5912994385243137,407,34,11.970588235294118,23,5,2,2,0
fixed_270,residual_020,1.0,2025,306,3.079460276352641,0.9522324454689403,0.5623150709596946,431,34,12.676470588235293,22,6,3,1,0
fixed_420,legacy,0.0,2011,306,2.9828315300585304,1.002111779374748,0.5978976754630217,385,34,11.323529411764707,19,2,0,0,0
fixed_420,legacy,0.0,2012,306,3.000581526341674,0.9837590496809806,0.5853766406424054,427,34,12.558823529411764,20,4,1,0,0
fixed_420,legacy,0.0,2013,306,3.07313310190031,0.9498738592348857,0.5603187079365277,406,34,11.941176470588236,23,3,1,1,0
fixed_420,legacy,0.0,2014,306,2.975989716327744,1.0273177290716538,0.6125165307622722,386,34,11.352941176470589,18,2,0,0,0
fixed_420,legacy,0.0,2015,306,2.9684695753411385,0.9909651804590622,0.5909451777653334,390,34,11.470588235294118,18,3,0,0,0
fixed_420,legacy,0.0,2016,306,2.975095626960572,1.0027976839901225,0.6019820497228171,397,34,11.676470588235293,20,2,1,0,0
fixed_420,legacy,0.0,2017,306,2.9336921975422543,1.0156144303500516,0.606937997134261,380,34,11.176470588235293,18,2,0,0,0
fixed_420,legacy,0.0,2018,306,3.135975688871041,0.9792622923787291,0.5811151819281096,411,34,12.088235294117647,18,3,0,0,0
fixed_420,legacy,0.0,2019,306,3.143796420768472,0.9951043242069207,0.5930237923134997,413,34,12.147058823529411,22,4,2,1,0
fixed_420,legacy,0.0,2020,306,2.9854258455186957,1.0104000554698274,0.6028547457350715,371,34,10.911764705882353,16,0,0,0,0
fixed_420,legacy,0.0,2021,306,3.0505214923577837,1.0090756327456303,0.6005541851262364,386,34,11.352941176470589,18,1,0,0,0
fixed_420,legacy,0.0,2022,306,3.1235846001815593,1.0066932602640355,0.6018530521502148,402,34,11.823529411764707,23,3,2,1,0
fixed_420,legacy,0.0,2023,306,3.064250819609622,0.9771675657552297,0.5839180990510002,396,34,11.647058823529411,23,3,3,1,0
fixed_420,legacy,0.0,2024,306,3.108598424718657,1.0222729013764738,0.6104103720588406,379,34,11.147058823529411,23,5,1,1,0
fixed_420,legacy,0.0,2025,306,3.09136409898843,0.9741981809258207,0.5750734746962026,429,34,12.617647058823529,25,4,2,1,1
fixed_420,legacy,0.5,2011,306,2.978700794128994,0.9979810434452123,0.5952969198545263,402,34,11.823529411764707,21,3,1,0,0
fixed_420,legacy,0.5,2012,306,2.998396768620151,0.9815742919594576,0.583441175414521,438,34,12.882352941176471,21,5,2,0,0
fixed_420,legacy,0.5,2013,306,3.0659510975268742,0.9426918548614499,0.556652554481377,418,34,12.294117647058824,23,4,2,1,0
fixed_420,legacy,0.5,2014,306,2.9593975784561057,1.0107255912000153,0.6035271498279379,414,34,12.176470588235293,20,4,1,0,0
fixed_420,legacy,0.5,2015,306,2.957140414112823,0.9796360192307465,0.5832570197698683,397,34,11.676470588235293,18,4,0,0,0
fixed_420,legacy,0.5,2016,306,2.968756753028635,0.9964588100581858,0.5980134267015262,398,34,11.705882352941176,20,2,1,0,0
fixed_420,legacy,0.5,2017,306,2.921192827997723,1.00311506080552,0.5994276856951112,398,34,11.705882352941176,18,2,0,0,0
fixed_420,legacy,0.5,2018,306,3.1260090086507955,0.9692956121584843,0.5752690877526245,407,34,11.970588235294118,18,3,0,0,0
fixed_420,legacy,0.5,2019,306,3.1276579734160204,0.9789658768544687,0.5830705715496756,411,34,12.088235294117647,20,3,1,0,0
fixed_420,legacy,0.5,2020,306,2.972223118400701,0.9971973283518324,0.5942099323644766,389,34,11.441176470588236,18,1,0,0,0
fixed_420,legacy,0.5,2021,306,3.035652655092667,0.9942067954805137,0.5915575477122238,369,34,10.852941176470589,18,1,0,0,0
fixed_420,legacy,0.5,2022,306,3.115112005978495,0.9982206660609714,0.5963552353707798,407,34,11.970588235294118,23,4,2,1,0
fixed_420,legacy,0.5,2023,306,3.0444887869085178,0.9574055330541251,0.5689538873720511,405,34,11.911764705882353,21,3,2,0,0
fixed_420,legacy,0.5,2024,306,3.0892294297149756,1.0029039063727927,0.5988810301736742,407,34,11.970588235294118,23,5,2,1,0
fixed_420,legacy,0.5,2025,306,3.0766908565281548,0.9595249384655454,0.5669960831250006,434,34,12.764705882352942,25,5,2,1,1
fixed_420,legacy,1.0,2011,306,2.978863308837354,0.998143558153572,0.5954008302343382,388,34,11.411764705882353,18,2,0,0,0
fixed_420,legacy,1.0,2012,306,3.0060973970509246,0.9892749203902308,0.5890123377315373,405,34,11.911764705882353,20,4,1,0,0
fixed_420,legacy,1.0,2013,306,3.064630219982545,0.94137097731712,0.5563248165719539,420,34,12.352941176470589,23,4,1,1,0
fixed_420,legacy,1.0,2014,306,2.950541366163774,1.0018693789076831,0.59854510379583,414,34,12.176470588235293,20,5,2,0,0
fixed_420,legacy,1.0,2015,306,2.954066716140607,0.9765623212585306,0.5807441494101531,398,34,11.705882352941176,19,3,0,0,0
fixed_420,legacy,1.0,2016,306,2.9682509669663935,0.9959530239959442,0.5975189531288768,398,34,11.705882352941176,20,2,1,0,0
fixed_420,legacy,1.0,2017,306,2.9139648534088316,0.995887086216629,0.5952808362730977,422,34,12.411764705882353,21,4,1,0,0
fixed_420,legacy,1.0,2018,306,3.120460279236627,0.9637468827443155,0.5716778227340811,396,34,11.647058823529411,18,3,0,0,0
fixed_420,legacy,1.0,2019,306,3.117841421206648,0.9691493246450964,0.5767662532325724,393,34,11.558823529411764,20,2,1,0,0
fixed_420,legacy,1.0,2020,306,2.9636708343758538,0.9886450443269856,0.5879089986165086,396,34,11.647058823529411,19,4,0,0,0
fixed_420,legacy,1.0,2021,306,3.0293268407704943,0.9878809811583413,0.5868717194760111,384,34,11.294117647058824,17,0,0,0,0
fixed_420,legacy,1.0,2022,306,3.112833217052688,0.9959418771351647,0.5944976890319831,401,34,11.794117647058824,23,4,3,1,0
fixed_420,legacy,1.0,2023,306,3.0337669274163885,0.9466836735619963,0.5597900376607542,428,34,12.588235294117647,21,3,1,0,0
fixed_420,legacy,1.0,2024,306,3.0763543819203725,0.9900288585781899,0.5912994385243137,415,34,12.205882352941176,23,5,2,1,0
fixed_420,legacy,1.0,2025,306,3.0697623677306343,0.952596449668025,0.5626068548924935,433,34,12.735294117647058,21,5,3,0,0
fixed_420,none,0.0,2011,306,2.986410423860912,1.0033768590674361,0.5986826856619192,395,34,11.617647058823529,19,2,0,0,0
fixed_420,none,0.0,2012,306,2.9991278282708747,0.9824610888098405,0.5845068068533856,439,34,12.911764705882353,20,4,2,0,0
fixed_420,none,0.0,2013,306,3.0736606747318915,0.9528179550641352,0.5628258355846762,419,34,12.323529411764707,23,2,1,1,0
fixed_420,none,0.0,2014,306,2.9743321884960956,1.0252380123581595,0.6110904463261282,401,34,11.794117647058824,18,2,0,0,0
fixed_420,none,0.0,2015,306,2.9634625071186766,0.9879672934837817,0.58861886563203,395,34,11.617647058823529,18,2,0,0,0
fixed_420,none,0.0,2016,306,2.974525895501362,1.0007206634380421,0.6007210634861648,396,34,11.647058823529411,22,5,3,1,0
fixed_420,none,0.0,2017,306,2.9316379856867067,1.0141475357964842,0.6057265854617327,386,34,11.352941176470589,18,2,0,0,0
fixed_420,none,0.0,2018,306,3.1356345345696566,0.9792136015270861,0.5812977105769466,407,34,11.970588235294118,18,3,0,0,0
fixed_420,none,0.0,2019,306,3.145407523508467,0.9948543574593286,0.5933518035250253,412,34,12.117647058823529,22,6,2,1,0
fixed_420,none,0.0,2020,306,2.9881976666636603,1.0105417978646352,0.6032385613865409,389,34,11.441176470588236,18,1,0,0,0
fixed_420,none,0.0,2021,306,3.045322402895355,1.0035243423894922,0.5979870637886862,374,34,11.0,18,1,0,0,0
fixed_420,none,0.0,2022,306,3.1190033982481316,1.0033923819353159,0.6002256462073456,400,34,11.764705882352942,23,3,2,1,0
fixed_420,none,0.0,2023,306,3.066746441235781,0.980362433756129,0.585900207012675,390,34,11.470588235294118,21,3,2,0,0
fixed_420,none,0.0,2024,306,3.106998969821016,1.0211412498730437,0.6102367446383293,382,34,11.235294117647058,23,5,1,1,0
fixed_420,none,0.0,2025,306,3.0915800801630784,0.975165892021528,0.5763690806896428,426,34,12.529411764705882,25,3,2,1,1
fixed_420,none,0.5,2011,306,2.9816251465214934,0.9985915817280179,0.5957227627110637,405,34,11.911764705882353,21,3,1,0,0
fixed_420,none,0.5,2012,306,2.997896565324599,0.9812298258635649,0.5832523952807132,457,34,13.441176470588236,21,5,3,0,0
fixed_420,none,0.5,2013,306,3.065135417691352,0.9442926980235956,0.5578792861858742,428,34,12.588235294117647,23,4,2,1,0
fixed_420,none,0.5,2014,306,2.9590678681540585,1.0099736920161222,0.6028847214129494,422,34,12.411764705882353,19,4,0,0,0
fixed_420,none,0.5,2015,306,2.9535355862451405,0.9780403726102457,0.582002082750798,389,34,11.441176470588236,18,4,0,0,0
fixed_420,none,0.5,2016,306,2.9694113211588626,0.995606089095543,0.5974173783164635,395,34,11.617647058823529,20,3,1,0,0
fixed_420,none,0.5,2017,306,2.920052341786778,1.002561891896555,0.5989032153564776,401,34,11.794117647058824,18,2,0,0,0
fixed_420,none,0.5,2018,306,3.1257127859126577,0.9692918528700873,0.575301808057344,405,34,11.911764705882353,18,3,0,0,0
fixed_420,none,0.5,2019,306,3.1294442634126325,0.9788910973634942,0.5831654262522429,415,34,12.205882352941176,20,4,1,0,0
fixed_420,none,0.5,2020,306,2.9750742986297722,0.9974184298307476,0.5944496141454598,391,34,11.5,18,1,0,0,0
fixed_420,none,0.5,2021,306,3.0336862007783756,0.9918881402725125,0.5903673337628678,372,34,10.941176470588236,18,1,0,0,0
fixed_420,none,0.5,2022,306,3.112657519312409,0.997046502999593,0.5957232815800815,409,34,12.029411764705882,23,5,2,1,0
fixed_420,none,0.5,2023,306,3.0451734704211892,0.9587894629415376,0.5697011846047025,399,34,11.735294117647058,21,2,2,0,0
fixed_420,none,0.5,2024,306,3.088208782180692,1.0023510622327199,0.598612307787947,397,34,11.676470588235293,23,5,2,1,0
fixed_420,none,0.5,2025,306,3.0770142862829277,0.9606000981413771,0.5678874242355609,431,34,12.676470588235293,25,4,2,1,1
fixed_420,none,1.0,2011,306,2.9811780684679396,0.9981445036744638,0.5953976378298501,391,34,11.5,18,2,0,0,0
fixed_420,none,1.0,2012,306,3.005941659851265,0.9892749203902308,0.5890123377315373,406,34,11.941176470588236,20,4,2,0,0
fixed_420,none,1.0,2013,306,3.0623952022458196,0.9415524825780632,0.5564234140449735,423,34,12.441176470588236,23,4,1,1,0
fixed_420,none,1.0,2014,306,2.9509635550456195,1.0018693789076831,0.59854510379583,415,34,12.205882352941176,20,5,2,0,0
fixed_420,none,1.0,2015,306,2.9520575348934255,0.9765623212585306,0.5807441494101531,399,34,11.735294117647058,19,3,0,0,0
fixed_420,none,1.0,2016,306,2.9697582560592637,0.9959530239959442,0.5975189531288768,397,34,11.676470588235293,20,3,2,0,0
fixed_420,none,1.0,2017,306,2.9133775361068515,0.995887086216629,0.5952808362730977,422,34,12.411764705882353,21,5,2,0,0
fixed_420,none,1.0,2018,306,3.120167815786886,0.9637468827443155,0.5716778227340811,391,34,11.5,18,3,0,0,0
fixed_420,none,1.0,2019,306,3.1198327986002266,0.9692796325510882,0.5768639928628359,395,34,11.617647058823529,20,2,1,0,0
fixed_420,none,1.0,2020,306,2.9664366249533565,0.988780756154332,0.5880071252216313,399,34,11.735294117647058,19,2,0,0,0
fixed_420,none,1.0,2021,306,3.029784765540365,0.9879867050345018,0.5869507953633869,383,34,11.264705882352942,17,0,0,0,0
fixed_420,none,1.0,2022,306,3.1115528934479806,0.9959418771351647,0.5944976890319831,402,34,11.823529411764707,23,4,3,1,0
fixed_420,none,1.0,2023,306,3.033265325054816,0.9468813175751642,0.559884469337762,425,34,12.5,21,3,1,0,0
fixed_420,none,1.0,2024,306,3.075886578526162,0.9900288585781899,0.5912994385243137,416,34,12.235294117647058,23,5,2,1,0
fixed_420,none,1.0,2025,306,3.0692801788426824,0.9528659907011321,0.5627941737583,430,34,12.647058823529411,21,4,3,0,0
fixed_420,residual_005,0.0,2011,306,2.9840527071251173,1.001651777317632,0.5974930390221929,393,34,11.558823529411764,19,2,0,0,0
fixed_420,residual_005,0.0,2012,306,3.0011498771915295,0.982921105907286,0.5847593488231513,440,34,12.941176470588236,20,5,1,0,0
fixed_420,residual_005,0.0,2013,306,3.0738871524165505,0.9526065031502199,0.5623771161899315,413,34,12.147058823529411,23,3,1,1,0
fixed_420,residual_005,0.0,2014,306,2.973127062156461,1.0244559197004968,0.6106888628086905,398,34,11.705882352941176,18,2,0,0,0
fixed_420,residual_005,0.0,2015,306,2.9661275145415633,0.9904604746113452,0.5903785453724628,399,34,11.735294117647058,18,3,0,0,0
fixed_420,residual_005,0.0,2016,306,2.972965731935232,0.999433637504853,0.5998095203024459,393,34,11.558823529411764,20,3,1,0,0
fixed_420,residual_005,0.0,2017,306,2.9316461353216368,1.0142248829299552,0.605919588366363,380,34,11.176470588235293,18,2,0,0,0
fixed_420,residual_005,0.0,2018,306,3.1343767627123063,0.9779341650364464,0.5808049127626379,412,34,12.117647058823529,18,4,0,0,0
fixed_420,residual_005,0.0,2019,306,3.144425269626003,0.9945345533150028,0.5932299926458032,414,34,12.176470588235293,22,6,2,1,0
fixed_420,residual_005,0.0,2020,306,2.9860846088748314,1.009308111858279,0.6025101626301892,372,34,10.941176470588236,16,0,0,0,0
fixed_420,residual_005,0.0,2021,306,3.0459814125866265,1.0040984759030067,0.5980023994377438,376,34,11.058823529411764,18,1,0,0,0
fixed_420,residual_005,0.0,2022,306,3.1200218197775684,1.0049677584106353,0.6009693083604859,409,34,12.029411764705882,23,3,2,1,0
fixed_420,residual_005,0.0,2023,306,3.064295952542001,0.9778175715110162,0.5843747959840161,391,34,11.5,21,3,3,0,0
fixed_420,residual_005,0.0,2024,306,3.1072253342402325,1.0216383569406833,0.6105021300954365,368,34,10.823529411764707,23,4,1,1,0
fixed_420,residual_005,0.0,2025,306,3.0919406552456077,0.9752684403155473,0.5761720724717502,426,34,12.529411764705882,25,4,2,1,1
fixed_420,residual_005,0.5,2011,306,2.9802162298059924,0.9978152999985068,0.5951793408561551,402,34,11.823529411764707,21,3,1,0,0
fixed_420,residual_005,0.5,2012,306,2.999669830708956,0.9814410594247125,0.5833427479395638,446,34,13.117647058823529,21,5,2,0,0
fixed_420,residual_005,0.5,2013,306,3.0656505608946,0.9443699116282689,0.5577987404995314,423,34,12.441176470588236,23,4,2,1,0
fixed_420,residual_005,0.5,2014,306,2.9582611216839565,1.0095899792279919,0.6026712354649368,422,34,12.411764705882353,19,4,0,0,0
fixed_420,residual_005,0.5,2015,306,2.9550747837084566,0.9794077437782386,0.5829544486215592,392,34,11.529411764705882,18,4,0,0,0
fixed_420,residual_005,0.5,2016,306,2.9685657515769437,0.9950336571465644,0.5970086417153374,397,34,11.676470588235293,20,4,1,0,0
fixed_420,residual_005,0.5,2017,306,2.920102394353193,1.0026811419615118,0.5990531566309264,406,34,11.941176470588236,18,3,0,0,0
fixed_420,residual_005,0.5,2018,306,3.1251729619370354,0.9687303642611752,0.5750746029171517,408,34,12.0,18,4,0,0,0
fixed_420,residual_005,0.5,2019,306,3.1287199260617604,0.97882920975076,0.583173391804181,414,34,12.176470588235293,20,4,1,0,0
fixed_420,residual_005,0.5,2020,306,2.9735560071318368,0.9967795101152845,0.5940449501596876,387,34,11.382352941176471,18,1,0,0,0
fixed_420,residual_005,0.5,2021,306,3.034072736437912,0.9921897997542921,0.5904115543575442,370,34,10.882352941176471,18,1,0,0,0
fixed_420,residual_005,0.5,2022,306,3.1128884899311418,0.9978344285642087,0.5961189144227043,411,34,12.088235294117647,23,4,2,1,0
fixed_420,residual_005,0.5,2023,306,3.044265127691591,0.957786746660606,0.5691015474511173,400,34,11.764705882352942,21,2,2,0,0
fixed_420,residual_005,0.5,2024,306,3.0883282754562438,1.0027412981566948,0.598874453277394,400,34,11.764705882352942,23,5,2,1,0
fixed_420,residual_005,0.5,2025,306,3.0773362991219217,0.9606640841918612,0.5678338919503936,434,34,12.764705882352942,25,5,2,1,1
fixed_420,residual_005,1.0,2011,306,2.9805474620926917,0.9981465322852064,0.595401632105715,390,34,11.470588235294118,18,2,0,0,0
fixed_420,residual_005,1.0,2012,306,3.007503691674475,0.9892749203902308,0.5890123377315373,405,34,11.911764705882353,20,4,1,0,0
fixed_420,residual_005,1.0,2013,306,3.0627799544178074,0.9414993051514765,0.5563934534886208,422,34,12.411764705882353,23,4,1,1,0
fixed_420,residual_005,1.0,2014,306,2.9505405213636475,1.0018693789076831,0.59854510379583,411,34,12.088235294117647,20,5,2,0,0
fixed_420,residual_005,1.0,2015,306,2.9522293611887487,0.9765623212585306,0.5807441494101531,399,34,11.735294117647058,19,3,0,0,0
fixed_420,residual_005,1.0,2016,306,2.969485118426323,0.9959530239959442,0.5975189531288768,397,34,11.676470588235293,20,3,2,0,0
fixed_420,residual_005,1.0,2017,306,2.913308338608311,0.9958870862166291,0.5952808362730977,426,34,12.529411764705882,21,5,2,0,0
fixed_420,residual_005,1.0,2018,306,3.1201894804201755,0.9637468827443155,0.5716778227340811,394,34,11.588235294117647,18,4,0,0,0
fixed_420,residual_005,1.0,2019,306,3.1191295696349552,0.969238853323955,0.5768321223659334,394,34,11.588235294117647,20,2,1,0,0
fixed_420,residual_005,1.0,2020,306,2.9654032317878625,0.9886267347713102,0.5878934378539917,393,34,11.558823529411764,19,2,0,0,0
fixed_420,residual_005,1.0,2021,306,3.0297824654835552,0.9878995287999354,0.5868875176381838,384,34,11.294117647058824,17,0,0,0,0
fixed_420,residual_005,1.0,2022,306,3.1109959385020978,0.9959418771351647,0.5944976890319831,403,34,11.852941176470589,23,4,3,1,0
fixed_420,residual_005,1.0,2023,306,3.0332868854144484,0.9468085043834636,0.5598541485538103,418,34,12.294117647058824,21,2,1,0,0
fixed_420,residual_005,1.0,2024,306,3.0756158358777395,0.9900288585781899,0.5912994385243137,417,34,12.264705882352942,23,5,2,1,0
fixed_420,residual_005,1.0,2025,306,3.0694001615700026,0.9527279466399421,0.5626907099154349,433,34,12.735294117647058,21,5,3,0,0
fixed_420,residual_010,0.0,2011,306,2.982282526188586,1.0002980514466684,0.5965575006780277,399,34,11.735294117647058,19,2,0,0,0
fixed_420,residual_010,0.0,2012,306,3.00364659763215,0.9836748798762603,0.5852189682305546,428,34,12.588235294117647,20,5,1,0,0
fixed_420,residual_010,0.0,2013,306,3.0746433734750176,0.9527272654870318,0.5621519934429412,407,34,11.970588235294118,23,3,1,1,0
fixed_420,residual_010,0.0,2014,306,2.97240215322512,1.023977841481618,0.6104812892194921,400,34,11.764705882352942,18,2,0,0,0
fixed_420,residual_010,0.0,2015,306,2.969245428127434,0.9932306718005411,0.5923177830367774,400,34,11.764705882352942,18,3,0,0,0
fixed_420,residual_010,0.0,2016,306,2.971920784996929,0.9984812142529713,0.5991079155849033,398,34,11.705882352941176,20,3,1,0,0
fixed_420,residual_010,0.0,2017,306,2.9320601544664004,1.0145651327833396,0.6063052932279939,377,34,11.088235294117647,18,2,0,0,0
fixed_420,residual_010,0.0,2018,306,3.1338729879248746,0.9771430418668804,0.5806059369376022,408,34,12.0,18,3,0,0,0
fixed_420,residual_010,0.0,2019,306,3.1441150325402107,0.9946328193736079,0.5933852354525032,396,34,11.647058823529411,22,4,2,1,0
fixed_420,residual_010,0.0,2020,306,2.9845729894464026,1.008458344520643,0.6020688783189914,375,34,11.029411764705882,16,0,0,0,0
fixed_420,residual_010,0.0,2021,306,3.047181836225999,1.0050326689790785,0.5982295636720194,382,34,11.235294117647058,18,1,0,0,0
fixed_420,residual_010,0.0,2022,306,3.1216833445234955,1.006967912637454,0.601986445803671,409,34,12.029411764705882,23,3,2,1,0
fixed_420,residual_010,0.0,2023,306,3.062555825854457,0.9757252958986842,0.583144368759355,388,34,11.411764705882353,21,3,3,0,0
fixed_420,residual_010,0.0,2024,306,3.1079936066265974,1.0224897512598985,0.6110061503410437,370,34,10.882352941176471,23,3,1,1,0
fixed_420,residual_010,0.0,2025,306,3.0928321952131905,0.9757081560258689,0.5761872197547061,420,34,12.352941176470589,25,4,2,1,1
fixed_420,residual_010,0.5,2011,306,2.979114226718354,0.997129751976436,0.5946987652738966,399,34,11.735294117647058,19,3,0,0,0
fixed_420,residual_010,0.5,2012,306,3.001695872409316,0.9817241546534267,0.5834841756341669,437,34,12.852941176470589,21,5,2,0,0
fixed_420,residual_010,0.5,2013,306,3.0664492997261026,0.944533191738117,0.5577773185265152,421,34,12.382352941176471,23,4,2,1,0
fixed_420,residual_010,0.5,2014,306,2.957709730904846,1.009285419161344,0.6025092686088845,424,34,12.470588235294118,19,4,0,0,0
fixed_420,residual_010,0.5,2015,306,2.9568580627984034,0.980843306471511,0.5839506025296977,396,34,11.647058823529411,18,4,0,0,0
fixed_420,residual_010,0.5,2016,306,2.967985076406166,0.9945455056622083,0.5966538377675866,396,34,11.647058823529411,20,4,1,0,0
fixed_420,residual_010,0.5,2017,306,2.9203629360228223,1.0028679143397614,0.5992536391349602,409,34,12.029411764705882,18,3,0,0,0
fixed_420,residual_010,0.5,2018,306,3.1250248250022024,0.9682948789442086,0.5749253011247762,415,34,12.205882352941176,18,4,0,0,0
fixed_420,residual_010,0.5,2019,306,3.128354718144592,0.9788725049779893,0.5832520663135354,409,34,12.029411764705882,20,3,1,0,0
fixed_420,residual_010,0.5,2020,306,2.972353386705901,0.9962387417801413,0.5937147621705513,390,34,11.470588235294118,18,1,0,0,0
fixed_420,residual_010,0.5,2021,306,3.0347392086681553,0.9925900414212353,0.5905170690971127,371,34,10.911764705882353,18,1,0,0,0
fixed_420,residual_010,0.5,2022,306,3.1134449711821706,0.9987295392961291,0.5965847964333726,418,34,12.294117647058824,23,4,2,1,0
fixed_420,residual_010,0.5,2023,306,3.0437332122332506,0.9569026822774781,0.5685837346192267,404,34,11.882352941176471,21,2,2,0,0
fixed_420,residual_010,0.5,2024,306,3.0887251682201997,1.0032213128535008,0.599198440095772,401,34,11.794117647058824,23,4,2,1,0
fixed_420,residual_010,0.5,2025,306,3.0779434107185164,0.9608193715311948,0.5678385446593996,437,34,12.852941176470589,25,5,2,1,1
fixed_420,residual_010,1.0,2011,306,2.980134391220012,0.998149916478094,0.5954071588138744,389,34,11.441176470588236,18,2,0,0,0
fixed_420,residual_010,1.0,2012,306,3.00924663814612,0.9892749203902308,0.5890123377315373,404,34,11.882352941176471,20,4,1,0,0
fixed_420,residual_010,1.0,2013,306,3.0633642548317805,0.9414481468437952,0.5563655079179386,423,34,12.441176470588236,23,4,1,1,0
fixed_420,residual_010,1.0,2014,306,2.9502936906511845,1.0018693789076831,0.59854510379583,411,34,12.088235294117647,20,5,2,0,0
fixed_420,residual_010,1.0,2015,306,2.952577077585423,0.9765623212585306,0.5807441494101531,400,34,11.764705882352942,19,3,0,0,0
fixed_420,residual_010,1.0,2016,306,2.969392594739902,0.9959530239959442,0.5975189531288768,407,34,11.970588235294118,20,3,2,0,0
fixed_420,residual_010,1.0,2017,306,2.91338210789969,0.995887086216629,0.5952808362730977,425,34,12.5,21,5,2,0,0
fixed_420,residual_010,1.0,2018,306,3.1204768288023095,0.9637468827443155,0.5716778227340811,400,34,11.764705882352942,18,4,0,0,0
fixed_420,residual_010,1.0,2019,306,3.1186844808435503,0.9692022676769476,0.57680342020765,392,34,11.529411764705882,20,2,1,0,0
fixed_420,residual_010,1.0,2020,306,2.964591166378299,0.9884765214525392,0.5877825113443282,396,34,11.647058823529411,19,3,0,0,0
fixed_420,residual_010,1.0,2021,306,3.029962472944533,0.9878133056976126,0.5868249855437105,385,34,11.323529411764707,17,0,0,0,0
fixed_420,residual_010,1.0,2022,306,3.1106573090212066,0.9959418771351647,0.5944976890319831,406,34,11.941176470588236,23,4,3,1,0
fixed_420,residual_010,1.0,2023,306,3.0335729543373118,0.9467424243815393,0.5598296746229843,418,34,12.294117647058824,21,2,1,0,0
fixed_420,residual_010,1.0,2024,306,3.075532713944889,0.9900288585781899,0.5912994385243137,410,34,12.058823529411764,23,5,2,1,0
fixed_420,residual_010,1.0,2025,306,3.0697198365410694,0.9525957973537477,0.56259068206988,433,34,12.735294117647058,21,5,3,0,0
fixed_420,residual_020,0.0,2011,306,2.9805167567630972,0.9987046956926782,0.5954388504230141,401,34,11.794117647058824,18,1,0,0,0
fixed_420,residual_020,0.0,2012,306,3.010068336356179,0.9860590668447069,0.5867445889198916,417,34,12.264705882352942,20,3,1,0,0
fixed_420,residual_020,0.0,2013,306,3.077746105185994,0.953962221102407,0.5623721761966938,404,34,11.882352941176471,23,4,1,1,0
fixed_420,residual_020,0.0,2014,306,2.97239366462125,1.0239341391420564,0.6106419206405946,399,34,11.735294117647058,18,3,0,0,0
fixed_420,residual_020,0.0,2015,306,2.976841811840138,0.9996065198988444,0.5967201052585983,384,34,11.294117647058824,18,2,0,0,0
fixed_420,residual_020,0.0,2016,306,2.9713840136337644,0.9975823626343304,0.598339845018959,401,34,11.794117647058824,20,3,1,0,0
fixed_420,residual_020,0.0,2017,306,2.934108045526289,1.0160335104363123,0.6076498507793597,379,34,11.147058823529411,18,2,0,0,0
fixed_420,residual_020,0.0,2018,306,3.135130358236476,0.9770207450510296,0.581085274311947,405,34,11.911764705882353,24,3,1,1,1
fixed_420,residual_020,0.0,2019,306,3.1455160176800687,0.9960783752855846,0.5945085440584379,388,34,11.411764705882353,20,4,1,0,0
fixed_420,residual_020,0.0,2020,306,2.98335893904897,1.0079077653418391,0.6020499609289002,379,34,11.147058823529411,17,0,0,0,0
fixed_420,residual_020,0.0,2021,306,3.051204535421426,1.0079782972408515,0.5993155996900178,382,34,11.235294117647058,18,1,0,0,0
fixed_420,residual_020,0.0,2022,306,3.1269403197463403,1.0122470444975198,0.6048246718791773,413,34,12.147058823529411,23,3,2,1,0
fixed_420,residual_020,0.0,2023,306,3.0612152907232213,0.9728904318289291,0.5815593247863425,388,34,11.411764705882353,23,3,3,1,0
fixed_420,residual_020,0.0,2024,306,3.1111565367266945,1.025258235753427,0.6127250288563655,375,34,11.029411764705882,23,3,1,1,0
fixed_420,residual_020,0.0,2025,306,3.096216881264453,0.9775998459016617,0.5768496460291604,414,34,12.176470588235293,25,5,2,1,1
fixed_420,residual_020,0.5,2011,306,2.9778444132567756,0.9960323521863566,0.593926167060332,398,34,11.705882352941176,19,3,0,0,0
fixed_420,residual_020,0.5,2012,306,3.0065159103592465,0.9825066408477748,0.5839199236188116,427,34,12.558823529411764,20,4,1,0,0
fixed_420,residual_020,0.5,2013,306,3.0689013026591376,0.9451174185755509,0.5579112661687448,423,34,12.441176470588236,23,4,2,1,0
fixed_420,residual_020,0.5,2014,306,2.957373997504188,1.0089144720249947,0.602339919306439,426,34,12.529411764705882,19,5,0,0,0
fixed_420,residual_020,0.5,2015,306,2.9611572247529296,0.983921932811636,0.5860739732601101,408,34,12.0,19,4,0,0,0
fixed_420,residual_020,0.5,2016,306,2.9676241366890648,0.9938224856896307,0.5961068508162449,404,34,11.882352941176471,20,4,1,0,0
fixed_420,residual_020,0.5,2017,306,2.921518961388624,1.0034444262986475,0.5998061381572517,403,34,11.852941176470589,18,3,0,0,0
fixed_420,residual_020,0.5,2018,306,3.1259107868966054,0.9678011737111594,0.5748602948666481,419,34,12.323529411764707,20,2,1,0,0
fixed_420,residual_020,0.5,2019,306,3.128713104006284,0.9792754616117992,0.5836203927470547,410,34,12.058823529411764,19,3,0,0,0
fixed_420,residual_020,0.5,2020,306,2.970901653631975,0.9954504799248443,0.5932784661379127,377,34,11.088235294117647,17,0,0,0,0
fixed_420,residual_020,0.5,2021,306,3.0369125663600065,0.9936863281794321,0.5909113130501324,373,34,10.970588235294118,18,1,0,0,0
fixed_420,residual_020,0.5,2022,306,3.1155384334488,1.000845158199979,0.5977276134846349,408,34,12.0,23,3,2,1,0
fixed_420,residual_020,0.5,2023,306,3.0438129922966772,0.9554881334023851,0.5677895749245957,411,34,12.088235294117647,21,3,2,0,0
fixed_420,residual_020,0.5,2024,306,3.0903506112823025,1.0044523103090348,0.6000317260045845,401,34,11.794117647058824,23,5,2,1,0
fixed_420,residual_020,0.5,2025,306,3.0800225295172585,0.9614054941544672,0.5680228749425944,435,34,12.794117647058824,25,5,3,1,1
fixed_420,residual_020,1.0,2011,306,2.979972791092912,0.998160730022493,0.5954227540843414,387,34,11.382352941176471,18,2,0,0,0
fixed_420,residual_020,1.0,2012,306,3.0132841899017024,0.9892749203902308,0.5890123377315373,400,34,11.764705882352942,20,3,1,0,0
fixed_420,residual_020,1.0,2013,306,3.065135640040354,0.9413517559567672,0.5563153959321931,421,34,12.382352941176471,23,4,1,1,0
fixed_420,residual_020,1.0,2014,306,2.9503289043868763,1.0018693789076831,0.59854510379583,409,34,12.029411764705882,20,4,2,0,0
fixed_420,residual_020,1.0,2015,306,2.953797613199824,0.9765623212585306,0.5807441494101531,395,34,11.617647058823529,19,3,0,0,0
fixed_420,residual_020,1.0,2016,306,2.9697546749953783,0.9959530239959442,0.5975189531288768,408,34,12.0,20,3,1,0,0
fixed_420,residual_020,1.0,2017,306,2.9139616213066057,0.995887086216629,0.5952808362730977,429,34,12.617647058823529,21,5,2,0,0
fixed_420,residual_020,1.0,2018,306,3.121856495929762,0.9637468827443155,0.5716778227340811,405,34,11.911764705882353,20,4,1,0,0
fixed_420,residual_020,1.0,2019,306,3.1185792518736424,0.9691416094791581,0.5767556710057121,391,34,11.5,19,2,0,0,0
fixed_420,residual_020,1.0,2020,306,2.9636384012412096,0.9881872275340791,0.5875690887087504,395,34,11.617647058823529,18,2,0,0,0
fixed_420,residual_020,1.0,2021,306,3.030869952100543,0.9876437139199687,0.58670221548369,382,34,11.235294117647058,17,0,0,0,0
fixed_420,residual_020,1.0,2022,306,3.1106351523839852,0.9959418771351647,0.5944976890319831,404,34,11.882352941176471,23,4,3,1,0
fixed_420,residual_020,1.0,2023,306,3.0349540514292674,0.9466291925349752,0.5597961775412414,420,34,12.352941176470589,21,3,1,0,0
fixed_420,residual_020,1.0,2024,306,3.0759271595514575,0.9900288585781899,0.5912994385243137,409,34,12.029411764705882,23,5,2,1,0
fixed_420,residual_020,1.0,2025,306,3.0709658890907594,0.952348853727968,0.56240197426229,431,34,12.676470588235293,21,5,3,0,0
fixed_630,legacy,0.0,2011,306,2.992059323847414,1.0076532302191177,0.6014340346624849,398,34,11.705882352941176,19,3,0,0,0
fixed_630,legacy,0.0,2012,306,2.9986681966422397,0.984923237225098,0.5865948444331843,433,34,12.735294117647058,20,4,1,0,0
fixed_630,legacy,0.0,2013,306,3.071487156065142,0.9492259011497755,0.5597568246437293,416,34,12.235294117647058,23,4,1,1,0
fixed_630,legacy,0.0,2014,306,2.9716512116571407,1.0270298178333852,0.6123995426172448,388,34,11.411764705882353,18,2,0,0,0
fixed_630,legacy,0.0,2015,306,2.9619538608879905,0.9881819543139685,0.5888277372388708,402,34,11.823529411764707,18,2,0,0,0
fixed_630,legacy,0.0,2016,306,2.974409475533322,1.004835162668349,0.6034023632299423,388,34,11.411764705882353,18,1,0,0,0
fixed_630,legacy,0.0,2017,306,2.934752187412561,1.0151468280334985,0.6064271467457897,373,34,10.970588235294118,18,1,0,0,0
fixed_630,legacy,0.0,2018,306,3.1291115336231288,0.975816386056688,0.5792431429809007,404,34,11.882352941176471,19,3,0,0,0
fixed_630,legacy,0.0,2019,306,3.1357970826775348,0.9895727517245039,0.590044591902431,416,34,12.235294117647058,22,4,2,1,0
fixed_630,legacy,0.0,2020,306,2.9918149200978363,1.012131046087491,0.6044250027898486,382,34,11.235294117647058,16,0,0,0,0
fixed_630,legacy,0.0,2021,306,3.0430779016398466,1.0051727941710187,0.5981184724931748,383,34,11.264705882352942,18,1,0,0,0
fixed_630,legacy,0.0,2022,306,3.116386991964508,1.0046664211851857,0.6007591844662338,401,34,11.794117647058824,23,2,2,1,0
fixed_630,legacy,0.0,2023,306,3.0625472661916264,0.9788315263714394,0.5846929804638771,391,34,11.5,21,4,2,0,0
fixed_630,legacy,0.0,2024,306,3.1024754923788893,1.0199885032381897,0.6088580695195006,367,34,10.794117647058824,23,5,1,1,0
fixed_630,legacy,0.0,2025,306,3.082785711442095,0.9694902613941951,0.5726947685555998,432,34,12.705882352941176,25,4,2,1,1
fixed_630,legacy,0.5,2011,306,2.9847996881271057,1.0003935944988092,0.5968515281901746,399,34,11.735294117647058,21,2,1,0,0
fixed_630,legacy,0.5,2012,306,2.996448419637975,0.9827034602208332,0.5845310292116666,442,34,13.0,21,4,2,0,0
fixed_630,legacy,0.5,2013,306,3.0647670316653213,0.9425057767499546,0.5563994443964648,426,34,12.529411764705882,23,4,2,1,0
fixed_630,legacy,0.5,2014,306,2.955722546339881,1.0111011525161258,0.6037248720067744,412,34,12.117647058823529,18,3,0,0,0
fixed_630,legacy,0.5,2015,306,2.9523307057167765,0.9785587991427546,0.5824588656375497,396,34,11.647058823529411,18,3,0,0,0
fixed_630,legacy,0.5,2016,306,2.966950272810253,0.9973759599452794,0.5986315566131034,400,34,11.764705882352942,20,2,1,0,0
fixed_630,legacy,0.5,2017,306,2.9224248953818335,1.0028195360027707,0.5991140523468154,398,34,11.705882352941176,18,2,0,0,0
fixed_630,legacy,0.5,2018,306,3.1210257315477605,0.9677305839813197,0.5743443227847169,409,34,12.029411764705882,19,3,0,0,0
fixed_630,legacy,0.5,2019,306,3.1227160985132754,0.9764917675602446,0.581644526349099,417,34,12.264705882352942,20,2,1,0,0
fixed_630,legacy,0.5,2020,306,2.9774310321337496,0.9977471581234045,0.5947751502126446,391,34,11.5,18,1,0,0,0
fixed_630,legacy,0.5,2021,306,3.0300480327746264,0.9921429253057985,0.5901901116174953,368,34,10.823529411764707,18,1,0,0,0
fixed_630,legacy,0.5,2022,306,3.109269609221843,0.9975490384425209,0.5959055590120274,407,34,11.970588235294118,23,3,2,1,0
fixed_630,legacy,0.5,2023,306,3.041634016869478,0.9579182770492908,0.5691692874544451,406,34,11.941176470588236,21,2,2,0,0
fixed_630,legacy,0.5,2024,306,3.083988693385992,1.001501704245292,0.5978967410984641,396,34,11.647058823529411,23,6,2,1,0
fixed_630,legacy,0.5,2025,306,3.0707212413632794,0.9574257913153797,0.5657651270836963,438,34,12.882352941176471,25,5,2,1,1
fixed_630,legacy,1.0,2011,306,2.982397989897292,0.9979918962689956,0.5953125265908834,388,34,11.411764705882353,18,1,0,0,0
fixed_630,legacy,1.0,2012,306,3.0030198798073724,0.9892749203902308,0.5890123377315373,402,34,11.823529411764707,20,4,1,0,0
fixed_630,legacy,1.0,2013,306,3.063792384690301,0.941531129774934,0.5564099792419108,422,34,12.411764705882353,23,3,1,1,0
fixed_630,legacy,1.0,2014,306,2.9464907727314387,1.0018693789076831,0.59854510379583,415,34,12.205882352941176,20,4,2,0,0
fixed_630,legacy,1.0,2015,306,2.9503342278325526,0.9765623212585306,0.5807441494101531,407,34,11.970588235294118,19,3,0,0,0
fixed_630,legacy,1.0,2016,306,2.9655273368609176,0.9959530239959442,0.5975189531288768,400,34,11.764705882352942,20,2,1,0,0
fixed_630,legacy,1.0,2017,306,2.915492445595692,0.995887086216629,0.5952808362730977,413,34,12.147058823529411,21,4,1,0,0
fixed_630,legacy,1.0,2018,306,3.1170420303107567,0.9637468827443155,0.5716778227340811,399,34,11.735294117647058,19,4,0,0,0
fixed_630,legacy,1.0,2019,306,3.115624147231391,0.9693998162783601,0.5769492280592674,396,34,11.647058823529411,20,1,1,0,0
fixed_630,legacy,1.0,2020,306,2.9684660656262536,0.9887821916159082,0.5880126309017166,395,34,11.617647058823529,19,5,0,0,0
fixed_630,legacy,1.0,2021,306,3.0255408540246163,0.9876357465557886,0.5866968500203953,381,34,11.205882352941176,17,0,0,0,0
fixed_630,legacy,1.0,2022,306,3.107662447914487,0.9959418771351647,0.5944976890319831,399,34,11.735294117647058,23,4,3,1,0
fixed_630,legacy,1.0,2023,306,3.0304517194869924,0.9467359796668057,0.5598084026954137,425,34,12.5,21,2,1,0,0
fixed_630,legacy,1.0,2024,306,3.07251584771889,0.9900288585781899,0.5912994385243137,410,34,12.058823529411764,23,5,2,1,0
fixed_630,legacy,1.0,2025,306,3.0659684253991704,0.9526729753512703,0.5626642321752705,436,34,12.823529411764707,21,4,3,0,0
fixed_630,none,0.0,2011,306,2.9969645743483038,1.0097693372819179,0.6027984130155661,387,34,11.382352941176471,19,2,0,0,0
fixed_630,none,0.0,2012,306,2.9988062895329164,0.9846141629935684,0.5863577697750939,440,34,12.941176470588236,20,3,1,0,0
fixed_630,none,0.0,2013,306,3.0734987069268316,0.9530409669627695,0.5627669665494907,421,34,12.382352941176471,23,3,1,1,0
fixed_630,none,0.0,2014,306,2.971286248105241,1.0258642507568332,0.6115741873858741,405,34,11.911764705882353,18,3,0,0,0
fixed_630,none,0.0,2015,306,2.9573464481477147,0.985523857890814,0.5866854321367987,400,34,11.764705882352942,18,2,0,0,0
fixed_630,none,0.0,2016,306,2.974209470337809,1.0030982842498235,0.6023792001075421,386,34,11.352941176470589,20,3,2,0,0
fixed_630,none,0.0,2017,306,2.933115002423576,1.013945671559092,0.6054220240736151,374,34,11.0,18,1,0,0,0
fixed_630,none,0.0,2018,306,3.1298029070554616,0.9763993064659768,0.5797215034301649,407,34,11.970588235294118,19,3,0,0,0
fixed_630,none,0.0,2019,306,3.1385402201495287,0.9899928371431709,0.5906217411789961,409,34,12.029411764705882,22,5,2,1,0
fixed_630,none,0.0,2020,306,2.9962504349961505,1.0132663751202577,0.6055173742145636,379,34,11.147058823529411,16,0,0,0,0
fixed_630,none,0.0,2021,306,3.038433251805912,0.9998707388646374,0.5956485852589466,383,34,11.264705882352942,22,1,1,1,0
fixed_630,none,0.0,2022,306,3.113088329569547,1.0022247173519445,0.5996047466418254,399,34,11.735294117647058,23,2,2,1,0
fixed_630,none,0.0,2023,306,3.0659879381103807,0.98266608309337,0.5870942299873266,399,34,11.735294117647058,21,3,2,0,0
fixed_630,none,0.0,2024,306,3.1016010735670494,1.0194358561520795,0.60905610091616,375,34,11.029411764705882,21,5,1,0,0
fixed_630,none,0.0,2025,306,3.0842913795247595,0.9713003870344185,0.5745024290070683,429,34,12.617647058823529,25,4,2,1,1
fixed_630,none,0.5,2011,306,2.9883908736739224,1.0011956366075363,0.5974056712375583,397,34,11.676470588235293,18,2,0,0,0
fixed_630,none,0.5,2012,306,2.9967888693268736,0.9825967427875255,0.5844910385273264,446,34,13.117647058823529,21,3,2,0,0
fixed_630,none,0.5,2013,306,3.0647944632258097,0.9443367232617472,0.5577658083758561,430,34,12.647058823529411,23,4,2,1,0
fixed_630,none,0.5,2014,306,2.956004972972792,1.0105829756243845,0.6032391963273782,425,34,12.5,18,3,0,0,0
fixed_630,none,0.5,2015,306,2.9488776687368556,0.9770550784799548,0.5812559487190582,390,34,11.470588235294118,18,4,0,0,0
fixed_630,none,0.5,2016,306,2.9677170053805058,0.9966058192925207,0.5980947781010304,397,34,11.676470588235293,20,3,1,0,0
fixed_630,none,0.5,2017,306,2.921496856048266,1.0023275251837818,0.5986390745908268,393,34,11.558823529411764,18,2,0,0,0
fixed_630,none,0.5,2018,306,3.1213038947241927,0.967900294134708,0.5744654430291686,413,34,12.147058823529411,19,4,0,0,0
fixed_630,none,0.5,2019,306,3.125150929501759,0.9766035464954014,0.5818189413231651,422,34,12.411764705882353,20,3,1,0,0
fixed_630,none,0.5,2020,306,2.981202025212266,0.9982179653363734,0.5951940735268969,391,34,11.5,18,1,0,0,0
fixed_630,none,0.5,2021,306,3.0284562190729387,0.9898937061316642,0.5890256507945217,367,34,10.794117647058824,19,1,0,0,0
fixed_630,none,0.5,2022,306,3.107465704659077,0.9966020924414744,0.5954063437853208,406,34,11.941176470588236,23,5,2,1,0
fixed_630,none,0.5,2023,306,3.0427858023599597,0.9594639473429492,0.5700188361798161,403,34,11.852941176470589,21,2,2,0,0
fixed_630,none,0.5,2024,306,3.083270271363274,1.001105053948304,0.5977237586970744,397,34,11.676470588235293,21,4,1,0,0
fixed_630,none,0.5,2025,306,3.0717226707289442,0.9587316782386036,0.5667971182882618,429,34,12.617647058823529,25,4,2,1,1
fixed_630,none,1.0,2011,306,2.985189120004265,0.997993882937879,0.5953105141567662,387,34,11.382352941176471,18,1,0,0,0
fixed_630,none,1.0,2012,306,3.003467046929579,0.9892749203902308,0.5890123377315373,396,34,11.647058823529411,20,3,1,0,0
fixed_630,none,1.0,2013,306,3.0621954998806657,0.9417377599166034,0.5565331188445871,423,34,12.441176470588236,23,3,1,1,0
fixed_630,none,1.0,2014,306,2.9472913762560906,1.0018693789076831,0.59854510379583,422,34,12.411764705882353,20,5,2,0,0
fixed_630,none,1.0,2015,306,2.948384911515431,0.9765623212585306,0.5807441494101531,409,34,12.029411764705882,19,4,0,0,0
fixed_630,none,1.0,2016,306,2.9670642100839295,0.9959530239959442,0.5975189531288768,398,34,11.705882352941176,20,3,1,0,0
fixed_630,none,1.0,2017,306,2.915056417081113,0.995887086216629,0.5952808362730977,412,34,12.117647058823529,21,4,2,0,0
fixed_630,none,1.0,2018,306,3.1171504833337997,0.9637468827443155,0.5716778227340811,395,34,11.617647058823529,19,4,0,0,0
fixed_630,none,1.0,2019,306,3.1180856365044525,0.9695382534980945,0.5770517728733476,392,34,11.529411764705882,20,1,1,0,0
fixed_630,none,1.0,2020,306,2.9719113210458814,0.9889272611699885,0.5881159112659167,400,34,11.764705882352942,19,3,0,0,0
fixed_630,none,1.0,2021,306,3.026300402699195,0.9877378897579205,0.5867723964867241,385,34,11.323529411764707,17,0,0,0,0
fixed_630,none,1.0,2022,306,3.1068054893527672,0.9959418771351647,0.5944976890319831,407,34,11.970588235294118,23,4,3,1,0
fixed_630,none,1.0,2023,306,3.0302640192324484,0.9469421642154375,0.5599093038008337,428,34,12.588235294117647,21,3,1,0,0
fixed_630,none,1.0,2024,306,3.07219407599316,0.9900288585781899,0.5912994385243137,414,34,12.176470588235293,21,5,2,0,0
fixed_630,none,1.0,2025,306,3.06593807665717,0.9529470841668295,0.5628540816268907,433,34,12.735294117647058,21,4,3,0,0
fixed_630,residual_005,0.0,2011,306,2.9936390177778844,1.0073655255936569,0.6011559874147556,388,34,11.411764705882353,19,2,0,0,0
fixed_630,residual_005,0.0,2012,306,3.000062400646829,0.9846291873179982,0.5862785591807252,425,34,12.5,20,2,1,0,0
fixed_630,residual_005,0.0,2013,306,3.0733711772946255,0.9524946875511671,0.562128574172553,421,34,12.382352941176471,23,3,1,1,0
fixed_630,residual_005,0.0,2014,306,2.9696169165195516,1.0247744217162076,0.6109357240253408,401,34,11.794117647058824,18,3,0,0,0
fixed_630,residual_005,0.0,2015,306,2.9599676440504137,0.9879389777307955,0.5883963644334427,402,34,11.823529411764707,18,2,0,0,0
fixed_630,residual_005,0.0,2016,306,2.972198529936213,1.0014451927922063,0.6012270670911206,384,34,11.294117647058824,20,2,2,0,0
fixed_630,residual_005,0.0,2017,306,2.9328027976539213,1.013784027500361,0.6054385922402189,376,34,11.058823529411764,18,1,0,0,0
fixed_630,residual_005,0.0,2018,306,3.128154235911386,0.9748453852234408,0.579035426002337,411,34,12.088235294117647,19,4,0,0,0
fixed_630,residual_005,0.0,2019,306,3.137178707201573,0.9893832268419313,0.5903097351486754,410,34,12.058823529411764,22,5,2,1,0
fixed_630,residual_005,0.0,2020,306,2.9932034530023053,1.0114611136536262,0.6043672978236649,377,34,11.088235294117647,16,0,0,0,0
fixed_630,residual_005,0.0,2021,306,3.0389355106368203,1.0003016015537827,0.5955937736045164,381,34,11.205882352941176,19,1,0,0,0
fixed_630,residual_005,0.0,2022,306,3.113744117627301,1.0034869297802052,0.6001738288498544,407,34,11.970588235294118,23,2,2,1,0
fixed_630,residual_005,0.0,2023,306,3.062995340722466,0.9796756167417554,0.5852879454798983,395,34,11.617647058823529,21,3,2,0,0
fixed_630,residual_005,0.0,2024,306,3.1014303778696135,1.0196273172896138,0.609134749150941,366,34,10.764705882352942,23,3,1,1,0
fixed_630,residual_005,0.0,2025,306,3.084179481849245,0.9711127641956998,0.5741027664962683,430,34,12.647058823529411,25,4,2,1,1
fixed_630,residual_005,0.5,2011,306,2.986491843019509,1.0002183508352809,0.5967284811859991,402,34,11.823529411764707,21,2,1,0,0
fixed_630,residual_005,0.5,2012,306,2.998114073123951,0.9826808597951205,0.5844819069526695,440,34,12.941176470588236,21,3,2,0,0
fixed_630,residual_005,0.5,2013,306,3.065182406095397,0.9443059163519382,0.5576247997497488,429,34,12.617647058823529,23,5,2,1,0
fixed_630,residual_005,0.5,2014,306,2.954956075313878,1.0101135805105341,0.6029662036027648,419,34,12.323529411764707,18,3,0,0,0
fixed_630,residual_005,0.5,2015,306,2.95042984614484,0.9784011798252217,0.5821960284290573,395,34,11.617647058823529,18,4,0,0,0
fixed_630,residual_005,0.5,2016,306,2.9666729216482133,0.9959195845042073,0.5976094935792656,395,34,11.617647058823529,20,3,1,0,0
fixed_630,residual_005,0.5,2017,306,2.9214010933715975,1.0023823232180369,0.5987409201122872,394,34,11.588235294117647,18,2,0,0,0
fixed_630,residual_005,0.5,2018,306,3.120615126789292,0.9673062761013467,0.5742077523499631,414,34,12.176470588235293,19,4,0,0,0
fixed_630,residual_005,0.5,2019,306,3.1242579002971302,0.9764624199374887,0.5817707917920683,417,34,12.264705882352942,20,3,1,0,0
fixed_630,residual_005,0.5,2020,306,2.979151750126991,0.9974094107783124,0.5946621924881147,389,34,11.441176470588236,18,1,0,0,0
fixed_630,residual_005,0.5,2021,306,3.0288103211910506,0.9901764121080129,0.5890652494069506,372,34,10.941176470588236,19,1,0,0,0
fixed_630,residual_005,0.5,2022,306,3.107564464395263,0.9973072765481674,0.5957611813761126,408,34,12.0,23,4,2,1,0
fixed_630,residual_005,0.5,2023,306,3.0416631878122393,0.9583434638315286,0.5693400264359572,405,34,11.911764705882353,21,2,2,0,0
fixed_630,residual_005,0.5,2024,306,3.0832294719617392,1.001426411381739,0.5979453321424939,404,34,11.882352941176471,23,6,2,1,0
fixed_630,residual_005,0.5,2025,306,3.071788421050519,0.9587217033969736,0.5666910533175408,433,34,12.735294117647058,25,5,2,1,1
fixed_630,residual_005,1.0,2011,306,2.9842687355095023,0.9979952433252747,0.5953136792905535,387,34,11.382352941176471,18,1,0,0,0
fixed_630,residual_005,1.0,2012,306,3.0047081337190615,0.9892749203902308,0.5890123377315373,398,34,11.705882352941176,20,3,1,0,0
fixed_630,residual_005,1.0,2013,306,3.062545732620184,0.9416692428767256,0.5564910922549038,423,34,12.441176470588236,23,3,1,1,0
fixed_630,residual_005,1.0,2014,306,2.946711873711027,1.0018693789076831,0.59854510379583,419,34,12.323529411764707,20,5,2,0,0
fixed_630,residual_005,1.0,2015,306,2.948590987578149,0.9765623212585306,0.5807441494101531,408,34,12.0,19,3,0,0,0
fixed_630,residual_005,1.0,2016,306,2.9667063611399507,0.9959530239959442,0.5975189531288768,399,34,11.735294117647058,20,3,1,0,0
fixed_630,residual_005,1.0,2017,306,2.914905856370189,0.9958870862166291,0.5952808362730977,412,34,12.117647058823529,21,4,2,0,0
fixed_630,residual_005,1.0,2018,306,3.117055733432261,0.9637468827443155,0.5716778227340811,396,34,11.647058823529411,19,4,0,0,0
fixed_630,residual_005,1.0,2019,306,3.117277267388962,0.9694817870293204,0.5770094985366573,393,34,11.558823529411764,20,1,1,0,0
fixed_630,residual_005,1.0,2020,306,2.970505266046348,0.9887629266976691,0.5879952732348968,393,34,11.558823529411764,19,2,0,0,0
fixed_630,residual_005,1.0,2021,306,3.026294277142731,0.9876603680596935,0.5867159671046103,388,34,11.411764705882353,17,0,0,0,0
fixed_630,residual_005,1.0,2022,306,3.10619906498226,0.9959418771351647,0.5944976890319831,407,34,11.970588235294118,23,4,3,1,0
fixed_630,residual_005,1.0,2023,306,3.0301839766051026,0.9468642526243919,0.559874111688705,426,34,12.529411764705882,21,2,1,0,0
fixed_630,residual_005,1.0,2024,306,3.07183191915819,0.9900288585781899,0.5912994385243137,419,34,12.323529411764707,23,5,2,1,0
fixed_630,residual_005,1.0,2025,306,3.0658713729555003,0.9528046553019552,0.5627480293944541,429,34,12.617647058823529,21,4,3,0,0
fixed_630,residual_010,0.0,2011,306,2.9909431678675062,1.005362305112946,0.5997868880085897,392,34,11.529411764705882,19,2,0,0,0
fixed_630,residual_010,0.0,2012,306,3.00182252670165,0.984955171609704,0.5864203235190046,426,34,12.529411764705882,20,3,1,0,0
fixed_630,residual_010,0.0,2013,306,3.073786719116731,0.9522907818522084,0.5617201242925464,415,34,12.205882352941176,23,4,1,1,0
fixed_630,residual_010,0.0,2014,306,2.9684417058435053,1.0239986642609984,0.6105024174166729,393,34,11.558823529411764,18,3,0,0,0
fixed_630,residual_010,0.0,2015,306,2.963030827577321,0.9906262431009443,0.5902879663388985,406,34,11.941176470588236,18,3,0,0,0
fixed_630,residual_010,0.0,2016,306,2.970718913588574,1.0001377901905442,0.6002899537082644,382,34,11.235294117647058,20,1,1,0,0
fixed_630,residual_010,0.0,2017,306,2.932910860123601,1.0138944786519988,0.605655179663167,380,34,11.176470588235293,18,1,0,0,0
fixed_630,residual_010,0.0,2018,306,3.1272708824544235,0.9737884919995057,0.5786557691530309,415,34,12.205882352941176,19,4,0,0,0
fixed_630,residual_010,0.0,2019,306,3.1364950895951877,0.9891965243549352,0.5902835302965548,420,34,12.352941176470589,22,6,2,1,0
fixed_630,residual_010,0.0,2020,306,2.990786121816119,1.0100606103763838,0.6035177064563655,374,34,11.0,16,0,0,0,0
fixed_630,residual_010,0.0,2021,306,3.039977193306692,1.001091093017132,0.5957506892628798,381,34,11.205882352941176,19,1,0,0,0
fixed_630,residual_010,0.0,2022,306,3.1150547347898745,1.005184069006512,0.6010260994561035,411,34,12.088235294117647,23,2,2,1,0
fixed_630,residual_010,0.0,2023,306,3.060722201868575,0.9771437409849408,0.5837821771765234,386,34,11.352941176470589,21,3,2,0,0
fixed_630,residual_010,0.0,2024,306,3.1018194460175015,1.0201857795203617,0.6094628222982315,362,34,10.647058823529411,23,3,1,1,0
fixed_630,residual_010,0.0,2025,306,3.084620275845755,0.9712773121077901,0.5739257934050727,429,34,12.617647058823529,25,4,2,1,1
fixed_630,residual_010,0.5,2011,306,2.9849195669909006,0.9993387042363409,0.5961189110059865,401,34,11.794117647058824,21,2,1,0,0
fixed_630,residual_010,0.5,2012,306,2.9997074299349955,0.9828400748430491,0.5845258823120782,436,34,12.823529411764707,21,4,2,0,0
fixed_630,residual_010,0.5,2013,306,3.0658597691383203,0.9443638318737975,0.5575446845316023,426,34,12.529411764705882,23,5,2,1,0
fixed_630,residual_010,0.5,2014,306,2.954168152636963,1.0097251110544558,0.6027465679026525,417,34,12.264705882352942,18,3,0,0,0
fixed_630,residual_010,0.5,2015,306,2.9522185397352376,0.9798139552588612,0.5831796375506136,399,34,11.735294117647058,18,4,0,0,0
fixed_630,residual_010,0.5,2016,306,2.965901495577731,0.9953203721797015,0.597179623798404,403,34,11.852941176470589,20,3,1,0,0
fixed_630,residual_010,0.5,2017,306,2.921523116399379,1.002506734927777,0.5988948826322971,397,34,11.676470588235293,18,2,0,0,0
fixed_630,residual_010,0.5,2018,306,3.1203218578890723,0.9668394674341546,0.5740300616347835,418,34,12.294117647058824,19,4,0,0,0
fixed_630,residual_010,0.5,2019,306,3.123726244124985,0.9764276788847324,0.5817948819425907,413,34,12.147058823529411,20,4,1,0,0
fixed_630,residual_010,0.5,2020,306,2.977430472125857,0.9967049606861216,0.5942087514309915,386,34,11.352941176470589,18,1,0,0,0
fixed_630,residual_010,0.5,2021,306,3.029442872011927,0.9905567717223672,0.5891656480165759,365,34,10.735294117647058,19,1,0,0,0
fixed_630,residual_010,0.5,2022,306,3.107992531565284,0.9981218657819215,0.5961882933115275,407,34,11.970588235294118,23,3,2,1,0
fixed_630,residual_010,0.5,2023,306,3.040921210364423,0.9573427494807893,0.5687442123625098,404,34,11.882352941176471,21,2,2,0,0
fixed_630,residual_010,0.5,2024,306,3.0834743908166833,1.0018407243195433,0.5982311817823346,400,34,11.764705882352942,23,5,2,1,0
fixed_630,residual_010,0.5,2025,306,3.072149529840283,0.9588065661023188,0.5666452800186925,435,34,12.794117647058824,25,5,2,1,1
fixed_630,residual_010,1.0,2011,306,2.9835787307167836,0.9979978679622238,0.5953182941271403,388,34,11.411764705882353,18,1,0,0,0
fixed_630,residual_010,1.0,2012,306,3.006142275482177,0.9892749203902308,0.5890123377315373,399,34,11.735294117647058,20,4,1,0,0
fixed_630,residual_010,1.0,2013,306,3.063099446031551,0.9416035087670284,0.5564519483401619,416,34,12.235294117647058,23,3,1,1,0
fixed_630,residual_010,1.0,2014,306,2.94631242049019,1.0018693789076831,0.59854510379583,414,34,12.176470588235293,20,4,2,0,0
fixed_630,residual_010,1.0,2015,306,2.948966905734907,0.9765623212585306,0.5807441494101531,409,34,12.029411764705882,19,3,0,0,0
fixed_630,residual_010,1.0,2016,306,2.9665341473939737,0.9959530239959442,0.5975189531288768,399,34,11.735294117647058,20,3,1,0,0
fixed_630,residual_010,1.0,2017,306,2.914903467688231,0.995887086216629,0.5952808362730977,414,34,12.176470588235293,21,4,2,0,0
fixed_630,residual_010,1.0,2018,306,3.117229273199233,0.9637468827443155,0.5716778227340811,402,34,11.823529411764707,19,4,0,0,0
fixed_630,residual_010,1.0,2019,306,3.1167281670625546,0.9694296018223021,0.5769702249338385,396,34,11.647058823529411,20,2,1,0,0
fixed_630,residual_010,1.0,2020,306,2.9693289155629987,0.9886034041232632,0.5878778387857407,390,34,11.470588235294118,19,2,0,0,0
fixed_630,residual_010,1.0,2021,306,3.0264697612288045,0.9875836609392445,0.5866602239015283,387,34,11.382352941176471,17,0,0,0,0
fixed_630,residual_010,1.0,2022,306,3.1058125429185273,0.9959418771351647,0.5944976890319831,406,34,11.941176470588236,23,4,3,1,0
fixed_630,residual_010,1.0,2023,306,3.030371794719861,0.946793333836227,0.559845189621304,418,34,12.294117647058824,21,2,1,0,0
fixed_630,residual_010,1.0,2024,306,3.0716625250753293,0.9900288585781899,0.5912994385243137,415,34,12.205882352941176,23,5,2,1,0
fixed_630,residual_010,1.0,2025,306,3.0660109600516727,0.9526679963137086,0.56264512769824,431,34,12.676470588235293,21,4,3,0,0
fixed_630,residual_020,0.0,2011,306,2.9874526823637693,1.0025566525061151,0.5978624613070518,401,34,11.794117647058824,18,1,0,0,0
fixed_630,residual_020,0.0,2012,306,3.0068598381665965,0.9865349764456545,0.5873524907249009,417,34,12.264705882352942,20,3,1,0,0
fixed_630,residual_020,0.0,2013,306,3.076249069383723,0.9529058000447026,0.5615923971764287,409,34,12.029411764705882,23,3,1,1,0
fixed_630,residual_020,0.0,2014,306,2.9675749077174176,1.0233891231134473,0.6102459385012875,399,34,11.735294117647058,20,3,1,0,0
fixed_630,residual_020,0.0,2015,306,2.9704848932862986,0.9968210824650016,0.5945990663450563,399,34,11.735294117647058,18,3,0,0,0
fixed_630,residual_020,0.0,2016,306,2.969360740691995,0.9985619961015769,0.599068953055228,392,34,11.529411764705882,20,3,1,0,0
fixed_630,residual_020,0.0,2017,306,2.934390149110087,1.0149308562969968,0.6066846622852886,379,34,11.147058823529411,18,2,0,0,0
fixed_630,residual_020,0.0,2018,306,3.1278017322732,0.9731603681634498,0.5788143831370995,408,34,12.0,20,2,1,0,0
fixed_630,residual_020,0.0,2019,306,3.1371661952858294,0.9900857741791791,0.5910712756465987,413,34,12.147058823529411,21,4,2,0,0
fixed_630,residual_020,0.0,2020,306,2.987843255484251,1.0084686972448407,0.6027256570065793,369,34,10.852941176470589,16,0,0,0,0
fixed_630,residual_020,0.0,2021,306,3.043675970498309,1.0037429767525512,0.5966967107485819,392,34,11.529411764705882,19,1,0,0,0
fixed_630,residual_020,0.0,2022,306,3.119644429997257,1.0098868665916922,0.6035672253595038,403,34,11.852941176470589,23,2,1,1,0
fixed_630,residual_020,0.0,2023,306,3.058343734060495,0.9734486268897072,0.5816660716389599,390,34,11.470588235294118,21,3,3,0,0
fixed_630,residual_020,0.0,2024,306,3.104276880797414,1.0224064510986806,0.6108635073439962,369,34,10.852941176470589,23,3,1,1,0
fixed_630,residual_020,0.0,2025,306,3.0871689206219095,0.9726638182721709,0.5742347805382929,426,34,12.529411764705882,25,5,2,1,1
fixed_630,residual_020,0.5,2011,306,2.9827691915796883,0.9978731617220342,0.5951024414257939,401,34,11.794117647058824,19,2,0,0,0
fixed_630,residual_020,0.5,2012,306,3.00370922403173,0.9833843623107874,0.5847726854402145,431,34,12.676470588235293,21,4,2,0,0
fixed_630,residual_020,0.5,2013,306,3.068088260280722,0.9447449909417012,0.5575663003424568,425,34,12.5,23,4,2,1,0
fixed_630,residual_020,0.5,2014,306,2.953377222120477,1.0091914375165068,0.602467213554611,413,34,12.147058823529411,19,3,0,0,0
fixed_630,residual_020,0.5,2015,306,2.956506028070452,0.9828422172491547,0.585277154704768,406,34,11.941176470588236,18,4,0,0,0
fixed_630,residual_020,0.5,2016,306,2.965181786110764,0.994383041520346,0.5964869160864574,407,34,11.970588235294118,20,4,1,0,0
fixed_630,residual_020,0.5,2017,306,2.9224239585345013,1.002964665721411,0.5993590423792025,397,34,11.676470588235293,18,3,0,0,0
fixed_630,residual_020,0.5,2018,306,3.120927605631077,0.9662862415213268,0.5739143643579248,418,34,12.294117647058824,20,4,1,0,0
fixed_630,residual_020,0.5,2019,306,3.1237580909845737,0.9766776698779231,0.5820584420331988,416,34,12.235294117647058,19,3,0,0,0
fixed_630,residual_020,0.5,2020,306,2.974980624946835,0.9956060667074249,0.5935373227357922,377,34,11.088235294117647,17,0,0,0,0
fixed_630,residual_020,0.5,2021,306,3.0315433169086545,0.9916103231628964,0.5895481070496962,373,34,10.970588235294118,19,1,0,0,0
fixed_630,residual_020,0.5,2022,306,3.109840051787056,1.000082488381491,0.5972594800875529,406,34,11.941176470588236,23,3,1,1,0
fixed_630,residual_020,0.5,2023,306,3.0405932477126374,0.9556981405418501,0.567797609772414,407,34,11.970588235294118,21,2,2,0,0
fixed_630,residual_020,0.5,2024,306,3.084820082397363,1.002949652698629,0.5989953255628215,391,34,11.5,23,5,2,1,0
fixed_630,residual_020,0.5,2025,306,3.0737677461871558,0.9592626438374176,0.5667349050862432,440,34,12.941176470588236,25,6,2,1,1
fixed_630,residual_020,1.0,2011,306,2.982902920799137,0.998006890941483,0.5953318266109874,388,34,11.411764705882353,18,1,0,0,0
fixed_630,residual_020,1.0,2012,306,3.0095997821111733,0.9892749203902308,0.5890123377315373,397,34,11.676470588235293,20,3,1,0,0
fixed_630,residual_020,1.0,2013,306,3.0648234723076984,0.9414802029686777,0.5563819892912676,424,34,12.470588235294118,23,4,1,1,0
fixed_630,residual_020,1.0,2014,306,2.9460551635116534,1.0018693789076831,0.59854510379583,411,34,12.088235294117647,20,5,2,0,0
fixed_630,residual_020,1.0,2015,306,2.9502261320798278,0.9765623212585306,0.5807441494101531,407,34,11.970588235294118,19,4,0,0,0
fixed_630,residual_020,1.0,2016,306,2.9667517685863625,0.9959530239959442,0.5975189531288768,400,34,11.764705882352942,20,3,1,0,0
fixed_630,residual_020,1.0,2017,306,2.9153463790297196,0.9958870862166291,0.5952808362730977,428,34,12.588235294117647,21,5,2,0,0
fixed_630,residual_020,1.0,2018,306,3.118388246854066,0.9637468827443155,0.5716778227340811,410,34,12.058823529411764,20,5,1,0,0
fixed_630,residual_020,1.0,2019,306,3.1164183385177093,0.969337917411059,0.5769008373566623,393,34,11.558823529411764,19,2,0,0,0
fixed_630,residual_020,1.0,2020,306,2.9676729082968167,0.9882983500574065,0.5876527986580171,389,34,11.441176470588236,18,1,0,0,0
fixed_630,residual_020,1.0,2021,306,3.0273656825457644,0.9874326888000067,0.5865508428458119,389,34,11.441176470588236,17,0,0,0,0
fixed_630,residual_020,1.0,2022,306,3.1056994405407297,0.9959418771351647,0.5944976890319831,406,34,11.941176470588236,23,4,2,1,0
fixed_630,residual_020,1.0,2023,306,3.0315663031792326,0.9466711960084447,0.5598040569965238,418,34,12.294117647058824,21,2,1,0,0
fixed_630,residual_020,1.0,2024,306,3.071899288276924,0.9900288585781899,0.5912994385243137,408,34,12.0,23,5,2,1,0
fixed_630,residual_020,1.0,2025,306,3.0669167800869315,0.9524116777371926,0.5624498340389976,430,34,12.647058823529411,21,5,3,0,0
fixed_840,legacy,0.0,2011,306,2.99827045160172,1.011777396515334,0.6041101727919451,397,34,11.676470588235293,19,3,0,0,0
fixed_840,legacy,0.0,2012,306,2.997043742908758,0.9871131057305488,0.5882194284196552,418,34,12.294117647058824,20,2,1,0,0
fixed_840,legacy,0.0,2013,306,3.071313127395235,0.9496458543361903,0.5599028153734084,420,34,12.352941176470589,23,4,2,2,0
fixed_840,legacy,0.0,2014,306,2.9663016341251316,1.024472537013649,0.6112032274476453,394,34,11.588235294117647,19,2,0,0,0
fixed_840,legacy,0.0,2015,306,2.9587814595973527,0.986175308581913,0.5876591673696403,398,34,11.705882352941176,18,2,0,0,0
fixed_840,legacy,0.0,2016,306,2.9744309419296915,1.0060011546475773,0.6041948556801301,397,34,11.676470588235293,20,3,2,0,0
fixed_840,legacy,0.0,2017,306,2.9359735892809558,1.015171893819526,0.6063188559476947,368,34,10.823529411764707,18,1,0,0,0
fixed_840,legacy,0.0,2018,306,3.12658520867758,0.9746210689248667,0.5787445602584513,410,34,12.058823529411764,19,4,0,0,0
fixed_840,legacy,0.0,2019,306,3.1385446798409857,0.9931732521246833,0.5921092195668578,417,34,12.264705882352942,22,6,2,1,0
fixed_840,legacy,0.0,2020,306,2.996793184982218,1.014535741872277,0.6061171038839623,384,34,11.294117647058824,17,0,0,0,0
fixed_840,legacy,0.0,2021,306,3.040900341603239,1.0037105297955395,0.5971045761761044,380,34,11.176470588235293,18,1,0,0,0
fixed_840,legacy,0.0,2022,306,3.1141268817900754,1.0046350945418172,0.6006515052059508,401,34,11.794117647058824,23,2,2,1,0
fixed_840,legacy,0.0,2023,306,3.063932590565236,0.9808845364730764,0.5859326386503088,390,34,11.470588235294118,21,4,2,0,0
fixed_840,legacy,0.0,2024,306,3.101394306523372,1.0203776619427256,0.6093377690639209,368,34,10.823529411764707,23,4,1,1,0
fixed_840,legacy,0.0,2025,306,3.0795842365943846,0.9688368489365122,0.5725269168037935,421,34,12.382352941176471,25,4,1,1,1
fixed_840,legacy,0.5,2011,306,2.9885761118507292,1.0020830567643437,0.5979132999008193,405,34,11.911764705882353,21,2,1,0,0
fixed_840,legacy,0.5,2012,306,2.993840147758204,0.9839095105799943,0.5854629759527327,432,34,12.705882352941176,21,3,2,0,0
fixed_840,legacy,0.5,2013,306,3.0643373930708626,0.9426701200118177,0.5564193486146176,428,34,12.588235294117647,23,4,2,1,0
fixed_840,legacy,0.5,2014,306,2.951875292183402,1.0100461950719193,0.603105594648767,415,34,12.205882352941176,19,3,0,0,0
fixed_840,legacy,0.5,2015,306,2.9502821168454054,0.9776759658299656,0.5819274828118418,401,34,11.794117647058824,18,3,0,0,0
fixed_840,legacy,0.5,2016,306,2.966273063902813,0.9978432766206989,0.5989418776986514,404,34,11.882352941176471,20,2,1,0,0
fixed_840,legacy,0.5,2017,306,2.9235355196555215,1.0027338241940917,0.5989857207203473,390,34,11.470588235294118,18,2,0,0,0
fixed_840,legacy,0.5,2018,306,3.1190560864052426,0.9670919466525293,0.5740120063415854,409,34,12.029411764705882,19,4,0,0,0
fixed_840,legacy,0.5,2019,306,3.123622245246585,0.9782508175302826,0.5826963527588225,416,34,12.235294117647058,20,3,1,0,0
fixed_840,legacy,0.5,2020,306,2.98091973916857,0.9986622960586288,0.5954552663216994,395,34,11.617647058823529,17,0,0,0,0
fixed_840,legacy,0.5,2021,306,3.0284623549103764,0.9912725431026763,0.5895994015849587,367,34,10.794117647058824,18,1,0,0,0
fixed_840,legacy,0.5,2022,306,3.107068345825359,0.9975765585771009,0.5958530734641254,404,34,11.882352941176471,23,3,2,1,0
fixed_840,legacy,0.5,2023,306,3.0417286519490303,0.9586805978568705,0.5696389048880511,403,34,11.852941176470589,21,2,2,0,0
fixed_840,legacy,0.5,2024,306,3.0825656250256945,1.0015489804450484,0.5980399826542799,395,34,11.617647058823529,23,6,2,1,0
fixed_840,legacy,0.5,2025,306,3.0679877319683997,0.9572403443105268,0.565703599754716,430,34,12.647058823529411,25,4,1,1,1
fixed_840,legacy,1.0,2011,306,2.984414992542203,0.9979219374558178,0.59527159970315,389,34,11.441176470588236,18,2,0,0,0
fixed_840,legacy,1.0,2012,306,2.99920555756844,0.9892749203902308,0.5890123377315373,400,34,11.764705882352942,20,3,1,0,0
fixed_840,legacy,1.0,2013,306,3.0632973491655,0.9416300761064551,0.5564666918875889,423,34,12.441176470588236,23,3,1,1,0
fixed_840,legacy,1.0,2014,306,2.9436984760191662,1.0018693789076831,0.59854510379583,421,34,12.382352941176471,20,4,2,0,0
fixed_840,legacy,1.0,2015,306,2.9491684722739704,0.9765623212585306,0.5807441494101531,407,34,11.970588235294118,19,3,0,0,0
fixed_840,legacy,1.0,2016,306,2.964382811278058,0.9959530239959442,0.5975189531288768,400,34,11.764705882352942,20,2,1,0,0
fixed_840,legacy,1.0,2017,306,2.916688781678059,0.9958870862166291,0.5952808362730977,410,34,12.058823529411764,21,4,1,0,0
fixed_840,legacy,1.0,2018,306,3.115711022497029,0.9637468827443155,0.5716778227340811,403,34,11.852941176470589,19,5,0,0,0
fixed_840,legacy,1.0,2019,306,3.1148972652662916,0.9695258375499896,0.5770415772084718,395,34,11.617647058823529,20,1,1,0,0
fixed_840,legacy,1.0,2020,306,2.9711190443144093,0.9888616012044682,0.5880717474681051,399,34,11.735294117647058,21,3,1,0,0
fixed_840,legacy,1.0,2021,306,3.024707564082122,0.9875177522744224,0.5866124497080348,386,34,11.352941176470589,17,0,0,0,0
fixed_840,legacy,1.0,2022,306,3.105433664383423,0.9959418771351647,0.5944976890319831,402,34,11.823529411764707,23,4,3,1,0
fixed_840,legacy,1.0,2023,306,3.0298039251764015,0.9467558710842418,0.5598153941385581,422,34,12.411764705882353,21,2,1,0,0
fixed_840,legacy,1.0,2024,306,3.071045503158836,0.9900288585781899,0.5912994385243137,416,34,12.235294117647058,23,5,2,1,0
fixed_840,legacy,1.0,2025,306,3.0634427870949343,0.9526953994370617,0.5626816168890167,436,34,12.823529411764707,21,4,2,0,0
fixed_840,none,0.0,2011,306,3.003869943246227,1.0143296475094834,0.6057822208878688,389,34,11.441176470588236,19,2,0,0,0
fixed_840,none,0.0,2012,306,2.9980319188334614,0.9873526049494104,0.5883602796545212,428,34,12.588235294117647,20,3,1,0,0
fixed_840,none,0.0,2013,306,3.074137977639864,0.9539289276612949,0.5631999428514733,430,34,12.647058823529411,23,4,3,1,0
fixed_840,none,0.0,2014,306,2.9665665598829234,1.0237474410366207,0.610694726035762,398,34,11.705882352941176,18,3,0,0,0
fixed_840,none,0.0,2015,306,2.9543783591720953,0.9836915134274025,0.5856325837714775,391,34,11.5,18,2,0,0,0
fixed_840,none,0.0,2016,306,2.9743801412661988,1.0044165522781174,0.6032833711418891,396,34,11.647058823529411,20,4,1,0,0
fixed_840,none,0.0,2017,306,2.9345093835281593,1.0140836310559644,0.6054125685748651,372,34,10.941176470588236,18,1,0,0,0
fixed_840,none,0.0,2018,306,3.127815331780156,0.9755180225120758,0.5793747464296595,403,34,11.852941176470589,19,2,0,0,0
fixed_840,none,0.0,2019,306,3.141330180345333,0.993443412813355,0.5927789241150535,415,34,12.205882352941176,20,5,2,0,0
fixed_840,none,0.0,2020,306,3.0021679839442172,1.0162055350681067,0.6075879350128415,376,34,11.058823529411764,17,0,0,0,0
fixed_840,none,0.0,2021,306,3.036504336129754,0.9985256718661653,0.5946867830427562,382,34,11.235294117647058,19,1,0,0,0
fixed_840,none,0.0,2022,306,3.111468137087332,1.0026018398121022,0.5997709839342581,405,34,11.911764705882353,23,2,2,1,0
fixed_840,none,0.0,2023,306,3.067852942740934,0.9850187685990841,0.5885387053828132,397,34,11.676470588235293,21,4,2,0,0
fixed_840,none,0.0,2024,306,3.1009975454872576,1.020204893975623,0.6097327549061381,370,34,10.882352941176471,21,5,1,0,0
fixed_840,none,0.0,2025,306,3.0817276535705798,0.9710754788327219,0.5746015032838412,429,34,12.617647058823529,25,4,3,1,1
fixed_840,none,0.5,2011,306,2.99252191071001,1.0029816149732667,0.5985339578126592,398,34,11.705882352941176,18,2,0,0,0
fixed_840,none,0.5,2012,306,2.9946145250790743,0.9839352111950233,0.5855119034241434,442,34,13.0,21,4,2,0,0
fixed_840,none,0.5,2013,306,3.064830164357218,0.9446211143786486,0.5578622285770148,426,34,12.529411764705882,23,3,1,1,0
fixed_840,none,0.5,2014,306,2.9524516245307706,1.0096325056844677,0.6026933034636525,421,34,12.382352941176471,18,3,0,0,0
fixed_840,none,0.5,2015,306,2.9469055539134774,0.9762187081687843,0.5807552621309681,392,34,11.529411764705882,18,3,0,0,0
fixed_840,none,0.5,2016,306,2.9670721995466214,0.99710861055854,0.5984320633987494,397,34,11.676470588235293,20,3,1,0,0
fixed_840,none,0.5,2017,306,2.922692263462417,1.0022665109902222,0.5985338252009743,391,34,11.5,18,2,0,0,0
fixed_840,none,0.5,2018,306,3.119643753464974,0.9673464441968942,0.5741762820597731,412,34,12.117647058823529,19,4,0,0,0
fixed_840,none,0.5,2019,306,3.1261897784744552,0.9783030109424778,0.5828765242059323,422,34,12.411764705882353,20,3,1,0,0
fixed_840,none,0.5,2020,306,2.985224714449408,0.9992622655732977,0.5959645640135548,389,34,11.441176470588236,18,1,0,0,0
fixed_840,none,0.5,2021,306,3.0270355588689104,0.9890568946053219,0.5884488651489023,373,34,10.970588235294118,19,1,0,0,0
fixed_840,none,0.5,2022,306,3.105597447865647,0.9967311505904176,0.5954250424489004,405,34,11.911764705882353,23,4,2,1,0
fixed_840,none,0.5,2023,306,3.043134493617419,0.9603003194755695,0.5705365996168509,401,34,11.794117647058824,21,2,2,0,0
fixed_840,none,0.5,2024,306,3.0820545434203663,1.0012618919087317,0.5979196059974192,392,34,11.529411764705882,21,4,1,0,0
fixed_840,none,0.5,2025,306,3.0693114414343095,0.9586592666964517,0.5668055393848631,435,34,12.794117647058824,25,4,3,1,1
fixed_840,none,1.0,2011,306,2.9874643102478453,0.9979240145111016,0.5952697031642584,386,34,11.352941176470589,18,2,0,0,0
fixed_840,none,1.0,2012,306,2.9999542342742815,0.9892749203902308,0.5890123377315373,402,34,11.823529411764707,20,3,1,0,0
fixed_840,none,1.0,2013,306,3.0620605892120913,0.9418515392335225,0.5566047359590509,424,34,12.470588235294118,23,3,1,1,0
fixed_840,none,1.0,2014,306,2.944688497753986,1.0018693789076831,0.59854510379583,421,34,12.382352941176471,20,5,2,0,0
fixed_840,none,1.0,2015,306,2.9472491670032235,0.9765623212585306,0.5807441494101531,408,34,12.0,19,4,0,0,0
fixed_840,none,1.0,2016,306,2.9659166129840253,0.9959530239959442,0.5975189531288768,398,34,11.705882352941176,20,3,1,0,0
fixed_840,none,1.0,2017,306,2.916312838688824,0.9958870862166291,0.5952808362730977,410,34,12.058823529411764,21,4,2,0,0
fixed_840,none,1.0,2018,306,3.116044192012395,0.9637468827443155,0.5716778227340811,400,34,11.764705882352942,19,5,0,0,0
fixed_840,none,1.0,2019,306,3.117555105777617,0.9696683382456394,0.5771465568048004,392,34,11.529411764705882,20,1,1,0,0
fixed_840,none,1.0,2020,306,2.974974025235181,0.9890115763590707,0.5881771329180551,397,34,11.676470588235293,21,3,1,0,0
fixed_840,none,1.0,2021,306,3.0255971159664736,0.9876184517028845,0.5866865388646005,389,34,11.441176470588236,17,0,0,0,0
fixed_840,none,1.0,2022,306,3.1048081744103944,0.9959418771351647,0.5944976890319831,407,34,11.970588235294118,23,4,3,1,0
fixed_840,none,1.0,2023,306,3.029799412478409,0.946965238336559,0.5599186744230019,426,34,12.529411764705882,21,3,1,0,0
fixed_840,none,1.0,2024,306,3.070821510089824,0.9900288585781899,0.5912994385243137,413,34,12.147058823529411,21,5,2,0,0
fixed_840,none,1.0,2025,306,3.0636225588076376,0.9529703840697799,0.5628718219114384,436,34,12.823529411764707,21,4,3,0,0
fixed_840,residual_005,0.0,2011,306,2.999959913221396,1.0115189261264463,0.6038638477789392,394,34,11.588235294117647,19,3,0,0,0
fixed_840,residual_005,0.0,2012,306,2.9987026030588435,0.9870037496975105,0.5880131459504969,415,34,12.205882352941176,20,2,1,0,0
fixed_840,residual_005,0.0,2013,306,3.073780198724786,0.9531774716889825,0.5624420019190387,432,34,12.705882352941176,23,4,3,1,0
fixed_840,residual_005,0.0,2014,306,2.964597948458379,1.022450403669913,0.6099120069264811,402,34,11.823529411764707,18,3,0,0,0
fixed_840,residual_005,0.0,2015,306,2.956959146003763,0.986070613111029,0.5873181960343945,393,34,11.558823529411764,18,2,0,0,0
fixed_840,residual_005,0.0,2016,306,2.972154427813208,1.0025796032250958,0.6020104775487863,392,34,11.529411764705882,20,3,2,0,0
fixed_840,residual_005,0.0,2017,306,2.9340333493069712,1.0138014440006584,0.6053405632682182,379,34,11.147058823529411,18,1,0,0,0
fixed_840,residual_005,0.0,2018,306,3.12594839691017,0.973808651942073,0.578568182828292,401,34,11.794117647058824,19,3,0,0,0
fixed_840,residual_005,0.0,2019,306,3.1400131743776147,0.9929308444588295,0.5924771813107228,408,34,12.0,22,5,2,1,0
fixed_840,residual_005,0.0,2020,306,2.998572773816205,1.0140742425816105,0.6062043360151815,375,34,11.029411764705882,17,0,0,0,0
fixed_840,residual_005,0.0,2021,306,3.0369154778188676,0.9988678267367537,0.5945861768837674,385,34,11.323529411764707,22,1,1,1,0
fixed_840,residual_005,0.0,2022,306,3.111907194771921,1.0036927890798064,0.6002387288330964,406,34,11.941176470588236,23,2,2,1,0
fixed_840,residual_005,0.0,2023,306,3.064632588937036,0.9818279021171618,0.5866046087835287,392,34,11.529411764705882,21,3,2,0,0
fixed_840,residual_005,0.0,2024,306,3.100588243041287,1.0202002319341201,0.6097027892081084,365,34,10.735294117647058,21,4,1,0,0
fixed_840,residual_005,0.0,2025,306,3.0814139996560725,0.9707418218303322,0.5741038584762936,425,34,12.5,25,4,2,1,1
fixed_840,residual_005,0.5,2011,306,2.9903274526534447,1.0018864655584951,0.5977772473692432,396,34,11.647058823529411,18,2,0,0,0
fixed_840,residual_005,0.5,2012,306,2.995605172701988,0.9839063193406551,0.5854165497716222,441,34,12.970588235294118,21,3,2,0,0
fixed_840,residual_005,0.5,2013,306,3.065127842748064,0.9445251157122605,0.5576835138793852,432,34,12.705882352941176,23,4,2,1,0
fixed_840,residual_005,0.5,2014,306,2.951252379335726,1.0091048345472604,0.6023821631226769,419,34,12.323529411764707,18,3,0,0,0
fixed_840,residual_005,0.5,2015,306,2.948448421065312,0.9775598881725777,0.5816928407209272,395,34,11.617647058823529,18,4,0,0,0
fixed_840,residual_005,0.5,2016,306,2.965940311771831,0.9963654871837184,0.5979081483685011,400,34,11.764705882352942,20,3,1,0,0
fixed_840,residual_005,0.5,2017,306,2.9225232006835555,1.0022912953772425,0.5986133848399566,393,34,11.558823529411764,18,2,0,0,0
fixed_840,residual_005,0.5,2018,306,3.1188740938099064,0.9667343488418098,0.5738983318950662,412,34,12.117647058823529,19,4,0,0,0
fixed_840,residual_005,0.5,2019,306,3.1253003982978624,0.9782180683790777,0.5828505150159915,421,34,12.382352941176471,20,3,1,0,0
fixed_840,residual_005,0.5,2020,306,2.9828613327248927,0.9983628014902979,0.5953673331949064,394,34,11.588235294117647,17,0,0,0,0
fixed_840,residual_005,0.5,2021,306,3.0273703588720298,0.9893227077899154,0.5884813505654053,371,34,10.911764705882353,19,1,0,0,0
fixed_840,residual_005,0.5,2022,306,3.105607716869587,0.9973933111774723,0.5957570283294089,408,34,12.0,23,4,2,1,0
fixed_840,residual_005,0.5,2023,306,3.0419384589634832,0.9591337721436093,0.5698257273212357,401,34,11.794117647058824,21,2,2,0,0
fixed_840,residual_005,0.5,2024,306,3.081920674269313,1.0015326631621457,0.5981141757146294,393,34,11.558823529411764,21,5,1,0,0
fixed_840,residual_005,0.5,2025,306,3.0692811804651483,0.958609002639408,0.5666716818173084,428,34,12.588235294117647,25,4,2,1,1
fixed_840,residual_005,1.0,2011,306,2.986366484806826,0.9979254977118766,0.5952728837126284,386,34,11.352941176470589,18,2,0,0,0
fixed_840,residual_005,1.0,2012,306,3.000973773751564,0.9892749203902308,0.5890123377315373,397,34,11.676470588235293,20,3,1,0,0
fixed_840,residual_005,1.0,2013,306,3.0623758676726744,0.9417731406368711,0.5565546316490909,426,34,12.529411764705882,23,3,1,1,0
fixed_840,residual_005,1.0,2014,306,2.944016923696149,1.0018693789076831,0.59854510379583,422,34,12.411764705882353,20,5,2,0,0
fixed_840,residual_005,1.0,2015,306,2.9474508541512647,0.9765623212585306,0.5807441494101531,411,34,12.088235294117647,21,4,1,0,0
fixed_840,residual_005,1.0,2016,306,2.9655278485840566,0.9959530239959442,0.5975189531288768,400,34,11.764705882352942,20,3,1,0,0
fixed_840,residual_005,1.0,2017,306,2.9161189915229424,0.9958870862166291,0.5952808362730977,413,34,12.147058823529411,21,4,2,0,0
fixed_840,residual_005,1.0,2018,306,3.1158866277124124,0.9637468827443155,0.5716778227340811,401,34,11.794117647058824,19,5,0,0,0
fixed_840,residual_005,1.0,2019,306,3.1166863200023975,0.9696039900836126,0.5770990553711982,393,34,11.558823529411764,20,1,1,0,0
fixed_840,residual_005,1.0,2020,306,2.973339182722177,0.9888406514875822,0.5880526751023913,396,34,11.647058823529411,21,2,1,0,0
fixed_840,residual_005,1.0,2021,306,3.0255927375466087,0.9875450864644945,0.586633066690111,389,34,11.441176470588236,17,0,0,0,0
fixed_840,residual_005,1.0,2022,306,3.1041562828272786,0.9959418771351647,0.5944976890319831,407,34,11.970588235294118,23,4,3,1,0
fixed_840,residual_005,1.0,2023,306,3.0296893556193254,0.9468846687994513,0.5598810344366034,422,34,12.411764705882353,21,2,1,0,0
fixed_840,residual_005,1.0,2024,306,3.0704168696853573,0.9900288585781899,0.5912994385243137,412,34,12.117647058823529,21,5,2,0,0
fixed_840,residual_005,1.0,2025,306,3.0634994747581046,0.9528272969323646,0.5627654712908072,432,34,12.705882352941176,21,4,3,0,0
fixed_840,residual_010,0.0,2011,306,2.9967056038316207,1.0091269079194123,0.6022300036663826,389,34,11.441176470588236,19,2,0,0,0
fixed_840,residual_010,0.0,2012,306,2.9999027772499707,0.9869812443942437,0.587899021721293,417,34,12.264705882352942,20,2,1,0,0
fixed_840,residual_010,0.0,2013,306,3.0739752267860974,0.9527752698632169,0.5619186340957586,419,34,12.323529411764707,23,3,2,1,0
fixed_840,residual_010,0.0,2014,306,2.963131052772915,1.0214722973745978,0.6093414374572601,404,34,11.882352941176471,20,3,1,0,0
fixed_840,residual_010,0.0,2015,306,2.9599761768139636,0.9887196222612638,0.5891848773365611,398,34,11.705882352941176,18,2,0,0,0
fixed_840,residual_010,0.0,2016,306,2.970467623874318,1.0010935716959475,0.600954492788913,386,34,11.352941176470589,20,2,1,0,0
fixed_840,residual_010,0.0,2017,306,2.9339855137013835,1.0137965897224925,0.6054720839014767,368,34,10.823529411764707,18,1,0,0,0
fixed_840,residual_010,0.0,2018,306,3.1248545198770104,0.9726021163586297,0.5780750758170077,415,34,12.205882352941176,20,4,1,0,0
fixed_840,residual_010,0.0,2019,306,3.1393716209055027,0.9928397062790458,0.5924563888834652,422,34,12.411764705882353,22,6,2,1,0
fixed_840,residual_010,0.0,2020,306,2.9956274956608775,1.0123635552185737,0.6051314178680947,383,34,11.264705882352942,17,0,0,0,0
fixed_840,residual_010,0.0,2021,306,3.037866654288341,0.9995686979297285,0.5946978940987605,383,34,11.264705882352942,19,1,0,0,0
fixed_840,residual_010,0.0,2022,306,3.113011081346611,1.005226623711594,0.6009956671095344,418,34,12.294117647058824,23,2,2,1,0
fixed_840,residual_010,0.0,2023,306,3.0621365676146866,0.9790984664447461,0.5849726037287619,394,34,11.588235294117647,21,3,2,0,0
fixed_840,residual_010,0.0,2024,306,3.1007498168103744,1.0205708254251267,0.6099278277746577,363,34,10.676470588235293,21,3,1,0,0
fixed_840,residual_010,0.0,2025,306,3.0816635042699763,0.9707679613941602,0.5738344641309889,426,34,12.529411764705882,25,4,2,1,1
fixed_840,residual_010,0.5,2011,306,2.988472060521524,1.0008933646093159,0.5970911932515147,397,34,11.676470588235293,21,2,1,0,0
fixed_840,residual_010,0.5,2012,306,2.996877174497964,0.9839556416422369,0.5853764619946635,432,34,12.705882352941176,21,3,2,0,0
fixed_840,residual_010,0.5,2013,306,3.0657196038831773,0.9445196469602968,0.5575670369947792,428,34,12.588235294117647,23,5,2,1,0
fixed_840,residual_010,0.5,2014,306,2.9503173886063987,1.0086586332080814,0.6021253292959077,418,34,12.294117647058824,18,3,0,0,0
fixed_840,residual_010,0.5,2015,306,2.95022363089482,0.9789670763421205,0.5826738043025116,398,34,11.705882352941176,18,4,0,0,0
fixed_840,residual_010,0.5,2016,306,2.9650847596162873,0.9957107074379169,0.5974403162149429,408,34,12.0,20,3,1,0,0
fixed_840,residual_010,0.5,2017,306,2.9225758705186444,1.002386946539753,0.5987459329725019,394,34,11.588235294117647,18,2,0,0,0
fixed_840,residual_010,0.5,2018,306,3.1185027978087354,0.9662503942903546,0.5737017448141044,422,34,12.411764705882353,20,4,1,0,0
fixed_840,residual_010,0.5,2019,306,3.1247713696254977,0.9782394549990405,0.5828960634239868,419,34,12.323529411764707,20,3,1,0,0
fixed_840,residual_010,0.5,2020,306,2.980835913408001,0.9975719729656976,0.5948516834619517,394,34,11.588235294117647,17,0,0,0,0
fixed_840,residual_010,0.5,2021,306,3.0279838910924832,0.9896859347338707,0.5885745805079293,370,34,10.882352941176471,19,1,0,0,0
fixed_840,residual_010,0.5,2022,306,3.105951226906186,0.9981667692711689,0.5961627515553298,406,34,11.941176470588236,23,3,2,1,0
fixed_840,residual_010,0.5,2023,306,3.041125667132368,0.9580875659624276,0.5691983244557681,405,34,11.911764705882353,21,2,2,0,0
fixed_840,residual_010,0.5,2024,306,3.0820774759384126,1.0018984845531653,0.5983744856073704,386,34,11.352941176470589,21,4,1,0,0
fixed_840,residual_010,0.5,2025,306,3.069550808722291,0.9586552658464746,0.5665992118995089,432,34,12.705882352941176,25,5,2,1,1
fixed_840,residual_010,1.0,2011,306,2.985506887678761,0.9979281917665531,0.5952774608066815,386,34,11.352941176470589,18,2,0,0,0
fixed_840,residual_010,1.0,2012,306,3.0021964532459577,0.9892749203902308,0.5890123377315373,400,34,11.764705882352942,20,3,1,0,0
fixed_840,residual_010,1.0,2013,306,3.062897995417197,0.9416980384943164,0.5565079814522882,422,34,12.411764705882353,23,3,1,1,0
fixed_840,residual_010,1.0,2014,306,2.9435281343060002,1.0018693789076831,0.59854510379583,418,34,12.294117647058824,20,4,2,0,0
fixed_840,residual_010,1.0,2015,306,2.9478188758112305,0.9765623212585306,0.5807441494101531,411,34,12.088235294117647,19,4,0,0,0
fixed_840,residual_010,1.0,2016,306,2.9653270761743147,0.9959530239959442,0.5975189531288768,400,34,11.764705882352942,20,3,1,0,0
fixed_840,residual_010,1.0,2017,306,2.9160760101955203,0.995887086216629,0.5952808362730977,412,34,12.117647058823529,21,4,2,0,0
fixed_840,residual_010,1.0,2018,306,3.115999286262696,0.9637468827443155,0.5716778227340811,407,34,11.970588235294118,20,5,1,0,0
fixed_840,residual_010,1.0,2019,306,3.116075886567561,0.9695439719411039,0.5770544662276579,394,34,11.588235294117647,20,1,1,0,0
fixed_840,residual_010,1.0,2020,306,2.9719390910550967,0.9886751506127925,0.5879316345571343,391,34,11.5,21,2,1,0,0
fixed_840,residual_010,1.0,2021,306,3.02577044397282,0.9874724876142073,0.5865802626442463,390,34,11.470588235294118,17,0,0,0,0
fixed_840,residual_010,1.0,2022,306,3.103726334770182,0.9959418771351647,0.5944976890319831,408,34,12.0,23,4,3,1,0
fixed_840,residual_010,1.0,2023,306,3.0298493754025926,0.9468112742326522,0.5598499067050423,422,34,12.411764705882353,21,2,1,0,0
fixed_840,residual_010,1.0,2024,306,3.0702078499634373,0.9900288585781899,0.5912994385243137,409,34,12.029411764705882,21,5,2,0,0
fixed_840,residual_010,1.0,2025,306,3.06358535744026,0.9526898145644438,0.5626621121064392,430,34,12.647058823529411,21,4,3,0,0
fixed_840,residual_020,0.0,2011,306,2.992176214508704,1.0055973191322942,0.5998119793777257,401,34,11.794117647058824,18,1,0,0,0
fixed_840,residual_020,0.0,2012,306,3.0038971899292592,0.9879097268642636,0.5883562385653958,422,34,12.411764705882353,20,3,1,0,0
fixed_840,residual_020,0.0,2013,306,3.076026328486215,0.9530137137588828,0.5615748093210754,412,34,12.117647058823529,23,4,1,1,0
fixed_840,residual_020,0.0,2014,306,2.9617039390216675,1.0204721183701484,0.6088321213760914,401,34,11.794117647058824,20,3,1,0,0
fixed_840,residual_020,0.0,2015,306,2.967320733269182,0.9948310219915231,0.5934476551200254,406,34,11.941176470588236,18,4,0,0,0
fixed_840,residual_020,0.0,2016,306,2.9687176540964764,0.9991760665901894,0.5995029157058074,389,34,11.441176470588236,20,3,1,0,0
fixed_840,residual_020,0.0,2017,306,2.935176850089683,1.0146181232809368,0.6063427785006743,380,34,11.176470588235293,18,2,0,0,0
fixed_840,residual_020,0.0,2018,306,3.1249868813568207,0.9716918784086579,0.5780299182777489,405,34,11.911764705882353,20,2,1,0,0
fixed_840,residual_020,0.0,2019,306,3.140119069594745,0.9939152400054619,0.5932412786584114,417,34,12.264705882352942,21,3,2,0,0
fixed_840,residual_020,0.0,2020,306,2.9916883530807183,1.0101974202932562,0.6039249875072611,374,34,11.0,16,0,0,0,0
fixed_840,residual_020,0.0,2021,306,3.0413860865023397,1.0020435136751262,0.5955557403595598,396,34,11.647058823529411,19,1,0,0,0
fixed_840,residual_020,0.0,2022,306,3.1172168525880113,1.009626204986568,0.6033658727200859,404,34,11.882352941176471,23,2,1,1,0
fixed_840,residual_020,0.0,2023,306,3.0593275368296657,0.9750173057716988,0.5826101808327436,393,34,11.558823529411764,21,3,3,0,0
fixed_840,residual_020,0.0,2024,306,3.102785334641265,1.0224404430375313,0.6111400862000684,366,34,10.764705882352942,23,3,1,1,0
fixed_840,residual_020,0.0,2025,306,3.08386095807658,0.9719004464404022,0.573974973538264,433,34,12.735294117647058,25,6,2,1,1
fixed_840,residual_020,0.5,2011,306,2.985792612191245,0.9992137168148352,0.595930723556817,399,34,11.735294117647058,19,3,0,0,0
fixed_840,residual_020,0.5,2012,306,3.000276770010969,0.9842893069459734,0.585461506153441,431,34,12.676470588235293,21,4,2,0,0
fixed_840,residual_020,0.5,2013,306,3.0677918856949105,0.9447792709675784,0.5575198281919489,430,34,12.647058823529411,23,5,2,1,0
fixed_840,residual_020,0.5,2014,306,2.949242709870568,1.0080108892190494,0.6017743249255646,415,34,12.205882352941176,19,3,0,0,0
fixed_840,residual_020,0.5,2015,306,2.9544717864718133,0.9819820751941538,0.5847656012915377,405,34,11.911764705882353,18,4,0,0,0
fixed_840,residual_020,0.5,2016,306,2.964207567757703,0.9946659802514163,0.5966736665398256,409,34,12.029411764705882,20,3,1,0,0
fixed_840,residual_020,0.5,2017,306,2.923349766663421,1.0027910398546753,0.5991698730810775,395,34,11.617647058823529,18,3,0,0,0
fixed_840,residual_020,0.5,2018,306,3.1189603692086028,0.9656653662604399,0.5735522233951803,417,34,12.264705882352942,20,4,1,0,0
fixed_840,residual_020,0.5,2019,306,3.124805179538955,0.9786013499496722,0.583200373693481,411,34,12.088235294117647,19,3,0,0,0
fixed_840,residual_020,0.5,2020,306,2.977804212627019,0.996313279839557,0.5940649274707828,384,34,11.294117647058824,17,0,0,0,0
fixed_840,residual_020,0.5,2021,306,3.030046964269642,0.9907043914424284,0.588942506486833,370,34,10.882352941176471,19,1,0,0,0
fixed_840,residual_020,0.5,2022,306,3.107641119426234,1.0000504718247911,0.5971954223574713,410,34,12.058823529411764,23,3,1,1,0
fixed_840,residual_020,0.5,2023,306,3.0406638934556454,0.9563536623976784,0.5681899683649664,403,34,11.852941176470589,21,2,2,0,0
fixed_840,residual_020,0.5,2024,306,3.083261473886492,1.0029165822827584,0.5990918388390398,388,34,11.411764705882353,23,5,2,1,0
fixed_840,residual_020,0.5,2025,306,3.070999765715435,0.9590392540792572,0.5666385995319486,440,34,12.941176470588236,25,6,2,1,1
fixed_840,residual_020,1.0,2011,306,2.9845160913737594,0.9979371959973499,0.5952907628648838,386,34,11.352941176470589,18,2,0,0,0
fixed_840,residual_020,1.0,2012,306,3.0052623834552263,0.9892749203902308,0.5890123377315373,398,34,11.705882352941176,20,3,1,0,0
fixed_840,residual_020,1.0,2013,306,3.0645701149351194,0.9415575002077878,0.5564247144635938,419,34,12.323529411764707,23,3,1,1,0
fixed_840,residual_020,1.0,2014,306,2.943101199559202,1.0018693789076831,0.59854510379583,418,34,12.294117647058824,20,5,2,0,0
fixed_840,residual_020,1.0,2015,306,2.94905203253619,0.9765623212585306,0.5807441494101531,414,34,12.176470588235293,19,4,0,0,0
fixed_840,residual_020,1.0,2016,306,2.965494611502231,0.9959530239959442,0.5975189531288768,396,34,11.647058823529411,20,2,1,0,0
fixed_840,residual_020,1.0,2017,306,2.916445813025375,0.9958870862166291,0.5952808362730977,420,34,12.352941176470589,21,5,2,0,0
fixed_840,residual_020,1.0,2018,306,3.1170418856924784,0.9637468827443155,0.5716778227340811,408,34,12.0,20,5,1,0,0
fixed_840,residual_020,1.0,2019,306,3.1156405560608764,0.9694367264715932,0.576974195370495,391,34,11.5,19,1,0,0,0
fixed_840,residual_020,1.0,2020,306,2.96985081201553,0.9883598792280677,0.5877000700094464,388,34,11.411764705882353,19,2,0,0,0
fixed_840,residual_020,1.0,2021,306,3.0266721611857856,0.9873295883585723,0.5864767020574955,390,34,11.470588235294118,17,0,0,0,0
fixed_840,residual_020,1.0,2022,306,3.1035325247366075,0.9959418771351647,0.5944976890319831,406,34,11.941176470588236,23,4,2,1,0
fixed_840,residual_020,1.0,2023,306,3.030994942971815,0.946684711913848,0.5598050580944315,416,34,12.235294117647058,21,2,1,0,0
fixed_840,residual_020,1.0,2024,306,3.0703737501819233,0.9900288585781899,0.5912994385243137,406,34,11.941176470588236,23,5,2,1,0
fixed_840,residual_020,1.0,2025,306,3.0643918830613828,0.9524313714252051,0.5624653998535779,430,34,12.647058823529411,21,5,3,0,0
fixed_90,legacy,0.0,2011,306,2.995088930753083,1.0045869119098199,0.6004375733901692,400,34,11.764705882352942,18,2,0,0,0
fixed_90,legacy,0.0,2012,306,3.0862690723368416,1.0164501816237685,0.6058021105223205,387,34,11.382352941176471,24,2,1,1,1
fixed_90,legacy,0.0,2013,306,3.131282513928166,0.9750853316544595,0.5753251791801394,408,34,12.0,23,3,2,1,0
fixed_90,legacy,0.0,2014,306,3.0832353785834155,1.0768250412651894,0.6338522020492047,380,34,11.176470588235293,19,1,0,0,0
fixed_90,legacy,0.0,2015,306,3.0482451042351313,1.0301901566301586,0.6150415455765271,378,34,11.117647058823529,18,1,0,0,0
fixed_90,legacy,0.0,2016,306,3.037864347660994,1.0106754349060494,0.6037267085280646,414,34,12.176470588235293,23,4,2,2,0
fixed_90,legacy,0.0,2017,306,2.985734165285059,1.041900657553351,0.6249158926236114,385,34,11.323529411764707,19,3,0,0,0
fixed_90,legacy,0.0,2018,306,3.2045904960220386,1.0118626423736277,0.6004749425791831,402,34,11.823529411764707,26,1,1,1,1
fixed_90,legacy,0.0,2019,306,3.205399089038455,1.0174897513211323,0.6076579802894644,389,34,11.441176470588236,19,1,0,0,0
fixed_90,legacy,0.0,2020,306,3.114176514642634,1.0502404339298494,0.6228137278378992,371,34,10.911764705882353,19,1,0,0,0
fixed_90,legacy,0.0,2021,306,3.116166520228428,1.0303815786952912,0.6083835423669108,427,34,12.558823529411764,19,3,0,0,0
fixed_90,legacy,0.0,2022,306,3.222187860457725,1.046886696041935,0.6259369420500615,363,34,10.676470588235293,18,2,0,0,0
fixed_90,legacy,0.0,2023,306,3.1049997591518004,0.9727787233313225,0.5810852382178993,418,34,12.294117647058824,22,5,1,1,0
fixed_90,legacy,0.0,2024,306,3.1853894277140093,1.0588112271071455,0.6329106392315733,366,34,10.764705882352942,25,2,1,1,1
fixed_90,legacy,0.0,2025,306,3.172711452719166,1.0004060851279652,0.5888962875101914,430,34,12.647058823529411,21,5,4,0,0
fixed_90,legacy,0.5,2011,306,2.9839856603793304,0.9934836415360675,0.5930481317578442,399,34,11.735294117647058,19,3,0,0,0
fixed_90,legacy,0.5,2012,306,3.0578057726929795,0.9879868819799064,0.5876748810878715,398,34,11.705882352941176,24,2,1,1,1
fixed_90,legacy,0.5,2013,306,3.1074267125350366,0.9512295302613301,0.5621595272565796,411,34,12.088235294117647,23,4,2,1,0
fixed_90,legacy,0.5,2014,306,3.031209304755833,1.0247989674376068,0.6112857720150799,402,34,11.823529411764707,20,3,1,0,0
fixed_90,legacy,0.5,2015,306,3.014024311347793,0.9959693637428207,0.593868695340639,398,34,11.705882352941176,18,2,0,0,0
fixed_90,legacy,0.5,2016,306,3.02240187495417,0.9952129621992252,0.5962712340302305,421,34,12.382352941176471,22,4,3,1,0
fixed_90,legacy,0.5,2017,306,2.955321003761211,1.011487496029503,0.605846782010169,407,34,11.970588235294118,20,2,1,0,0
fixed_90,legacy,0.5,2018,306,3.1718639829145814,0.9791361292661706,0.5818320339207517,400,34,11.764705882352942,26,1,1,1,1
fixed_90,legacy,0.5,2019,306,3.1721980702871835,0.9842887325698608,0.5868502146965016,392,34,11.529411764705882,18,3,0,0,0
fixed_90,legacy,0.5,2020,306,3.0728240646967735,1.0088879839839893,0.6011694740699434,402,34,11.823529411764707,19,3,0,0,0
fixed_90,legacy,0.5,2021,306,3.087277532360928,1.0014925908277912,0.594607439871796,405,34,11.911764705882353,20,2,1,0,0
fixed_90,legacy,0.5,2022,306,3.187828475977545,1.0125273115617546,0.6056528094301477,395,34,11.617647058823529,19,4,0,0,0
fixed_90,legacy,0.5,2023,306,3.0826623233773454,0.9504412875568679,0.5652609716625567,421,34,12.382352941176471,22,4,2,1,0
fixed_90,legacy,0.5,2024,306,3.1430514804436522,1.0164732798367886,0.6080826850720523,397,34,11.676470588235293,25,3,2,1,1
fixed_90,legacy,0.5,2025,306,3.140558516131618,0.9682531485404176,0.5718943122339576,432,34,12.705882352941176,21,6,4,0,0
fixed_90,legacy,1.0,2011,306,2.989685911342591,0.999183892499328,0.5960748783463922,400,34,11.764705882352942,18,1,0,0,0
fixed_90,legacy,1.0,2012,306,3.059093811103304,0.9892749203902308,0.5890123377315373,407,34,11.970588235294118,21,2,1,0,0
fixed_90,legacy,1.0,2013,306,3.097107992716716,0.9409108104430101,0.5561395694157486,421,34,12.382352941176471,23,4,2,1,0
fixed_90,legacy,1.0,2014,306,3.008279716225909,1.0018693789076831,0.59854510379583,406,34,11.941176470588236,18,3,0,0,0
fixed_90,legacy,1.0,2015,306,2.9946172688635033,0.9765623212585306,0.5807441494101531,402,34,11.823529411764707,18,1,0,0,0
fixed_90,legacy,1.0,2016,306,3.023141936750889,0.9959530239959442,0.5975189531288768,415,34,12.205882352941176,22,2,2,1,0
fixed_90,legacy,1.0,2017,306,2.939720593948337,0.995887086216629,0.5952808362730977,422,34,12.411764705882353,22,2,1,1,0
fixed_90,legacy,1.0,2018,306,3.156474736392726,0.9637468827443155,0.5716778227340811,416,34,12.235294117647058,23,4,2,1,0
fixed_90,legacy,1.0,2019,306,3.1558039430647074,0.9678946053473844,0.5758414957199743,413,34,12.147058823529411,18,3,0,0,0
fixed_90,legacy,1.0,2020,306,3.05213364267242,0.9881975619596357,0.5876018389198124,393,34,11.558823529411764,18,1,0,0,0
fixed_90,legacy,1.0,2021,306,3.0746060453563873,0.9888211038232505,0.5875633956179982,374,34,11.0,16,0,0,0,0
fixed_90,legacy,1.0,2022,306,3.171243041550955,0.9959418771351647,0.5944976890319831,402,34,11.823529411764707,22,5,3,1,0
fixed_90,legacy,1.0,2023,306,3.078114856362053,0.9458938205415751,0.5594548792625281,423,34,12.441176470588236,21,4,1,0,0
fixed_90,legacy,1.0,2024,306,3.116607059185054,0.9900288585781899,0.5912994385243137,413,34,12.147058823529411,22,4,3,2,0
fixed_90,legacy,1.0,2025,306,3.1243526369628487,0.9520472693716481,0.5622685162628639,433,34,12.735294117647058,21,6,4,0,0
fixed_90,none,0.0,2011,306,2.990070338315072,1.000059916708707,0.5979495352070996,397,34,11.676470588235293,18,2,0,0,0
fixed_90,none,0.0,2012,306,3.0766824512576374,1.009926932773271,0.6022874762996624,399,34,11.735294117647058,24,2,1,1,1
fixed_90,none,0.0,2013,306,3.12431911045666,0.9728779273262235,0.5750908667263209,414,34,12.176470588235293,23,4,2,1,0
fixed_90,none,0.0,2014,306,3.075636793471864,1.070536974899184,0.6296864826163546,380,34,11.176470588235293,19,1,0,0,0
fixed_90,none,0.0,2015,306,3.0381851427851507,1.0235328166216213,0.6111311621970381,376,34,11.058823529411764,18,1,0,0,0
fixed_90,none,0.0,2016,306,3.0313410243699344,1.0045295013029045,0.6003325299636271,421,34,12.382352941176471,20,4,2,0,0
fixed_90,none,0.0,2017,306,2.9788804822492287,1.0375105615103775,0.6220621234306185,398,34,11.705882352941176,19,2,0,0,0
fixed_90,none,0.0,2018,306,3.195709997428371,1.0061958999269116,0.5981782894329558,398,34,11.705882352941176,26,1,1,1,1
fixed_90,none,0.0,2019,306,3.1984484570541145,1.0122010372869472,0.605101415643158,390,34,11.470588235294118,19,1,0,0,0
fixed_90,none,0.0,2020,306,3.1088429105004374,1.0454777289817896,0.6204169789689005,366,34,10.764705882352942,19,1,0,0,0
fixed_90,none,0.0,2021,306,3.1045136937441966,1.0212569498456494,0.6045354179005484,416,34,12.235294117647058,20,2,1,0,0
fixed_90,none,0.0,2022,306,3.2121712485991143,1.039744315385305,0.6225647242167914,368,34,10.823529411764707,18,1,0,0,0
fixed_90,none,0.0,2023,306,3.0972580072812197,0.9694080810435957,0.5794733282204902,429,34,12.617647058823529,22,6,1,1,0
fixed_90,none,0.0,2024,306,3.178257052593605,1.0535761195009261,0.6306230185943491,368,34,10.823529411764707,25,1,1,1,1
fixed_90,none,0.0,2025,306,3.162465024120688,0.9948490816886784,0.5866957521552786,433,34,12.735294117647058,22,7,4,1,0
fixed_90,none,0.5,2011,306,2.982636899552454,0.992626477946089,0.5925259598945609,402,34,11.823529411764707,19,3,0,0,0
fixed_90,none,0.5,2012,306,3.052973534969652,0.9862180164852853,0.5866417727542379,405,34,11.911764705882353,24,3,1,1,1
fixed_90,none,0.5,2013,306,3.102824123261717,0.9513829401312799,0.5625423670601014,416,34,12.235294117647058,23,4,2,1,0
fixed_90,none,0.5,2014,306,3.0280255776973117,1.0229257591246317,0.609846818467131,405,34,11.911764705882353,20,3,1,0,0
fixed_90,none,0.5,2015,306,3.0079911986698824,0.9933388725063528,0.5921003263821518,403,34,11.852941176470589,18,1,0,0,0
fixed_90,none,0.5,2016,306,3.0200766710986264,0.9932651480315972,0.5950203909487919,422,34,12.411764705882353,20,3,2,0,0
fixed_90,none,0.5,2017,306,2.951499220876496,1.0101293001376446,0.6048141268055123,412,34,12.117647058823529,20,3,1,0,0
fixed_90,none,0.5,2018,306,3.16705949071648,0.9775453932150209,0.5810306188682963,405,34,11.911764705882353,26,1,1,1,1
fixed_90,none,0.5,2019,306,3.1691084795769178,0.9828610598097507,0.5860864194993458,391,34,11.5,18,2,0,0,0
fixed_90,none,0.5,2020,306,3.0710880045574176,1.00772282303877,0.6004758361143948,386,34,11.352941176470589,21,2,1,0,0
fixed_90,none,0.5,2021,306,3.0813786058693333,0.9981218619707863,0.5929709930577574,402,34,11.823529411764707,21,1,1,0,0
fixed_90,none,0.5,2022,306,3.182724900232266,1.0102979670184564,0.6044392615383718,397,34,11.676470588235293,19,3,0,0,0
fixed_90,none,0.5,2023,306,3.0778755752323246,0.9500256489947005,0.5649350626818366,428,34,12.588235294117647,22,4,2,1,0
fixed_90,none,0.5,2024,306,3.139439023527574,1.014758090434895,0.6071124284068387,394,34,11.588235294117647,25,3,2,1,1
fixed_90,none,0.5,2025,306,3.134998969207374,0.9673830267753641,0.5716837505676093,442,34,13.0,22,7,4,1,0
fixed_90,none,1.0,2011,306,2.9891616134313095,0.9991511918249448,0.5960394375137477,400,34,11.764705882352942,18,1,0,0,0
fixed_90,none,1.0,2012,306,3.056030438874597,0.9892749203902308,0.5890123377315373,403,34,11.852941176470589,21,2,1,0,0
fixed_90,none,1.0,2013,306,3.0924521684695647,0.941010985339128,0.5561697113323165,424,34,12.470588235294118,23,4,2,1,0
fixed_90,none,1.0,2014,306,3.0069691974803634,1.0018693789076831,0.59854510379583,412,34,12.117647058823529,19,4,0,0,0
fixed_90,none,1.0,2015,306,2.9912146474220602,0.9765623212585306,0.5807441494101531,403,34,11.852941176470589,18,1,0,0,0
fixed_90,none,1.0,2016,306,3.022764547062974,0.9959530239959442,0.5975189531288768,406,34,11.941176470588236,20,2,2,0,0
fixed_90,none,1.0,2017,306,2.9372570069554804,0.9958870862166291,0.5952808362730977,423,34,12.441176470588236,22,2,2,1,0
fixed_90,none,1.0,2018,306,3.1532609802457747,0.9637468827443155,0.5716778227340811,414,34,12.176470588235293,23,4,2,1,0
fixed_90,none,1.0,2019,306,3.1542051692705155,0.9679577495033486,0.5758877227231816,405,34,11.911764705882353,18,2,0,0,0
fixed_90,none,1.0,2020,306,3.051651501904189,0.9882863203855414,0.5876593067340851,390,34,11.470588235294118,18,1,0,0,0
fixed_90,none,1.0,2021,306,3.072208700893526,0.9889519569949795,0.5876640584305293,374,34,11.0,17,0,0,0,0
fixed_90,none,1.0,2022,306,3.1683688103489738,0.9959418771351647,0.5944976890319831,402,34,11.823529411764707,22,4,2,1,0
fixed_90,none,1.0,2023,306,3.073836134700581,0.9459862084629574,0.5594888628204133,429,34,12.617647058823529,21,4,1,0,0
fixed_90,none,1.0,2024,306,3.114709791670869,0.9900288585781899,0.5912994385243137,413,34,12.147058823529411,22,4,3,2,0
fixed_90,none,1.0,2025,306,3.1198576676985947,0.9522417252665848,0.5623984881494056,436,34,12.823529411764707,22,6,4,1,0
fixed_90,residual_005,0.0,2011,306,2.9915311908751594,1.0011110673920223,0.5984653942764759,397,34,11.676470588235293,18,2,0,0,0
fixed_90,residual_005,0.0,2012,306,3.08123783108974,1.011987297625198,0.6035871624707138,401,34,11.794117647058824,24,2,1,1,1
fixed_90,residual_005,0.0,2013,306,3.126747388173045,0.9744799732805492,0.575847666791752,415,34,12.205882352941176,23,4,2,1,0
fixed_90,residual_005,0.0,2014,306,3.0771644656086288,1.0716048559240687,0.6304101046473504,390,34,11.470588235294118,19,1,0,0,0
fixed_90,residual_005,0.0,2015,306,3.0423934245397164,1.0271658661285419,0.6134697028530428,374,34,11.0,18,1,0,0,0
fixed_90,residual_005,0.0,2016,306,3.033263954191633,1.005763381179629,0.6009933069846519,424,34,12.470588235294118,21,4,2,0,0
fixed_90,residual_005,0.0,2017,306,2.9809385881097614,1.0390574848656655,0.6231761479394048,380,34,11.176470588235293,17,0,0,0,0
fixed_90,residual_005,0.0,2018,306,3.1974059401689066,1.0072349326051324,0.5988870173618734,400,34,11.764705882352942,26,1,1,1,1
fixed_90,residual_005,0.0,2019,306,3.200219289831218,1.0137042487473775,0.6062036807112723,382,34,11.235294117647058,19,1,0,0,0
fixed_90,residual_005,0.0,2020,306,3.1100416660551278,1.0460471683685417,0.6210418132675785,368,34,10.823529411764707,19,1,0,0,0
fixed_90,residual_005,0.0,2021,306,3.1076311482156385,1.0236651212743302,0.6055097811512172,426,34,12.529411764705882,19,2,0,0,0
fixed_90,residual_005,0.0,2022,306,3.2150321160018835,1.0426663594266163,0.6239109461461041,361,34,10.617647058823529,18,1,0,0,0
fixed_90,residual_005,0.0,2023,306,3.099163480569182,0.9702243867686642,0.5798928426259883,431,34,12.676470588235293,22,6,1,1,0
fixed_90,residual_005,0.0,2024,306,3.180309910649977,1.0553435536722893,0.6315722877222356,360,34,10.588235294117647,21,1,1,0,0
fixed_90,residual_005,0.0,2025,306,3.16547323340953,0.9965355872479258,0.5876357053307857,445,34,13.088235294117647,22,7,4,1,0
fixed_90,residual_005,0.5,2011,306,2.9831351459685185,0.9927150224853817,0.5925460443408151,412,34,12.117647058823529,20,4,1,0,0
fixed_90,residual_005,0.5,2012,306,3.056138693533263,0.9868881600687209,0.5870689470488504,404,34,11.882352941176471,24,3,1,1,1
fixed_90,residual_005,0.5,2013,306,3.1042084567165955,0.9519410418240991,0.562781146791881,414,34,12.176470588235293,23,4,2,1,0
fixed_90,residual_005,0.5,2014,306,3.0287160304095786,1.0231564207250183,0.6100617415779994,406,34,11.941176470588236,20,3,1,0,0
fixed_90,residual_005,0.5,2015,306,3.010116961601983,0.9948894031908085,0.593135225319541,405,34,11.911764705882353,18,2,0,0,0
fixed_90,residual_005,0.5,2016,306,3.0210052346420246,0.9935046616300208,0.595142574058389,420,34,12.352941176470589,20,4,2,0,0
fixed_90,residual_005,0.5,2017,306,2.9525410407811927,1.0106599375370973,0.6052472782322934,408,34,12.0,20,2,1,0,0
fixed_90,residual_005,0.5,2018,306,3.1676864815802364,0.9775154740164619,0.5811207724456345,405,34,11.911764705882353,26,1,1,1,1
fixed_90,residual_005,0.5,2019,306,3.1697138819531117,0.9831988408692713,0.5863902360142521,385,34,11.323529411764707,18,2,0,0,0
fixed_90,residual_005,0.5,2020,306,3.071522909022483,1.0075284113358969,0.6004430443428933,388,34,11.411764705882353,21,2,1,0,0
fixed_90,residual_005,0.5,2021,306,3.082812443579488,0.9988464166381793,0.593255935080015,404,34,11.882352941176471,21,1,1,0,0
fixed_90,residual_005,0.5,2022,306,3.1836551325912765,1.0112893760160093,0.6049016203808362,389,34,11.441176470588236,19,4,0,0,0
fixed_90,residual_005,0.5,2023,306,3.0789562368889865,0.9500171430884685,0.564957264007343,426,34,12.529411764705882,22,4,2,1,0
fixed_90,residual_005,0.5,2024,306,3.1403577765394366,1.0153914195617488,0.6075076858330077,394,34,11.588235294117647,25,3,2,1,1
fixed_90,residual_005,0.5,2025,306,3.1367615749258744,0.9678239287642703,0.5719174680092001,438,34,12.882352941176471,22,7,4,1,0
fixed_90,residual_005,1.0,2011,306,2.9895953411983376,0.9991752177152006,0.5960627629695955,398,34,11.705882352941176,18,1,0,0,0
fixed_90,residual_005,1.0,2012,306,3.058525453854773,0.9892749203902308,0.5890123377315373,407,34,11.970588235294118,21,2,1,0,0
fixed_90,residual_005,1.0,2013,306,3.0932579627499504,0.940990547857454,0.5561630667216115,424,34,12.470588235294118,23,4,2,1,0
fixed_90,residual_005,1.0,2014,306,3.0074289885922427,1.0018693789076831,0.59854510379583,413,34,12.147058823529411,19,4,0,0,0
fixed_90,residual_005,1.0,2015,306,2.9917898796697053,0.9765623212585306,0.5807441494101531,403,34,11.852941176470589,18,1,0,0,0
fixed_90,residual_005,1.0,2016,306,3.023453597007948,0.9959530239959442,0.5975189531288768,413,34,12.147058823529411,20,2,2,0,0
fixed_90,residual_005,1.0,2017,306,2.9377681894607246,0.9958870862166291,0.5952808362730977,423,34,12.441176470588236,22,2,2,1,0
fixed_90,residual_005,1.0,2018,306,3.1539178903080898,0.9637468827443155,0.5716778227340811,413,34,12.147058823529411,23,4,2,1,0
fixed_90,residual_005,1.0,2019,306,3.1545211676334315,0.9680061265495913,0.5759211642252856,403,34,11.852941176470589,18,2,0,0,0
fixed_90,residual_005,1.0,2020,306,3.0521368814153766,0.9881423837287907,0.5875576161540972,392,34,11.529411764705882,18,1,0,0,0
fixed_90,residual_005,1.0,2021,306,3.0727553325745163,0.9887893056332079,0.5875454670032555,376,34,11.058823529411764,17,0,0,0,0
fixed_90,residual_005,1.0,2022,306,3.168307633710432,0.9959418771351647,0.5944976890319831,401,34,11.794117647058824,22,5,2,1,0
fixed_90,residual_005,1.0,2023,306,3.074909506621131,0.9459704128206129,0.559490166581851,426,34,12.529411764705882,21,4,1,0,0
fixed_90,residual_005,1.0,2024,306,3.114995215555877,0.9900288585781899,0.5912994385243137,411,34,12.088235294117647,22,4,3,2,0
fixed_90,residual_005,1.0,2025,306,3.121108617009348,0.9521709708477439,0.5623427716867261,435,34,12.794117647058824,22,6,4,1,0
fixed_90,residual_010,0.0,2011,306,2.993449915111938,1.0024427351212475,0.5991349854963759,407,34,11.970588235294118,20,3,1,0,0
fixed_90,residual_010,0.0,2012,306,3.0862498356568686,1.0143407650053786,0.6050668732275672,404,34,11.882352941176471,24,2,1,1,1
fixed_90,residual_010,0.0,2013,306,3.1296636047824062,0.9763736965095521,0.5768015045014961,409,34,12.029411764705882,23,3,1,1,0
fixed_90,residual_010,0.0,2014,306,3.079165794821423,1.0729523019323735,0.6312814762306184,389,34,11.441176470588236,19,2,0,0,0
fixed_90,residual_010,0.0,2015,306,3.047073428119778,1.0310844484942983,0.6159532794411257,379,34,11.147058823529411,18,1,0,0,0
fixed_90,residual_010,0.0,2016,306,3.0355918838815628,1.007254445303263,0.6018093689501848,414,34,12.176470588235293,21,4,2,0,0
fixed_90,residual_010,0.0,2017,306,2.9833642258483954,1.0408446396146684,0.6244446357295546,382,34,11.235294117647058,18,1,0,0,0
fixed_90,residual_010,0.0,2018,306,3.199778623247479,1.0086958279961604,0.5998284335227728,400,34,11.764705882352942,26,2,2,1,1
fixed_90,residual_010,0.0,2019,306,3.2026053976245983,1.015584560636149,0.6075191119226492,394,34,11.588235294117647,19,2,0,0,0
fixed_90,residual_010,0.0,2020,306,3.111812987165587,1.0469732582279194,0.6219074770029602,382,34,11.235294117647058,19,2,0,0,0
fixed_90,residual_010,0.0,2021,306,3.1112636370062963,1.0264124731890534,0.6066669364980479,421,34,12.382352941176471,19,2,0,0,0
fixed_90,residual_010,0.0,2022,306,3.2185283498015425,1.0460079956828385,0.6254776822672594,362,34,10.647058823529411,18,2,0,0,0
fixed_90,residual_010,0.0,2023,306,3.1016419231331747,0.9713868483963958,0.5805192425844318,428,34,12.588235294117647,22,6,2,1,0
fixed_90,residual_010,0.0,2024,306,3.1828622694860322,1.0574430525852792,0.6327119915139454,357,34,10.5,21,2,1,0,0
fixed_90,residual_010,0.0,2025,306,3.1689169098831407,0.9984891023063702,0.5887416979758522,446,34,13.117647058823529,22,7,4,1,0
fixed_90,residual_010,0.5,2011,306,2.983885978148513,0.9928787981578227,0.5926135458266651,404,34,11.882352941176471,20,4,1,0,0
fixed_90,residual_010,0.5,2012,306,3.0595456400282566,0.9876365693767669,0.5875513435544022,407,34,11.970588235294118,24,3,1,1,1
fixed_90,residual_010,0.5,2013,306,3.1058647663682493,0.9525748580953952,0.5630739907098848,415,34,12.205882352941176,23,4,2,1,0
fixed_90,residual_010,0.5,2014,306,3.029677491122815,1.023463998233765,0.6103237731255295,406,34,11.941176470588236,20,3,1,0,0
fixed_90,residual_010,0.5,2015,306,3.012503866971379,0.9965148873458989,0.5942125620971106,401,34,11.794117647058824,18,2,0,0,0
fixed_90,residual_010,0.5,2016,306,3.022149332813913,0.9938118942356132,0.5953084762264433,420,34,12.352941176470589,20,4,2,0,0
fixed_90,residual_010,0.5,2017,306,2.9537749424083697,1.0112553561746427,0.6057267518475882,401,34,11.794117647058824,20,2,1,0,0
fixed_90,residual_010,0.5,2018,306,3.168681438191862,0.9775986429405438,0.5812793075851028,408,34,12.0,26,1,1,1,1
fixed_90,residual_010,0.5,2019,306,3.1706559614268546,0.9836351244384053,0.5867573322600987,383,34,11.264705882352942,18,2,0,0,0
fixed_90,residual_010,0.5,2020,306,3.072265926948354,1.0074261980106867,0.6004790357999985,405,34,11.911764705882353,21,3,1,0,0
fixed_90,residual_010,0.5,2021,306,3.0845204159995325,0.9996692521822895,0.5936001294002714,397,34,11.676470588235293,21,1,1,0,0
fixed_90,residual_010,0.5,2022,306,3.1849141503704264,1.0123937962517227,0.6054328274815125,388,34,11.411764705882353,20,4,1,0,0
fixed_90,residual_010,0.5,2023,306,3.080357419966008,0.9501023452292289,0.5650408534234576,429,34,12.617647058823529,22,4,2,1,0
fixed_90,residual_010,0.5,2024,306,3.1415319620247133,1.0161127451239607,0.6079596649055481,394,34,11.588235294117647,25,2,2,1,1
fixed_90,residual_010,0.5,2025,306,3.1387635840304537,0.9683357764536833,0.5721985892826941,438,34,12.882352941176471,22,7,4,1,0
fixed_90,residual_010,1.0,2011,306,2.9902075164915596,0.9992003365008696,0.5960869876517316,397,34,11.676470588235293,18,1,0,0,0
fixed_90,residual_010,1.0,2012,306,3.0611839910417205,0.9892749203902308,0.5890123377315373,411,34,12.088235294117647,21,2,1,0,0
fixed_90,residual_010,1.0,2013,306,3.0942607325139786,0.9409708242411247,0.5561568948635559,422,34,12.411764705882353,23,4,2,1,0
fixed_90,residual_010,1.0,2014,306,3.008082871796733,1.0018693789076831,0.59854510379583,410,34,12.058823529411764,19,3,0,0,0
fixed_90,residual_010,1.0,2015,306,2.9925513008840103,0.9765623212585306,0.5807441494101531,402,34,11.823529411764707,18,1,0,0,0
fixed_90,residual_010,1.0,2016,306,3.024290462574244,0.9959530239959442,0.5975189531288768,414,34,12.176470588235293,20,2,2,0,0
fixed_90,residual_010,1.0,2017,306,2.9384066724503564,0.995887086216629,0.5952808362730977,424,34,12.470588235294118,22,3,2,1,0
fixed_90,residual_010,1.0,2018,306,3.154829677995634,0.9637468827443155,0.5716778227340811,413,34,12.147058823529411,23,4,2,1,0
fixed_90,residual_010,1.0,2019,306,3.1550788229876345,0.9680579859991855,0.5759579259106825,403,34,11.852941176470589,18,2,0,0,0
fixed_90,residual_010,1.0,2020,306,3.0528401970103016,0.9880004680726343,0.5874572890602126,394,34,11.588235294117647,18,1,0,0,0
fixed_90,residual_010,1.0,2021,306,3.073480780458061,0.9886296166408179,0.5874287258264905,371,34,10.911764705882353,17,0,0,0,0
fixed_90,residual_010,1.0,2022,306,3.168462231253869,0.9959418771351647,0.5944976890319831,400,34,11.764705882352942,22,5,3,1,0
fixed_90,residual_010,1.0,2023,306,3.0762117245627327,0.9459566498259534,0.5594922338123383,427,34,12.558823529411764,21,4,1,0,0
fixed_90,residual_010,1.0,2024,306,3.115448075478943,0.9900288585781899,0.5912994385243137,411,34,12.088235294117647,22,4,3,1,0
fixed_90,residual_010,1.0,2025,306,3.1225309302065662,0.9521031226297959,0.5622896878469326,441,34,12.970588235294118,22,7,4,1,0
fixed_90,residual_020,0.0,2011,306,2.998671078092561,1.0059501372687794,0.6009187817453742,403,34,11.852941176470589,20,3,1,0,0
fixed_90,residual_020,0.0,2012,306,3.0976475049389673,1.019923818375649,0.6085436607950157,401,34,11.794117647058824,24,4,1,1,1
fixed_90,residual_020,0.0,2013,306,3.1369604634895984,0.9810366629847296,0.579293250077573,414,34,12.176470588235293,23,2,1,1,0
fixed_90,residual_020,0.0,2014,306,3.0845986518286623,1.0764888148126655,0.6334576677189322,391,34,11.5,18,1,0,0,0
fixed_90,residual_020,0.0,2015,306,3.057855858979761,1.0397839618227187,0.6213375794803024,376,34,11.058823529411764,18,1,0,0,0
fixed_90,residual_020,0.0,2016,306,3.041471826915541,1.0110117873446272,0.6039003152737953,432,34,12.705882352941176,23,4,2,2,0
fixed_90,residual_020,0.0,2017,306,2.9893214373636368,1.0451405112797483,0.6274380914500471,376,34,11.058823529411764,18,1,0,0,0
fixed_90,residual_020,0.0,2018,306,3.206563488481808,1.012880637690345,0.6023954020981037,402,34,11.823529411764707,28,2,1,1,1
fixed_90,residual_020,0.0,2019,306,3.2092357231401842,1.0204775419375582,0.6107576204406832,377,34,11.088235294117647,19,1,0,0,0
fixed_90,residual_020,0.0,2020,306,3.117086143835043,1.0498959139194262,0.6243456296785698,397,34,11.676470588235293,19,2,0,0,0
fixed_90,residual_020,0.0,2021,306,3.1200825001689356,1.0329158818663116,0.6095173107759755,422,34,12.411764705882353,19,2,0,0,0
fixed_90,residual_020,0.0,2022,306,3.227438432660901,1.05395736919101,0.6292420354674118,376,34,11.058823529411764,18,1,0,0,0
fixed_90,residual_020,0.0,2023,306,3.1083223479838047,0.9747441919603631,0.5823727817851347,420,34,12.352941176470589,21,5,2,0,0
fixed_90,residual_020,0.0,2024,306,3.189469362880153,1.0626424200571172,0.6355538338189851,352,34,10.352941176470589,19,1,0,0,0
fixed_90,residual_020,0.0,2025,306,3.1771172348758374,1.0031982124280665,0.5914419313232119,439,34,12.911764705882353,21,6,5,0,0
fixed_90,residual_020,0.5,2011,306,2.9861564707928427,0.9934355299690605,0.5928908350407568,408,34,12.0,20,3,1,0,0
fixed_90,residual_020,0.5,2012,306,3.0670940467816,0.9893703602182818,0.588681761210605,406,34,11.941176470588236,24,2,1,1,1
fixed_90,residual_020,0.5,2013,306,3.1099947411421804,0.9540709406373118,0.5638220268206917,412,34,12.117647058823529,23,5,2,1,0
fixed_90,residual_020,0.5,2014,306,3.032422632200798,1.0243127951848012,0.6109896145115085,407,34,11.970588235294118,20,4,1,0,0
fixed_90,residual_020,0.5,2015,306,3.0180671220117925,0.9999952248547498,0.5964943131263402,404,34,11.882352941176471,19,2,0,0,0
fixed_90,residual_020,0.5,2016,306,3.0250920715025686,0.9946320319316547,0.5957721971183396,428,34,12.588235294117647,22,4,2,1,0
fixed_90,residual_020,0.5,2017,306,2.9568230286784267,1.0126421025945382,0.6068248885692182,397,34,11.676470588235293,20,2,1,0,0
fixed_90,residual_020,0.5,2018,306,3.1717883164308036,0.9781054656393402,0.5818018256080192,407,34,11.970588235294118,28,1,1,1,1
fixed_90,residual_020,0.5,2019,306,3.173566052591965,0.9848078713893388,0.5876815723890811,388,34,11.411764705882353,18,2,0,0,0
fixed_90,residual_020,0.5,2020,306,3.0746913101650084,1.0075010802493916,0.6007602164634829,415,34,12.205882352941176,21,3,2,0,0
fixed_90,residual_020,0.5,2021,306,3.088774642021695,1.0016080237190708,0.594465731477611,399,34,11.735294117647058,20,1,1,0,0
fixed_90,residual_020,0.5,2022,306,3.188431130678857,1.0149500672089657,0.6067021749037818,390,34,11.470588235294118,20,5,2,0,0
fixed_90,residual_020,0.5,2023,306,3.0841324600076216,0.95055430398418,0.5653910918149457,423,34,12.441176470588236,21,4,2,0,0
fixed_90,residual_020,0.5,2024,306,3.144649441050424,1.0178224982273882,0.609034285740115,393,34,11.558823529411764,25,2,2,1,1
fixed_90,residual_020,0.5,2025,306,3.143493124891762,0.9695741024439919,0.572903739149821,440,34,12.941176470588236,21,7,5,0,0
fixed_90,residual_020,1.0,2011,306,2.9919748083151725,0.9992538674913903,0.5961380545284246,397,34,11.676470588235293,18,1,0,0,0
fixed_90,residual_020,1.0,2012,306,3.066998606953549,0.9892749203902308,0.5890123377315373,410,34,12.058823529411764,21,2,1,0,0
fixed_90,residual_020,1.0,2013,306,3.096857268564592,0.9409334680597234,0.5561458730032858,421,34,12.382352941176471,23,5,2,1,0
fixed_90,residual_020,1.0,2014,306,3.00997921592368,1.0018693789076831,0.59854510379583,413,34,12.147058823529411,19,3,0,0,0
fixed_90,residual_020,1.0,2015,306,2.994634218415573,0.9765623212585306,0.5807441494101531,408,34,12.0,18,1,0,0,0
fixed_90,residual_020,1.0,2016,306,3.026413063566858,0.9959530239959442,0.5975189531288768,421,34,12.382352941176471,22,3,1,1,0
fixed_90,residual_020,1.0,2017,306,2.940068012300518,0.995887086216629,0.5952808362730977,418,34,12.294117647058824,22,3,2,1,0
fixed_90,residual_020,1.0,2018,306,3.157429733535779,0.9637468827443155,0.5716778227340811,419,34,12.323529411764707,25,4,2,1,1
fixed_90,residual_020,1.0,2019,306,3.156930713430255,0.9681725322276288,0.5760416906756092,404,34,11.882352941176471,18,2,0,0,0
fixed_90,residual_020,1.0,2020,306,3.0549128969189563,0.9877226670033397,0.5872608240222961,397,34,11.676470588235293,20,2,1,0,0
fixed_90,residual_020,1.0,2021,306,3.0754856327462257,0.9883190144436017,0.587201020009305,372,34,10.941176470588236,16,0,0,0,0
fixed_90,residual_020,1.0,2022,306,3.169422940605056,0.9959418771351647,0.5944976890319831,409,34,12.029411764705882,22,5,5,1,0
fixed_90,residual_020,1.0,2023,306,3.0795119155890682,0.9459337595656265,0.5594981836550497,419,34,12.323529411764707,21,3,1,0,0
fixed_90,residual_020,1.0,2024,306,3.116855801401226,0.9900288585781899,0.5912994385243137,411,34,12.088235294117647,22,4,3,1,0
fixed_90,residual_020,1.0,2025,306,3.1258950093112783,0.9519759868635077,0.5621914610184051,438,34,12.882352941176471,21,7,4,0,0
season_180_630,legacy,0.0,2011,306,2.9823212050420778,1.0054109841464554,0.6001398196580814,393,34,11.558823529411764,19,2,0,0,0
season_180_630,legacy,0.0,2012,306,3.0146635067500496,0.988336187060651,0.5885156781892719,413,34,12.147058823529411,20,4,1,0,0
season_180_630,legacy,0.0,2013,306,3.076777021732698,0.9492967896223096,0.5605127225089425,412,34,12.117647058823529,23,4,2,1,0
season_180_630,legacy,0.0,2014,306,2.987058874683986,1.0298180718330094,0.6144885291502822,380,34,11.176470588235293,18,2,0,0,0
season_180_630,legacy,0.0,2015,306,2.980873378074855,0.9950909242059068,0.5934080632680278,389,34,11.441176470588236,18,2,0,0,0
season_180_630,legacy,0.0,2016,306,2.9764177525640436,1.0010772807595214,0.6009774964429648,402,34,11.823529411764707,24,2,1,1,1
season_180_630,legacy,0.0,2017,306,2.938543813205159,1.019350141740454,0.6095545838048958,377,34,11.088235294117647,18,1,0,0,0
season_180_630,legacy,0.0,2018,306,3.144538802700346,0.9861571079773032,0.5859544026368108,399,34,11.735294117647058,18,2,0,0,0
season_180_630,legacy,0.0,2019,306,3.147979429977925,0.9986908168445966,0.5954987826168429,399,34,11.735294117647058,22,5,2,1,0
season_180_630,legacy,0.0,2020,306,2.98342312281924,1.008868521817624,0.6019512860003059,372,34,10.941176470588236,18,1,0,0,0
season_180_630,legacy,0.0,2021,306,3.0538991215569173,1.0102715241707663,0.6011887589730252,387,34,11.382352941176471,18,1,0,0,0
season_180_630,legacy,0.0,2022,306,3.12814262943219,1.0048312945947613,0.6005380045803593,415,34,12.205882352941176,23,3,1,1,0
season_180_630,legacy,0.0,2023,306,3.068605737062101,0.9779578439299365,0.5840985289655516,392,34,11.529411764705882,23,3,2,1,0
season_180_630,legacy,0.0,2024,306,3.115058470560616,1.0245693323517722,0.6120036764947888,375,34,11.029411764705882,23,4,1,1,0
season_180_630,legacy,0.0,2025,306,3.10144002678567,0.9778346952219537,0.5773826684804418,423,34,12.441176470588236,25,3,2,1,1
season_180_630,legacy,0.5,2011,306,2.9764944749279336,0.9995842540323112,0.5963955400176324,398,34,11.705882352941176,21,3,1,0,0
season_180_630,legacy,0.5,2012,306,3.0089732358396635,0.9826459161502649,0.5841810261799898,446,34,13.117647058823529,21,6,2,0,0
season_180_630,legacy,0.5,2013,306,3.0696999286105897,0.942219696500201,0.556572631338872,413,34,12.147058823529411,23,4,2,1,0
season_180_630,legacy,0.5,2014,306,2.9688990863846714,1.0116582835336951,0.6043806742364036,411,34,12.088235294117647,20,3,1,0,0
season_180_630,legacy,0.5,2015,306,2.9667837792475997,0.9810013253786513,0.5841417110683155,388,34,11.411764705882353,18,3,0,0,0
season_180_630,legacy,0.5,2016,306,2.970793114904037,0.9954526430995143,0.5974176703709148,395,34,11.617647058823529,20,3,1,0,0
season_180_630,legacy,0.5,2017,306,2.9238976368269056,1.0047039653622005,0.6005537822377885,391,34,11.5,18,2,0,0,0
season_180_630,legacy,0.5,2018,306,3.1305979180021164,0.9722162232790735,0.577339844839743,410,34,12.058823529411764,18,2,0,0,0
season_180_630,legacy,0.5,2019,306,3.129688741609931,0.9804001284766027,0.5840600061271413,409,34,12.029411764705882,20,3,1,0,0
season_180_630,legacy,0.5,2020,306,2.9705166011908064,0.9959620001891907,0.5934168194358027,378,34,11.117647058823529,17,0,0,0,0
season_180_630,legacy,0.5,2021,306,3.0381729602386254,0.9945453628524743,0.5917683574093129,379,34,11.147058823529411,18,1,0,0,0
season_180_630,legacy,0.5,2022,306,3.12047989934116,0.9971685645037314,0.5955652554581674,406,34,11.941176470588236,23,3,1,1,0
season_180_630,legacy,0.5,2023,306,3.0483284621264275,0.9576805689942632,0.5690427428177848,410,34,12.058823529411764,21,3,2,0,0
season_180_630,legacy,0.5,2024,306,3.094373606576625,1.003884468367781,0.5995951324970904,399,34,11.735294117647058,23,5,2,1,0
season_180_630,legacy,0.5,2025,306,3.0845108126655068,0.9609054811017902,0.5679918316275198,432,34,12.705882352941176,25,4,2,1,1
season_180_630,legacy,1.0,2011,306,2.975155135266558,0.9982449143709354,0.5954595355457385,389,34,11.441176470588236,19,2,0,0,0
season_180_630,legacy,1.0,2012,306,3.0156022400796294,0.9892749203902308,0.5890123377315373,409,34,12.029411764705882,20,4,1,0,0
season_180_630,legacy,1.0,2013,306,3.0688296049883403,0.9413493728779518,0.5563140213289478,418,34,12.294117647058824,23,3,1,1,0
season_180_630,legacy,1.0,2014,306,2.959110181758659,1.0018693789076831,0.59854510379583,421,34,12.382352941176471,20,5,2,0,0
season_180_630,legacy,1.0,2015,306,2.962344775127479,0.9765623212585306,0.5807441494101531,395,34,11.617647058823529,19,3,0,0,0
season_180_630,legacy,1.0,2016,306,2.9712934958004666,0.9959530239959442,0.5975189531288768,406,34,11.941176470588236,20,2,2,0,0
season_180_630,legacy,1.0,2017,306,2.915080757681334,0.995887086216629,0.5952808362730977,413,34,12.147058823529411,21,4,1,0,0
season_180_630,legacy,1.0,2018,306,3.122128577467359,0.9637468827443155,0.5716778227340811,402,34,11.823529411764707,18,4,0,0,0
season_180_630,legacy,1.0,2019,306,3.118534152110726,0.969245538977398,0.576836668576258,391,34,11.5,20,2,1,0,0
season_180_630,legacy,1.0,2020,306,2.9633410171068926,0.9887864161052768,0.5880165731550537,393,34,11.558823529411764,19,4,0,0,0
season_180_630,legacy,1.0,2021,306,3.031371767786251,0.9877441704001,0.5867743349442432,380,34,11.176470588235293,17,0,0,0,0
season_180_630,legacy,1.0,2022,306,3.1192532119725933,0.9959418771351647,0.5944976890319831,395,34,11.617647058823529,23,4,2,1,0
season_180_630,legacy,1.0,2023,306,3.0372990385140084,0.9466511453818443,0.5597776215189513,428,34,12.588235294117647,21,3,1,0,0
season_180_630,legacy,1.0,2024,306,3.0805179967870338,0.9900288585781899,0.5912994385243137,413,34,12.147058823529411,23,5,2,1,0
season_180_630,legacy,1.0,2025,306,3.0761782366005415,0.952572905036825,0.5625893349532604,432,34,12.705882352941176,21,4,3,0,0
season_180_630,none,0.0,2011,306,2.9855741769070367,1.0064187734167984,0.600772646437517,392,34,11.529411764705882,19,2,0,0,0
season_180_630,none,0.0,2012,306,3.012371480580272,0.9865352230287024,0.5874326231309752,419,34,12.323529411764707,20,3,1,0,0
season_180_630,none,0.0,2013,306,3.076942756453101,0.952082402728073,0.5628868550686699,412,34,12.117647058823529,23,3,2,1,0
season_180_630,none,0.0,2014,306,2.9850171612547562,1.0274655990581911,0.6129377376346676,382,34,11.235294117647058,18,2,0,0,0
season_180_630,none,0.0,2015,306,2.9757538827286747,0.9919577673538008,0.5910204975409832,389,34,11.441176470588236,18,2,0,0,0
season_180_630,none,0.0,2016,306,2.9756437778868063,0.9987826285731864,0.5995673112729565,400,34,11.764705882352942,24,4,3,1,1
season_180_630,none,0.0,2017,306,2.9362704157592465,1.0177687189278941,0.6082905356631709,383,34,11.264705882352942,18,2,0,0,0
season_180_630,none,0.0,2018,306,3.1440183223450378,0.9859990106973596,0.5861391275863208,392,34,11.529411764705882,18,2,0,0,0
season_180_630,none,0.0,2019,306,3.149379887514299,0.9982484520294809,0.595747377869363,394,34,11.588235294117647,22,5,2,1,0
season_180_630,none,0.0,2020,306,2.9851874422345355,1.0084734898378307,0.6018977327306648,391,34,11.5,18,1,0,0,0
season_180_630,none,0.0,2021,306,3.0485197392890115,1.0046271842378267,0.5986044725871416,388,34,11.411764705882353,22,1,1,1,0
season_180_630,none,0.0,2022,306,3.1230796337183993,1.0012273467843926,0.5986481717101325,402,34,11.823529411764707,23,3,2,1,0
season_180_630,none,0.0,2023,306,3.0710583250427215,0.9811564127467671,0.5861528595547407,390,34,11.470588235294118,21,3,2,0,0
season_180_630,none,0.0,2024,306,3.1128793148804705,1.02299930943169,0.611567539981812,375,34,11.029411764705882,23,5,1,1,0
season_180_630,none,0.0,2025,306,3.1011386652598363,0.9784999939299484,0.5784652805924049,418,34,12.294117647058824,25,3,2,1,1
season_180_630,none,0.5,2011,306,2.9792966077421594,1.000141204251921,0.5967897268418548,396,34,11.647058823529411,18,3,0,0,0
season_180_630,none,0.5,2012,306,3.0080079327749054,0.9821716752233357,0.5839274643425916,448,34,13.176470588235293,21,3,2,0,0
season_180_630,none,0.5,2013,306,3.068650309391998,0.9437899556669707,0.5577684957372115,418,34,12.294117647058824,23,4,2,1,0
season_180_630,none,0.5,2014,306,2.968369434322162,1.0108178721255965,0.6036890976352739,420,34,12.352941176470589,19,4,0,0,0
season_180_630,none,0.5,2015,306,2.9631640479326973,0.9793679325578237,0.5828668577607445,387,34,11.382352941176471,18,4,0,0,0
season_180_630,none,0.5,2016,306,2.971408052251518,0.9945469029378983,0.5967811308208344,390,34,11.470588235294118,20,3,1,0,0
season_180_630,none,0.5,2017,306,2.9226099091378646,1.004108212306512,0.6000081941685271,403,34,11.852941176470589,18,2,0,0,0
season_180_630,none,0.5,2018,306,3.1301918682214183,0.9721725565737399,0.5773588001070876,395,34,11.617647058823529,18,2,0,0,0
season_180_630,none,0.5,2019,306,3.131391787481995,0.980260351997177,0.5841204663191941,409,34,12.029411764705882,20,3,1,0,0
season_180_630,none,0.5,2020,306,2.9727646276478836,0.9960506752511794,0.5935385643425399,383,34,11.264705882352942,17,0,0,0,0
season_180_630,none,0.5,2021,306,3.0360768653301227,0.9921843102789384,0.5905613448587651,379,34,11.147058823529411,19,1,0,0,0
season_180_630,none,0.5,2022,306,3.1177771744663576,0.9959248875323504,0.5948724198739891,412,34,12.117647058823529,23,5,2,1,0
season_180_630,none,0.5,2023,306,3.0489653086088313,0.9590633963128765,0.569804244069512,402,34,11.823529411764707,21,2,2,0,0
season_180_630,none,0.5,2024,306,3.09309230434969,1.0032122989009098,0.599252850331307,400,34,11.764705882352942,23,5,2,1,0
season_180_630,none,0.5,2025,306,3.0845441541852088,0.9619054828553207,0.5688289609492417,429,34,12.617647058823529,25,4,2,1,1
season_180_630,none,1.0,2011,306,2.9774000301716215,0.9982446266813827,0.5954549888794328,388,34,11.411764705882353,18,2,0,0,0
season_180_630,none,1.0,2012,306,3.0151111779418005,0.9892749203902308,0.5890123377315373,405,34,11.911764705882353,20,3,1,0,0
season_180_630,none,1.0,2013,306,3.066387723092228,0.9415273693672,0.5564092850746202,422,34,12.411764705882353,23,4,1,1,0
season_180_630,none,1.0,2014,306,2.959420941104248,1.0018693789076831,0.59854510379583,417,34,12.264705882352942,20,5,2,0,0
season_180_630,none,1.0,2015,306,2.9603584366334044,0.9765623212585306,0.5807441494101531,397,34,11.676470588235293,19,3,0,0,0
season_180_630,none,1.0,2016,306,2.972814173309564,0.9959530239959442,0.5975189531288768,402,34,11.823529411764707,20,3,2,0,0
season_180_630,none,1.0,2017,306,2.9143887830479813,0.995887086216629,0.5952808362730977,415,34,12.205882352941176,21,4,2,0,0
season_180_630,none,1.0,2018,306,3.1217661943919937,0.9637468827443155,0.5716778227340811,393,34,11.558823529411764,18,3,0,0,0
season_180_630,none,1.0,2019,306,3.120511113201056,0.9693796777162382,0.5769367731606136,389,34,11.441176470588236,20,2,1,0,0
season_180_630,none,1.0,2020,306,2.9656440830727306,0.988930130676026,0.5881192535470743,391,34,11.5,19,2,0,0,0
season_180_630,none,1.0,2021,306,3.031740519373162,0.9878479643219771,0.5868515098657388,386,34,11.352941176470589,17,0,0,0,0
season_180_630,none,1.0,2022,306,3.1177941640691715,0.9959418771351647,0.5944976890319831,400,34,11.764705882352942,23,4,3,1,0
season_180_630,none,1.0,2023,306,3.0367430707485803,0.9468411584526254,0.5598659323914208,424,34,12.470588235294118,21,2,1,0,0
season_180_630,none,1.0,2024,306,3.07990886402697,0.9900288585781899,0.5912994385243137,415,34,12.205882352941176,23,5,2,1,0
season_180_630,none,1.0,2025,306,3.075479385393719,0.9528407140638309,0.562775640706244,437,34,12.852941176470589,21,4,3,0,0
season_180_630,residual_005,0.0,2011,306,2.9833718914381313,1.004741348246486,0.5996236208166461,398,34,11.705882352941176,19,2,0,0,0
season_180_630,residual_005,0.0,2012,306,3.0146991388752804,0.9870363236378763,0.5877329904139005,427,34,12.558823529411764,20,3,1,0,0
season_180_630,residual_005,0.0,2013,306,3.0772997353364353,0.9519656955061666,0.5625024280802167,407,34,11.970588235294118,23,3,2,1,0
season_180_630,residual_005,0.0,2014,306,2.984068745906519,1.0268545945921095,0.6126420294618314,386,34,11.352941176470589,18,2,0,0,0
season_180_630,residual_005,0.0,2015,306,2.9784101337235223,0.9944223566282501,0.592781236971508,392,34,11.529411764705882,18,2,0,0,0
season_180_630,residual_005,0.0,2016,306,2.9742052897941202,0.9975876033876357,0.598700478942608,397,34,11.676470588235293,24,3,2,1,1
season_180_630,residual_005,0.0,2017,306,2.9362437590863477,1.0177833036771313,0.6084123587653979,386,34,11.352941176470589,18,2,0,0,0
season_180_630,residual_005,0.0,2018,306,3.142845457980363,0.9847238790879901,0.5856370620767305,394,34,11.588235294117647,18,2,0,0,0
season_180_630,residual_005,0.0,2019,306,3.1484641059858722,0.9979619161922274,0.595641395489667,400,34,11.764705882352942,22,5,2,1,0
season_180_630,residual_005,0.0,2020,306,2.9834471056944576,1.007452128150793,0.6013627434899056,383,34,11.264705882352942,18,1,0,0,0
season_180_630,residual_005,0.0,2021,306,3.049202823321711,1.0052100286683545,0.5986169652483758,386,34,11.352941176470589,19,1,0,0,0
season_180_630,residual_005,0.0,2022,306,3.1242555570401938,1.002988449015516,0.5995139123548067,410,34,12.058823529411764,23,3,2,1,0
season_180_630,residual_005,0.0,2023,306,3.0686874200310283,0.9786378125248595,0.584634226207024,389,34,11.441176470588236,22,3,2,1,0
season_180_630,residual_005,0.0,2024,306,3.113347031332093,1.0236890417474311,0.6119818962558713,371,34,10.911764705882353,23,4,1,1,0
season_180_630,residual_005,0.0,2025,306,3.1016887474929264,0.9787391797926293,0.578346232548339,422,34,12.411764705882353,25,3,2,1,1
season_180_630,residual_005,0.5,2011,306,2.9779794698630355,0.9993489266713899,0.5962388829212276,398,34,11.705882352941176,21,3,1,0,0
season_180_630,residual_005,0.5,2012,306,3.0100155478342883,0.9823527325968843,0.5840111685135387,448,34,13.176470588235293,21,4,2,0,0
season_180_630,residual_005,0.5,2013,306,3.0692338962811236,0.9438998564508548,0.5577093743081721,417,34,12.264705882352942,23,4,2,1,0
season_180_630,residual_005,0.5,2014,306,2.9677160986755386,1.010501947361129,0.6035213446086074,414,34,12.176470588235293,18,3,0,0,0
season_180_630,residual_005,0.5,2015,306,2.9646986556651704,0.9807108785698981,0.5838083921041725,390,34,11.470588235294118,18,4,0,0,0
season_180_630,residual_005,0.5,2016,306,2.9706137758487667,0.9939960894422822,0.5963816943335436,387,34,11.382352941176471,20,3,1,0,0
season_180_630,residual_005,0.5,2017,306,2.9226565912446736,1.004196135835457,0.6001267258170395,405,34,11.911764705882353,18,2,0,0,0
season_180_630,residual_005,0.5,2018,306,3.1297073854372197,0.9715858065448468,0.577112361769799,409,34,12.029411764705882,18,2,0,0,0
season_180_630,residual_005,0.5,2019,306,3.130698960795286,0.9801967710016415,0.5841280053716176,411,34,12.088235294117647,20,3,1,0,0
season_180_630,residual_005,0.5,2020,306,2.9714569348851754,0.995461957341511,0.5931766438842344,377,34,11.088235294117647,17,0,0,0,0
season_180_630,residual_005,0.5,2021,306,3.036481698902245,0.9924889042488888,0.5906067549204279,378,34,11.117647058823529,19,1,0,0,0
season_180_630,residual_005,0.5,2022,306,3.118039554293803,0.9967724462691252,0.595306680790973,411,34,12.088235294117647,23,4,2,1,0
season_180_630,residual_005,0.5,2023,306,3.0481088808383285,0.9580592733321598,0.5692029819373744,400,34,11.764705882352942,22,2,2,1,0
season_180_630,residual_005,0.5,2024,306,3.0933068222433615,1.0036488326586996,0.5995550693658918,399,34,11.735294117647058,23,5,2,1,0
season_180_630,residual_005,0.5,2025,306,3.084946642922275,0.9619970752219779,0.5687896350418831,434,34,12.764705882352942,25,4,2,1,1
season_180_630,residual_005,1.0,2011,306,2.9768784142147418,0.9982478710230959,0.5954601844604241,389,34,11.441176470588236,19,2,0,0,0
season_180_630,residual_005,1.0,2012,306,3.016937735627635,0.9892749203902308,0.5890123377315373,409,34,12.029411764705882,20,3,1,0,0
season_180_630,residual_005,1.0,2013,306,3.0668122521364323,0.9414782123061636,0.5563819499267427,417,34,12.264705882352942,23,4,1,1,0
season_180_630,residual_005,1.0,2014,306,2.959083530222093,1.0018693789076831,0.59854510379583,417,34,12.264705882352942,20,5,2,0,0
season_180_630,residual_005,1.0,2015,306,2.960550098353803,0.9765623212585306,0.5807441494101531,400,34,11.764705882352942,19,3,0,0,0
season_180_630,residual_005,1.0,2016,306,2.9725707104024286,0.9959530239959442,0.5975189531288768,405,34,11.911764705882353,20,3,2,0,0
season_180_630,residual_005,1.0,2017,306,2.9143475416258457,0.995887086216629,0.5952808362730977,418,34,12.294117647058824,21,4,2,0,0
season_180_630,residual_005,1.0,2018,306,3.1218684616366885,0.9637468827443155,0.5716778227340811,397,34,11.676470588235293,18,3,0,0,0
season_180_630,residual_005,1.0,2019,306,3.1198385235515973,0.9693363337579526,0.576903311903111,393,34,11.558823529411764,20,2,1,0,0
season_180_630,residual_005,1.0,2020,306,2.9647619179987013,0.9887669404550369,0.5879992701491434,389,34,11.441176470588236,19,2,0,0,0
season_180_630,residual_005,1.0,2021,306,3.031756652738744,0.9877638580853876,0.5867903561418605,385,34,11.323529411764707,17,0,0,0,0
season_180_630,residual_005,1.0,2022,306,3.1172089851598423,0.9959418771351647,0.5944976890319831,400,34,11.764705882352942,23,4,3,1,0
season_180_630,residual_005,1.0,2023,306,3.036821227980149,0.9467716204739801,0.5598382773460783,420,34,12.352941176470589,21,3,1,0,0
season_180_630,residual_005,1.0,2024,306,3.079686848162852,0.9900288585781899,0.5912994385243137,414,34,12.176470588235293,23,5,2,1,0
season_180_630,residual_005,1.0,2025,306,3.075654722650398,0.9527051549501004,0.5626738221729695,434,34,12.764705882352942,21,4,3,0,0
season_180_630,residual_010,0.0,2011,306,2.981747449622378,1.0034300075222042,0.5987285209455863,401,34,11.794117647058824,19,2,0,0,0
season_180_630,residual_010,0.0,2012,306,3.0175115943671407,0.9878365585288689,0.5882414376585342,423,34,12.441176470588236,20,3,1,0,0
season_180_630,residual_010,0.0,2013,306,3.0781830581358247,0.952180590740086,0.5623404536177558,412,34,12.117647058823529,23,4,2,1,0
season_180_630,residual_010,0.0,2014,306,2.9835952734831555,1.0265463365527483,0.6125383731225177,396,34,11.647058823529411,18,2,0,0,0
season_180_630,residual_010,0.0,2015,306,2.981523690322541,0.9971680550175606,0.5947200522187428,394,34,11.588235294117647,18,3,0,0,0
season_180_630,residual_010,0.0,2016,306,2.973276134947374,0.996723270052188,0.5980426560864095,405,34,11.911764705882353,24,4,2,1,1
season_180_630,residual_010,0.0,2017,306,2.9366252392545094,1.0180619889781763,0.6087264170130637,394,34,11.588235294117647,18,2,0,0,0
season_180_630,residual_010,0.0,2018,306,3.142435050185266,0.9839426681790442,0.5854255926884073,404,34,11.882352941176471,18,2,0,0,0
season_180_630,residual_010,0.0,2019,306,3.148218179605501,0.9980918929526904,0.5958091550468322,399,34,11.735294117647058,22,5,2,1,0
season_180_630,residual_010,0.0,2020,306,2.982292231038278,1.0068003071992306,0.6011000356923992,387,34,11.382352941176471,18,1,0,0,0
season_180_630,residual_010,0.0,2021,306,3.05042681965171,1.0061525298509901,0.5988409912461334,390,34,11.470588235294118,19,1,0,0,0
season_180_630,residual_010,0.0,2022,306,3.1260754110534354,1.0051740571548042,0.6006561346430911,414,34,12.176470588235293,23,3,1,1,0
season_180_630,residual_010,0.0,2023,306,3.0670284536213535,0.9765696320797911,0.5834113824626206,386,34,11.352941176470589,22,3,2,1,0
season_180_630,residual_010,0.0,2024,306,3.1143553179611043,1.0247307663456837,0.6126275409457581,372,34,10.941176470588236,23,2,1,1,0
season_180_630,residual_010,0.0,2025,306,3.1027601259290507,0.979310498490944,0.5784348592715876,427,34,12.558823529411764,25,4,2,1,1
season_180_630,residual_010,0.5,2011,306,2.976963793329148,0.9986463512289746,0.5957506533286139,398,34,11.705882352941176,21,3,1,0,0
season_180_630,residual_010,0.5,2012,306,3.0122829411150085,0.9826079052767365,0.5841479438009273,446,34,13.117647058823529,21,5,2,0,0
season_180_630,residual_010,0.5,2013,306,3.0700980519447847,0.9440955845490462,0.5577090905516288,419,34,12.323529411764707,23,4,3,2,0
season_180_630,residual_010,0.5,2014,306,2.967314042345787,1.01026510541538,0.603405084048406,413,34,12.147058823529411,18,3,0,0,0
season_180_630,residual_010,0.5,2015,306,2.9664792091560073,0.9821235738510271,0.584793819650407,396,34,11.647058823529411,18,4,0,0,0
season_180_630,residual_010,0.5,2016,306,2.970081527025108,0.9935286621299222,0.5960361474735612,392,34,11.529411764705882,20,3,1,0,0
season_180_630,residual_010,0.5,2017,306,2.922915222535968,1.0043519722596348,0.600296099998691,398,34,11.705882352941176,18,2,0,0,0
season_180_630,residual_010,0.5,2018,306,3.1296191529973294,0.9711267709911078,0.5769443740799303,407,34,11.970588235294118,18,3,0,0,0
season_180_630,residual_010,0.5,2019,306,3.1303643736262887,0.9802380869734784,0.584205948581498,410,34,12.058823529411764,20,3,1,0,0
season_180_630,residual_010,0.5,2020,306,2.9704601872027068,0.9949682633636595,0.5928861562293193,375,34,11.029411764705882,17,0,0,0,0
season_180_630,residual_010,0.5,2021,306,3.037166312267216,0.9928920224664965,0.590713431469175,378,34,11.117647058823529,19,1,0,0,0
season_180_630,residual_010,0.5,2022,306,3.118628450149779,0.9977270962511475,0.5958117414973579,407,34,11.970588235294118,23,3,1,1,0
season_180_630,residual_010,0.5,2023,306,3.0476320298920667,0.9571732083505043,0.5686833892479106,404,34,11.882352941176471,22,2,2,1,0
season_180_630,residual_010,0.5,2024,306,3.093799456191274,1.004174904575853,0.5999185377065871,396,34,11.647058823529411,23,5,2,1,0
season_180_630,residual_010,0.5,2025,306,3.0856286340592374,0.9621790066211308,0.5688081192321561,433,34,12.735294117647058,25,5,2,1,1
season_180_630,residual_010,1.0,2011,306,2.976569977887681,0.9982525357875078,0.5954669678902769,389,34,11.441176470588236,19,2,0,0,0
season_180_630,residual_010,1.0,2012,306,3.0189499562285027,0.9892749203902308,0.5890123377315373,409,34,12.029411764705882,20,4,1,0,0
season_180_630,residual_010,1.0,2013,306,3.067433295996304,0.9414308286005655,0.5563563725035451,420,34,12.352941176470589,23,4,1,1,0
season_180_630,residual_010,1.0,2014,306,2.95891831583809,1.0018693789076831,0.59854510379583,419,34,12.323529411764707,20,5,2,0,0
season_180_630,residual_010,1.0,2015,306,2.960917956563511,0.9765623212585306,0.5807441494101531,399,34,11.735294117647058,19,3,0,0,0
season_180_630,residual_010,1.0,2016,306,2.97250588889113,0.9959530239959442,0.5975189531288768,401,34,11.794117647058824,20,3,2,0,0
season_180_630,residual_010,1.0,2017,306,2.9144503364929624,0.995887086216629,0.5952808362730977,418,34,12.294117647058824,21,4,2,0,0
season_180_630,residual_010,1.0,2018,306,3.122239264750537,0.9637468827443155,0.5716778227340811,399,34,11.735294117647058,18,4,0,0,0
season_180_630,residual_010,1.0,2019,306,3.1194236502507433,0.9692973635979328,0.5768731012084501,393,34,11.558823529411764,20,2,1,0,0
season_180_630,residual_010,1.0,2020,306,2.9641001320357496,0.9886082081967025,0.5878822700543102,387,34,11.382352941176471,19,2,0,0,0
season_180_630,residual_010,1.0,2021,306,3.031954962255206,0.9876806724544863,0.5867299489633173,381,34,11.205882352941176,17,0,0,0,0
season_180_630,residual_010,1.0,2022,306,3.116843231033796,0.9959418771351647,0.5944976890319831,399,34,11.735294117647058,23,4,2,1,0
season_180_630,residual_010,1.0,2023,306,3.037167426112862,0.9467086045712996,0.5598161622833439,420,34,12.352941176470589,21,3,1,0,0
season_180_630,residual_010,1.0,2024,306,3.0796534101936106,0.9900288585781899,0.5912994385243137,414,34,12.176470588235293,23,5,2,1,0
season_180_630,residual_010,1.0,2025,306,3.0760251154919693,0.9525754880538628,0.5625755188364331,433,34,12.735294117647058,21,5,3,0,0
season_180_630,residual_020,0.0,2011,306,2.9802428280379334,1.0019048595304656,0.5976891808678559,404,34,11.882352941176471,19,1,0,0,0
season_180_630,residual_020,0.0,2012,306,3.0245957764836993,0.9903290948922747,0.5898666551711705,425,34,12.5,20,3,1,0,0
season_180_630,residual_020,0.0,2013,306,3.0815301542455757,0.9536019772326314,0.5626831805657688,406,34,11.941176470588236,23,4,2,1,0
season_180_630,residual_020,0.0,2014,306,2.984074928470342,1.0268389315199697,0.6129000211578234,388,34,11.411764705882353,18,2,0,0,0
season_180_630,residual_020,0.0,2015,306,2.9891250288442985,1.0035071153404254,0.5991155776174835,386,34,11.352941176470589,18,3,0,0,0
season_180_630,residual_020,0.0,2016,306,2.972954015675954,0.99598941288303,0.5973598334623357,420,34,12.352941176470589,22,6,2,1,0
season_180_630,residual_020,0.0,2017,306,2.9386150640876205,1.0194107737475897,0.6099274597097928,376,34,11.058823529411764,18,1,0,0,0
season_180_630,residual_020,0.0,2018,306,3.1439049154779184,0.9838564480264957,0.5858704981452967,406,34,11.941176470588236,20,3,1,0,0
season_180_630,residual_020,0.0,2019,306,3.1497415999533933,0.9995963652314886,0.5969469887227098,391,34,11.5,21,4,2,0,0
season_180_630,residual_020,0.0,2020,306,2.981745414680024,1.0066037105870356,0.6013898906991251,377,34,11.088235294117647,18,1,0,0,0
season_180_630,residual_020,0.0,2021,306,3.054495072604585,1.0091134408107671,0.5999196114594129,395,34,11.617647058823529,19,1,0,0,0
season_180_630,residual_020,0.0,2022,306,3.1316513562666413,1.0108232965181754,0.6037512789415974,405,34,11.911764705882353,19,2,0,0,0
season_180_630,residual_020,0.0,2023,306,3.065855274342118,0.973776187683238,0.5818416742539856,399,34,11.735294117647058,22,3,3,1,0
season_180_630,residual_020,0.0,2024,306,3.1179949859316625,1.0278730121964377,0.6146060196436817,376,34,11.058823529411764,23,2,1,1,0
season_180_630,residual_020,0.0,2025,306,3.1064752640847644,0.9814504491196998,0.5792307842362817,429,34,12.617647058823529,25,5,2,2,1
season_180_630,residual_020,0.5,2011,306,2.9758496559009715,0.9975116873935038,0.5949620148039859,399,34,11.735294117647058,19,3,0,0,0
season_180_630,residual_020,0.5,2012,306,3.017608026871487,0.9833413452800622,0.5845803876420774,441,34,12.970588235294118,21,5,2,0,0
season_180_630,residual_020,0.5,2013,306,3.0726722169266516,0.9447440399137071,0.5578845511210726,423,34,12.441176470588236,23,4,3,2,0
season_180_630,residual_020,0.5,2014,306,2.967265642509434,1.010029645559062,0.6033271734360661,415,34,12.205882352941176,20,3,1,0,0
season_180_630,residual_020,0.5,2015,306,2.970779223733097,0.9851613102292239,0.5868959789519884,410,34,12.058823529411764,19,4,0,0,0
season_180_630,residual_020,0.5,2016,306,2.969809210276202,0.9928446074832781,0.5955076648990976,402,34,11.823529411764707,20,4,1,0,0
season_180_630,residual_020,0.5,2017,306,2.9240719574890806,1.0048676671490495,0.600787320220341,398,34,11.705882352941176,18,1,0,0,0
season_180_630,residual_020,0.5,2018,306,3.1306394848481682,0.9705910173967456,0.5768435623215928,410,34,12.058823529411764,20,2,1,0,0
season_180_630,residual_020,0.5,2019,306,3.1307815453979777,0.9806363106760729,0.584571932275076,407,34,11.970588235294118,19,3,0,0,0
season_180_630,residual_020,0.5,2020,306,2.9694071663088955,0.9942654622159068,0.5925206744310836,377,34,11.088235294117647,17,0,0,0,0
season_180_630,residual_020,0.5,2021,306,3.039375516862971,0.9939938850691526,0.5911098850926487,382,34,11.235294117647058,19,1,0,0,0
season_180_630,residual_020,0.5,2022,306,3.120789756143328,0.9999616963948624,0.5970346008342517,403,34,11.852941176470589,23,3,1,1,0
season_180_630,residual_020,0.5,2023,306,3.047832223088542,0.9557531364296619,0.5678853158346034,411,34,12.088235294117647,22,2,2,1,0
season_180_630,residual_020,0.5,2024,306,3.095619474014392,1.005497500279167,0.6008291272262348,392,34,11.529411764705882,23,5,2,1,0
season_180_630,residual_020,0.5,2025,306,3.0878403551517586,0.9628155401866941,0.5690191389675303,439,34,12.911764705882353,25,5,3,2,1
season_180_630,residual_020,1.0,2011,306,2.9766040750406457,0.998266106533178,0.5954852372144429,389,34,11.441176470588236,19,2,0,0,0
season_180_630,residual_020,1.0,2012,306,3.0235416019816554,0.9892749203902308,0.5890123377315373,411,34,12.088235294117647,20,4,1,0,0
season_180_630,residual_020,1.0,2013,306,3.0692694477231135,0.9413412707101692,0.5563102650538075,423,34,12.441176470588236,23,4,1,1,0
season_180_630,residual_020,1.0,2014,306,2.9591053758580554,1.0018693789076831,0.59854510379583,412,34,12.117647058823529,20,5,2,0,0
season_180_630,residual_020,1.0,2015,306,2.9621802347624038,0.9765623212585306,0.5807441494101531,397,34,11.676470588235293,19,3,0,0,0
season_180_630,residual_020,1.0,2016,306,2.972917626788868,0.9959530239959442,0.5975189531288768,409,34,12.029411764705882,20,2,2,0,0
season_180_630,residual_020,1.0,2017,306,2.91509137655666,0.995887086216629,0.5952808362730977,420,34,12.352941176470589,21,3,2,0,0
season_180_630,residual_020,1.0,2018,306,3.123795350195738,0.9637468827443155,0.5716778227340811,409,34,12.029411764705882,20,5,1,0,0
season_180_630,residual_020,1.0,2019,306,3.1193777038407706,0.969232469118866,0.5768225981379872,392,34,11.529411764705882,19,2,0,0,0
season_180_630,residual_020,1.0,2020,306,2.9634454369359498,0.9883037328429611,0.5876574313039623,390,34,11.470588235294118,18,1,0,0,0
season_180_630,residual_020,1.0,2021,306,3.0328986907835445,0.9875170589897269,0.5866114280266024,380,34,11.176470588235293,17,0,0,0,0
season_180_630,residual_020,1.0,2022,306,3.1167699368836304,0.9959418771351647,0.5944976890319831,399,34,11.735294117647058,23,4,2,1,0
season_180_630,residual_020,1.0,2023,306,3.038679986536957,0.9466008998780773,0.5597865094299839,425,34,12.5,21,3,1,0,0
season_180_630,residual_020,1.0,2024,306,3.080150832313415,0.9900288585781899,0.5912994385243137,408,34,12.0,23,5,2,1,0
season_180_630,residual_020,1.0,2025,306,3.077358308307156,0.9523334933420912,0.5623904660413943,432,34,12.705882352941176,22,5,3,1,0
season_630_180,legacy,0.0,2011,306,2.9807796372433493,0.9988373573401296,0.5963821684873236,403,34,11.852941176470589,18,1,0,0,0
season_630_180,legacy,0.0,2012,306,3.0045017470204813,0.9820825271909602,0.5838711165180396,418,34,12.294117647058824,20,4,2,0,0
season_630_180,legacy,0.0,2013,306,3.0775958357597792,0.9535079200245014,0.5620949353079884,416,34,12.235294117647058,21,4,2,0,0
season_630_180,legacy,0.0,2014,306,2.972285579141294,1.025138210419815,0.6104318164703025,383,34,11.264705882352942,18,1,0,0,0
season_630_180,legacy,0.0,2015,306,2.969995960428387,0.9936244247184215,0.5923553043229676,386,34,11.352941176470589,18,2,0,0,0
season_630_180,legacy,0.0,2016,306,2.9815649530407353,1.0053316729723538,0.6034051136316049,401,34,11.794117647058824,20,3,1,0,0
season_630_180,legacy,0.0,2017,306,2.928016903541012,1.0125241501864661,0.6050521308328108,370,34,10.882352941176471,18,1,0,0,0
season_630_180,legacy,0.0,2018,306,3.136488926240235,0.9792304073516527,0.580565275638437,416,34,12.235294117647058,21,3,1,0,0
season_630_180,legacy,0.0,2019,306,3.147707268606405,0.9940564976177497,0.5921949029778856,404,34,11.882352941176471,20,4,1,0,0
season_630_180,legacy,0.0,2020,306,2.991279726053451,1.0146728420977984,0.6048722265220962,368,34,10.823529411764707,16,0,0,0,0
season_630_180,legacy,0.0,2021,306,3.0530684954777456,1.0086442842208394,0.6002315991169942,393,34,11.558823529411764,18,1,0,0,0
season_630_180,legacy,0.0,2022,306,3.1280917727098565,1.0108255582209467,0.6048136074219385,399,34,11.735294117647058,23,3,2,1,0
season_630_180,legacy,0.0,2023,306,3.0579955023787804,0.9711946896387136,0.5803935516456045,405,34,11.911764705882353,23,4,3,1,0
season_630_180,legacy,0.0,2024,306,3.1106246086109235,1.0224032598400123,0.6104977136036828,371,34,10.911764705882353,23,5,1,1,0
season_630_180,legacy,0.0,2025,306,3.092110963877317,0.9736725396577065,0.5748005372372047,428,34,12.588235294117647,25,4,2,1,1
season_630_180,legacy,0.5,2011,306,2.977767828483651,0.9958255485804309,0.594161709681135,402,34,11.823529411764707,19,3,0,0,0
season_630_180,legacy,0.5,2012,306,3.002992595773982,0.9805733759444613,0.5826861579319343,432,34,12.705882352941176,20,4,2,0,0
season_630_180,legacy,0.5,2013,306,3.068381130885387,0.9442932151501089,0.5575120760746065,419,34,12.323529411764707,21,4,1,0,0
season_630_180,legacy,0.5,2014,306,2.9566985937921224,1.0095512250706438,0.6024500136790667,407,34,11.970588235294118,18,2,0,0,0
season_630_180,legacy,0.5,2015,306,2.957456314655621,0.9810847789456559,0.5841475025087574,397,34,11.676470588235293,18,4,0,0,0
season_630_180,legacy,0.5,2016,306,2.973883238599331,0.9976499585309492,0.5987064543285298,402,34,11.823529411764707,20,3,1,0,0
season_630_180,legacy,0.5,2017,306,2.916882200684719,1.0013894473301728,0.598351302305811,396,34,11.647058823529411,18,2,0,0,0
season_630_180,legacy,0.5,2018,306,3.1265351467723654,0.9692766278837828,0.5750579310998958,411,34,12.088235294117647,19,2,0,0,0
season_630_180,legacy,0.5,2019,306,3.132087125673001,0.9784363546843459,0.5826855832095352,414,34,12.176470588235293,20,3,1,0,0
season_630_180,legacy,0.5,2020,306,2.975841407964037,0.9992345240083845,0.5952067129299027,381,34,11.205882352941176,18,1,0,0,0
season_630_180,legacy,0.5,2021,306,3.0386314875805045,0.9942072763235982,0.5915464658836956,371,34,10.911764705882353,18,1,0,0,0
season_630_180,legacy,0.5,2022,306,3.11734743542925,1.0000812209403398,0.5977738091795072,409,34,12.029411764705882,23,4,2,1,0
season_630_180,legacy,0.5,2023,306,3.0414345131103357,0.9546337003702691,0.5672574208529714,407,34,11.970588235294118,21,3,2,0,0
season_630_180,legacy,0.5,2024,306,3.090834783212062,1.0026134344411508,0.5986793477645852,399,34,11.735294117647058,23,5,2,1,0
season_630_180,legacy,0.5,2025,306,3.0776000316012015,0.959161607381591,0.5667590148060939,437,34,12.852941176470589,25,6,2,1,1
season_630_180,legacy,1.0,2011,306,2.9800400606922097,0.9980977807889904,0.5953742338136699,392,34,11.529411764705882,18,2,0,0,0
season_630_180,legacy,1.0,2012,306,3.0116941402197517,0.9892749203902308,0.5890123377315373,400,34,11.764705882352942,20,3,2,0,0
season_630_180,legacy,1.0,2013,306,3.065450913631309,0.9413629978960313,0.5563208061442303,418,34,12.294117647058824,21,3,1,0,0
season_630_180,legacy,1.0,2014,306,2.949016747629162,1.0018693789076831,0.59854510379583,407,34,11.970588235294118,18,4,0,0,0
season_630_180,legacy,1.0,2015,306,2.9529338569684964,0.9765623212585306,0.5807441494101531,402,34,11.823529411764707,19,2,0,0,0
season_630_180,legacy,1.0,2016,306,2.972186304064326,0.9959530239959442,0.5975189531288768,404,34,11.882352941176471,20,2,2,0,0
season_630_180,legacy,1.0,2017,306,2.911379839571175,0.9958870862166291,0.5952808362730977,422,34,12.411764705882353,21,4,1,0,0
season_630_180,legacy,1.0,2018,306,3.121005401632898,0.9637468827443155,0.5716778227340811,396,34,11.647058823529411,18,2,0,0,0
season_630_180,legacy,1.0,2019,306,3.122594473541062,0.9689437025524062,0.576615423493187,392,34,11.529411764705882,20,2,1,0,0
season_630_180,legacy,1.0,2020,306,2.9649700835907815,0.9883631996351288,0.5876990945059852,390,34,11.470588235294118,18,3,0,0,0
season_630_180,legacy,1.0,2021,306,3.0325940920753833,0.9881698808184771,0.5870771074360268,383,34,11.264705882352942,17,0,0,0,0
season_630_180,legacy,1.0,2022,306,3.1132080916240747,0.9959418771351647,0.5944976890319831,400,34,11.764705882352942,23,4,3,1,0
season_630_180,legacy,1.0,2023,306,3.0334958272345056,0.9466950144944392,0.5597949653540565,426,34,12.529411764705882,21,3,1,0,0
season_630_180,legacy,1.0,2024,306,3.078250207349101,0.9900288585781899,0.5912994385243137,415,34,12.205882352941176,23,5,2,1,0
season_630_180,legacy,1.0,2025,306,3.0710372746288708,0.9525988504092603,0.5626086021609555,437,34,12.852941176470589,21,5,3,0,0
season_630_180,none,0.0,2011,306,2.9834308106707574,0.999478386278229,0.596709984813514,398,34,11.705882352941176,18,2,0,0,0
season_630_180,none,0.0,2012,306,3.002627834258857,0.980515150694984,0.5828210575675313,440,34,12.941176470588236,20,5,2,0,0
season_630_180,none,0.0,2013,306,3.0775705618291087,0.9560775970391342,0.5644582295777432,425,34,12.5,23,4,2,1,0
season_630_180,none,0.0,2014,306,2.970319021336749,1.0228283324196605,0.6089107043168431,402,34,11.823529411764707,18,3,0,0,0
season_630_180,none,0.0,2015,306,2.964713560993588,0.9904140743752599,0.5899478206814868,389,34,11.441176470588236,18,3,0,0,0
season_630_180,none,0.0,2016,306,2.9806383134693064,1.0030395932838658,0.6020417681125081,394,34,11.588235294117647,20,4,1,0,0
season_630_180,none,0.0,2017,306,2.9255335059150824,1.0108609616085105,0.6036536507167377,376,34,11.058823529411764,18,1,0,0,0
season_630_180,none,0.0,2018,306,3.135400437181372,0.9786543491843132,0.580465927528679,408,34,12.0,21,3,1,0,0
season_630_180,none,0.0,2019,306,3.1485762104086423,0.9933933965890543,0.592218131295262,404,34,11.882352941176471,20,5,1,0,0
season_630_180,none,0.0,2020,306,2.9939015122385197,1.0146815886371279,0.6052801673516057,382,34,11.235294117647058,19,1,0,0,0
season_630_180,none,0.0,2021,306,3.047465054962499,1.0028478169726747,0.5975382152885501,379,34,11.147058823529411,17,0,0,0,0
season_630_180,none,0.0,2022,306,3.123450905814277,1.0074514316425904,0.6031662509048353,403,34,11.852941176470589,23,4,2,1,0
season_630_180,none,0.0,2023,306,3.059631254717935,0.9737642137134984,0.5818848504845012,401,34,11.794117647058824,23,3,3,1,0
season_630_180,none,0.0,2024,306,3.108942934102383,1.0211838820194177,0.6102884369650045,384,34,11.294117647058824,23,5,1,1,0
season_630_180,none,0.0,2025,306,3.0917089180368884,0.9742863523442247,0.5758593313192321,428,34,12.588235294117647,25,5,2,1,1
season_630_180,none,0.5,2011,306,2.9802226175407043,0.996270193148176,0.5944611844519275,399,34,11.735294117647058,19,3,0,0,0
season_630_180,none,0.5,2012,306,3.002265567064902,0.9801528835010295,0.5824441439791535,454,34,13.352941176470589,21,5,3,0,0
season_630_180,none,0.5,2013,306,3.067275225728873,0.9457822609388982,0.5586923208146496,431,34,12.676470588235293,23,5,1,1,0
season_630_180,none,0.5,2014,306,2.9562321012132076,1.008741412296119,0.6017817338380409,420,34,12.352941176470589,18,3,0,0,0
season_630_180,none,0.5,2015,306,2.95373292043353,0.9794334338152016,0.5828711704151635,387,34,11.382352941176471,18,4,0,0,0
season_630_180,none,0.5,2016,306,2.974332421801173,0.9967337016157327,0.5980809194527984,403,34,11.852941176470589,20,4,1,0,0
season_630_180,none,0.5,2017,306,2.9154824947400635,1.0008099504334915,0.597787632322555,396,34,11.647058823529411,18,2,0,0,0
season_630_180,none,0.5,2018,306,3.1258724158577516,0.9691263278606927,0.5750092285998611,409,34,12.029411764705882,18,2,0,0,0
season_630_180,none,0.5,2019,306,3.1334471865899003,0.978264372770313,0.5827105063875494,411,34,12.088235294117647,20,4,1,0,0
season_630_180,none,0.5,2020,306,2.978620568462816,0.9994006448614245,0.595438547846385,392,34,11.529411764705882,19,2,0,0,0
season_630_180,none,0.5,2021,306,3.03645580941774,0.9918385714279159,0.5903333324015042,366,34,10.764705882352942,18,1,0,0,0
season_630_180,none,0.5,2022,306,3.11487863881642,0.998879164644733,0.5971313772065465,405,34,11.911764705882353,23,4,2,1,0
season_630_180,none,0.5,2023,306,3.041731496726038,0.9558644557216015,0.5678863550528318,405,34,11.911764705882353,21,3,2,0,0
season_630_180,none,0.5,2024,306,3.0897878396228813,1.0020287875399159,0.5983895148688755,401,34,11.794117647058824,23,5,2,1,0
season_630_180,none,0.5,2025,306,3.0775571144487524,0.9601345487560885,0.5675842578544014,432,34,12.705882352941176,25,5,2,1,1
season_630_180,none,1.0,2011,306,2.9820515792503395,0.9980991548578114,0.5953715206064224,396,34,11.647058823529411,18,2,0,0,0
season_630_180,none,1.0,2012,306,3.0113876039541037,0.9892749203902308,0.5890123377315373,406,34,11.941176470588236,20,4,2,0,0
season_630_180,none,1.0,2013,306,3.0630361808310442,0.9415432160410693,0.5564181748369109,424,34,12.470588235294118,23,3,1,1,0
season_630_180,none,1.0,2014,306,2.949360067824772,1.0018693789076831,0.59854510379583,416,34,12.235294117647058,20,4,1,0,0
season_630_180,none,1.0,2015,306,2.9508618078768594,0.9765623212585306,0.5807441494101531,401,34,11.794117647058824,19,2,0,0,0
season_630_180,none,1.0,2016,306,2.9735517441813846,0.9959530239959442,0.5975189531288768,401,34,11.794117647058824,20,3,2,0,0
season_630_180,none,1.0,2017,306,2.910559630523201,0.995887086216629,0.5952808362730977,423,34,12.441176470588236,21,4,2,0,0
season_630_180,none,1.0,2018,306,3.1204929707413744,0.9637468827443155,0.5716778227340811,391,34,11.5,18,2,0,0,0
season_630_180,none,1.0,2019,306,3.1242487083859065,0.9690658945663191,0.5767080456010105,393,34,11.558823529411764,20,2,1,0,0
season_630_180,none,1.0,2020,306,2.9677003259508634,0.9884804023494719,0.5877836468748329,398,34,11.705882352941176,20,3,1,0,0
season_630_180,none,1.0,2021,306,3.0328974965008797,0.9882802585110554,0.5871606162149596,383,34,11.264705882352942,17,0,0,0,0
season_630_180,none,1.0,2022,306,3.1119413513068515,0.9959418771351647,0.5944976890319831,406,34,11.941176470588236,23,4,3,1,0
season_630_180,none,1.0,2023,306,3.032763183014815,0.9468961420103782,0.5598923570600894,427,34,12.558823529411764,21,4,1,0,0
season_630_180,none,1.0,2024,306,3.077787910661155,0.9900288585781899,0.5912994385243137,413,34,12.147058823529411,23,5,2,1,0
season_630_180,none,1.0,2025,306,3.070291165928134,0.95286860023547,0.5627960390162472,433,34,12.735294117647058,21,5,3,0,0
season_630_180,residual_005,0.0,2011,306,2.981529041987679,0.9981557988421741,0.5958001701448897,396,34,11.647058823529411,18,2,0,0,0
season_630_180,residual_005,0.0,2012,306,3.004888521719964,0.9812484298408222,0.5832423195175962,419,34,12.323529411764707,20,4,2,0,0
season_630_180,residual_005,0.0,2013,306,3.0778181444586363,0.955999722894578,0.5640895462033083,421,34,12.382352941176471,23,4,2,1,0
season_630_180,residual_005,0.0,2014,306,2.9692936984187654,1.0221772880039646,0.6085794262888712,399,34,11.735294117647058,18,3,0,0,0
season_630_180,residual_005,0.0,2015,306,2.9674817560401525,0.99296441160643,0.5917092711794041,393,34,11.558823529411764,18,2,0,0,0
season_630_180,residual_005,0.0,2016,306,2.979320091303111,1.001899361049376,0.6012431915729322,396,34,11.647058823529411,20,4,1,0,0
season_630_180,residual_005,0.0,2017,306,2.9258681662617336,1.0111997631487428,0.6040598707107212,378,34,11.117647058823529,18,1,0,0,0
season_630_180,residual_005,0.0,2018,306,3.1342944426996913,0.977530233694496,0.5800746083661041,409,34,12.029411764705882,21,4,1,0,0
season_630_180,residual_005,0.0,2019,306,3.1477742585927873,0.9932556569318508,0.592257114028165,404,34,11.882352941176471,20,6,1,0,0
season_630_180,residual_005,0.0,2020,306,2.9919143401927433,1.0134802444406936,0.6045574573451179,373,34,10.970588235294118,19,1,0,0,0
season_630_180,residual_005,0.0,2021,306,3.048278639194957,1.003592407957733,0.5976384778877774,384,34,11.294117647058824,18,1,0,0,0
season_630_180,residual_005,0.0,2022,306,3.124589920664422,1.0090548265759225,0.6039280934972692,396,34,11.647058823529411,23,3,2,1,0
season_630_180,residual_005,0.0,2023,306,3.0576730220828794,0.9715938088829074,0.5806167975754611,395,34,11.617647058823529,23,3,3,1,0
season_630_180,residual_005,0.0,2024,306,3.109112129990749,1.0216000287103946,0.6104764274352685,373,34,10.970588235294118,23,4,1,1,0
season_630_180,residual_005,0.0,2025,306,3.092084180789009,0.9743829589742,0.5756895543707856,427,34,12.558823529411764,25,5,2,1,1
season_630_180,residual_005,0.5,2011,306,2.979008799883822,0.995635556738317,0.5940159477019712,399,34,11.735294117647058,19,3,0,0,0
season_630_180,residual_005,0.5,2012,306,3.004129632789998,0.9804895409108563,0.5826143284761747,439,34,12.911764705882353,20,5,2,0,0
season_630_180,residual_005,0.5,2013,306,3.067716371667411,0.9458979501033526,0.5586338837932217,428,34,12.588235294117647,23,5,1,1,0
season_630_180,residual_005,0.5,2014,306,2.9555188785963673,1.0084024681815658,0.601591868445349,417,34,12.264705882352942,18,3,0,0,0
season_630_180,residual_005,0.5,2015,306,2.9553133316303266,0.980795987196604,0.583811386938065,395,34,11.617647058823529,18,4,0,0,0
season_630_180,residual_005,0.5,2016,306,2.9736251198266617,0.9962043895729269,0.5977056982516894,399,34,11.735294117647058,20,4,1,0,0
season_630_180,residual_005,0.5,2017,306,2.915683877882592,1.001015474769601,0.5980105421203491,401,34,11.794117647058824,18,2,0,0,0
season_630_180,residual_005,0.5,2018,306,3.125357882378867,0.9685936733736717,0.5748040486498581,410,34,12.058823529411764,18,3,0,0,0
season_630_180,residual_005,0.5,2019,306,3.132763543701154,0.9782449420402174,0.5827556144138891,411,34,12.088235294117647,20,4,1,0,0
season_630_180,residual_005,0.5,2020,306,2.9772038530232297,0.9987697572711798,0.5950428841519272,390,34,11.470588235294118,19,2,0,0,0
season_630_180,residual_005,0.5,2021,306,3.036866808131469,0.9921805768942453,0.5903939176995444,368,34,10.823529411764707,18,1,0,0,0
season_630_180,residual_005,0.5,2022,306,3.1151930080652153,0.9996579139767158,0.5975177974860777,414,34,12.176470588235293,23,4,2,1,0
season_630_180,residual_005,0.5,2023,306,3.0410519800445925,0.9549727668446205,0.5673630555190888,406,34,11.941176470588236,21,3,2,0,0
season_630_180,residual_005,0.5,2024,306,3.089894927626157,1.0023828263458026,0.5986198181980973,402,34,11.823529411764707,23,4,2,1,0
season_630_180,residual_005,0.5,2025,306,3.077892145476657,0.9601909236618476,0.567532022741523,431,34,12.676470588235293,25,5,2,1,1
season_630_180,residual_005,1.0,2011,306,2.9814740872023964,0.9981008440568911,0.5953751253751002,390,34,11.470588235294118,18,2,0,0,0
season_630_180,residual_005,1.0,2012,306,3.0129150122693726,0.9892749203902308,0.5890123377315373,403,34,11.852941176470589,20,3,2,0,0
season_630_180,residual_005,1.0,2013,306,3.063307430148731,0.9414890085846728,0.556387800764468,421,34,12.382352941176471,23,3,1,1,0
season_630_180,residual_005,1.0,2014,306,2.9489857893224842,1.0018693789076831,0.59854510379583,416,34,12.235294117647058,20,4,1,0,0
season_630_180,residual_005,1.0,2015,306,2.9510796656922538,0.9765623212585306,0.5807441494101531,398,34,11.705882352941176,19,2,0,0,0
season_630_180,residual_005,1.0,2016,306,2.973373754249679,0.9959530239959442,0.5975189531288768,399,34,11.735294117647058,20,3,2,0,0
season_630_180,residual_005,1.0,2017,306,2.91055548932962,0.995887086216629,0.5952808362730977,424,34,12.470588235294118,21,4,2,0,0
season_630_180,residual_005,1.0,2018,306,3.1205110917495107,0.9637468827443155,0.5716778227340811,392,34,11.529411764705882,18,3,0,0,0
season_630_180,residual_005,1.0,2019,306,3.123551749075539,0.9690331474146023,0.5766814685957264,393,34,11.558823529411764,20,2,1,0,0
season_630_180,residual_005,1.0,2020,306,2.9667761733774647,0.9883420776254148,0.5876831185465834,392,34,11.529411764705882,19,3,0,0,0
season_630_180,residual_005,1.0,2021,306,3.032871584457982,0.9881853532207581,0.5870919912989794,383,34,11.264705882352942,17,0,0,0,0
season_630_180,residual_005,1.0,2022,306,3.111476971223664,0.9959418771351647,0.5944976890319831,408,34,12.0,23,4,3,1,0
season_630_180,residual_005,1.0,2023,306,3.032900952292938,0.9468217390929661,0.5598609623352395,420,34,12.352941176470589,21,3,1,0,0
season_630_180,residual_005,1.0,2024,306,3.077540959858544,0.9900288585781899,0.5912994385243137,419,34,12.323529411764707,23,5,2,1,0
season_630_180,residual_005,1.0,2025,306,3.0704309717961045,0.9527297499812957,0.5626919373556043,432,34,12.705882352941176,21,5,3,0,0
season_630_180,residual_010,0.0,2011,306,2.9802009817340878,0.9971935487428867,0.5951267984701691,404,34,11.882352941176471,18,2,0,0,0
season_630_180,residual_010,0.0,2012,306,3.0076036878371717,0.9822658521462566,0.583862341521737,417,34,12.264705882352942,20,4,2,0,0
season_630_180,residual_010,0.0,2013,306,3.078599910827271,0.956253349310927,0.5639448351402948,412,34,12.117647058823529,23,3,2,1,0
season_630_180,residual_010,0.0,2014,306,2.9687409506555524,1.0218217719236582,0.6084389872018289,396,34,11.647058823529411,19,3,0,0,0
season_630_180,residual_010,0.0,2015,306,2.9707027564868014,0.9957905522029555,0.5936493590923493,394,34,11.588235294117647,18,2,0,0,0
season_630_180,residual_010,0.0,2016,306,2.9785128401495697,1.0010904706681856,0.6006515467879544,406,34,11.941176470588236,20,3,1,0,0
season_630_180,residual_010,0.0,2017,306,2.926598423221468,1.0117949256618803,0.6046528314399269,379,34,11.147058823529411,18,2,0,0,0
season_630_180,residual_010,0.0,2018,306,3.1339303450109304,0.9768850811726444,0.5799706072295644,407,34,11.970588235294118,22,3,2,1,0
season_630_180,residual_010,0.0,2019,306,3.1476362887394895,0.9935300470234453,0.5925677201903479,393,34,11.558823529411764,20,5,1,0,0
season_630_180,residual_010,0.0,2020,306,2.9905378628930612,1.0126705273302778,0.6041282599068913,374,34,11.0,19,1,0,0,0
season_630_180,residual_010,0.0,2021,306,3.049632588953447,1.004696452604428,0.5979482924496281,392,34,11.529411764705882,18,1,0,0,0
season_630_180,residual_010,0.0,2022,306,3.1263667751018733,1.0110804047550461,0.6049541210615925,404,34,11.882352941176471,23,3,2,1,0
season_630_180,residual_010,0.0,2023,306,3.056404330046423,0.9698624979036007,0.5796315049174885,396,34,11.647058823529411,23,3,3,1,0
season_630_180,residual_010,0.0,2024,306,3.1098151763704713,1.0223654844098782,0.6109012116816549,373,34,10.970588235294118,23,4,1,1,0
season_630_180,residual_010,0.0,2025,306,3.092989306590099,0.9748162760223238,0.5757294321248951,421,34,12.382352941176471,25,5,2,1,1
season_630_180,residual_010,0.5,2011,306,2.9780969299129416,0.9950894969217409,0.593630794362468,403,34,11.852941176470589,19,3,0,0,0
season_630_180,residual_010,0.5,2012,306,3.0062341539524997,0.9808963182615844,0.582833845597138,440,34,12.941176470588236,20,4,2,0,0
season_630_180,residual_010,0.5,2013,306,3.068446401352621,0.9460998398362775,0.5586351642537114,421,34,12.382352941176471,23,4,1,1,0
season_630_180,residual_010,0.5,2014,306,2.9550592572282355,1.0081400784963415,0.6014522127768247,416,34,12.235294117647058,19,3,0,0,0
season_630_180,residual_010,0.5,2015,306,2.957138775878261,0.982226571594415,0.5847955538337304,396,34,11.647058823529411,18,4,0,0,0
season_630_180,residual_010,0.5,2016,306,2.973180924573526,0.995758555092142,0.5973835694003364,406,34,11.941176470588236,20,4,1,0,0
season_630_180,residual_010,0.5,2017,306,2.916090595968604,1.0012870984090163,0.5982827426614092,405,34,11.911764705882353,18,3,0,0,0
season_630_180,residual_010,0.5,2018,306,3.1252303240196793,0.9681850601813928,0.5746750000221013,414,34,12.176470588235293,18,3,0,0,0
season_630_180,residual_010,0.5,2019,306,3.132435450171707,0.9783292084556627,0.5828701499086983,408,34,12.0,20,4,1,0,0
season_630_180,residual_010,0.5,2020,306,2.9761055706635635,0.9982382351007799,0.5947230277953596,387,34,11.382352941176471,19,2,0,0,0
season_630_180,residual_010,0.5,2021,306,3.0375574995624928,0.9926213632134745,0.5905155886875516,365,34,10.735294117647058,18,1,0,0,0
season_630_180,residual_010,0.5,2022,306,3.1158301813447666,1.0005438109979394,0.5979732559830276,413,34,12.147058823529411,23,4,2,1,0
season_630_180,residual_010,0.5,2023,306,3.040738712009417,0.954196879866595,0.56691922917455,411,34,12.088235294117647,21,3,2,0,0
season_630_180,residual_010,0.5,2024,306,3.0902750135522026,1.0028253215916094,0.5989112738194874,402,34,11.823529411764707,23,4,2,1,0
season_630_180,residual_010,0.5,2025,306,3.0785116457783195,0.9603386152105445,0.5675373867268435,433,34,12.735294117647058,25,6,2,1,1
season_630_180,residual_010,1.0,2011,306,2.981111281780392,0.9981038487891911,0.5953802241577765,391,34,11.5,18,2,0,0,0
season_630_180,residual_010,1.0,2012,306,3.014612756081146,0.9892749203902308,0.5890123377315373,401,34,11.794117647058824,20,3,2,0,0
season_630_180,residual_010,1.0,2013,306,3.063783483032825,0.9414369215164814,0.5563595365593849,420,34,12.352941176470589,23,3,1,1,0
season_630_180,residual_010,1.0,2014,306,2.948788557639577,1.0018693789076831,0.59854510379583,415,34,12.205882352941176,19,4,0,0,0
season_630_180,residual_010,1.0,2015,306,2.9514745255423764,0.9765623212585306,0.5807441494101531,403,34,11.852941176470589,19,2,0,0,0
season_630_180,residual_010,1.0,2016,306,2.973375393477328,0.9959530239959442,0.5975189531288768,406,34,11.941176470588236,20,3,2,0,0
season_630_180,residual_010,1.0,2017,306,2.910690583776217,0.9958870862166291,0.5952808362730977,425,34,12.5,21,5,2,0,0
season_630_180,residual_010,1.0,2018,306,3.120792146582602,0.9637468827443155,0.5716778227340811,394,34,11.588235294117647,18,3,0,0,0
season_630_180,residual_010,1.0,2019,306,3.1231105851015006,0.9690043433854565,0.5766579961677722,393,34,11.558823529411764,20,2,1,0,0
season_630_180,residual_010,1.0,2020,306,2.966073803193677,0.9882064676308934,0.5875847682247922,395,34,11.617647058823529,19,3,0,0,0
season_630_180,residual_010,1.0,2021,306,3.033027640152643,0.9880915038036244,0.5870241290040017,384,34,11.294117647058824,17,0,0,0,0
season_630_180,residual_010,1.0,2022,306,3.111228247481992,0.9959418771351647,0.5944976890319831,410,34,12.058823529411764,23,4,3,1,0
season_630_180,residual_010,1.0,2023,306,3.0332960473398773,0.9467542151970548,0.5598355894062396,419,34,12.323529411764707,21,3,1,0,0
season_630_180,residual_010,1.0,2024,306,3.0774785505387827,0.9900288585781899,0.5912994385243137,415,34,12.205882352941176,23,5,2,1,0
season_630_180,residual_010,1.0,2025,306,3.0707697802687997,0.9525967497010245,0.5625912264794054,431,34,12.676470588235293,21,5,3,0,0
season_630_180,residual_020,0.0,2011,306,2.9792791164022607,0.9963512836334327,0.5944778819162128,405,34,11.911764705882353,18,2,0,0,0
season_630_180,residual_020,0.0,2012,306,3.0144003806324404,0.9851492563472006,0.5856843784159865,404,34,11.882352941176471,20,3,2,0,0
season_630_180,residual_020,0.0,2013,306,3.0817664451726166,0.957752499575295,0.5643272035393269,415,34,12.205882352941176,23,3,2,1,0
season_630_180,residual_020,0.0,2014,306,2.9690528580847753,1.0219975034431301,0.6087246138325887,399,34,11.735294117647058,20,3,1,0,0
season_630_180,residual_020,0.0,2015,306,2.97850551737695,1.0022748229381717,0.5980516406532251,382,34,11.235294117647058,18,2,0,0,0
season_630_180,residual_020,0.0,2016,306,2.9784385495409422,1.0004686880480032,0.6000924562666009,392,34,11.529411764705882,20,2,1,0,0
season_630_180,residual_020,0.0,2017,306,2.9292476920652786,1.01375361589197,0.6063925903748568,379,34,11.147058823529411,18,2,0,0,0
season_630_180,residual_020,0.0,2018,306,3.1354313804596576,0.9770273920981473,0.5806194656129545,414,34,12.176470588235293,24,2,2,1,1
season_630_180,residual_020,0.0,2019,306,3.149358050716634,0.9953105821103134,0.5939841356057834,385,34,11.323529411764707,20,4,1,0,0
season_630_180,residual_020,0.0,2020,306,2.9896223195363603,1.012223688383219,0.6041552585211181,357,34,10.5,16,0,0,0,0
season_630_180,residual_020,0.0,2021,306,3.05395984407828,1.0079801809793945,0.5991922665007329,388,34,11.411764705882353,18,1,0,0,0
season_630_180,residual_020,0.0,2022,306,3.1318392825199646,1.0164027603307093,0.6077822107694054,401,34,11.794117647058824,23,3,1,1,0
season_630_180,residual_020,0.0,2023,306,3.0559436364339,0.9677094445257349,0.5784991865574355,392,34,11.529411764705882,23,3,3,1,0
season_630_180,residual_020,0.0,2024,306,3.1128228489878826,1.0249469428731515,0.6124566359703632,381,34,11.205882352941176,23,3,1,1,0
season_630_180,residual_020,0.0,2025,306,3.0963980304964847,0.9766939695183968,0.5764336002152228,423,34,12.441176470588236,25,5,2,1,1
season_630_180,residual_020,0.5,2011,306,2.9771930070702504,0.9942651743014221,0.5930408733418773,403,34,11.852941176470589,19,3,0,0,0
season_630_180,residual_020,0.5,2012,306,3.0111721593895986,0.9819210351043588,0.5834204954479022,422,34,12.411764705882353,20,3,2,0,0
season_630_180,residual_020,0.5,2013,306,3.070775735606192,0.9467617900088708,0.5588163483240143,428,34,12.588235294117647,23,4,1,1,0
season_630_180,residual_020,0.5,2014,306,2.9549009284925196,1.0078455738508745,0.601323458985499,419,34,12.323529411764707,20,4,1,0,0
season_630_180,residual_020,0.5,2015,306,2.961525430609972,0.9852947361711939,0.5868955203024491,406,34,11.941176470588236,19,4,0,0,0
season_630_180,residual_020,0.5,2016,306,2.973087704925218,0.9951178434322784,0.5968993915684506,410,34,12.058823529411764,20,4,1,0,0
season_630_180,residual_020,0.5,2017,306,2.917523329947019,1.0020292537737105,0.5989749463143538,401,34,11.794117647058824,18,3,0,0,0
season_630_180,residual_020,0.5,2018,306,3.126143505699183,0.9677395173376723,0.5746453953090438,417,34,12.264705882352942,20,3,1,0,0
season_630_180,residual_020,0.5,2019,306,3.132857437040359,0.9788099684340383,0.5833065557098618,405,34,11.911764705882353,20,3,1,0,0
season_630_180,residual_020,0.5,2020,306,2.974870777727033,0.9974721465738917,0.5943113607266045,369,34,10.852941176470589,17,0,0,0,0
season_630_180,residual_020,0.5,2021,306,3.0397791927895343,0.9937995296906484,0.5909415722013072,372,34,10.941176470588236,18,1,0,0,0
season_630_180,residual_020,0.5,2022,306,3.118077675420681,1.0026411532314257,0.5990915411577599,412,34,12.117647058823529,23,4,1,1,0
season_630_180,residual_020,0.5,2023,306,3.041224548337933,0.9529903564297681,0.5662659951885936,412,34,12.117647058823529,21,3,2,0,0
season_630_180,residual_020,0.5,2024,306,3.0918530827956205,1.0039771766808894,0.5996773869144029,391,34,11.5,23,4,2,1,0
season_630_180,residual_020,0.5,2025,306,3.080613717208022,0.9609096562299342,0.5677213932101942,439,34,12.911764705882353,25,6,3,1,1
season_630_180,residual_020,1.0,2011,306,2.9810416167433713,0.9981137839745432,0.5953948520143487,390,34,11.470588235294118,18,2,0,0,0
season_630_180,residual_020,1.0,2012,306,3.0185260446754705,0.9892749203902308,0.5890123377315373,393,34,11.558823529411764,20,2,2,0,0
season_630_180,residual_020,1.0,2013,306,3.065352911533769,0.9413389659364478,0.556309046857456,426,34,12.529411764705882,23,4,1,1,0
season_630_180,residual_020,1.0,2014,306,2.9489247335493283,1.0018693789076831,0.59854510379583,410,34,12.058823529411764,19,3,0,0,0
season_630_180,residual_020,1.0,2015,306,2.9527930156973086,0.9765623212585306,0.5807441494101531,404,34,11.882352941176471,19,2,0,0,0
season_630_180,residual_020,1.0,2016,306,2.9739228854888835,0.9959530239959442,0.5975189531288768,409,34,12.029411764705882,20,3,1,0,0
season_630_180,residual_020,1.0,2017,306,2.9113811623899375,0.995887086216629,0.5952808362730977,429,34,12.617647058823529,21,5,2,0,0
season_630_180,residual_020,1.0,2018,306,3.122150871105826,0.9637468827443155,0.5716778227340811,404,34,11.882352941176471,20,3,1,0,0
season_630_180,residual_020,1.0,2019,306,3.1230060022117625,0.9689585336054416,0.5766204979518276,391,34,11.5,20,2,1,0,0
season_630_180,residual_020,1.0,2020,306,2.9653418757860184,0.9879432446328769,0.5873946575081246,385,34,11.323529411764707,18,1,0,0,0
season_630_180,residual_020,1.0,2021,306,3.033886627605834,0.9879069645069481,0.5868907593568717,382,34,11.235294117647058,17,0,0,0,0
season_630_180,residual_020,1.0,2022,306,3.1113783993244204,0.9959418771351647,0.5944976890319831,407,34,11.970588235294118,23,4,2,1,0
season_630_180,residual_020,1.0,2023,306,3.034872696917312,0.946638505009147,0.5598007676740463,419,34,12.323529411764707,21,3,1,0,0
season_630_180,residual_020,1.0,2024,306,3.0779047646929207,0.9900288585781899,0.5912994385243137,411,34,12.088235294117647,23,5,2,1,0
season_630_180,residual_020,1.0,2025,306,3.0720520381734335,0.9523479771953457,0.5624010190068747,429,34,12.617647058823529,21,5,3,0,0
